Platform: MacOS
App version: 3.9.1
OS version: Unix 22.4.0.0
OS description: Unix 22.4.0.0
2024-03-12 15:48:30.625 +00:00 [DBG] CM processsing: >LOG:1710258510,D,MANAGEMENT: CMD 'status'
2024-03-12 15:48:30.644 +00:00 [DBG] CM processsing: OpenVPN STATISTICS
2024-03-12 15:48:30.644 +00:00 [DBG] 🥶 APPEND line
2024-03-12 15:48:30.644 +00:00 [DBG] CM processsing: Updated,Tue Mar 12 15:48:30 2024
2024-03-12 15:48:30.644 +00:00 [DBG] 🥶 APPEND line
2024-03-12 15:48:30.644 +00:00 [DBG] CM processsing: TUN/TAP read bytes,1236
2024-03-12 15:48:30.644 +00:00 [DBG] 🥶 APPEND line
2024-03-12 15:48:30.644 +00:00 [DBG] CM processsing: TUN/TAP write bytes,96
2024-03-12 15:48:30.644 +00:00 [DBG] 🥶 APPEND line
2024-03-12 15:48:30.644 +00:00 [DBG] CM processsing: TCP/UDP read bytes,271653
2024-03-12 15:48:30.644 +00:00 [DBG] 🥶 APPEND line
2024-03-12 15:48:30.644 +00:00 [DBG] CM processsing: TCP/UDP write bytes,272764
2024-03-12 15:48:30.645 +00:00 [DBG] 🥶 APPEND line
2024-03-12 15:48:30.645 +00:00 [DBG] CM processsing: Auth read bytes,107440
2024-03-12 15:48:30.645 +00:00 [DBG] 🥶 APPEND line
2024-03-12 15:48:30.645 +00:00 [DBG] CM processsing: END
2024-03-12 15:48:30.645 +00:00 [DBG] 🥶 END
2024-03-12 15:48:30.645 +00:00 [DBG] OpenVPN STATISTICS
Updated,Tue Mar 12 15:48:30 2024
TUN/TAP read bytes,1236
TUN/TAP write bytes,96
TCP/UDP read bytes,271653
TCP/UDP write bytes,272764
Auth read bytes,107440
2024-03-12 15:48:30.646 +00:00 [DBG] CM processsing: 
2024-03-12 15:48:30.646 +00:00 [DBG] 🥶 APPEND line
2024-03-12 15:48:30.646 +00:00 [INF] Begin receive init again
2024-03-12 15:48:31.151 +00:00 [INF] Received bytes: 231
2024-03-12 15:48:31.152 +00:00 [DBG] Message marshalling complete
2024-03-12 15:48:31.153 +00:00 [DBG] CM received: >LOG:1710258511,D,MANAGEMENT: CMD 'status'
OpenVPN STATISTICS
Updated,Tue Mar 12 15:48:31 2024
TUN/TAP read bytes,1236
TUN/TAP write bytes,96
TCP/UDP read bytes,271653
TCP/UDP write bytes,272764
Auth read bytes,107440
END

2024-03-12 15:48:31.153 +00:00 [DBG] CM processsing: >LOG:1710258511,D,MANAGEMENT: CMD 'status'
2024-03-12 15:48:31.154 +00:00 [DBG] CM processsing: OpenVPN STATISTICS
2024-03-12 15:48:31.154 +00:00 [DBG] 🥶 APPEND line
2024-03-12 15:48:31.154 +00:00 [DBG] CM processsing: Updated,Tue Mar 12 15:48:31 2024
2024-03-12 15:48:31.154 +00:00 [DBG] 🥶 APPEND line
2024-03-12 15:48:31.154 +00:00 [DBG] CM processsing: TUN/TAP read bytes,1236
2024-03-12 15:48:31.154 +00:00 [DBG] 🥶 APPEND line
2024-03-12 15:48:31.154 +00:00 [DBG] CM processsing: TUN/TAP write bytes,96
2024-03-12 15:48:31.154 +00:00 [DBG] 🥶 APPEND line
2024-03-12 15:48:31.154 +00:00 [DBG] CM processsing: TCP/UDP read bytes,271653
2024-03-12 15:48:31.154 +00:00 [DBG] 🥶 APPEND line
2024-03-12 15:48:31.154 +00:00 [DBG] CM processsing: TCP/UDP write bytes,272764
2024-03-12 15:48:31.155 +00:00 [DBG] 🥶 APPEND line
2024-03-12 15:48:31.155 +00:00 [DBG] CM processsing: Auth read bytes,107440
2024-03-12 15:48:31.155 +00:00 [DBG] 🥶 APPEND line
2024-03-12 15:48:31.155 +00:00 [DBG] CM processsing: END
2024-03-12 15:48:31.155 +00:00 [DBG] 🥶 END
2024-03-12 15:48:31.155 +00:00 [DBG] OpenVPN STATISTICS
Updated,Tue Mar 12 15:48:31 2024
TUN/TAP read bytes,1236
TUN/TAP write bytes,96
TCP/UDP read bytes,271653
TCP/UDP write bytes,272764
Auth read bytes,107440
2024-03-12 15:48:31.158 +00:00 [DBG] CM processsing: 
2024-03-12 15:48:31.159 +00:00 [DBG] 🥶 APPEND line
2024-03-12 15:48:31.159 +00:00 [INF] Begin receive init again
2024-03-12 15:48:31.661 +00:00 [INF] Received bytes: 231
2024-03-12 15:48:31.662 +00:00 [DBG] Message marshalling complete
2024-03-12 15:48:31.663 +00:00 [DBG] CM received: >LOG:1710258511,D,MANAGEMENT: CMD 'status'
OpenVPN STATISTICS
Updated,Tue Mar 12 15:48:31 2024
TUN/TAP read bytes,1236
TUN/TAP write bytes,96
TCP/UDP read bytes,271693
TCP/UDP write bytes,272804
Auth read bytes,107456
END

2024-03-12 15:48:31.663 +00:00 [DBG] CM processsing: >LOG:1710258511,D,MANAGEMENT: CMD 'status'
2024-03-12 15:48:31.664 +00:00 [DBG] CM processsing: OpenVPN STATISTICS
2024-03-12 15:48:31.664 +00:00 [DBG] 🥶 APPEND line
2024-03-12 15:48:31.664 +00:00 [DBG] CM processsing: Updated,Tue Mar 12 15:48:31 2024
2024-03-12 15:48:31.664 +00:00 [DBG] 🥶 APPEND line
2024-03-12 15:48:31.665 +00:00 [DBG] CM processsing: TUN/TAP read bytes,1236
2024-03-12 15:48:31.665 +00:00 [DBG] 🥶 APPEND line
2024-03-12 15:48:31.665 +00:00 [DBG] CM processsing: TUN/TAP write bytes,96
2024-03-12 15:48:31.665 +00:00 [DBG] 🥶 APPEND line
2024-03-12 15:48:31.665 +00:00 [DBG] CM processsing: TCP/UDP read bytes,271693
2024-03-12 15:48:31.665 +00:00 [DBG] 🥶 APPEND line
2024-03-12 15:48:31.665 +00:00 [DBG] CM processsing: TCP/UDP write bytes,272804
2024-03-12 15:48:31.665 +00:00 [DBG] 🥶 APPEND line
2024-03-12 15:48:31.665 +00:00 [DBG] CM processsing: Auth read bytes,107456
2024-03-12 15:48:31.666 +00:00 [DBG] 🥶 APPEND line
2024-03-12 15:48:31.666 +00:00 [DBG] CM processsing: END
2024-03-12 15:48:31.666 +00:00 [DBG] 🥶 END
2024-03-12 15:48:31.666 +00:00 [DBG] OpenVPN STATISTICS
Updated,Tue Mar 12 15:48:31 2024
TUN/TAP read bytes,1236
TUN/TAP write bytes,96
TCP/UDP read bytes,271693
TCP/UDP write bytes,272804
Auth read bytes,107456
2024-03-12 15:48:31.667 +00:00 [DBG] CM processsing: 
2024-03-12 15:48:31.667 +00:00 [DBG] 🥶 APPEND line
2024-03-12 15:48:31.667 +00:00 [INF] Begin receive init again
2024-03-12 15:48:32.169 +00:00 [INF] Received bytes: 231
2024-03-12 15:48:32.170 +00:00 [DBG] Message marshalling complete
2024-03-12 15:48:32.171 +00:00 [DBG] CM received: >LOG:1710258512,D,MANAGEMENT: CMD 'status'
OpenVPN STATISTICS
Updated,Tue Mar 12 15:48:32 2024
TUN/TAP read bytes,1236
TUN/TAP write bytes,96
TCP/UDP read bytes,271693
TCP/UDP write bytes,272804
Auth read bytes,107456
END

2024-03-12 15:48:32.171 +00:00 [DBG] CM processsing: >LOG:1710258512,D,MANAGEMENT: CMD 'status'
2024-03-12 15:48:32.171 +00:00 [DBG] CM processsing: OpenVPN STATISTICS
2024-03-12 15:48:32.171 +00:00 [DBG] 🥶 APPEND line
2024-03-12 15:48:32.173 +00:00 [DBG] CM processsing: Updated,Tue Mar 12 15:48:32 2024
2024-03-12 15:48:32.173 +00:00 [DBG] 🥶 APPEND line
2024-03-12 15:48:32.173 +00:00 [DBG] CM processsing: TUN/TAP read bytes,1236
2024-03-12 15:48:32.173 +00:00 [DBG] 🥶 APPEND line
2024-03-12 15:48:32.173 +00:00 [DBG] CM processsing: TUN/TAP write bytes,96
2024-03-12 15:48:32.173 +00:00 [DBG] 🥶 APPEND line
2024-03-12 15:48:32.173 +00:00 [DBG] CM processsing: TCP/UDP read bytes,271693
2024-03-12 15:48:32.173 +00:00 [DBG] 🥶 APPEND line
2024-03-12 15:48:32.173 +00:00 [DBG] CM processsing: TCP/UDP write bytes,272804
2024-03-12 15:48:32.174 +00:00 [DBG] 🥶 APPEND line
2024-03-12 15:48:32.174 +00:00 [DBG] CM processsing: Auth read bytes,107456
2024-03-12 15:48:32.174 +00:00 [DBG] 🥶 APPEND line
2024-03-12 15:48:32.174 +00:00 [DBG] CM processsing: END
2024-03-12 15:48:32.174 +00:00 [DBG] 🥶 END
2024-03-12 15:48:32.176 +00:00 [DBG] OpenVPN STATISTICS
Updated,Tue Mar 12 15:48:32 2024
TUN/TAP read bytes,1236
TUN/TAP write bytes,96
TCP/UDP read bytes,271693
TCP/UDP write bytes,272804
Auth read bytes,107456
2024-03-12 15:48:32.178 +00:00 [DBG] CM processsing: 
2024-03-12 15:48:32.178 +00:00 [DBG] 🥶 APPEND line
2024-03-12 15:48:32.178 +00:00 [INF] Begin receive init again
2024-03-12 15:48:32.679 +00:00 [INF] Received bytes: 231
2024-03-12 15:48:32.680 +00:00 [DBG] Message marshalling complete
2024-03-12 15:48:32.681 +00:00 [DBG] CM received: >LOG:1710258512,D,MANAGEMENT: CMD 'status'
OpenVPN STATISTICS
Updated,Tue Mar 12 15:48:32 2024
TUN/TAP read bytes,1236
TUN/TAP write bytes,96
TCP/UDP read bytes,271733
TCP/UDP write bytes,272844
Auth read bytes,107472
END

2024-03-12 15:48:32.681 +00:00 [DBG] CM processsing: >LOG:1710258512,D,MANAGEMENT: CMD 'status'
2024-03-12 15:48:32.681 +00:00 [DBG] CM processsing: OpenVPN STATISTICS
2024-03-12 15:48:32.681 +00:00 [DBG] 🥶 APPEND line
2024-03-12 15:48:32.681 +00:00 [DBG] CM processsing: Updated,Tue Mar 12 15:48:32 2024
2024-03-12 15:48:32.682 +00:00 [DBG] 🥶 APPEND line
2024-03-12 15:48:32.682 +00:00 [DBG] CM processsing: TUN/TAP read bytes,1236
2024-03-12 15:48:32.682 +00:00 [DBG] 🥶 APPEND line
2024-03-12 15:48:32.682 +00:00 [DBG] CM processsing: TUN/TAP write bytes,96
2024-03-12 15:48:32.682 +00:00 [DBG] 🥶 APPEND line
2024-03-12 15:48:32.682 +00:00 [DBG] CM processsing: TCP/UDP read bytes,271733
2024-03-12 15:48:32.682 +00:00 [DBG] 🥶 APPEND line
2024-03-12 15:48:32.682 +00:00 [DBG] CM processsing: TCP/UDP write bytes,272844
2024-03-12 15:48:32.682 +00:00 [DBG] 🥶 APPEND line
2024-03-12 15:48:32.682 +00:00 [DBG] CM processsing: Auth read bytes,107472
2024-03-12 15:48:32.683 +00:00 [DBG] 🥶 APPEND line
2024-03-12 15:48:32.683 +00:00 [DBG] CM processsing: END
2024-03-12 15:48:32.683 +00:00 [DBG] 🥶 END
2024-03-12 15:48:32.683 +00:00 [DBG] OpenVPN STATISTICS
Updated,Tue Mar 12 15:48:32 2024
TUN/TAP read bytes,1236
TUN/TAP write bytes,96
TCP/UDP read bytes,271733
TCP/UDP write bytes,272844
Auth read bytes,107472
2024-03-12 15:48:32.684 +00:00 [DBG] CM processsing: 
2024-03-12 15:48:32.684 +00:00 [DBG] 🥶 APPEND line
2024-03-12 15:48:32.684 +00:00 [INF] Begin receive init again
2024-03-12 15:48:33.185 +00:00 [INF] Received bytes: 231
2024-03-12 15:48:33.185 +00:00 [DBG] Message marshalling complete
2024-03-12 15:48:33.185 +00:00 [DBG] CM received: >LOG:1710258513,D,MANAGEMENT: CMD 'status'
OpenVPN STATISTICS
Updated,Tue Mar 12 15:48:33 2024
TUN/TAP read bytes,1236
TUN/TAP write bytes,96
TCP/UDP read bytes,271733
TCP/UDP write bytes,272844
Auth read bytes,107472
END

2024-03-12 15:48:33.185 +00:00 [DBG] CM processsing: >LOG:1710258513,D,MANAGEMENT: CMD 'status'
2024-03-12 15:48:33.186 +00:00 [DBG] CM processsing: OpenVPN STATISTICS
2024-03-12 15:48:33.186 +00:00 [DBG] 🥶 APPEND line
2024-03-12 15:48:33.186 +00:00 [DBG] CM processsing: Updated,Tue Mar 12 15:48:33 2024
2024-03-12 15:48:33.186 +00:00 [DBG] 🥶 APPEND line
2024-03-12 15:48:33.186 +00:00 [DBG] CM processsing: TUN/TAP read bytes,1236
2024-03-12 15:48:33.186 +00:00 [DBG] 🥶 APPEND line
2024-03-12 15:48:33.186 +00:00 [DBG] CM processsing: TUN/TAP write bytes,96
2024-03-12 15:48:33.186 +00:00 [DBG] 🥶 APPEND line
2024-03-12 15:48:33.186 +00:00 [DBG] CM processsing: TCP/UDP read bytes,271733
2024-03-12 15:48:33.186 +00:00 [DBG] 🥶 APPEND line
2024-03-12 15:48:33.186 +00:00 [DBG] CM processsing: TCP/UDP write bytes,272844
2024-03-12 15:48:33.186 +00:00 [DBG] 🥶 APPEND line
2024-03-12 15:48:33.186 +00:00 [DBG] CM processsing: Auth read bytes,107472
2024-03-12 15:48:33.186 +00:00 [DBG] 🥶 APPEND line
2024-03-12 15:48:33.186 +00:00 [DBG] CM processsing: END
2024-03-12 15:48:33.186 +00:00 [DBG] 🥶 END
2024-03-12 15:48:33.186 +00:00 [DBG] OpenVPN STATISTICS
Updated,Tue Mar 12 15:48:33 2024
TUN/TAP read bytes,1236
TUN/TAP write bytes,96
TCP/UDP read bytes,271733
TCP/UDP write bytes,272844
Auth read bytes,107472
2024-03-12 15:48:33.186 +00:00 [DBG] CM processsing: 
2024-03-12 15:48:33.186 +00:00 [DBG] 🥶 APPEND line
2024-03-12 15:48:33.187 +00:00 [INF] Begin receive init again
2024-03-12 15:48:33.689 +00:00 [INF] Received bytes: 231
2024-03-12 15:48:33.689 +00:00 [DBG] Message marshalling complete
2024-03-12 15:48:33.693 +00:00 [DBG] CM received: >LOG:1710258513,D,MANAGEMENT: CMD 'status'
OpenVPN STATISTICS
Updated,Tue Mar 12 15:48:33 2024
TUN/TAP read bytes,1236
TUN/TAP write bytes,96
TCP/UDP read bytes,271773
TCP/UDP write bytes,272884
Auth read bytes,107488
END

2024-03-12 15:48:33.694 +00:00 [DBG] CM processsing: >LOG:1710258513,D,MANAGEMENT: CMD 'status'
2024-03-12 15:48:33.694 +00:00 [DBG] CM processsing: OpenVPN STATISTICS
2024-03-12 15:48:33.694 +00:00 [DBG] 🥶 APPEND line
2024-03-12 15:48:33.694 +00:00 [DBG] CM processsing: Updated,Tue Mar 12 15:48:33 2024
2024-03-12 15:48:33.694 +00:00 [DBG] 🥶 APPEND line
2024-03-12 15:48:33.694 +00:00 [DBG] CM processsing: TUN/TAP read bytes,1236
2024-03-12 15:48:33.694 +00:00 [DBG] 🥶 APPEND line
2024-03-12 15:48:33.694 +00:00 [DBG] CM processsing: TUN/TAP write bytes,96
2024-03-12 15:48:33.695 +00:00 [DBG] 🥶 APPEND line
2024-03-12 15:48:33.695 +00:00 [DBG] CM processsing: TCP/UDP read bytes,271773
2024-03-12 15:48:33.695 +00:00 [DBG] 🥶 APPEND line
2024-03-12 15:48:33.695 +00:00 [DBG] CM processsing: TCP/UDP write bytes,272884
2024-03-12 15:48:33.695 +00:00 [DBG] 🥶 APPEND line
2024-03-12 15:48:33.695 +00:00 [DBG] CM processsing: Auth read bytes,107488
2024-03-12 15:48:33.695 +00:00 [DBG] 🥶 APPEND line
2024-03-12 15:48:33.695 +00:00 [DBG] CM processsing: END
2024-03-12 15:48:33.695 +00:00 [DBG] 🥶 END
2024-03-12 15:48:33.696 +00:00 [DBG] OpenVPN STATISTICS
Updated,Tue Mar 12 15:48:33 2024
TUN/TAP read bytes,1236
TUN/TAP write bytes,96
TCP/UDP read bytes,271773
TCP/UDP write bytes,272884
Auth read bytes,107488
2024-03-12 15:48:33.696 +00:00 [DBG] CM processsing: 
2024-03-12 15:48:33.696 +00:00 [DBG] 🥶 APPEND line
2024-03-12 15:48:33.697 +00:00 [INF] Begin receive init again
2024-03-12 15:48:34.200 +00:00 [INF] Received bytes: 231
2024-03-12 15:48:34.200 +00:00 [DBG] Message marshalling complete
2024-03-12 15:48:34.200 +00:00 [DBG] CM received: >LOG:1710258514,D,MANAGEMENT: CMD 'status'
OpenVPN STATISTICS
Updated,Tue Mar 12 15:48:34 2024
TUN/TAP read bytes,1236
TUN/TAP write bytes,96
TCP/UDP read bytes,271773
TCP/UDP write bytes,272884
Auth read bytes,107488
END

2024-03-12 15:48:34.200 +00:00 [DBG] CM processsing: >LOG:1710258514,D,MANAGEMENT: CMD 'status'
2024-03-12 15:48:34.200 +00:00 [DBG] CM processsing: OpenVPN STATISTICS
2024-03-12 15:48:34.200 +00:00 [DBG] 🥶 APPEND line
2024-03-12 15:48:34.200 +00:00 [DBG] CM processsing: Updated,Tue Mar 12 15:48:34 2024
2024-03-12 15:48:34.200 +00:00 [DBG] 🥶 APPEND line
2024-03-12 15:48:34.200 +00:00 [DBG] CM processsing: TUN/TAP read bytes,1236
2024-03-12 15:48:34.200 +00:00 [DBG] 🥶 APPEND line
2024-03-12 15:48:34.200 +00:00 [DBG] CM processsing: TUN/TAP write bytes,96
2024-03-12 15:48:34.200 +00:00 [DBG] 🥶 APPEND line
2024-03-12 15:48:34.200 +00:00 [DBG] CM processsing: TCP/UDP read bytes,271773
2024-03-12 15:48:34.200 +00:00 [DBG] 🥶 APPEND line
2024-03-12 15:48:34.200 +00:00 [DBG] CM processsing: TCP/UDP write bytes,272884
2024-03-12 15:48:34.200 +00:00 [DBG] 🥶 APPEND line
2024-03-12 15:48:34.200 +00:00 [DBG] CM processsing: Auth read bytes,107488
2024-03-12 15:48:34.200 +00:00 [DBG] 🥶 APPEND line
2024-03-12 15:48:34.200 +00:00 [DBG] CM processsing: END
2024-03-12 15:48:34.200 +00:00 [DBG] 🥶 END
2024-03-12 15:48:34.200 +00:00 [DBG] OpenVPN STATISTICS
Updated,Tue Mar 12 15:48:34 2024
TUN/TAP read bytes,1236
TUN/TAP write bytes,96
TCP/UDP read bytes,271773
TCP/UDP write bytes,272884
Auth read bytes,107488
2024-03-12 15:48:34.201 +00:00 [DBG] CM processsing: 
2024-03-12 15:48:34.201 +00:00 [DBG] 🥶 APPEND line
2024-03-12 15:48:34.201 +00:00 [INF] Begin receive init again
2024-03-12 15:48:34.702 +00:00 [INF] Received bytes: 231
2024-03-12 15:48:34.703 +00:00 [DBG] Message marshalling complete
2024-03-12 15:48:34.704 +00:00 [DBG] CM received: >LOG:1710258514,D,MANAGEMENT: CMD 'status'
OpenVPN STATISTICS
Updated,Tue Mar 12 15:48:34 2024
TUN/TAP read bytes,1236
TUN/TAP write bytes,96
TCP/UDP read bytes,271813
TCP/UDP write bytes,272924
Auth read bytes,107504
END

2024-03-12 15:48:34.704 +00:00 [DBG] CM processsing: >LOG:1710258514,D,MANAGEMENT: CMD 'status'
2024-03-12 15:48:34.704 +00:00 [DBG] CM processsing: OpenVPN STATISTICS
2024-03-12 15:48:34.704 +00:00 [DBG] 🥶 APPEND line
2024-03-12 15:48:34.704 +00:00 [DBG] CM processsing: Updated,Tue Mar 12 15:48:34 2024
2024-03-12 15:48:34.704 +00:00 [DBG] 🥶 APPEND line
2024-03-12 15:48:34.704 +00:00 [DBG] CM processsing: TUN/TAP read bytes,1236
2024-03-12 15:48:34.704 +00:00 [DBG] 🥶 APPEND line
2024-03-12 15:48:34.704 +00:00 [DBG] CM processsing: TUN/TAP write bytes,96
2024-03-12 15:48:34.704 +00:00 [DBG] 🥶 APPEND line
2024-03-12 15:48:34.704 +00:00 [DBG] CM processsing: TCP/UDP read bytes,271813
2024-03-12 15:48:34.704 +00:00 [DBG] 🥶 APPEND line
2024-03-12 15:48:34.704 +00:00 [DBG] CM processsing: TCP/UDP write bytes,272924
2024-03-12 15:48:34.705 +00:00 [DBG] 🥶 APPEND line
2024-03-12 15:48:34.705 +00:00 [DBG] CM processsing: Auth read bytes,107504
2024-03-12 15:48:34.705 +00:00 [DBG] 🥶 APPEND line
2024-03-12 15:48:34.705 +00:00 [DBG] CM processsing: END
2024-03-12 15:48:34.705 +00:00 [DBG] 🥶 END
2024-03-12 15:48:34.705 +00:00 [DBG] OpenVPN STATISTICS
Updated,Tue Mar 12 15:48:34 2024
TUN/TAP read bytes,1236
TUN/TAP write bytes,96
TCP/UDP read bytes,271813
TCP/UDP write bytes,272924
Auth read bytes,107504
2024-03-12 15:48:34.705 +00:00 [DBG] CM processsing: 
2024-03-12 15:48:34.706 +00:00 [DBG] 🥶 APPEND line
2024-03-12 15:48:34.706 +00:00 [INF] Begin receive init again
2024-03-12 15:48:35.208 +00:00 [INF] Received bytes: 231
2024-03-12 15:48:35.208 +00:00 [DBG] Message marshalling complete
2024-03-12 15:48:35.209 +00:00 [DBG] CM received: >LOG:1710258515,D,MANAGEMENT: CMD 'status'
OpenVPN STATISTICS
Updated,Tue Mar 12 15:48:35 2024
TUN/TAP read bytes,1236
TUN/TAP write bytes,96
TCP/UDP read bytes,271813
TCP/UDP write bytes,272924
Auth read bytes,107504
END

2024-03-12 15:48:35.210 +00:00 [DBG] CM processsing: >LOG:1710258515,D,MANAGEMENT: CMD 'status'
2024-03-12 15:48:35.210 +00:00 [DBG] CM processsing: OpenVPN STATISTICS
2024-03-12 15:48:35.211 +00:00 [DBG] 🥶 APPEND line
2024-03-12 15:48:35.211 +00:00 [DBG] CM processsing: Updated,Tue Mar 12 15:48:35 2024
2024-03-12 15:48:35.211 +00:00 [DBG] 🥶 APPEND line
2024-03-12 15:48:35.211 +00:00 [DBG] CM processsing: TUN/TAP read bytes,1236
2024-03-12 15:48:35.211 +00:00 [DBG] 🥶 APPEND line
2024-03-12 15:48:35.211 +00:00 [DBG] CM processsing: TUN/TAP write bytes,96
2024-03-12 15:48:35.211 +00:00 [DBG] 🥶 APPEND line
2024-03-12 15:48:35.211 +00:00 [DBG] CM processsing: TCP/UDP read bytes,271813
2024-03-12 15:48:35.211 +00:00 [DBG] 🥶 APPEND line
2024-03-12 15:48:35.211 +00:00 [DBG] CM processsing: TCP/UDP write bytes,272924
2024-03-12 15:48:35.211 +00:00 [DBG] 🥶 APPEND line
2024-03-12 15:48:35.211 +00:00 [DBG] CM processsing: Auth read bytes,107504
2024-03-12 15:48:35.211 +00:00 [DBG] 🥶 APPEND line
2024-03-12 15:48:35.211 +00:00 [DBG] CM processsing: END
2024-03-12 15:48:35.211 +00:00 [DBG] 🥶 END
2024-03-12 15:48:35.212 +00:00 [DBG] OpenVPN STATISTICS
Updated,Tue Mar 12 15:48:35 2024
TUN/TAP read bytes,1236
TUN/TAP write bytes,96
TCP/UDP read bytes,271813
TCP/UDP write bytes,272924
Auth read bytes,107504
2024-03-12 15:48:35.212 +00:00 [DBG] CM processsing: 
2024-03-12 15:48:35.212 +00:00 [DBG] 🥶 APPEND line
2024-03-12 15:48:35.212 +00:00 [INF] Begin receive init again
2024-03-12 15:48:35.714 +00:00 [INF] Received bytes: 231
2024-03-12 15:48:35.714 +00:00 [DBG] Message marshalling complete
2024-03-12 15:48:35.715 +00:00 [DBG] CM received: >LOG:1710258515,D,MANAGEMENT: CMD 'status'
OpenVPN STATISTICS
Updated,Tue Mar 12 15:48:35 2024
TUN/TAP read bytes,1236
TUN/TAP write bytes,96
TCP/UDP read bytes,271853
TCP/UDP write bytes,272964
Auth read bytes,107520
END

2024-03-12 15:48:35.715 +00:00 [DBG] CM processsing: >LOG:1710258515,D,MANAGEMENT: CMD 'status'
2024-03-12 15:48:35.715 +00:00 [DBG] CM processsing: OpenVPN STATISTICS
2024-03-12 15:48:35.715 +00:00 [DBG] 🥶 APPEND line
2024-03-12 15:48:35.715 +00:00 [DBG] CM processsing: Updated,Tue Mar 12 15:48:35 2024
2024-03-12 15:48:35.715 +00:00 [DBG] 🥶 APPEND line
2024-03-12 15:48:35.715 +00:00 [DBG] CM processsing: TUN/TAP read bytes,1236
2024-03-12 15:48:35.715 +00:00 [DBG] 🥶 APPEND line
2024-03-12 15:48:35.715 +00:00 [DBG] CM processsing: TUN/TAP write bytes,96
2024-03-12 15:48:35.716 +00:00 [DBG] 🥶 APPEND line
2024-03-12 15:48:35.716 +00:00 [DBG] CM processsing: TCP/UDP read bytes,271853
2024-03-12 15:48:35.716 +00:00 [DBG] 🥶 APPEND line
2024-03-12 15:48:35.716 +00:00 [DBG] CM processsing: TCP/UDP write bytes,272964
2024-03-12 15:48:35.716 +00:00 [DBG] 🥶 APPEND line
2024-03-12 15:48:35.716 +00:00 [DBG] CM processsing: Auth read bytes,107520
2024-03-12 15:48:35.716 +00:00 [DBG] 🥶 APPEND line
2024-03-12 15:48:35.716 +00:00 [DBG] CM processsing: END
2024-03-12 15:48:35.716 +00:00 [DBG] 🥶 END
2024-03-12 15:48:35.716 +00:00 [DBG] OpenVPN STATISTICS
Updated,Tue Mar 12 15:48:35 2024
TUN/TAP read bytes,1236
TUN/TAP write bytes,96
TCP/UDP read bytes,271853
TCP/UDP write bytes,272964
Auth read bytes,107520
2024-03-12 15:48:35.717 +00:00 [DBG] CM processsing: 
2024-03-12 15:48:35.717 +00:00 [DBG] 🥶 APPEND line
2024-03-12 15:48:35.717 +00:00 [INF] Begin receive init again
2024-03-12 15:48:36.221 +00:00 [INF] Received bytes: 231
2024-03-12 15:48:36.221 +00:00 [DBG] Message marshalling complete
2024-03-12 15:48:36.222 +00:00 [DBG] CM received: >LOG:1710258516,D,MANAGEMENT: CMD 'status'
OpenVPN STATISTICS
Updated,Tue Mar 12 15:48:36 2024
TUN/TAP read bytes,1236
TUN/TAP write bytes,96
TCP/UDP read bytes,271853
TCP/UDP write bytes,272964
Auth read bytes,107520
END

2024-03-12 15:48:36.222 +00:00 [DBG] CM processsing: >LOG:1710258516,D,MANAGEMENT: CMD 'status'
2024-03-12 15:48:36.223 +00:00 [DBG] CM processsing: OpenVPN STATISTICS
2024-03-12 15:48:36.223 +00:00 [DBG] 🥶 APPEND line
2024-03-12 15:48:36.223 +00:00 [DBG] CM processsing: Updated,Tue Mar 12 15:48:36 2024
2024-03-12 15:48:36.223 +00:00 [DBG] 🥶 APPEND line
2024-03-12 15:48:36.223 +00:00 [DBG] CM processsing: TUN/TAP read bytes,1236
2024-03-12 15:48:36.223 +00:00 [DBG] 🥶 APPEND line
2024-03-12 15:48:36.223 +00:00 [DBG] CM processsing: TUN/TAP write bytes,96
2024-03-12 15:48:36.223 +00:00 [DBG] 🥶 APPEND line
2024-03-12 15:48:36.223 +00:00 [DBG] CM processsing: TCP/UDP read bytes,271853
2024-03-12 15:48:36.223 +00:00 [DBG] 🥶 APPEND line
2024-03-12 15:48:36.223 +00:00 [DBG] CM processsing: TCP/UDP write bytes,272964
2024-03-12 15:48:36.223 +00:00 [DBG] 🥶 APPEND line
2024-03-12 15:48:36.223 +00:00 [DBG] CM processsing: Auth read bytes,107520
2024-03-12 15:48:36.223 +00:00 [DBG] 🥶 APPEND line
2024-03-12 15:48:36.223 +00:00 [DBG] CM processsing: END
2024-03-12 15:48:36.223 +00:00 [DBG] 🥶 END
2024-03-12 15:48:36.224 +00:00 [DBG] OpenVPN STATISTICS
Updated,Tue Mar 12 15:48:36 2024
TUN/TAP read bytes,1236
TUN/TAP write bytes,96
TCP/UDP read bytes,271853
TCP/UDP write bytes,272964
Auth read bytes,107520
2024-03-12 15:48:36.225 +00:00 [DBG] CM processsing: 
2024-03-12 15:48:36.225 +00:00 [DBG] 🥶 APPEND line
2024-03-12 15:48:36.225 +00:00 [INF] Begin receive init again
2024-03-12 15:48:36.726 +00:00 [INF] Received bytes: 231
2024-03-12 15:48:36.726 +00:00 [DBG] Message marshalling complete
2024-03-12 15:48:36.726 +00:00 [DBG] CM received: >LOG:1710258516,D,MANAGEMENT: CMD 'status'
OpenVPN STATISTICS
Updated,Tue Mar 12 15:48:36 2024
TUN/TAP read bytes,1236
TUN/TAP write bytes,96
TCP/UDP read bytes,271893
TCP/UDP write bytes,273004
Auth read bytes,107536
END

2024-03-12 15:48:36.726 +00:00 [DBG] CM processsing: >LOG:1710258516,D,MANAGEMENT: CMD 'status'
2024-03-12 15:48:36.726 +00:00 [DBG] CM processsing: OpenVPN STATISTICS
2024-03-12 15:48:36.726 +00:00 [DBG] 🥶 APPEND line
2024-03-12 15:48:36.726 +00:00 [DBG] CM processsing: Updated,Tue Mar 12 15:48:36 2024
2024-03-12 15:48:36.726 +00:00 [DBG] 🥶 APPEND line
2024-03-12 15:48:36.726 +00:00 [DBG] CM processsing: TUN/TAP read bytes,1236
2024-03-12 15:48:36.726 +00:00 [DBG] 🥶 APPEND line
2024-03-12 15:48:36.726 +00:00 [DBG] CM processsing: TUN/TAP write bytes,96
2024-03-12 15:48:36.726 +00:00 [DBG] 🥶 APPEND line
2024-03-12 15:48:36.726 +00:00 [DBG] CM processsing: TCP/UDP read bytes,271893
2024-03-12 15:48:36.726 +00:00 [DBG] 🥶 APPEND line
2024-03-12 15:48:36.726 +00:00 [DBG] CM processsing: TCP/UDP write bytes,273004
2024-03-12 15:48:36.726 +00:00 [DBG] 🥶 APPEND line
2024-03-12 15:48:36.726 +00:00 [DBG] CM processsing: Auth read bytes,107536
2024-03-12 15:48:36.726 +00:00 [DBG] 🥶 APPEND line
2024-03-12 15:48:36.726 +00:00 [DBG] CM processsing: END
2024-03-12 15:48:36.726 +00:00 [DBG] 🥶 END
2024-03-12 15:48:36.727 +00:00 [DBG] OpenVPN STATISTICS
Updated,Tue Mar 12 15:48:36 2024
TUN/TAP read bytes,1236
TUN/TAP write bytes,96
TCP/UDP read bytes,271893
TCP/UDP write bytes,273004
Auth read bytes,107536
2024-03-12 15:48:36.727 +00:00 [DBG] CM processsing: 
2024-03-12 15:48:36.727 +00:00 [DBG] 🥶 APPEND line
2024-03-12 15:48:36.727 +00:00 [INF] Begin receive init again
2024-03-12 15:48:37.241 +00:00 [INF] Received bytes: 231
2024-03-12 15:48:37.241 +00:00 [DBG] Message marshalling complete
2024-03-12 15:48:37.242 +00:00 [DBG] CM received: >LOG:1710258517,D,MANAGEMENT: CMD 'status'
OpenVPN STATISTICS
Updated,Tue Mar 12 15:48:37 2024
TUN/TAP read bytes,1236
TUN/TAP write bytes,96
TCP/UDP read bytes,271893
TCP/UDP write bytes,273004
Auth read bytes,107536
END

2024-03-12 15:48:37.242 +00:00 [DBG] CM processsing: >LOG:1710258517,D,MANAGEMENT: CMD 'status'
2024-03-12 15:48:37.242 +00:00 [DBG] CM processsing: OpenVPN STATISTICS
2024-03-12 15:48:37.242 +00:00 [DBG] 🥶 APPEND line
2024-03-12 15:48:37.242 +00:00 [DBG] CM processsing: Updated,Tue Mar 12 15:48:37 2024
2024-03-12 15:48:37.242 +00:00 [DBG] 🥶 APPEND line
2024-03-12 15:48:37.242 +00:00 [DBG] CM processsing: TUN/TAP read bytes,1236
2024-03-12 15:48:37.242 +00:00 [DBG] 🥶 APPEND line
2024-03-12 15:48:37.242 +00:00 [DBG] CM processsing: TUN/TAP write bytes,96
2024-03-12 15:48:37.242 +00:00 [DBG] 🥶 APPEND line
2024-03-12 15:48:37.242 +00:00 [DBG] CM processsing: TCP/UDP read bytes,271893
2024-03-12 15:48:37.242 +00:00 [DBG] 🥶 APPEND line
2024-03-12 15:48:37.242 +00:00 [DBG] CM processsing: TCP/UDP write bytes,273004
2024-03-12 15:48:37.242 +00:00 [DBG] 🥶 APPEND line
2024-03-12 15:48:37.242 +00:00 [DBG] CM processsing: Auth read bytes,107536
2024-03-12 15:48:37.242 +00:00 [DBG] 🥶 APPEND line
2024-03-12 15:48:37.242 +00:00 [DBG] CM processsing: END
2024-03-12 15:48:37.242 +00:00 [DBG] 🥶 END
2024-03-12 15:48:37.242 +00:00 [DBG] OpenVPN STATISTICS
Updated,Tue Mar 12 15:48:37 2024
TUN/TAP read bytes,1236
TUN/TAP write bytes,96
TCP/UDP read bytes,271893
TCP/UDP write bytes,273004
Auth read bytes,107536
2024-03-12 15:48:37.243 +00:00 [DBG] CM processsing: 
2024-03-12 15:48:37.243 +00:00 [DBG] 🥶 APPEND line
2024-03-12 15:48:37.243 +00:00 [INF] Begin receive init again
2024-03-12 15:48:37.745 +00:00 [INF] Received bytes: 231
2024-03-12 15:48:37.746 +00:00 [DBG] Message marshalling complete
2024-03-12 15:48:37.746 +00:00 [DBG] CM received: >LOG:1710258517,D,MANAGEMENT: CMD 'status'
OpenVPN STATISTICS
Updated,Tue Mar 12 15:48:37 2024
TUN/TAP read bytes,1236
TUN/TAP write bytes,96
TCP/UDP read bytes,271933
TCP/UDP write bytes,273044
Auth read bytes,107552
END

2024-03-12 15:48:37.746 +00:00 [DBG] CM processsing: >LOG:1710258517,D,MANAGEMENT: CMD 'status'
2024-03-12 15:48:37.746 +00:00 [DBG] CM processsing: OpenVPN STATISTICS
2024-03-12 15:48:37.746 +00:00 [DBG] 🥶 APPEND line
2024-03-12 15:48:37.746 +00:00 [DBG] CM processsing: Updated,Tue Mar 12 15:48:37 2024
2024-03-12 15:48:37.746 +00:00 [DBG] 🥶 APPEND line
2024-03-12 15:48:37.746 +00:00 [DBG] CM processsing: TUN/TAP read bytes,1236
2024-03-12 15:48:37.746 +00:00 [DBG] 🥶 APPEND line
2024-03-12 15:48:37.746 +00:00 [DBG] CM processsing: TUN/TAP write bytes,96
2024-03-12 15:48:37.746 +00:00 [DBG] 🥶 APPEND line
2024-03-12 15:48:37.746 +00:00 [DBG] CM processsing: TCP/UDP read bytes,271933
2024-03-12 15:48:37.746 +00:00 [DBG] 🥶 APPEND line
2024-03-12 15:48:37.746 +00:00 [DBG] CM processsing: TCP/UDP write bytes,273044
2024-03-12 15:48:37.746 +00:00 [DBG] 🥶 APPEND line
2024-03-12 15:48:37.746 +00:00 [DBG] CM processsing: Auth read bytes,107552
2024-03-12 15:48:37.746 +00:00 [DBG] 🥶 APPEND line
2024-03-12 15:48:37.746 +00:00 [DBG] CM processsing: END
2024-03-12 15:48:37.746 +00:00 [DBG] 🥶 END
2024-03-12 15:48:37.746 +00:00 [DBG] OpenVPN STATISTICS
Updated,Tue Mar 12 15:48:37 2024
TUN/TAP read bytes,1236
TUN/TAP write bytes,96
TCP/UDP read bytes,271933
TCP/UDP write bytes,273044
Auth read bytes,107552
2024-03-12 15:48:37.747 +00:00 [DBG] CM processsing: 
2024-03-12 15:48:37.747 +00:00 [DBG] 🥶 APPEND line
2024-03-12 15:48:37.747 +00:00 [INF] Begin receive init again
2024-03-12 15:48:38.248 +00:00 [INF] Received bytes: 231
2024-03-12 15:48:38.249 +00:00 [DBG] Message marshalling complete
2024-03-12 15:48:38.249 +00:00 [DBG] CM received: >LOG:1710258518,D,MANAGEMENT: CMD 'status'
OpenVPN STATISTICS
Updated,Tue Mar 12 15:48:38 2024
TUN/TAP read bytes,1236
TUN/TAP write bytes,96
TCP/UDP read bytes,271933
TCP/UDP write bytes,273044
Auth read bytes,107552
END

2024-03-12 15:48:38.250 +00:00 [DBG] CM processsing: >LOG:1710258518,D,MANAGEMENT: CMD 'status'
2024-03-12 15:48:38.250 +00:00 [DBG] CM processsing: OpenVPN STATISTICS
2024-03-12 15:48:38.250 +00:00 [DBG] 🥶 APPEND line
2024-03-12 15:48:38.250 +00:00 [DBG] CM processsing: Updated,Tue Mar 12 15:48:38 2024
2024-03-12 15:48:38.250 +00:00 [DBG] 🥶 APPEND line
2024-03-12 15:48:38.250 +00:00 [DBG] CM processsing: TUN/TAP read bytes,1236
2024-03-12 15:48:38.250 +00:00 [DBG] 🥶 APPEND line
2024-03-12 15:48:38.251 +00:00 [DBG] CM processsing: TUN/TAP write bytes,96
2024-03-12 15:48:38.251 +00:00 [DBG] 🥶 APPEND line
2024-03-12 15:48:38.251 +00:00 [DBG] CM processsing: TCP/UDP read bytes,271933
2024-03-12 15:48:38.251 +00:00 [DBG] 🥶 APPEND line
2024-03-12 15:48:38.251 +00:00 [DBG] CM processsing: TCP/UDP write bytes,273044
2024-03-12 15:48:38.251 +00:00 [DBG] 🥶 APPEND line
2024-03-12 15:48:38.252 +00:00 [DBG] CM processsing: Auth read bytes,107552
2024-03-12 15:48:38.252 +00:00 [DBG] 🥶 APPEND line
2024-03-12 15:48:38.252 +00:00 [DBG] CM processsing: END
2024-03-12 15:48:38.252 +00:00 [DBG] 🥶 END
2024-03-12 15:48:38.252 +00:00 [DBG] OpenVPN STATISTICS
Updated,Tue Mar 12 15:48:38 2024
TUN/TAP read bytes,1236
TUN/TAP write bytes,96
TCP/UDP read bytes,271933
TCP/UDP write bytes,273044
Auth read bytes,107552
2024-03-12 15:48:38.253 +00:00 [DBG] CM processsing: 
2024-03-12 15:48:38.253 +00:00 [DBG] 🥶 APPEND line
2024-03-12 15:48:38.253 +00:00 [INF] Begin receive init again
2024-03-12 15:48:38.754 +00:00 [INF] Received bytes: 231
2024-03-12 15:48:38.755 +00:00 [DBG] Message marshalling complete
2024-03-12 15:48:38.756 +00:00 [DBG] CM received: >LOG:1710258518,D,MANAGEMENT: CMD 'status'
OpenVPN STATISTICS
Updated,Tue Mar 12 15:48:38 2024
TUN/TAP read bytes,1236
TUN/TAP write bytes,96
TCP/UDP read bytes,271973
TCP/UDP write bytes,273084
Auth read bytes,107568
END

2024-03-12 15:48:38.756 +00:00 [DBG] CM processsing: >LOG:1710258518,D,MANAGEMENT: CMD 'status'
2024-03-12 15:48:38.756 +00:00 [DBG] CM processsing: OpenVPN STATISTICS
2024-03-12 15:48:38.756 +00:00 [DBG] 🥶 APPEND line
2024-03-12 15:48:38.756 +00:00 [DBG] CM processsing: Updated,Tue Mar 12 15:48:38 2024
2024-03-12 15:48:38.757 +00:00 [DBG] 🥶 APPEND line
2024-03-12 15:48:38.757 +00:00 [DBG] CM processsing: TUN/TAP read bytes,1236
2024-03-12 15:48:38.757 +00:00 [DBG] 🥶 APPEND line
2024-03-12 15:48:38.757 +00:00 [DBG] CM processsing: TUN/TAP write bytes,96
2024-03-12 15:48:38.757 +00:00 [DBG] 🥶 APPEND line
2024-03-12 15:48:38.757 +00:00 [DBG] CM processsing: TCP/UDP read bytes,271973
2024-03-12 15:48:38.757 +00:00 [DBG] 🥶 APPEND line
2024-03-12 15:48:38.757 +00:00 [DBG] CM processsing: TCP/UDP write bytes,273084
2024-03-12 15:48:38.757 +00:00 [DBG] 🥶 APPEND line
2024-03-12 15:48:38.757 +00:00 [DBG] CM processsing: Auth read bytes,107568
2024-03-12 15:48:38.757 +00:00 [DBG] 🥶 APPEND line
2024-03-12 15:48:38.758 +00:00 [DBG] CM processsing: END
2024-03-12 15:48:38.758 +00:00 [DBG] 🥶 END
2024-03-12 15:48:38.758 +00:00 [DBG] OpenVPN STATISTICS
Updated,Tue Mar 12 15:48:38 2024
TUN/TAP read bytes,1236
TUN/TAP write bytes,96
TCP/UDP read bytes,271973
TCP/UDP write bytes,273084
Auth read bytes,107568
2024-03-12 15:48:38.759 +00:00 [DBG] CM processsing: 
2024-03-12 15:48:38.759 +00:00 [DBG] 🥶 APPEND line
2024-03-12 15:48:38.759 +00:00 [INF] Begin receive init again
2024-03-12 15:48:39.261 +00:00 [INF] Received bytes: 231
2024-03-12 15:48:39.261 +00:00 [DBG] Message marshalling complete
2024-03-12 15:48:39.262 +00:00 [DBG] CM received: >LOG:1710258519,D,MANAGEMENT: CMD 'status'
OpenVPN STATISTICS
Updated,Tue Mar 12 15:48:39 2024
TUN/TAP read bytes,1236
TUN/TAP write bytes,96
TCP/UDP read bytes,271973
TCP/UDP write bytes,273084
Auth read bytes,107568
END

2024-03-12 15:48:39.262 +00:00 [DBG] CM processsing: >LOG:1710258519,D,MANAGEMENT: CMD 'status'
2024-03-12 15:48:39.263 +00:00 [DBG] CM processsing: OpenVPN STATISTICS
2024-03-12 15:48:39.263 +00:00 [DBG] 🥶 APPEND line
2024-03-12 15:48:39.263 +00:00 [DBG] CM processsing: Updated,Tue Mar 12 15:48:39 2024
2024-03-12 15:48:39.263 +00:00 [DBG] 🥶 APPEND line
2024-03-12 15:48:39.263 +00:00 [DBG] CM processsing: TUN/TAP read bytes,1236
2024-03-12 15:48:39.263 +00:00 [DBG] 🥶 APPEND line
2024-03-12 15:48:39.263 +00:00 [DBG] CM processsing: TUN/TAP write bytes,96
2024-03-12 15:48:39.263 +00:00 [DBG] 🥶 APPEND line
2024-03-12 15:48:39.263 +00:00 [DBG] CM processsing: TCP/UDP read bytes,271973
2024-03-12 15:48:39.263 +00:00 [DBG] 🥶 APPEND line
2024-03-12 15:48:39.263 +00:00 [DBG] CM processsing: TCP/UDP write bytes,273084
2024-03-12 15:48:39.263 +00:00 [DBG] 🥶 APPEND line
2024-03-12 15:48:39.263 +00:00 [DBG] CM processsing: Auth read bytes,107568
2024-03-12 15:48:39.263 +00:00 [DBG] 🥶 APPEND line
2024-03-12 15:48:39.263 +00:00 [DBG] CM processsing: END
2024-03-12 15:48:39.263 +00:00 [DBG] 🥶 END
2024-03-12 15:48:39.264 +00:00 [DBG] OpenVPN STATISTICS
Updated,Tue Mar 12 15:48:39 2024
TUN/TAP read bytes,1236
TUN/TAP write bytes,96
TCP/UDP read bytes,271973
TCP/UDP write bytes,273084
Auth read bytes,107568
2024-03-12 15:48:39.264 +00:00 [DBG] CM processsing: 
2024-03-12 15:48:39.264 +00:00 [DBG] 🥶 APPEND line
2024-03-12 15:48:39.264 +00:00 [INF] Begin receive init again
2024-03-12 15:48:39.767 +00:00 [INF] Received bytes: 231
2024-03-12 15:48:39.767 +00:00 [DBG] Message marshalling complete
2024-03-12 15:48:39.768 +00:00 [DBG] CM received: >LOG:1710258519,D,MANAGEMENT: CMD 'status'
OpenVPN STATISTICS
Updated,Tue Mar 12 15:48:39 2024
TUN/TAP read bytes,1236
TUN/TAP write bytes,96
TCP/UDP read bytes,272013
TCP/UDP write bytes,273124
Auth read bytes,107584
END

2024-03-12 15:48:39.768 +00:00 [DBG] CM processsing: >LOG:1710258519,D,MANAGEMENT: CMD 'status'
2024-03-12 15:48:39.769 +00:00 [DBG] CM processsing: OpenVPN STATISTICS
2024-03-12 15:48:39.769 +00:00 [DBG] 🥶 APPEND line
2024-03-12 15:48:39.769 +00:00 [DBG] CM processsing: Updated,Tue Mar 12 15:48:39 2024
2024-03-12 15:48:39.769 +00:00 [DBG] 🥶 APPEND line
2024-03-12 15:48:39.769 +00:00 [DBG] CM processsing: TUN/TAP read bytes,1236
2024-03-12 15:48:39.769 +00:00 [DBG] 🥶 APPEND line
2024-03-12 15:48:39.769 +00:00 [DBG] CM processsing: TUN/TAP write bytes,96
2024-03-12 15:48:39.769 +00:00 [DBG] 🥶 APPEND line
2024-03-12 15:48:39.769 +00:00 [DBG] CM processsing: TCP/UDP read bytes,272013
2024-03-12 15:48:39.769 +00:00 [DBG] 🥶 APPEND line
2024-03-12 15:48:39.769 +00:00 [DBG] CM processsing: TCP/UDP write bytes,273124
2024-03-12 15:48:39.769 +00:00 [DBG] 🥶 APPEND line
2024-03-12 15:48:39.769 +00:00 [DBG] CM processsing: Auth read bytes,107584
2024-03-12 15:48:39.769 +00:00 [DBG] 🥶 APPEND line
2024-03-12 15:48:39.769 +00:00 [DBG] CM processsing: END
2024-03-12 15:48:39.770 +00:00 [DBG] 🥶 END
2024-03-12 15:48:39.770 +00:00 [DBG] OpenVPN STATISTICS
Updated,Tue Mar 12 15:48:39 2024
TUN/TAP read bytes,1236
TUN/TAP write bytes,96
TCP/UDP read bytes,272013
TCP/UDP write bytes,273124
Auth read bytes,107584
2024-03-12 15:48:39.771 +00:00 [DBG] CM processsing: 
2024-03-12 15:48:39.771 +00:00 [DBG] 🥶 APPEND line
2024-03-12 15:48:39.771 +00:00 [INF] Begin receive init again
2024-03-12 15:48:40.273 +00:00 [INF] Received bytes: 231
2024-03-12 15:48:40.273 +00:00 [DBG] Message marshalling complete
2024-03-12 15:48:40.273 +00:00 [DBG] CM received: >LOG:1710258520,D,MANAGEMENT: CMD 'status'
OpenVPN STATISTICS
Updated,Tue Mar 12 15:48:40 2024
TUN/TAP read bytes,1236
TUN/TAP write bytes,96
TCP/UDP read bytes,272013
TCP/UDP write bytes,273124
Auth read bytes,107584
END

2024-03-12 15:48:40.274 +00:00 [DBG] CM processsing: >LOG:1710258520,D,MANAGEMENT: CMD 'status'
2024-03-12 15:48:40.274 +00:00 [DBG] CM processsing: OpenVPN STATISTICS
2024-03-12 15:48:40.274 +00:00 [DBG] 🥶 APPEND line
2024-03-12 15:48:40.274 +00:00 [DBG] CM processsing: Updated,Tue Mar 12 15:48:40 2024
2024-03-12 15:48:40.274 +00:00 [DBG] 🥶 APPEND line
2024-03-12 15:48:40.274 +00:00 [DBG] CM processsing: TUN/TAP read bytes,1236
2024-03-12 15:48:40.274 +00:00 [DBG] 🥶 APPEND line
2024-03-12 15:48:40.274 +00:00 [DBG] CM processsing: TUN/TAP write bytes,96
2024-03-12 15:48:40.274 +00:00 [DBG] 🥶 APPEND line
2024-03-12 15:48:40.274 +00:00 [DBG] CM processsing: TCP/UDP read bytes,272013
2024-03-12 15:48:40.274 +00:00 [DBG] 🥶 APPEND line
2024-03-12 15:48:40.274 +00:00 [DBG] CM processsing: TCP/UDP write bytes,273124
2024-03-12 15:48:40.274 +00:00 [DBG] 🥶 APPEND line
2024-03-12 15:48:40.274 +00:00 [DBG] CM processsing: Auth read bytes,107584
2024-03-12 15:48:40.274 +00:00 [DBG] 🥶 APPEND line
2024-03-12 15:48:40.274 +00:00 [DBG] CM processsing: END
2024-03-12 15:48:40.274 +00:00 [DBG] 🥶 END
2024-03-12 15:48:40.274 +00:00 [DBG] OpenVPN STATISTICS
Updated,Tue Mar 12 15:48:40 2024
TUN/TAP read bytes,1236
TUN/TAP write bytes,96
TCP/UDP read bytes,272013
TCP/UDP write bytes,273124
Auth read bytes,107584
2024-03-12 15:48:40.275 +00:00 [DBG] CM processsing: 
2024-03-12 15:48:40.275 +00:00 [DBG] 🥶 APPEND line
2024-03-12 15:48:40.275 +00:00 [INF] Begin receive init again
2024-03-12 15:48:40.777 +00:00 [INF] Received bytes: 231
2024-03-12 15:48:40.778 +00:00 [DBG] Message marshalling complete
2024-03-12 15:48:40.779 +00:00 [DBG] CM received: >LOG:1710258520,D,MANAGEMENT: CMD 'status'
OpenVPN STATISTICS
Updated,Tue Mar 12 15:48:40 2024
TUN/TAP read bytes,1236
TUN/TAP write bytes,96
TCP/UDP read bytes,272053
TCP/UDP write bytes,273164
Auth read bytes,107600
END

2024-03-12 15:48:40.779 +00:00 [DBG] CM processsing: >LOG:1710258520,D,MANAGEMENT: CMD 'status'
2024-03-12 15:48:40.779 +00:00 [DBG] CM processsing: OpenVPN STATISTICS
2024-03-12 15:48:40.779 +00:00 [DBG] 🥶 APPEND line
2024-03-12 15:48:40.780 +00:00 [DBG] CM processsing: Updated,Tue Mar 12 15:48:40 2024
2024-03-12 15:48:40.780 +00:00 [DBG] 🥶 APPEND line
2024-03-12 15:48:40.780 +00:00 [DBG] CM processsing: TUN/TAP read bytes,1236
2024-03-12 15:48:40.780 +00:00 [DBG] 🥶 APPEND line
2024-03-12 15:48:40.781 +00:00 [DBG] CM processsing: TUN/TAP write bytes,96
2024-03-12 15:48:40.781 +00:00 [DBG] 🥶 APPEND line
2024-03-12 15:48:40.781 +00:00 [DBG] CM processsing: TCP/UDP read bytes,272053
2024-03-12 15:48:40.781 +00:00 [DBG] 🥶 APPEND line
2024-03-12 15:48:40.782 +00:00 [DBG] CM processsing: TCP/UDP write bytes,273164
2024-03-12 15:48:40.782 +00:00 [DBG] 🥶 APPEND line
2024-03-12 15:48:40.782 +00:00 [DBG] CM processsing: Auth read bytes,107600
2024-03-12 15:48:40.782 +00:00 [DBG] 🥶 APPEND line
2024-03-12 15:48:40.782 +00:00 [DBG] CM processsing: END
2024-03-12 15:48:40.782 +00:00 [DBG] 🥶 END
2024-03-12 15:48:40.782 +00:00 [DBG] OpenVPN STATISTICS
Updated,Tue Mar 12 15:48:40 2024
TUN/TAP read bytes,1236
TUN/TAP write bytes,96
TCP/UDP read bytes,272053
TCP/UDP write bytes,273164
Auth read bytes,107600
2024-03-12 15:48:40.786 +00:00 [DBG] CM processsing: 
2024-03-12 15:48:40.786 +00:00 [DBG] 🥶 APPEND line
2024-03-12 15:48:40.786 +00:00 [INF] Begin receive init again
2024-03-12 15:48:41.287 +00:00 [INF] Received bytes: 231
2024-03-12 15:48:41.287 +00:00 [DBG] Message marshalling complete
2024-03-12 15:48:41.287 +00:00 [DBG] CM received: >LOG:1710258521,D,MANAGEMENT: CMD 'status'
OpenVPN STATISTICS
Updated,Tue Mar 12 15:48:41 2024
TUN/TAP read bytes,1236
TUN/TAP write bytes,96
TCP/UDP read bytes,272053
TCP/UDP write bytes,273164
Auth read bytes,107600
END

2024-03-12 15:48:41.287 +00:00 [DBG] CM processsing: >LOG:1710258521,D,MANAGEMENT: CMD 'status'
2024-03-12 15:48:41.287 +00:00 [DBG] CM processsing: OpenVPN STATISTICS
2024-03-12 15:48:41.287 +00:00 [DBG] 🥶 APPEND line
2024-03-12 15:48:41.287 +00:00 [DBG] CM processsing: Updated,Tue Mar 12 15:48:41 2024
2024-03-12 15:48:41.287 +00:00 [DBG] 🥶 APPEND line
2024-03-12 15:48:41.287 +00:00 [DBG] CM processsing: TUN/TAP read bytes,1236
2024-03-12 15:48:41.287 +00:00 [DBG] 🥶 APPEND line
2024-03-12 15:48:41.287 +00:00 [DBG] CM processsing: TUN/TAP write bytes,96
2024-03-12 15:48:41.287 +00:00 [DBG] 🥶 APPEND line
2024-03-12 15:48:41.287 +00:00 [DBG] CM processsing: TCP/UDP read bytes,272053
2024-03-12 15:48:41.287 +00:00 [DBG] 🥶 APPEND line
2024-03-12 15:48:41.287 +00:00 [DBG] CM processsing: TCP/UDP write bytes,273164
2024-03-12 15:48:41.287 +00:00 [DBG] 🥶 APPEND line
2024-03-12 15:48:41.287 +00:00 [DBG] CM processsing: Auth read bytes,107600
2024-03-12 15:48:41.287 +00:00 [DBG] 🥶 APPEND line
2024-03-12 15:48:41.287 +00:00 [DBG] CM processsing: END
2024-03-12 15:48:41.287 +00:00 [DBG] 🥶 END
2024-03-12 15:48:41.288 +00:00 [DBG] OpenVPN STATISTICS
Updated,Tue Mar 12 15:48:41 2024
TUN/TAP read bytes,1236
TUN/TAP write bytes,96
TCP/UDP read bytes,272053
TCP/UDP write bytes,273164
Auth read bytes,107600
2024-03-12 15:48:41.288 +00:00 [DBG] CM processsing: 
2024-03-12 15:48:41.288 +00:00 [DBG] 🥶 APPEND line
2024-03-12 15:48:41.288 +00:00 [INF] Begin receive init again
2024-03-12 15:48:41.789 +00:00 [INF] Received bytes: 231
2024-03-12 15:48:41.789 +00:00 [DBG] Message marshalling complete
2024-03-12 15:48:41.790 +00:00 [DBG] CM received: >LOG:1710258521,D,MANAGEMENT: CMD 'status'
OpenVPN STATISTICS
Updated,Tue Mar 12 15:48:41 2024
TUN/TAP read bytes,1236
TUN/TAP write bytes,96
TCP/UDP read bytes,272093
TCP/UDP write bytes,273204
Auth read bytes,107616
END

2024-03-12 15:48:41.790 +00:00 [DBG] CM processsing: >LOG:1710258521,D,MANAGEMENT: CMD 'status'
2024-03-12 15:48:41.790 +00:00 [DBG] CM processsing: OpenVPN STATISTICS
2024-03-12 15:48:41.791 +00:00 [DBG] 🥶 APPEND line
2024-03-12 15:48:41.791 +00:00 [DBG] CM processsing: Updated,Tue Mar 12 15:48:41 2024
2024-03-12 15:48:41.791 +00:00 [DBG] 🥶 APPEND line
2024-03-12 15:48:41.791 +00:00 [DBG] CM processsing: TUN/TAP read bytes,1236
2024-03-12 15:48:41.791 +00:00 [DBG] 🥶 APPEND line
2024-03-12 15:48:41.791 +00:00 [DBG] CM processsing: TUN/TAP write bytes,96
2024-03-12 15:48:41.791 +00:00 [DBG] 🥶 APPEND line
2024-03-12 15:48:41.791 +00:00 [DBG] CM processsing: TCP/UDP read bytes,272093
2024-03-12 15:48:41.791 +00:00 [DBG] 🥶 APPEND line
2024-03-12 15:48:41.791 +00:00 [DBG] CM processsing: TCP/UDP write bytes,273204
2024-03-12 15:48:41.791 +00:00 [DBG] 🥶 APPEND line
2024-03-12 15:48:41.791 +00:00 [DBG] CM processsing: Auth read bytes,107616
2024-03-12 15:48:41.791 +00:00 [DBG] 🥶 APPEND line
2024-03-12 15:48:41.791 +00:00 [DBG] CM processsing: END
2024-03-12 15:48:41.791 +00:00 [DBG] 🥶 END
2024-03-12 15:48:41.792 +00:00 [DBG] OpenVPN STATISTICS
Updated,Tue Mar 12 15:48:41 2024
TUN/TAP read bytes,1236
TUN/TAP write bytes,96
TCP/UDP read bytes,272093
TCP/UDP write bytes,273204
Auth read bytes,107616
2024-03-12 15:48:41.793 +00:00 [DBG] CM processsing: 
2024-03-12 15:48:41.793 +00:00 [DBG] 🥶 APPEND line
2024-03-12 15:48:41.793 +00:00 [INF] Begin receive init again
2024-03-12 15:48:42.296 +00:00 [INF] Received bytes: 231
2024-03-12 15:48:42.296 +00:00 [DBG] Message marshalling complete
2024-03-12 15:48:42.297 +00:00 [DBG] CM received: >LOG:1710258522,D,MANAGEMENT: CMD 'status'
OpenVPN STATISTICS
Updated,Tue Mar 12 15:48:42 2024
TUN/TAP read bytes,1236
TUN/TAP write bytes,96
TCP/UDP read bytes,272093
TCP/UDP write bytes,273204
Auth read bytes,107616
END

2024-03-12 15:48:42.297 +00:00 [DBG] CM processsing: >LOG:1710258522,D,MANAGEMENT: CMD 'status'
2024-03-12 15:48:42.299 +00:00 [DBG] CM processsing: OpenVPN STATISTICS
2024-03-12 15:48:42.299 +00:00 [DBG] 🥶 APPEND line
2024-03-12 15:48:42.299 +00:00 [DBG] CM processsing: Updated,Tue Mar 12 15:48:42 2024
2024-03-12 15:48:42.299 +00:00 [DBG] 🥶 APPEND line
2024-03-12 15:48:42.299 +00:00 [DBG] CM processsing: TUN/TAP read bytes,1236
2024-03-12 15:48:42.299 +00:00 [DBG] 🥶 APPEND line
2024-03-12 15:48:42.299 +00:00 [DBG] CM processsing: TUN/TAP write bytes,96
2024-03-12 15:48:42.299 +00:00 [DBG] 🥶 APPEND line
2024-03-12 15:48:42.299 +00:00 [DBG] CM processsing: TCP/UDP read bytes,272093
2024-03-12 15:48:42.300 +00:00 [DBG] 🥶 APPEND line
2024-03-12 15:48:42.300 +00:00 [DBG] CM processsing: TCP/UDP write bytes,273204
2024-03-12 15:48:42.300 +00:00 [DBG] 🥶 APPEND line
2024-03-12 15:48:42.300 +00:00 [DBG] CM processsing: Auth read bytes,107616
2024-03-12 15:48:42.300 +00:00 [DBG] 🥶 APPEND line
2024-03-12 15:48:42.300 +00:00 [DBG] CM processsing: END
2024-03-12 15:48:42.300 +00:00 [DBG] 🥶 END
2024-03-12 15:48:42.301 +00:00 [DBG] OpenVPN STATISTICS
Updated,Tue Mar 12 15:48:42 2024
TUN/TAP read bytes,1236
TUN/TAP write bytes,96
TCP/UDP read bytes,272093
TCP/UDP write bytes,273204
Auth read bytes,107616
2024-03-12 15:48:42.302 +00:00 [DBG] CM processsing: 
2024-03-12 15:48:42.302 +00:00 [DBG] 🥶 APPEND line
2024-03-12 15:48:42.302 +00:00 [INF] Begin receive init again
2024-03-12 15:48:42.804 +00:00 [INF] Received bytes: 231
2024-03-12 15:48:42.805 +00:00 [DBG] Message marshalling complete
2024-03-12 15:48:42.808 +00:00 [DBG] CM received: >LOG:1710258522,D,MANAGEMENT: CMD 'status'
OpenVPN STATISTICS
Updated,Tue Mar 12 15:48:42 2024
TUN/TAP read bytes,1236
TUN/TAP write bytes,96
TCP/UDP read bytes,272133
TCP/UDP write bytes,273244
Auth read bytes,107632
END

2024-03-12 15:48:42.808 +00:00 [DBG] CM processsing: >LOG:1710258522,D,MANAGEMENT: CMD 'status'
2024-03-12 15:48:42.809 +00:00 [DBG] CM processsing: OpenVPN STATISTICS
2024-03-12 15:48:42.809 +00:00 [DBG] 🥶 APPEND line
2024-03-12 15:48:42.809 +00:00 [DBG] CM processsing: Updated,Tue Mar 12 15:48:42 2024
2024-03-12 15:48:42.809 +00:00 [DBG] 🥶 APPEND line
2024-03-12 15:48:42.809 +00:00 [DBG] CM processsing: TUN/TAP read bytes,1236
2024-03-12 15:48:42.809 +00:00 [DBG] 🥶 APPEND line
2024-03-12 15:48:42.809 +00:00 [DBG] CM processsing: TUN/TAP write bytes,96
2024-03-12 15:48:42.809 +00:00 [DBG] 🥶 APPEND line
2024-03-12 15:48:42.810 +00:00 [DBG] CM processsing: TCP/UDP read bytes,272133
2024-03-12 15:48:42.810 +00:00 [DBG] 🥶 APPEND line
2024-03-12 15:48:42.810 +00:00 [DBG] CM processsing: TCP/UDP write bytes,273244
2024-03-12 15:48:42.810 +00:00 [DBG] 🥶 APPEND line
2024-03-12 15:48:42.810 +00:00 [DBG] CM processsing: Auth read bytes,107632
2024-03-12 15:48:42.810 +00:00 [DBG] 🥶 APPEND line
2024-03-12 15:48:42.810 +00:00 [DBG] CM processsing: END
2024-03-12 15:48:42.810 +00:00 [DBG] 🥶 END
2024-03-12 15:48:42.811 +00:00 [DBG] OpenVPN STATISTICS
Updated,Tue Mar 12 15:48:42 2024
TUN/TAP read bytes,1236
TUN/TAP write bytes,96
TCP/UDP read bytes,272133
TCP/UDP write bytes,273244
Auth read bytes,107632
2024-03-12 15:48:42.812 +00:00 [DBG] CM processsing: 
2024-03-12 15:48:42.812 +00:00 [DBG] 🥶 APPEND line
2024-03-12 15:48:42.812 +00:00 [INF] Begin receive init again
2024-03-12 15:48:43.318 +00:00 [INF] Received bytes: 231
2024-03-12 15:48:43.319 +00:00 [DBG] Message marshalling complete
2024-03-12 15:48:43.320 +00:00 [DBG] CM received: >LOG:1710258523,D,MANAGEMENT: CMD 'status'
OpenVPN STATISTICS
Updated,Tue Mar 12 15:48:43 2024
TUN/TAP read bytes,1236
TUN/TAP write bytes,96
TCP/UDP read bytes,272133
TCP/UDP write bytes,273244
Auth read bytes,107632
END

2024-03-12 15:48:43.320 +00:00 [DBG] CM processsing: >LOG:1710258523,D,MANAGEMENT: CMD 'status'
2024-03-12 15:48:43.320 +00:00 [DBG] CM processsing: OpenVPN STATISTICS
2024-03-12 15:48:43.320 +00:00 [DBG] 🥶 APPEND line
2024-03-12 15:48:43.320 +00:00 [DBG] CM processsing: Updated,Tue Mar 12 15:48:43 2024
2024-03-12 15:48:43.320 +00:00 [DBG] 🥶 APPEND line
2024-03-12 15:48:43.320 +00:00 [DBG] CM processsing: TUN/TAP read bytes,1236
2024-03-12 15:48:43.320 +00:00 [DBG] 🥶 APPEND line
2024-03-12 15:48:43.320 +00:00 [DBG] CM processsing: TUN/TAP write bytes,96
2024-03-12 15:48:43.320 +00:00 [DBG] 🥶 APPEND line
2024-03-12 15:48:43.321 +00:00 [DBG] CM processsing: TCP/UDP read bytes,272133
2024-03-12 15:48:43.321 +00:00 [DBG] 🥶 APPEND line
2024-03-12 15:48:43.321 +00:00 [DBG] CM processsing: TCP/UDP write bytes,273244
2024-03-12 15:48:43.321 +00:00 [DBG] 🥶 APPEND line
2024-03-12 15:48:43.321 +00:00 [DBG] CM processsing: Auth read bytes,107632
2024-03-12 15:48:43.321 +00:00 [DBG] 🥶 APPEND line
2024-03-12 15:48:43.321 +00:00 [DBG] CM processsing: END
2024-03-12 15:48:43.321 +00:00 [DBG] 🥶 END
2024-03-12 15:48:43.323 +00:00 [DBG] OpenVPN STATISTICS
Updated,Tue Mar 12 15:48:43 2024
TUN/TAP read bytes,1236
TUN/TAP write bytes,96
TCP/UDP read bytes,272133
TCP/UDP write bytes,273244
Auth read bytes,107632
2024-03-12 15:48:43.329 +00:00 [DBG] CM processsing: 
2024-03-12 15:48:43.329 +00:00 [DBG] 🥶 APPEND line
2024-03-12 15:48:43.329 +00:00 [INF] Begin receive init again
2024-03-12 15:48:43.830 +00:00 [INF] Received bytes: 231
2024-03-12 15:48:43.830 +00:00 [DBG] Message marshalling complete
2024-03-12 15:48:43.830 +00:00 [DBG] CM received: >LOG:1710258523,D,MANAGEMENT: CMD 'status'
OpenVPN STATISTICS
Updated,Tue Mar 12 15:48:43 2024
TUN/TAP read bytes,1236
TUN/TAP write bytes,96
TCP/UDP read bytes,272173
TCP/UDP write bytes,273284
Auth read bytes,107648
END

2024-03-12 15:48:43.831 +00:00 [DBG] CM processsing: >LOG:1710258523,D,MANAGEMENT: CMD 'status'
2024-03-12 15:48:43.831 +00:00 [DBG] CM processsing: OpenVPN STATISTICS
2024-03-12 15:48:43.831 +00:00 [DBG] 🥶 APPEND line
2024-03-12 15:48:43.831 +00:00 [DBG] CM processsing: Updated,Tue Mar 12 15:48:43 2024
2024-03-12 15:48:43.831 +00:00 [DBG] 🥶 APPEND line
2024-03-12 15:48:43.831 +00:00 [DBG] CM processsing: TUN/TAP read bytes,1236
2024-03-12 15:48:43.831 +00:00 [DBG] 🥶 APPEND line
2024-03-12 15:48:43.831 +00:00 [DBG] CM processsing: TUN/TAP write bytes,96
2024-03-12 15:48:43.831 +00:00 [DBG] 🥶 APPEND line
2024-03-12 15:48:43.831 +00:00 [DBG] CM processsing: TCP/UDP read bytes,272173
2024-03-12 15:48:43.831 +00:00 [DBG] 🥶 APPEND line
2024-03-12 15:48:43.831 +00:00 [DBG] CM processsing: TCP/UDP write bytes,273284
2024-03-12 15:48:43.831 +00:00 [DBG] 🥶 APPEND line
2024-03-12 15:48:43.831 +00:00 [DBG] CM processsing: Auth read bytes,107648
2024-03-12 15:48:43.831 +00:00 [DBG] 🥶 APPEND line
2024-03-12 15:48:43.831 +00:00 [DBG] CM processsing: END
2024-03-12 15:48:43.831 +00:00 [DBG] 🥶 END
2024-03-12 15:48:43.831 +00:00 [DBG] OpenVPN STATISTICS
Updated,Tue Mar 12 15:48:43 2024
TUN/TAP read bytes,1236
TUN/TAP write bytes,96
TCP/UDP read bytes,272173
TCP/UDP write bytes,273284
Auth read bytes,107648
2024-03-12 15:48:43.831 +00:00 [DBG] CM processsing: 
2024-03-12 15:48:43.831 +00:00 [DBG] 🥶 APPEND line
2024-03-12 15:48:43.831 +00:00 [INF] Begin receive init again
2024-03-12 15:48:44.332 +00:00 [INF] Received bytes: 231
2024-03-12 15:48:44.333 +00:00 [DBG] Message marshalling complete
2024-03-12 15:48:44.334 +00:00 [DBG] CM received: >LOG:1710258524,D,MANAGEMENT: CMD 'status'
OpenVPN STATISTICS
Updated,Tue Mar 12 15:48:44 2024
TUN/TAP read bytes,1236
TUN/TAP write bytes,96
TCP/UDP read bytes,272173
TCP/UDP write bytes,273284
Auth read bytes,107648
END

2024-03-12 15:48:44.334 +00:00 [DBG] CM processsing: >LOG:1710258524,D,MANAGEMENT: CMD 'status'
2024-03-12 15:48:44.334 +00:00 [DBG] CM processsing: OpenVPN STATISTICS
2024-03-12 15:48:44.334 +00:00 [DBG] 🥶 APPEND line
2024-03-12 15:48:44.335 +00:00 [DBG] CM processsing: Updated,Tue Mar 12 15:48:44 2024
2024-03-12 15:48:44.335 +00:00 [DBG] 🥶 APPEND line
2024-03-12 15:48:44.337 +00:00 [DBG] CM processsing: TUN/TAP read bytes,1236
2024-03-12 15:48:44.337 +00:00 [DBG] 🥶 APPEND line
2024-03-12 15:48:44.337 +00:00 [DBG] CM processsing: TUN/TAP write bytes,96
2024-03-12 15:48:44.337 +00:00 [DBG] 🥶 APPEND line
2024-03-12 15:48:44.337 +00:00 [DBG] CM processsing: TCP/UDP read bytes,272173
2024-03-12 15:48:44.337 +00:00 [DBG] 🥶 APPEND line
2024-03-12 15:48:44.337 +00:00 [DBG] CM processsing: TCP/UDP write bytes,273284
2024-03-12 15:48:44.337 +00:00 [DBG] 🥶 APPEND line
2024-03-12 15:48:44.337 +00:00 [DBG] CM processsing: Auth read bytes,107648
2024-03-12 15:48:44.337 +00:00 [DBG] 🥶 APPEND line
2024-03-12 15:48:44.337 +00:00 [DBG] CM processsing: END
2024-03-12 15:48:44.337 +00:00 [DBG] 🥶 END
2024-03-12 15:48:44.338 +00:00 [DBG] OpenVPN STATISTICS
Updated,Tue Mar 12 15:48:44 2024
TUN/TAP read bytes,1236
TUN/TAP write bytes,96
TCP/UDP read bytes,272173
TCP/UDP write bytes,273284
Auth read bytes,107648
2024-03-12 15:48:44.338 +00:00 [DBG] CM processsing: 
2024-03-12 15:48:44.338 +00:00 [DBG] 🥶 APPEND line
2024-03-12 15:48:44.338 +00:00 [INF] Begin receive init again
2024-03-12 15:48:44.862 +00:00 [INF] Received bytes: 231
2024-03-12 15:48:44.862 +00:00 [DBG] Message marshalling complete
2024-03-12 15:48:44.862 +00:00 [DBG] CM received: >LOG:1710258524,D,MANAGEMENT: CMD 'status'
OpenVPN STATISTICS
Updated,Tue Mar 12 15:48:44 2024
TUN/TAP read bytes,1236
TUN/TAP write bytes,96
TCP/UDP read bytes,272213
TCP/UDP write bytes,273324
Auth read bytes,107664
END

2024-03-12 15:48:44.862 +00:00 [DBG] CM processsing: >LOG:1710258524,D,MANAGEMENT: CMD 'status'
2024-03-12 15:48:44.863 +00:00 [DBG] CM processsing: OpenVPN STATISTICS
2024-03-12 15:48:44.863 +00:00 [DBG] 🥶 APPEND line
2024-03-12 15:48:44.863 +00:00 [DBG] CM processsing: Updated,Tue Mar 12 15:48:44 2024
2024-03-12 15:48:44.863 +00:00 [DBG] 🥶 APPEND line
2024-03-12 15:48:44.863 +00:00 [DBG] CM processsing: TUN/TAP read bytes,1236
2024-03-12 15:48:44.863 +00:00 [DBG] 🥶 APPEND line
2024-03-12 15:48:44.863 +00:00 [DBG] CM processsing: TUN/TAP write bytes,96
2024-03-12 15:48:44.863 +00:00 [DBG] 🥶 APPEND line
2024-03-12 15:48:44.863 +00:00 [DBG] CM processsing: TCP/UDP read bytes,272213
2024-03-12 15:48:44.863 +00:00 [DBG] 🥶 APPEND line
2024-03-12 15:48:44.863 +00:00 [DBG] CM processsing: TCP/UDP write bytes,273324
2024-03-12 15:48:44.863 +00:00 [DBG] 🥶 APPEND line
2024-03-12 15:48:44.863 +00:00 [DBG] CM processsing: Auth read bytes,107664
2024-03-12 15:48:44.863 +00:00 [DBG] 🥶 APPEND line
2024-03-12 15:48:44.863 +00:00 [DBG] CM processsing: END
2024-03-12 15:48:44.863 +00:00 [DBG] 🥶 END
2024-03-12 15:48:44.863 +00:00 [DBG] OpenVPN STATISTICS
Updated,Tue Mar 12 15:48:44 2024
TUN/TAP read bytes,1236
TUN/TAP write bytes,96
TCP/UDP read bytes,272213
TCP/UDP write bytes,273324
Auth read bytes,107664
2024-03-12 15:48:44.863 +00:00 [DBG] CM processsing: 
2024-03-12 15:48:44.863 +00:00 [DBG] 🥶 APPEND line
2024-03-12 15:48:44.863 +00:00 [INF] Begin receive init again
2024-03-12 15:48:45.364 +00:00 [INF] Received bytes: 231
2024-03-12 15:48:45.364 +00:00 [DBG] Message marshalling complete
2024-03-12 15:48:45.365 +00:00 [DBG] CM received: >LOG:1710258525,D,MANAGEMENT: CMD 'status'
OpenVPN STATISTICS
Updated,Tue Mar 12 15:48:45 2024
TUN/TAP read bytes,1236
TUN/TAP write bytes,96
TCP/UDP read bytes,272253
TCP/UDP write bytes,273364
Auth read bytes,107680
END

2024-03-12 15:48:45.365 +00:00 [DBG] CM processsing: >LOG:1710258525,D,MANAGEMENT: CMD 'status'
2024-03-12 15:48:45.365 +00:00 [DBG] CM processsing: OpenVPN STATISTICS
2024-03-12 15:48:45.365 +00:00 [DBG] 🥶 APPEND line
2024-03-12 15:48:45.365 +00:00 [DBG] CM processsing: Updated,Tue Mar 12 15:48:45 2024
2024-03-12 15:48:45.365 +00:00 [DBG] 🥶 APPEND line
2024-03-12 15:48:45.365 +00:00 [DBG] CM processsing: TUN/TAP read bytes,1236
2024-03-12 15:48:45.365 +00:00 [DBG] 🥶 APPEND line
2024-03-12 15:48:45.365 +00:00 [DBG] CM processsing: TUN/TAP write bytes,96
2024-03-12 15:48:45.366 +00:00 [DBG] 🥶 APPEND line
2024-03-12 15:48:45.366 +00:00 [DBG] CM processsing: TCP/UDP read bytes,272253
2024-03-12 15:48:45.366 +00:00 [DBG] 🥶 APPEND line
2024-03-12 15:48:45.366 +00:00 [DBG] CM processsing: TCP/UDP write bytes,273364
2024-03-12 15:48:45.366 +00:00 [DBG] 🥶 APPEND line
2024-03-12 15:48:45.366 +00:00 [DBG] CM processsing: Auth read bytes,107680
2024-03-12 15:48:45.366 +00:00 [DBG] 🥶 APPEND line
2024-03-12 15:48:45.366 +00:00 [DBG] CM processsing: END
2024-03-12 15:48:45.366 +00:00 [DBG] 🥶 END
2024-03-12 15:48:45.366 +00:00 [DBG] OpenVPN STATISTICS
Updated,Tue Mar 12 15:48:45 2024
TUN/TAP read bytes,1236
TUN/TAP write bytes,96
TCP/UDP read bytes,272253
TCP/UDP write bytes,273364
Auth read bytes,107680
2024-03-12 15:48:45.366 +00:00 [DBG] CM processsing: 
2024-03-12 15:48:45.366 +00:00 [DBG] 🥶 APPEND line
2024-03-12 15:48:45.366 +00:00 [INF] Begin receive init again
2024-03-12 15:48:45.869 +00:00 [INF] Received bytes: 231
2024-03-12 15:48:45.870 +00:00 [DBG] Message marshalling complete
2024-03-12 15:48:45.870 +00:00 [DBG] CM received: >LOG:1710258525,D,MANAGEMENT: CMD 'status'
OpenVPN STATISTICS
Updated,Tue Mar 12 15:48:45 2024
TUN/TAP read bytes,1236
TUN/TAP write bytes,96
TCP/UDP read bytes,272253
TCP/UDP write bytes,273364
Auth read bytes,107680
END

2024-03-12 15:48:45.870 +00:00 [DBG] CM processsing: >LOG:1710258525,D,MANAGEMENT: CMD 'status'
2024-03-12 15:48:45.870 +00:00 [DBG] CM processsing: OpenVPN STATISTICS
2024-03-12 15:48:45.870 +00:00 [DBG] 🥶 APPEND line
2024-03-12 15:48:45.871 +00:00 [DBG] CM processsing: Updated,Tue Mar 12 15:48:45 2024
2024-03-12 15:48:45.871 +00:00 [DBG] 🥶 APPEND line
2024-03-12 15:48:45.871 +00:00 [DBG] CM processsing: TUN/TAP read bytes,1236
2024-03-12 15:48:45.871 +00:00 [DBG] 🥶 APPEND line
2024-03-12 15:48:45.871 +00:00 [DBG] CM processsing: TUN/TAP write bytes,96
2024-03-12 15:48:45.871 +00:00 [DBG] 🥶 APPEND line
2024-03-12 15:48:45.871 +00:00 [DBG] CM processsing: TCP/UDP read bytes,272253
2024-03-12 15:48:45.871 +00:00 [DBG] 🥶 APPEND line
2024-03-12 15:48:45.871 +00:00 [DBG] CM processsing: TCP/UDP write bytes,273364
2024-03-12 15:48:45.871 +00:00 [DBG] 🥶 APPEND line
2024-03-12 15:48:45.871 +00:00 [DBG] CM processsing: Auth read bytes,107680
2024-03-12 15:48:45.871 +00:00 [DBG] 🥶 APPEND line
2024-03-12 15:48:45.871 +00:00 [DBG] CM processsing: END
2024-03-12 15:48:45.871 +00:00 [DBG] 🥶 END
2024-03-12 15:48:45.872 +00:00 [DBG] OpenVPN STATISTICS
Updated,Tue Mar 12 15:48:45 2024
TUN/TAP read bytes,1236
TUN/TAP write bytes,96
TCP/UDP read bytes,272253
TCP/UDP write bytes,273364
Auth read bytes,107680
2024-03-12 15:48:45.872 +00:00 [DBG] CM processsing: 
2024-03-12 15:48:45.872 +00:00 [DBG] 🥶 APPEND line
2024-03-12 15:48:45.872 +00:00 [INF] Begin receive init again
2024-03-12 15:48:46.377 +00:00 [INF] Received bytes: 231
2024-03-12 15:48:46.377 +00:00 [DBG] Message marshalling complete
2024-03-12 15:48:46.378 +00:00 [DBG] CM received: >LOG:1710258526,D,MANAGEMENT: CMD 'status'
OpenVPN STATISTICS
Updated,Tue Mar 12 15:48:46 2024
TUN/TAP read bytes,1236
TUN/TAP write bytes,96
TCP/UDP read bytes,272293
TCP/UDP write bytes,273404
Auth read bytes,107696
END

2024-03-12 15:48:46.378 +00:00 [DBG] CM processsing: >LOG:1710258526,D,MANAGEMENT: CMD 'status'
2024-03-12 15:48:46.378 +00:00 [DBG] CM processsing: OpenVPN STATISTICS
2024-03-12 15:48:46.378 +00:00 [DBG] 🥶 APPEND line
2024-03-12 15:48:46.378 +00:00 [DBG] CM processsing: Updated,Tue Mar 12 15:48:46 2024
2024-03-12 15:48:46.378 +00:00 [DBG] 🥶 APPEND line
2024-03-12 15:48:46.379 +00:00 [DBG] CM processsing: TUN/TAP read bytes,1236
2024-03-12 15:48:46.379 +00:00 [DBG] 🥶 APPEND line
2024-03-12 15:48:46.379 +00:00 [DBG] CM processsing: TUN/TAP write bytes,96
2024-03-12 15:48:46.379 +00:00 [DBG] 🥶 APPEND line
2024-03-12 15:48:46.379 +00:00 [DBG] CM processsing: TCP/UDP read bytes,272293
2024-03-12 15:48:46.379 +00:00 [DBG] 🥶 APPEND line
2024-03-12 15:48:46.379 +00:00 [DBG] CM processsing: TCP/UDP write bytes,273404
2024-03-12 15:48:46.379 +00:00 [DBG] 🥶 APPEND line
2024-03-12 15:48:46.379 +00:00 [DBG] CM processsing: Auth read bytes,107696
2024-03-12 15:48:46.379 +00:00 [DBG] 🥶 APPEND line
2024-03-12 15:48:46.379 +00:00 [DBG] CM processsing: END
2024-03-12 15:48:46.379 +00:00 [DBG] 🥶 END
2024-03-12 15:48:46.379 +00:00 [DBG] OpenVPN STATISTICS
Updated,Tue Mar 12 15:48:46 2024
TUN/TAP read bytes,1236
TUN/TAP write bytes,96
TCP/UDP read bytes,272293
TCP/UDP write bytes,273404
Auth read bytes,107696
2024-03-12 15:48:46.380 +00:00 [DBG] CM processsing: 
2024-03-12 15:48:46.380 +00:00 [DBG] 🥶 APPEND line
2024-03-12 15:48:46.380 +00:00 [INF] Begin receive init again
2024-03-12 15:48:46.900 +00:00 [INF] Received bytes: 231
2024-03-12 15:48:46.900 +00:00 [DBG] Message marshalling complete
2024-03-12 15:48:46.901 +00:00 [DBG] CM received: >LOG:1710258526,D,MANAGEMENT: CMD 'status'
OpenVPN STATISTICS
Updated,Tue Mar 12 15:48:46 2024
TUN/TAP read bytes,1236
TUN/TAP write bytes,96
TCP/UDP read bytes,272293
TCP/UDP write bytes,273404
Auth read bytes,107696
END

2024-03-12 15:48:46.901 +00:00 [DBG] CM processsing: >LOG:1710258526,D,MANAGEMENT: CMD 'status'
2024-03-12 15:48:46.902 +00:00 [DBG] CM processsing: OpenVPN STATISTICS
2024-03-12 15:48:46.902 +00:00 [DBG] 🥶 APPEND line
2024-03-12 15:48:46.902 +00:00 [DBG] CM processsing: Updated,Tue Mar 12 15:48:46 2024
2024-03-12 15:48:46.902 +00:00 [DBG] 🥶 APPEND line
2024-03-12 15:48:46.902 +00:00 [DBG] CM processsing: TUN/TAP read bytes,1236
2024-03-12 15:48:46.902 +00:00 [DBG] 🥶 APPEND line
2024-03-12 15:48:46.902 +00:00 [DBG] CM processsing: TUN/TAP write bytes,96
2024-03-12 15:48:46.902 +00:00 [DBG] 🥶 APPEND line
2024-03-12 15:48:46.903 +00:00 [DBG] CM processsing: TCP/UDP read bytes,272293
2024-03-12 15:48:46.903 +00:00 [DBG] 🥶 APPEND line
2024-03-12 15:48:46.903 +00:00 [DBG] CM processsing: TCP/UDP write bytes,273404
2024-03-12 15:48:46.903 +00:00 [DBG] 🥶 APPEND line
2024-03-12 15:48:46.903 +00:00 [DBG] CM processsing: Auth read bytes,107696
2024-03-12 15:48:46.903 +00:00 [DBG] 🥶 APPEND line
2024-03-12 15:48:46.903 +00:00 [DBG] CM processsing: END
2024-03-12 15:48:46.903 +00:00 [DBG] 🥶 END
2024-03-12 15:48:46.903 +00:00 [DBG] OpenVPN STATISTICS
Updated,Tue Mar 12 15:48:46 2024
TUN/TAP read bytes,1236
TUN/TAP write bytes,96
TCP/UDP read bytes,272293
TCP/UDP write bytes,273404
Auth read bytes,107696
2024-03-12 15:48:46.904 +00:00 [DBG] CM processsing: 
2024-03-12 15:48:46.904 +00:00 [DBG] 🥶 APPEND line
2024-03-12 15:48:46.904 +00:00 [INF] Begin receive init again
2024-03-12 15:48:47.406 +00:00 [INF] Received bytes: 231
2024-03-12 15:48:47.406 +00:00 [DBG] Message marshalling complete
2024-03-12 15:48:47.407 +00:00 [DBG] CM received: >LOG:1710258527,D,MANAGEMENT: CMD 'status'
OpenVPN STATISTICS
Updated,Tue Mar 12 15:48:47 2024
TUN/TAP read bytes,1236
TUN/TAP write bytes,96
TCP/UDP read bytes,272333
TCP/UDP write bytes,273444
Auth read bytes,107712
END

2024-03-12 15:48:47.407 +00:00 [DBG] CM processsing: >LOG:1710258527,D,MANAGEMENT: CMD 'status'
2024-03-12 15:48:47.407 +00:00 [DBG] CM processsing: OpenVPN STATISTICS
2024-03-12 15:48:47.407 +00:00 [DBG] 🥶 APPEND line
2024-03-12 15:48:47.407 +00:00 [DBG] CM processsing: Updated,Tue Mar 12 15:48:47 2024
2024-03-12 15:48:47.407 +00:00 [DBG] 🥶 APPEND line
2024-03-12 15:48:47.407 +00:00 [DBG] CM processsing: TUN/TAP read bytes,1236
2024-03-12 15:48:47.408 +00:00 [DBG] 🥶 APPEND line
2024-03-12 15:48:47.408 +00:00 [DBG] CM processsing: TUN/TAP write bytes,96
2024-03-12 15:48:47.408 +00:00 [DBG] 🥶 APPEND line
2024-03-12 15:48:47.408 +00:00 [DBG] CM processsing: TCP/UDP read bytes,272333
2024-03-12 15:48:47.408 +00:00 [DBG] 🥶 APPEND line
2024-03-12 15:48:47.408 +00:00 [DBG] CM processsing: TCP/UDP write bytes,273444
2024-03-12 15:48:47.408 +00:00 [DBG] 🥶 APPEND line
2024-03-12 15:48:47.408 +00:00 [DBG] CM processsing: Auth read bytes,107712
2024-03-12 15:48:47.408 +00:00 [DBG] 🥶 APPEND line
2024-03-12 15:48:47.408 +00:00 [DBG] CM processsing: END
2024-03-12 15:48:47.408 +00:00 [DBG] 🥶 END
2024-03-12 15:48:47.408 +00:00 [DBG] OpenVPN STATISTICS
Updated,Tue Mar 12 15:48:47 2024
TUN/TAP read bytes,1236
TUN/TAP write bytes,96
TCP/UDP read bytes,272333
TCP/UDP write bytes,273444
Auth read bytes,107712
2024-03-12 15:48:47.409 +00:00 [DBG] CM processsing: 
2024-03-12 15:48:47.409 +00:00 [DBG] 🥶 APPEND line
2024-03-12 15:48:47.409 +00:00 [INF] Begin receive init again
2024-03-12 15:48:47.910 +00:00 [INF] Received bytes: 231
2024-03-12 15:48:47.911 +00:00 [DBG] Message marshalling complete
2024-03-12 15:48:47.912 +00:00 [DBG] CM received: >LOG:1710258527,D,MANAGEMENT: CMD 'status'
OpenVPN STATISTICS
Updated,Tue Mar 12 15:48:47 2024
TUN/TAP read bytes,1236
TUN/TAP write bytes,96
TCP/UDP read bytes,272333
TCP/UDP write bytes,273444
Auth read bytes,107712
END

2024-03-12 15:48:47.913 +00:00 [DBG] CM processsing: >LOG:1710258527,D,MANAGEMENT: CMD 'status'
2024-03-12 15:48:47.913 +00:00 [DBG] CM processsing: OpenVPN STATISTICS
2024-03-12 15:48:47.913 +00:00 [DBG] 🥶 APPEND line
2024-03-12 15:48:47.913 +00:00 [DBG] CM processsing: Updated,Tue Mar 12 15:48:47 2024
2024-03-12 15:48:47.913 +00:00 [DBG] 🥶 APPEND line
2024-03-12 15:48:47.913 +00:00 [DBG] CM processsing: TUN/TAP read bytes,1236
2024-03-12 15:48:47.914 +00:00 [DBG] 🥶 APPEND line
2024-03-12 15:48:47.914 +00:00 [DBG] CM processsing: TUN/TAP write bytes,96
2024-03-12 15:48:47.914 +00:00 [DBG] 🥶 APPEND line
2024-03-12 15:48:47.914 +00:00 [DBG] CM processsing: TCP/UDP read bytes,272333
2024-03-12 15:48:47.914 +00:00 [DBG] 🥶 APPEND line
2024-03-12 15:48:47.914 +00:00 [DBG] CM processsing: TCP/UDP write bytes,273444
2024-03-12 15:48:47.914 +00:00 [DBG] 🥶 APPEND line
2024-03-12 15:48:47.914 +00:00 [DBG] CM processsing: Auth read bytes,107712
2024-03-12 15:48:47.914 +00:00 [DBG] 🥶 APPEND line
2024-03-12 15:48:47.914 +00:00 [DBG] CM processsing: END
2024-03-12 15:48:47.914 +00:00 [DBG] 🥶 END
2024-03-12 15:48:47.914 +00:00 [DBG] OpenVPN STATISTICS
Updated,Tue Mar 12 15:48:47 2024
TUN/TAP read bytes,1236
TUN/TAP write bytes,96
TCP/UDP read bytes,272333
TCP/UDP write bytes,273444
Auth read bytes,107712
2024-03-12 15:48:47.915 +00:00 [DBG] CM processsing: 
2024-03-12 15:48:47.915 +00:00 [DBG] 🥶 APPEND line
2024-03-12 15:48:47.915 +00:00 [INF] Begin receive init again
2024-03-12 15:48:48.415 +00:00 [INF] Received bytes: 231
2024-03-12 15:48:48.415 +00:00 [DBG] Message marshalling complete
2024-03-12 15:48:48.416 +00:00 [DBG] CM received: >LOG:1710258528,D,MANAGEMENT: CMD 'status'
OpenVPN STATISTICS
Updated,Tue Mar 12 15:48:48 2024
TUN/TAP read bytes,1236
TUN/TAP write bytes,96
TCP/UDP read bytes,272333
TCP/UDP write bytes,273444
Auth read bytes,107712
END

2024-03-12 15:48:48.416 +00:00 [DBG] CM processsing: >LOG:1710258528,D,MANAGEMENT: CMD 'status'
2024-03-12 15:48:48.416 +00:00 [DBG] CM processsing: OpenVPN STATISTICS
2024-03-12 15:48:48.416 +00:00 [DBG] 🥶 APPEND line
2024-03-12 15:48:48.416 +00:00 [DBG] CM processsing: Updated,Tue Mar 12 15:48:48 2024
2024-03-12 15:48:48.416 +00:00 [DBG] 🥶 APPEND line
2024-03-12 15:48:48.416 +00:00 [DBG] CM processsing: TUN/TAP read bytes,1236
2024-03-12 15:48:48.416 +00:00 [DBG] 🥶 APPEND line
2024-03-12 15:48:48.416 +00:00 [DBG] CM processsing: TUN/TAP write bytes,96
2024-03-12 15:48:48.416 +00:00 [DBG] 🥶 APPEND line
2024-03-12 15:48:48.416 +00:00 [DBG] CM processsing: TCP/UDP read bytes,272333
2024-03-12 15:48:48.416 +00:00 [DBG] 🥶 APPEND line
2024-03-12 15:48:48.416 +00:00 [DBG] CM processsing: TCP/UDP write bytes,273444
2024-03-12 15:48:48.416 +00:00 [DBG] 🥶 APPEND line
2024-03-12 15:48:48.416 +00:00 [DBG] CM processsing: Auth read bytes,107712
2024-03-12 15:48:48.416 +00:00 [DBG] 🥶 APPEND line
2024-03-12 15:48:48.416 +00:00 [DBG] CM processsing: END
2024-03-12 15:48:48.416 +00:00 [DBG] 🥶 END
2024-03-12 15:48:48.416 +00:00 [DBG] OpenVPN STATISTICS
Updated,Tue Mar 12 15:48:48 2024
TUN/TAP read bytes,1236
TUN/TAP write bytes,96
TCP/UDP read bytes,272333
TCP/UDP write bytes,273444
Auth read bytes,107712
2024-03-12 15:48:48.416 +00:00 [DBG] CM processsing: 
2024-03-12 15:48:48.416 +00:00 [DBG] 🥶 APPEND line
2024-03-12 15:48:48.416 +00:00 [INF] Begin receive init again
2024-03-12 15:48:48.917 +00:00 [INF] Received bytes: 231
2024-03-12 15:48:48.918 +00:00 [DBG] Message marshalling complete
2024-03-12 15:48:48.918 +00:00 [DBG] CM received: >LOG:1710258528,D,MANAGEMENT: CMD 'status'
OpenVPN STATISTICS
Updated,Tue Mar 12 15:48:48 2024
TUN/TAP read bytes,1236
TUN/TAP write bytes,96
TCP/UDP read bytes,272373
TCP/UDP write bytes,273484
Auth read bytes,107728
END

2024-03-12 15:48:48.918 +00:00 [DBG] CM processsing: >LOG:1710258528,D,MANAGEMENT: CMD 'status'
2024-03-12 15:48:48.919 +00:00 [DBG] CM processsing: OpenVPN STATISTICS
2024-03-12 15:48:48.919 +00:00 [DBG] 🥶 APPEND line
2024-03-12 15:48:48.919 +00:00 [DBG] CM processsing: Updated,Tue Mar 12 15:48:48 2024
2024-03-12 15:48:48.919 +00:00 [DBG] 🥶 APPEND line
2024-03-12 15:48:48.919 +00:00 [DBG] CM processsing: TUN/TAP read bytes,1236
2024-03-12 15:48:48.919 +00:00 [DBG] 🥶 APPEND line
2024-03-12 15:48:48.919 +00:00 [DBG] CM processsing: TUN/TAP write bytes,96
2024-03-12 15:48:48.919 +00:00 [DBG] 🥶 APPEND line
2024-03-12 15:48:48.919 +00:00 [DBG] CM processsing: TCP/UDP read bytes,272373
2024-03-12 15:48:48.919 +00:00 [DBG] 🥶 APPEND line
2024-03-12 15:48:48.919 +00:00 [DBG] CM processsing: TCP/UDP write bytes,273484
2024-03-12 15:48:48.919 +00:00 [DBG] 🥶 APPEND line
2024-03-12 15:48:48.919 +00:00 [DBG] CM processsing: Auth read bytes,107728
2024-03-12 15:48:48.920 +00:00 [DBG] 🥶 APPEND line
2024-03-12 15:48:48.920 +00:00 [DBG] CM processsing: END
2024-03-12 15:48:48.920 +00:00 [DBG] 🥶 END
2024-03-12 15:48:48.922 +00:00 [DBG] OpenVPN STATISTICS
Updated,Tue Mar 12 15:48:48 2024
TUN/TAP read bytes,1236
TUN/TAP write bytes,96
TCP/UDP read bytes,272373
TCP/UDP write bytes,273484
Auth read bytes,107728
2024-03-12 15:48:48.923 +00:00 [DBG] CM processsing: 
2024-03-12 15:48:48.923 +00:00 [DBG] 🥶 APPEND line
2024-03-12 15:48:48.923 +00:00 [INF] Begin receive init again
2024-03-12 15:48:49.425 +00:00 [INF] Received bytes: 231
2024-03-12 15:48:49.425 +00:00 [DBG] Message marshalling complete
2024-03-12 15:48:49.426 +00:00 [DBG] CM received: >LOG:1710258529,D,MANAGEMENT: CMD 'status'
OpenVPN STATISTICS
Updated,Tue Mar 12 15:48:49 2024
TUN/TAP read bytes,1236
TUN/TAP write bytes,96
TCP/UDP read bytes,272373
TCP/UDP write bytes,273484
Auth read bytes,107728
END

2024-03-12 15:48:49.426 +00:00 [DBG] CM processsing: >LOG:1710258529,D,MANAGEMENT: CMD 'status'
2024-03-12 15:48:49.427 +00:00 [DBG] CM processsing: OpenVPN STATISTICS
2024-03-12 15:48:49.427 +00:00 [DBG] 🥶 APPEND line
2024-03-12 15:48:49.427 +00:00 [DBG] CM processsing: Updated,Tue Mar 12 15:48:49 2024
2024-03-12 15:48:49.427 +00:00 [DBG] 🥶 APPEND line
2024-03-12 15:48:49.427 +00:00 [DBG] CM processsing: TUN/TAP read bytes,1236
2024-03-12 15:48:49.427 +00:00 [DBG] 🥶 APPEND line
2024-03-12 15:48:49.427 +00:00 [DBG] CM processsing: TUN/TAP write bytes,96
2024-03-12 15:48:49.427 +00:00 [DBG] 🥶 APPEND line
2024-03-12 15:48:49.427 +00:00 [DBG] CM processsing: TCP/UDP read bytes,272373
2024-03-12 15:48:49.427 +00:00 [DBG] 🥶 APPEND line
2024-03-12 15:48:49.427 +00:00 [DBG] CM processsing: TCP/UDP write bytes,273484
2024-03-12 15:48:49.427 +00:00 [DBG] 🥶 APPEND line
2024-03-12 15:48:49.427 +00:00 [DBG] CM processsing: Auth read bytes,107728
2024-03-12 15:48:49.427 +00:00 [DBG] 🥶 APPEND line
2024-03-12 15:48:49.427 +00:00 [DBG] CM processsing: END
2024-03-12 15:48:49.427 +00:00 [DBG] 🥶 END
2024-03-12 15:48:49.428 +00:00 [DBG] OpenVPN STATISTICS
Updated,Tue Mar 12 15:48:49 2024
TUN/TAP read bytes,1236
TUN/TAP write bytes,96
TCP/UDP read bytes,272373
TCP/UDP write bytes,273484
Auth read bytes,107728
2024-03-12 15:48:49.428 +00:00 [DBG] CM processsing: 
2024-03-12 15:48:49.428 +00:00 [DBG] 🥶 APPEND line
2024-03-12 15:48:49.428 +00:00 [INF] Begin receive init again
2024-03-12 15:48:49.939 +00:00 [INF] Received bytes: 231
2024-03-12 15:48:49.940 +00:00 [DBG] Message marshalling complete
2024-03-12 15:48:49.940 +00:00 [DBG] CM received: >LOG:1710258529,D,MANAGEMENT: CMD 'status'
OpenVPN STATISTICS
Updated,Tue Mar 12 15:48:49 2024
TUN/TAP read bytes,1236
TUN/TAP write bytes,96
TCP/UDP read bytes,272413
TCP/UDP write bytes,273524
Auth read bytes,107744
END

2024-03-12 15:48:49.940 +00:00 [DBG] CM processsing: >LOG:1710258529,D,MANAGEMENT: CMD 'status'
2024-03-12 15:48:49.940 +00:00 [DBG] CM processsing: OpenVPN STATISTICS
2024-03-12 15:48:49.940 +00:00 [DBG] 🥶 APPEND line
2024-03-12 15:48:49.940 +00:00 [DBG] CM processsing: Updated,Tue Mar 12 15:48:49 2024
2024-03-12 15:48:49.940 +00:00 [DBG] 🥶 APPEND line
2024-03-12 15:48:49.940 +00:00 [DBG] CM processsing: TUN/TAP read bytes,1236
2024-03-12 15:48:49.940 +00:00 [DBG] 🥶 APPEND line
2024-03-12 15:48:49.940 +00:00 [DBG] CM processsing: TUN/TAP write bytes,96
2024-03-12 15:48:49.940 +00:00 [DBG] 🥶 APPEND line
2024-03-12 15:48:49.940 +00:00 [DBG] CM processsing: TCP/UDP read bytes,272413
2024-03-12 15:48:49.940 +00:00 [DBG] 🥶 APPEND line
2024-03-12 15:48:49.940 +00:00 [DBG] CM processsing: TCP/UDP write bytes,273524
2024-03-12 15:48:49.940 +00:00 [DBG] 🥶 APPEND line
2024-03-12 15:48:49.940 +00:00 [DBG] CM processsing: Auth read bytes,107744
2024-03-12 15:48:49.940 +00:00 [DBG] 🥶 APPEND line
2024-03-12 15:48:49.940 +00:00 [DBG] CM processsing: END
2024-03-12 15:48:49.940 +00:00 [DBG] 🥶 END
2024-03-12 15:48:49.941 +00:00 [DBG] OpenVPN STATISTICS
Updated,Tue Mar 12 15:48:49 2024
TUN/TAP read bytes,1236
TUN/TAP write bytes,96
TCP/UDP read bytes,272413
TCP/UDP write bytes,273524
Auth read bytes,107744
2024-03-12 15:48:49.941 +00:00 [DBG] CM processsing: 
2024-03-12 15:48:49.941 +00:00 [DBG] 🥶 APPEND line
2024-03-12 15:48:49.941 +00:00 [INF] Begin receive init again
2024-03-12 15:48:50.448 +00:00 [INF] Received bytes: 231
2024-03-12 15:48:50.449 +00:00 [DBG] Message marshalling complete
2024-03-12 15:48:50.450 +00:00 [DBG] CM received: >LOG:1710258530,D,MANAGEMENT: CMD 'status'
OpenVPN STATISTICS
Updated,Tue Mar 12 15:48:50 2024
TUN/TAP read bytes,1236
TUN/TAP write bytes,96
TCP/UDP read bytes,272413
TCP/UDP write bytes,273524
Auth read bytes,107744
END

2024-03-12 15:48:50.450 +00:00 [DBG] CM processsing: >LOG:1710258530,D,MANAGEMENT: CMD 'status'
2024-03-12 15:48:50.451 +00:00 [DBG] CM processsing: OpenVPN STATISTICS
2024-03-12 15:48:50.451 +00:00 [DBG] 🥶 APPEND line
2024-03-12 15:48:50.451 +00:00 [DBG] CM processsing: Updated,Tue Mar 12 15:48:50 2024
2024-03-12 15:48:50.451 +00:00 [DBG] 🥶 APPEND line
2024-03-12 15:48:50.451 +00:00 [DBG] CM processsing: TUN/TAP read bytes,1236
2024-03-12 15:48:50.451 +00:00 [DBG] 🥶 APPEND line
2024-03-12 15:48:50.451 +00:00 [DBG] CM processsing: TUN/TAP write bytes,96
2024-03-12 15:48:50.452 +00:00 [DBG] 🥶 APPEND line
2024-03-12 15:48:50.452 +00:00 [DBG] CM processsing: TCP/UDP read bytes,272413
2024-03-12 15:48:50.452 +00:00 [DBG] 🥶 APPEND line
2024-03-12 15:48:50.452 +00:00 [DBG] CM processsing: TCP/UDP write bytes,273524
2024-03-12 15:48:50.452 +00:00 [DBG] 🥶 APPEND line
2024-03-12 15:48:50.452 +00:00 [DBG] CM processsing: Auth read bytes,107744
2024-03-12 15:48:50.453 +00:00 [DBG] 🥶 APPEND line
2024-03-12 15:48:50.453 +00:00 [DBG] CM processsing: END
2024-03-12 15:48:50.453 +00:00 [DBG] 🥶 END
2024-03-12 15:48:50.453 +00:00 [DBG] OpenVPN STATISTICS
Updated,Tue Mar 12 15:48:50 2024
TUN/TAP read bytes,1236
TUN/TAP write bytes,96
TCP/UDP read bytes,272413
TCP/UDP write bytes,273524
Auth read bytes,107744
2024-03-12 15:48:50.455 +00:00 [DBG] CM processsing: 
2024-03-12 15:48:50.455 +00:00 [DBG] 🥶 APPEND line
2024-03-12 15:48:50.456 +00:00 [INF] Begin receive init again
2024-03-12 15:48:50.956 +00:00 [INF] Received bytes: 231
2024-03-12 15:48:50.957 +00:00 [DBG] Message marshalling complete
2024-03-12 15:48:50.957 +00:00 [DBG] CM received: >LOG:1710258530,D,MANAGEMENT: CMD 'status'
OpenVPN STATISTICS
Updated,Tue Mar 12 15:48:50 2024
TUN/TAP read bytes,1236
TUN/TAP write bytes,96
TCP/UDP read bytes,272453
TCP/UDP write bytes,273564
Auth read bytes,107760
END

2024-03-12 15:48:50.957 +00:00 [DBG] CM processsing: >LOG:1710258530,D,MANAGEMENT: CMD 'status'
2024-03-12 15:48:50.957 +00:00 [DBG] CM processsing: OpenVPN STATISTICS
2024-03-12 15:48:50.957 +00:00 [DBG] 🥶 APPEND line
2024-03-12 15:48:50.957 +00:00 [DBG] CM processsing: Updated,Tue Mar 12 15:48:50 2024
2024-03-12 15:48:50.957 +00:00 [DBG] 🥶 APPEND line
2024-03-12 15:48:50.958 +00:00 [DBG] CM processsing: TUN/TAP read bytes,1236
2024-03-12 15:48:50.958 +00:00 [DBG] 🥶 APPEND line
2024-03-12 15:48:50.958 +00:00 [DBG] CM processsing: TUN/TAP write bytes,96
2024-03-12 15:48:50.958 +00:00 [DBG] 🥶 APPEND line
2024-03-12 15:48:50.958 +00:00 [DBG] CM processsing: TCP/UDP read bytes,272453
2024-03-12 15:48:50.958 +00:00 [DBG] 🥶 APPEND line
2024-03-12 15:48:50.958 +00:00 [DBG] CM processsing: TCP/UDP write bytes,273564
2024-03-12 15:48:50.958 +00:00 [DBG] 🥶 APPEND line
2024-03-12 15:48:50.958 +00:00 [DBG] CM processsing: Auth read bytes,107760
2024-03-12 15:48:50.958 +00:00 [DBG] 🥶 APPEND line
2024-03-12 15:48:50.958 +00:00 [DBG] CM processsing: END
2024-03-12 15:48:50.958 +00:00 [DBG] 🥶 END
2024-03-12 15:48:50.958 +00:00 [DBG] OpenVPN STATISTICS
Updated,Tue Mar 12 15:48:50 2024
TUN/TAP read bytes,1236
TUN/TAP write bytes,96
TCP/UDP read bytes,272453
TCP/UDP write bytes,273564
Auth read bytes,107760
2024-03-12 15:48:50.961 +00:00 [DBG] CM processsing: 
2024-03-12 15:48:50.962 +00:00 [DBG] 🥶 APPEND line
2024-03-12 15:48:50.962 +00:00 [INF] Begin receive init again
2024-03-12 15:48:51.466 +00:00 [INF] Received bytes: 231
2024-03-12 15:48:51.466 +00:00 [DBG] Message marshalling complete
2024-03-12 15:48:51.467 +00:00 [DBG] CM received: >LOG:1710258531,D,MANAGEMENT: CMD 'status'
OpenVPN STATISTICS
Updated,Tue Mar 12 15:48:51 2024
TUN/TAP read bytes,1236
TUN/TAP write bytes,96
TCP/UDP read bytes,272453
TCP/UDP write bytes,273564
Auth read bytes,107760
END

2024-03-12 15:48:51.467 +00:00 [DBG] CM processsing: >LOG:1710258531,D,MANAGEMENT: CMD 'status'
2024-03-12 15:48:51.467 +00:00 [DBG] CM processsing: OpenVPN STATISTICS
2024-03-12 15:48:51.467 +00:00 [DBG] 🥶 APPEND line
2024-03-12 15:48:51.467 +00:00 [DBG] CM processsing: Updated,Tue Mar 12 15:48:51 2024
2024-03-12 15:48:51.467 +00:00 [DBG] 🥶 APPEND line
2024-03-12 15:48:51.467 +00:00 [DBG] CM processsing: TUN/TAP read bytes,1236
2024-03-12 15:48:51.467 +00:00 [DBG] 🥶 APPEND line
2024-03-12 15:48:51.467 +00:00 [DBG] CM processsing: TUN/TAP write bytes,96
2024-03-12 15:48:51.468 +00:00 [DBG] 🥶 APPEND line
2024-03-12 15:48:51.468 +00:00 [DBG] CM processsing: TCP/UDP read bytes,272453
2024-03-12 15:48:51.468 +00:00 [DBG] 🥶 APPEND line
2024-03-12 15:48:51.468 +00:00 [DBG] CM processsing: TCP/UDP write bytes,273564
2024-03-12 15:48:51.468 +00:00 [DBG] 🥶 APPEND line
2024-03-12 15:48:51.468 +00:00 [DBG] CM processsing: Auth read bytes,107760
2024-03-12 15:48:51.468 +00:00 [DBG] 🥶 APPEND line
2024-03-12 15:48:51.468 +00:00 [DBG] CM processsing: END
2024-03-12 15:48:51.468 +00:00 [DBG] 🥶 END
2024-03-12 15:48:51.468 +00:00 [DBG] OpenVPN STATISTICS
Updated,Tue Mar 12 15:48:51 2024
TUN/TAP read bytes,1236
TUN/TAP write bytes,96
TCP/UDP read bytes,272453
TCP/UDP write bytes,273564
Auth read bytes,107760
2024-03-12 15:48:51.469 +00:00 [DBG] CM processsing: 
2024-03-12 15:48:51.469 +00:00 [DBG] 🥶 APPEND line
2024-03-12 15:48:51.469 +00:00 [INF] Begin receive init again
2024-03-12 15:48:51.972 +00:00 [INF] Received bytes: 231
2024-03-12 15:48:51.973 +00:00 [DBG] Message marshalling complete
2024-03-12 15:48:51.974 +00:00 [DBG] CM received: >LOG:1710258531,D,MANAGEMENT: CMD 'status'
OpenVPN STATISTICS
Updated,Tue Mar 12 15:48:51 2024
TUN/TAP read bytes,1236
TUN/TAP write bytes,96
TCP/UDP read bytes,272493
TCP/UDP write bytes,273604
Auth read bytes,107776
END

2024-03-12 15:48:51.974 +00:00 [DBG] CM processsing: >LOG:1710258531,D,MANAGEMENT: CMD 'status'
2024-03-12 15:48:51.974 +00:00 [DBG] CM processsing: OpenVPN STATISTICS
2024-03-12 15:48:51.974 +00:00 [DBG] 🥶 APPEND line
2024-03-12 15:48:51.974 +00:00 [DBG] CM processsing: Updated,Tue Mar 12 15:48:51 2024
2024-03-12 15:48:51.974 +00:00 [DBG] 🥶 APPEND line
2024-03-12 15:48:51.974 +00:00 [DBG] CM processsing: TUN/TAP read bytes,1236
2024-03-12 15:48:51.974 +00:00 [DBG] 🥶 APPEND line
2024-03-12 15:48:51.974 +00:00 [DBG] CM processsing: TUN/TAP write bytes,96
2024-03-12 15:48:51.974 +00:00 [DBG] 🥶 APPEND line
2024-03-12 15:48:51.975 +00:00 [DBG] CM processsing: TCP/UDP read bytes,272493
2024-03-12 15:48:51.975 +00:00 [DBG] 🥶 APPEND line
2024-03-12 15:48:51.975 +00:00 [DBG] CM processsing: TCP/UDP write bytes,273604
2024-03-12 15:48:51.975 +00:00 [DBG] 🥶 APPEND line
2024-03-12 15:48:51.975 +00:00 [DBG] CM processsing: Auth read bytes,107776
2024-03-12 15:48:51.975 +00:00 [DBG] 🥶 APPEND line
2024-03-12 15:48:51.975 +00:00 [DBG] CM processsing: END
2024-03-12 15:48:51.975 +00:00 [DBG] 🥶 END
2024-03-12 15:48:51.975 +00:00 [DBG] OpenVPN STATISTICS
Updated,Tue Mar 12 15:48:51 2024
TUN/TAP read bytes,1236
TUN/TAP write bytes,96
TCP/UDP read bytes,272493
TCP/UDP write bytes,273604
Auth read bytes,107776
2024-03-12 15:48:51.976 +00:00 [DBG] CM processsing: 
2024-03-12 15:48:51.976 +00:00 [DBG] 🥶 APPEND line
2024-03-12 15:48:51.976 +00:00 [INF] Begin receive init again
2024-03-12 15:48:52.477 +00:00 [INF] Received bytes: 231
2024-03-12 15:48:52.477 +00:00 [DBG] Message marshalling complete
2024-03-12 15:48:52.478 +00:00 [DBG] CM received: >LOG:1710258532,D,MANAGEMENT: CMD 'status'
OpenVPN STATISTICS
Updated,Tue Mar 12 15:48:52 2024
TUN/TAP read bytes,1236
TUN/TAP write bytes,96
TCP/UDP read bytes,272493
TCP/UDP write bytes,273604
Auth read bytes,107776
END

2024-03-12 15:48:52.479 +00:00 [DBG] CM processsing: >LOG:1710258532,D,MANAGEMENT: CMD 'status'
2024-03-12 15:48:52.479 +00:00 [DBG] CM processsing: OpenVPN STATISTICS
2024-03-12 15:48:52.479 +00:00 [DBG] 🥶 APPEND line
2024-03-12 15:48:52.479 +00:00 [DBG] CM processsing: Updated,Tue Mar 12 15:48:52 2024
2024-03-12 15:48:52.479 +00:00 [DBG] 🥶 APPEND line
2024-03-12 15:48:52.479 +00:00 [DBG] CM processsing: TUN/TAP read bytes,1236
2024-03-12 15:48:52.479 +00:00 [DBG] 🥶 APPEND line
2024-03-12 15:48:52.479 +00:00 [DBG] CM processsing: TUN/TAP write bytes,96
2024-03-12 15:48:52.479 +00:00 [DBG] 🥶 APPEND line
2024-03-12 15:48:52.480 +00:00 [DBG] CM processsing: TCP/UDP read bytes,272493
2024-03-12 15:48:52.480 +00:00 [DBG] 🥶 APPEND line
2024-03-12 15:48:52.480 +00:00 [DBG] CM processsing: TCP/UDP write bytes,273604
2024-03-12 15:48:52.480 +00:00 [DBG] 🥶 APPEND line
2024-03-12 15:48:52.480 +00:00 [DBG] CM processsing: Auth read bytes,107776
2024-03-12 15:48:52.480 +00:00 [DBG] 🥶 APPEND line
2024-03-12 15:48:52.480 +00:00 [DBG] CM processsing: END
2024-03-12 15:48:52.480 +00:00 [DBG] 🥶 END
2024-03-12 15:48:52.480 +00:00 [DBG] OpenVPN STATISTICS
Updated,Tue Mar 12 15:48:52 2024
TUN/TAP read bytes,1236
TUN/TAP write bytes,96
TCP/UDP read bytes,272493
TCP/UDP write bytes,273604
Auth read bytes,107776
2024-03-12 15:48:52.480 +00:00 [DBG] CM processsing: 
2024-03-12 15:48:52.481 +00:00 [DBG] 🥶 APPEND line
2024-03-12 15:48:52.481 +00:00 [INF] Begin receive init again
2024-03-12 15:48:52.982 +00:00 [INF] Received bytes: 231
2024-03-12 15:48:52.982 +00:00 [DBG] Message marshalling complete
2024-03-12 15:48:52.982 +00:00 [DBG] CM received: >LOG:1710258532,D,MANAGEMENT: CMD 'status'
OpenVPN STATISTICS
Updated,Tue Mar 12 15:48:52 2024
TUN/TAP read bytes,1236
TUN/TAP write bytes,96
TCP/UDP read bytes,272533
TCP/UDP write bytes,273644
Auth read bytes,107792
END

2024-03-12 15:48:52.982 +00:00 [DBG] CM processsing: >LOG:1710258532,D,MANAGEMENT: CMD 'status'
2024-03-12 15:48:52.982 +00:00 [DBG] CM processsing: OpenVPN STATISTICS
2024-03-12 15:48:52.982 +00:00 [DBG] 🥶 APPEND line
2024-03-12 15:48:52.982 +00:00 [DBG] CM processsing: Updated,Tue Mar 12 15:48:52 2024
2024-03-12 15:48:52.982 +00:00 [DBG] 🥶 APPEND line
2024-03-12 15:48:52.982 +00:00 [DBG] CM processsing: TUN/TAP read bytes,1236
2024-03-12 15:48:52.982 +00:00 [DBG] 🥶 APPEND line
2024-03-12 15:48:52.982 +00:00 [DBG] CM processsing: TUN/TAP write bytes,96
2024-03-12 15:48:52.982 +00:00 [DBG] 🥶 APPEND line
2024-03-12 15:48:52.982 +00:00 [DBG] CM processsing: TCP/UDP read bytes,272533
2024-03-12 15:48:52.982 +00:00 [DBG] 🥶 APPEND line
2024-03-12 15:48:52.982 +00:00 [DBG] CM processsing: TCP/UDP write bytes,273644
2024-03-12 15:48:52.982 +00:00 [DBG] 🥶 APPEND line
2024-03-12 15:48:52.982 +00:00 [DBG] CM processsing: Auth read bytes,107792
2024-03-12 15:48:52.982 +00:00 [DBG] 🥶 APPEND line
2024-03-12 15:48:52.982 +00:00 [DBG] CM processsing: END
2024-03-12 15:48:52.982 +00:00 [DBG] 🥶 END
2024-03-12 15:48:52.983 +00:00 [DBG] OpenVPN STATISTICS
Updated,Tue Mar 12 15:48:52 2024
TUN/TAP read bytes,1236
TUN/TAP write bytes,96
TCP/UDP read bytes,272533
TCP/UDP write bytes,273644
Auth read bytes,107792
2024-03-12 15:48:52.983 +00:00 [DBG] CM processsing: 
2024-03-12 15:48:52.983 +00:00 [DBG] 🥶 APPEND line
2024-03-12 15:48:52.983 +00:00 [INF] Begin receive init again
2024-03-12 15:48:53.484 +00:00 [INF] Received bytes: 231
2024-03-12 15:48:53.484 +00:00 [DBG] Message marshalling complete
2024-03-12 15:48:53.484 +00:00 [DBG] CM received: >LOG:1710258533,D,MANAGEMENT: CMD 'status'
OpenVPN STATISTICS
Updated,Tue Mar 12 15:48:53 2024
TUN/TAP read bytes,1236
TUN/TAP write bytes,96
TCP/UDP read bytes,272533
TCP/UDP write bytes,273644
Auth read bytes,107792
END

2024-03-12 15:48:53.484 +00:00 [DBG] CM processsing: >LOG:1710258533,D,MANAGEMENT: CMD 'status'
2024-03-12 15:48:53.484 +00:00 [DBG] CM processsing: OpenVPN STATISTICS
2024-03-12 15:48:53.484 +00:00 [DBG] 🥶 APPEND line
2024-03-12 15:48:53.484 +00:00 [DBG] CM processsing: Updated,Tue Mar 12 15:48:53 2024
2024-03-12 15:48:53.484 +00:00 [DBG] 🥶 APPEND line
2024-03-12 15:48:53.484 +00:00 [DBG] CM processsing: TUN/TAP read bytes,1236
2024-03-12 15:48:53.484 +00:00 [DBG] 🥶 APPEND line
2024-03-12 15:48:53.484 +00:00 [DBG] CM processsing: TUN/TAP write bytes,96
2024-03-12 15:48:53.485 +00:00 [DBG] 🥶 APPEND line
2024-03-12 15:48:53.485 +00:00 [DBG] CM processsing: TCP/UDP read bytes,272533
2024-03-12 15:48:53.485 +00:00 [DBG] 🥶 APPEND line
2024-03-12 15:48:53.485 +00:00 [DBG] CM processsing: TCP/UDP write bytes,273644
2024-03-12 15:48:53.485 +00:00 [DBG] 🥶 APPEND line
2024-03-12 15:48:53.485 +00:00 [DBG] CM processsing: Auth read bytes,107792
2024-03-12 15:48:53.485 +00:00 [DBG] 🥶 APPEND line
2024-03-12 15:48:53.485 +00:00 [DBG] CM processsing: END
2024-03-12 15:48:53.485 +00:00 [DBG] 🥶 END
2024-03-12 15:48:53.485 +00:00 [DBG] OpenVPN STATISTICS
Updated,Tue Mar 12 15:48:53 2024
TUN/TAP read bytes,1236
TUN/TAP write bytes,96
TCP/UDP read bytes,272533
TCP/UDP write bytes,273644
Auth read bytes,107792
2024-03-12 15:48:53.485 +00:00 [DBG] CM processsing: 
2024-03-12 15:48:53.485 +00:00 [DBG] 🥶 APPEND line
2024-03-12 15:48:53.485 +00:00 [INF] Begin receive init again
2024-03-12 15:48:53.986 +00:00 [INF] Received bytes: 231
2024-03-12 15:48:53.987 +00:00 [DBG] Message marshalling complete
2024-03-12 15:48:53.987 +00:00 [DBG] CM received: >LOG:1710258533,D,MANAGEMENT: CMD 'status'
OpenVPN STATISTICS
Updated,Tue Mar 12 15:48:53 2024
TUN/TAP read bytes,1236
TUN/TAP write bytes,96
TCP/UDP read bytes,272573
TCP/UDP write bytes,273684
Auth read bytes,107808
END

2024-03-12 15:48:53.987 +00:00 [DBG] CM processsing: >LOG:1710258533,D,MANAGEMENT: CMD 'status'
2024-03-12 15:48:53.988 +00:00 [DBG] CM processsing: OpenVPN STATISTICS
2024-03-12 15:48:53.988 +00:00 [DBG] 🥶 APPEND line
2024-03-12 15:48:53.988 +00:00 [DBG] CM processsing: Updated,Tue Mar 12 15:48:53 2024
2024-03-12 15:48:53.988 +00:00 [DBG] 🥶 APPEND line
2024-03-12 15:48:53.988 +00:00 [DBG] CM processsing: TUN/TAP read bytes,1236
2024-03-12 15:48:53.988 +00:00 [DBG] 🥶 APPEND line
2024-03-12 15:48:53.988 +00:00 [DBG] CM processsing: TUN/TAP write bytes,96
2024-03-12 15:48:53.988 +00:00 [DBG] 🥶 APPEND line
2024-03-12 15:48:53.989 +00:00 [DBG] CM processsing: TCP/UDP read bytes,272573
2024-03-12 15:48:53.989 +00:00 [DBG] 🥶 APPEND line
2024-03-12 15:48:53.989 +00:00 [DBG] CM processsing: TCP/UDP write bytes,273684
2024-03-12 15:48:53.989 +00:00 [DBG] 🥶 APPEND line
2024-03-12 15:48:53.989 +00:00 [DBG] CM processsing: Auth read bytes,107808
2024-03-12 15:48:53.989 +00:00 [DBG] 🥶 APPEND line
2024-03-12 15:48:53.989 +00:00 [DBG] CM processsing: END
2024-03-12 15:48:53.989 +00:00 [DBG] 🥶 END
2024-03-12 15:48:54.059 +00:00 [DBG] OpenVPN STATISTICS
Updated,Tue Mar 12 15:48:53 2024
TUN/TAP read bytes,1236
TUN/TAP write bytes,96
TCP/UDP read bytes,272573
TCP/UDP write bytes,273684
Auth read bytes,107808
2024-03-12 15:48:54.060 +00:00 [DBG] CM processsing: 
2024-03-12 15:48:54.060 +00:00 [DBG] 🥶 APPEND line
2024-03-12 15:48:54.060 +00:00 [INF] Begin receive init again
2024-03-12 15:48:54.564 +00:00 [INF] Received bytes: 231
2024-03-12 15:48:54.566 +00:00 [DBG] Message marshalling complete
2024-03-12 15:48:54.566 +00:00 [DBG] CM received: >LOG:1710258534,D,MANAGEMENT: CMD 'status'
OpenVPN STATISTICS
Updated,Tue Mar 12 15:48:54 2024
TUN/TAP read bytes,1236
TUN/TAP write bytes,96
TCP/UDP read bytes,272573
TCP/UDP write bytes,273684
Auth read bytes,107808
END

2024-03-12 15:48:54.567 +00:00 [DBG] CM processsing: >LOG:1710258534,D,MANAGEMENT: CMD 'status'
2024-03-12 15:48:54.567 +00:00 [DBG] CM processsing: OpenVPN STATISTICS
2024-03-12 15:48:54.567 +00:00 [DBG] 🥶 APPEND line
2024-03-12 15:48:54.567 +00:00 [DBG] CM processsing: Updated,Tue Mar 12 15:48:54 2024
2024-03-12 15:48:54.567 +00:00 [DBG] 🥶 APPEND line
2024-03-12 15:48:54.567 +00:00 [DBG] CM processsing: TUN/TAP read bytes,1236
2024-03-12 15:48:54.567 +00:00 [DBG] 🥶 APPEND line
2024-03-12 15:48:54.567 +00:00 [DBG] CM processsing: TUN/TAP write bytes,96
2024-03-12 15:48:54.567 +00:00 [DBG] 🥶 APPEND line
2024-03-12 15:48:54.567 +00:00 [DBG] CM processsing: TCP/UDP read bytes,272573
2024-03-12 15:48:54.567 +00:00 [DBG] 🥶 APPEND line
2024-03-12 15:48:54.568 +00:00 [DBG] CM processsing: TCP/UDP write bytes,273684
2024-03-12 15:48:54.568 +00:00 [DBG] 🥶 APPEND line
2024-03-12 15:48:54.568 +00:00 [DBG] CM processsing: Auth read bytes,107808
2024-03-12 15:48:54.568 +00:00 [DBG] 🥶 APPEND line
2024-03-12 15:48:54.568 +00:00 [DBG] CM processsing: END
2024-03-12 15:48:54.568 +00:00 [DBG] 🥶 END
2024-03-12 15:48:54.568 +00:00 [DBG] OpenVPN STATISTICS
Updated,Tue Mar 12 15:48:54 2024
TUN/TAP read bytes,1236
TUN/TAP write bytes,96
TCP/UDP read bytes,272573
TCP/UDP write bytes,273684
Auth read bytes,107808
2024-03-12 15:48:54.572 +00:00 [DBG] CM processsing: 
2024-03-12 15:48:54.572 +00:00 [DBG] 🥶 APPEND line
2024-03-12 15:48:54.572 +00:00 [INF] Begin receive init again
2024-03-12 15:48:55.074 +00:00 [INF] Received bytes: 231
2024-03-12 15:48:55.075 +00:00 [DBG] Message marshalling complete
2024-03-12 15:48:55.076 +00:00 [DBG] CM received: >LOG:1710258535,D,MANAGEMENT: CMD 'status'
OpenVPN STATISTICS
Updated,Tue Mar 12 15:48:55 2024
TUN/TAP read bytes,1236
TUN/TAP write bytes,96
TCP/UDP read bytes,272613
TCP/UDP write bytes,273724
Auth read bytes,107824
END

2024-03-12 15:48:55.077 +00:00 [DBG] CM processsing: >LOG:1710258535,D,MANAGEMENT: CMD 'status'
2024-03-12 15:48:55.077 +00:00 [DBG] CM processsing: OpenVPN STATISTICS
2024-03-12 15:48:55.077 +00:00 [DBG] 🥶 APPEND line
2024-03-12 15:48:55.077 +00:00 [DBG] CM processsing: Updated,Tue Mar 12 15:48:55 2024
2024-03-12 15:48:55.077 +00:00 [DBG] 🥶 APPEND line
2024-03-12 15:48:55.077 +00:00 [DBG] CM processsing: TUN/TAP read bytes,1236
2024-03-12 15:48:55.077 +00:00 [DBG] 🥶 APPEND line
2024-03-12 15:48:55.077 +00:00 [DBG] CM processsing: TUN/TAP write bytes,96
2024-03-12 15:48:55.077 +00:00 [DBG] 🥶 APPEND line
2024-03-12 15:48:55.077 +00:00 [DBG] CM processsing: TCP/UDP read bytes,272613
2024-03-12 15:48:55.077 +00:00 [DBG] 🥶 APPEND line
2024-03-12 15:48:55.077 +00:00 [DBG] CM processsing: TCP/UDP write bytes,273724
2024-03-12 15:48:55.077 +00:00 [DBG] 🥶 APPEND line
2024-03-12 15:48:55.078 +00:00 [DBG] CM processsing: Auth read bytes,107824
2024-03-12 15:48:55.078 +00:00 [DBG] 🥶 APPEND line
2024-03-12 15:48:55.078 +00:00 [DBG] CM processsing: END
2024-03-12 15:48:55.078 +00:00 [DBG] 🥶 END
2024-03-12 15:48:55.078 +00:00 [DBG] OpenVPN STATISTICS
Updated,Tue Mar 12 15:48:55 2024
TUN/TAP read bytes,1236
TUN/TAP write bytes,96
TCP/UDP read bytes,272613
TCP/UDP write bytes,273724
Auth read bytes,107824
2024-03-12 15:48:55.079 +00:00 [DBG] CM processsing: 
2024-03-12 15:48:55.079 +00:00 [DBG] 🥶 APPEND line
2024-03-12 15:48:55.079 +00:00 [INF] Begin receive init again
2024-03-12 15:48:55.582 +00:00 [INF] Received bytes: 231
2024-03-12 15:48:55.583 +00:00 [DBG] Message marshalling complete
2024-03-12 15:48:55.584 +00:00 [DBG] CM received: >LOG:1710258535,D,MANAGEMENT: CMD 'status'
OpenVPN STATISTICS
Updated,Tue Mar 12 15:48:55 2024
TUN/TAP read bytes,1236
TUN/TAP write bytes,96
TCP/UDP read bytes,272653
TCP/UDP write bytes,273764
Auth read bytes,107840
END

2024-03-12 15:48:55.584 +00:00 [DBG] CM processsing: >LOG:1710258535,D,MANAGEMENT: CMD 'status'
2024-03-12 15:48:55.584 +00:00 [DBG] CM processsing: OpenVPN STATISTICS
2024-03-12 15:48:55.584 +00:00 [DBG] 🥶 APPEND line
2024-03-12 15:48:55.585 +00:00 [DBG] CM processsing: Updated,Tue Mar 12 15:48:55 2024
2024-03-12 15:48:55.585 +00:00 [DBG] 🥶 APPEND line
2024-03-12 15:48:55.585 +00:00 [DBG] CM processsing: TUN/TAP read bytes,1236
2024-03-12 15:48:55.585 +00:00 [DBG] 🥶 APPEND line
2024-03-12 15:48:55.585 +00:00 [DBG] CM processsing: TUN/TAP write bytes,96
2024-03-12 15:48:55.585 +00:00 [DBG] 🥶 APPEND line
2024-03-12 15:48:55.585 +00:00 [DBG] CM processsing: TCP/UDP read bytes,272653
2024-03-12 15:48:55.585 +00:00 [DBG] 🥶 APPEND line
2024-03-12 15:48:55.585 +00:00 [DBG] CM processsing: TCP/UDP write bytes,273764
2024-03-12 15:48:55.585 +00:00 [DBG] 🥶 APPEND line
2024-03-12 15:48:55.585 +00:00 [DBG] CM processsing: Auth read bytes,107840
2024-03-12 15:48:55.585 +00:00 [DBG] 🥶 APPEND line
2024-03-12 15:48:55.585 +00:00 [DBG] CM processsing: END
2024-03-12 15:48:55.585 +00:00 [DBG] 🥶 END
2024-03-12 15:48:55.586 +00:00 [DBG] OpenVPN STATISTICS
Updated,Tue Mar 12 15:48:55 2024
TUN/TAP read bytes,1236
TUN/TAP write bytes,96
TCP/UDP read bytes,272653
TCP/UDP write bytes,273764
Auth read bytes,107840
2024-03-12 15:48:55.591 +00:00 [DBG] CM processsing: 
2024-03-12 15:48:55.592 +00:00 [DBG] 🥶 APPEND line
2024-03-12 15:48:55.592 +00:00 [INF] Begin receive init again
2024-03-12 15:48:56.093 +00:00 [INF] Received bytes: 231
2024-03-12 15:48:56.094 +00:00 [DBG] Message marshalling complete
2024-03-12 15:48:56.095 +00:00 [DBG] CM received: >LOG:1710258536,D,MANAGEMENT: CMD 'status'
OpenVPN STATISTICS
Updated,Tue Mar 12 15:48:56 2024
TUN/TAP read bytes,1236
TUN/TAP write bytes,96
TCP/UDP read bytes,272653
TCP/UDP write bytes,273764
Auth read bytes,107840
END

2024-03-12 15:48:56.095 +00:00 [DBG] CM processsing: >LOG:1710258536,D,MANAGEMENT: CMD 'status'
2024-03-12 15:48:56.096 +00:00 [DBG] CM processsing: OpenVPN STATISTICS
2024-03-12 15:48:56.097 +00:00 [DBG] 🥶 APPEND line
2024-03-12 15:48:56.097 +00:00 [DBG] CM processsing: Updated,Tue Mar 12 15:48:56 2024
2024-03-12 15:48:56.098 +00:00 [DBG] 🥶 APPEND line
2024-03-12 15:48:56.098 +00:00 [DBG] CM processsing: TUN/TAP read bytes,1236
2024-03-12 15:48:56.098 +00:00 [DBG] 🥶 APPEND line
2024-03-12 15:48:56.098 +00:00 [DBG] CM processsing: TUN/TAP write bytes,96
2024-03-12 15:48:56.098 +00:00 [DBG] 🥶 APPEND line
2024-03-12 15:48:56.098 +00:00 [DBG] CM processsing: TCP/UDP read bytes,272653
2024-03-12 15:48:56.099 +00:00 [DBG] 🥶 APPEND line
2024-03-12 15:48:56.099 +00:00 [DBG] CM processsing: TCP/UDP write bytes,273764
2024-03-12 15:48:56.099 +00:00 [DBG] 🥶 APPEND line
2024-03-12 15:48:56.099 +00:00 [DBG] CM processsing: Auth read bytes,107840
2024-03-12 15:48:56.099 +00:00 [DBG] 🥶 APPEND line
2024-03-12 15:48:56.099 +00:00 [DBG] CM processsing: END
2024-03-12 15:48:56.099 +00:00 [DBG] 🥶 END
2024-03-12 15:48:56.100 +00:00 [DBG] OpenVPN STATISTICS
Updated,Tue Mar 12 15:48:56 2024
TUN/TAP read bytes,1236
TUN/TAP write bytes,96
TCP/UDP read bytes,272653
TCP/UDP write bytes,273764
Auth read bytes,107840
2024-03-12 15:48:56.103 +00:00 [DBG] CM processsing: 
2024-03-12 15:48:56.108 +00:00 [DBG] 🥶 APPEND line
2024-03-12 15:48:56.108 +00:00 [INF] Begin receive init again
2024-03-12 15:48:56.605 +00:00 [INF] Received bytes: 231
2024-03-12 15:48:56.606 +00:00 [DBG] Message marshalling complete
2024-03-12 15:48:56.606 +00:00 [DBG] CM received: >LOG:1710258536,D,MANAGEMENT: CMD 'status'
OpenVPN STATISTICS
Updated,Tue Mar 12 15:48:56 2024
TUN/TAP read bytes,1236
TUN/TAP write bytes,96
TCP/UDP read bytes,272693
TCP/UDP write bytes,273804
Auth read bytes,107856
END

2024-03-12 15:48:56.606 +00:00 [DBG] CM processsing: >LOG:1710258536,D,MANAGEMENT: CMD 'status'
2024-03-12 15:48:56.606 +00:00 [DBG] CM processsing: OpenVPN STATISTICS
2024-03-12 15:48:56.606 +00:00 [DBG] 🥶 APPEND line
2024-03-12 15:48:56.606 +00:00 [DBG] CM processsing: Updated,Tue Mar 12 15:48:56 2024
2024-03-12 15:48:56.606 +00:00 [DBG] 🥶 APPEND line
2024-03-12 15:48:56.607 +00:00 [DBG] CM processsing: TUN/TAP read bytes,1236
2024-03-12 15:48:56.607 +00:00 [DBG] 🥶 APPEND line
2024-03-12 15:48:56.607 +00:00 [DBG] CM processsing: TUN/TAP write bytes,96
2024-03-12 15:48:56.607 +00:00 [DBG] 🥶 APPEND line
2024-03-12 15:48:56.607 +00:00 [DBG] CM processsing: TCP/UDP read bytes,272693
2024-03-12 15:48:56.607 +00:00 [DBG] 🥶 APPEND line
2024-03-12 15:48:56.607 +00:00 [DBG] CM processsing: TCP/UDP write bytes,273804
2024-03-12 15:48:56.607 +00:00 [DBG] 🥶 APPEND line
2024-03-12 15:48:56.607 +00:00 [DBG] CM processsing: Auth read bytes,107856
2024-03-12 15:48:56.607 +00:00 [DBG] 🥶 APPEND line
2024-03-12 15:48:56.607 +00:00 [DBG] CM processsing: END
2024-03-12 15:48:56.607 +00:00 [DBG] 🥶 END
2024-03-12 15:48:56.607 +00:00 [DBG] OpenVPN STATISTICS
Updated,Tue Mar 12 15:48:56 2024
TUN/TAP read bytes,1236
TUN/TAP write bytes,96
TCP/UDP read bytes,272693
TCP/UDP write bytes,273804
Auth read bytes,107856
2024-03-12 15:48:56.607 +00:00 [DBG] CM processsing: 
2024-03-12 15:48:56.607 +00:00 [DBG] 🥶 APPEND line
2024-03-12 15:48:56.607 +00:00 [INF] Begin receive init again
2024-03-12 15:48:57.112 +00:00 [INF] Received bytes: 231
2024-03-12 15:48:57.112 +00:00 [DBG] Message marshalling complete
2024-03-12 15:48:57.113 +00:00 [DBG] CM received: >LOG:1710258537,D,MANAGEMENT: CMD 'status'
OpenVPN STATISTICS
Updated,Tue Mar 12 15:48:57 2024
TUN/TAP read bytes,1236
TUN/TAP write bytes,96
TCP/UDP read bytes,272693
TCP/UDP write bytes,273804
Auth read bytes,107856
END

2024-03-12 15:48:57.115 +00:00 [DBG] CM processsing: >LOG:1710258537,D,MANAGEMENT: CMD 'status'
2024-03-12 15:48:57.116 +00:00 [DBG] CM processsing: OpenVPN STATISTICS
2024-03-12 15:48:57.116 +00:00 [DBG] 🥶 APPEND line
2024-03-12 15:48:57.116 +00:00 [DBG] CM processsing: Updated,Tue Mar 12 15:48:57 2024
2024-03-12 15:48:57.116 +00:00 [DBG] 🥶 APPEND line
2024-03-12 15:48:57.116 +00:00 [DBG] CM processsing: TUN/TAP read bytes,1236
2024-03-12 15:48:57.116 +00:00 [DBG] 🥶 APPEND line
2024-03-12 15:48:57.116 +00:00 [DBG] CM processsing: TUN/TAP write bytes,96
2024-03-12 15:48:57.116 +00:00 [DBG] 🥶 APPEND line
2024-03-12 15:48:57.116 +00:00 [DBG] CM processsing: TCP/UDP read bytes,272693
2024-03-12 15:48:57.116 +00:00 [DBG] 🥶 APPEND line
2024-03-12 15:48:57.116 +00:00 [DBG] CM processsing: TCP/UDP write bytes,273804
2024-03-12 15:48:57.116 +00:00 [DBG] 🥶 APPEND line
2024-03-12 15:48:57.116 +00:00 [DBG] CM processsing: Auth read bytes,107856
2024-03-12 15:48:57.116 +00:00 [DBG] 🥶 APPEND line
2024-03-12 15:48:57.117 +00:00 [DBG] CM processsing: END
2024-03-12 15:48:57.117 +00:00 [DBG] 🥶 END
2024-03-12 15:48:57.117 +00:00 [DBG] OpenVPN STATISTICS
Updated,Tue Mar 12 15:48:57 2024
TUN/TAP read bytes,1236
TUN/TAP write bytes,96
TCP/UDP read bytes,272693
TCP/UDP write bytes,273804
Auth read bytes,107856
2024-03-12 15:48:57.119 +00:00 [DBG] CM processsing: 
2024-03-12 15:48:57.119 +00:00 [DBG] 🥶 APPEND line
2024-03-12 15:48:57.119 +00:00 [INF] Begin receive init again
2024-03-12 15:48:57.620 +00:00 [INF] Received bytes: 231
2024-03-12 15:48:57.621 +00:00 [DBG] Message marshalling complete
2024-03-12 15:48:57.621 +00:00 [DBG] CM received: >LOG:1710258537,D,MANAGEMENT: CMD 'status'
OpenVPN STATISTICS
Updated,Tue Mar 12 15:48:57 2024
TUN/TAP read bytes,1236
TUN/TAP write bytes,96
TCP/UDP read bytes,272733
TCP/UDP write bytes,273844
Auth read bytes,107872
END

2024-03-12 15:48:57.621 +00:00 [DBG] CM processsing: >LOG:1710258537,D,MANAGEMENT: CMD 'status'
2024-03-12 15:48:57.621 +00:00 [DBG] CM processsing: OpenVPN STATISTICS
2024-03-12 15:48:57.621 +00:00 [DBG] 🥶 APPEND line
2024-03-12 15:48:57.621 +00:00 [DBG] CM processsing: Updated,Tue Mar 12 15:48:57 2024
2024-03-12 15:48:57.621 +00:00 [DBG] 🥶 APPEND line
2024-03-12 15:48:57.621 +00:00 [DBG] CM processsing: TUN/TAP read bytes,1236
2024-03-12 15:48:57.621 +00:00 [DBG] 🥶 APPEND line
2024-03-12 15:48:57.621 +00:00 [DBG] CM processsing: TUN/TAP write bytes,96
2024-03-12 15:48:57.621 +00:00 [DBG] 🥶 APPEND line
2024-03-12 15:48:57.621 +00:00 [DBG] CM processsing: TCP/UDP read bytes,272733
2024-03-12 15:48:57.621 +00:00 [DBG] 🥶 APPEND line
2024-03-12 15:48:57.621 +00:00 [DBG] CM processsing: TCP/UDP write bytes,273844
2024-03-12 15:48:57.621 +00:00 [DBG] 🥶 APPEND line
2024-03-12 15:48:57.621 +00:00 [DBG] CM processsing: Auth read bytes,107872
2024-03-12 15:48:57.621 +00:00 [DBG] 🥶 APPEND line
2024-03-12 15:48:57.621 +00:00 [DBG] CM processsing: END
2024-03-12 15:48:57.621 +00:00 [DBG] 🥶 END
2024-03-12 15:48:57.621 +00:00 [DBG] OpenVPN STATISTICS
Updated,Tue Mar 12 15:48:57 2024
TUN/TAP read bytes,1236
TUN/TAP write bytes,96
TCP/UDP read bytes,272733
TCP/UDP write bytes,273844
Auth read bytes,107872
2024-03-12 15:48:57.622 +00:00 [DBG] CM processsing: 
2024-03-12 15:48:57.622 +00:00 [DBG] 🥶 APPEND line
2024-03-12 15:48:57.622 +00:00 [INF] Begin receive init again
2024-03-12 15:48:58.124 +00:00 [INF] Received bytes: 231
2024-03-12 15:48:58.124 +00:00 [DBG] Message marshalling complete
2024-03-12 15:48:58.125 +00:00 [DBG] CM received: >LOG:1710258538,D,MANAGEMENT: CMD 'status'
OpenVPN STATISTICS
Updated,Tue Mar 12 15:48:58 2024
TUN/TAP read bytes,1236
TUN/TAP write bytes,96
TCP/UDP read bytes,272733
TCP/UDP write bytes,273844
Auth read bytes,107872
END

2024-03-12 15:48:58.125 +00:00 [DBG] CM processsing: >LOG:1710258538,D,MANAGEMENT: CMD 'status'
2024-03-12 15:48:58.125 +00:00 [DBG] CM processsing: OpenVPN STATISTICS
2024-03-12 15:48:58.126 +00:00 [DBG] 🥶 APPEND line
2024-03-12 15:48:58.129 +00:00 [DBG] CM processsing: Updated,Tue Mar 12 15:48:58 2024
2024-03-12 15:48:58.129 +00:00 [DBG] 🥶 APPEND line
2024-03-12 15:48:58.129 +00:00 [DBG] CM processsing: TUN/TAP read bytes,1236
2024-03-12 15:48:58.129 +00:00 [DBG] 🥶 APPEND line
2024-03-12 15:48:58.129 +00:00 [DBG] CM processsing: TUN/TAP write bytes,96
2024-03-12 15:48:58.129 +00:00 [DBG] 🥶 APPEND line
2024-03-12 15:48:58.129 +00:00 [DBG] CM processsing: TCP/UDP read bytes,272733
2024-03-12 15:48:58.129 +00:00 [DBG] 🥶 APPEND line
2024-03-12 15:48:58.129 +00:00 [DBG] CM processsing: TCP/UDP write bytes,273844
2024-03-12 15:48:58.129 +00:00 [DBG] 🥶 APPEND line
2024-03-12 15:48:58.129 +00:00 [DBG] CM processsing: Auth read bytes,107872
2024-03-12 15:48:58.129 +00:00 [DBG] 🥶 APPEND line
2024-03-12 15:48:58.130 +00:00 [DBG] CM processsing: END
2024-03-12 15:48:58.130 +00:00 [DBG] 🥶 END
2024-03-12 15:48:58.130 +00:00 [DBG] OpenVPN STATISTICS
Updated,Tue Mar 12 15:48:58 2024
TUN/TAP read bytes,1236
TUN/TAP write bytes,96
TCP/UDP read bytes,272733
TCP/UDP write bytes,273844
Auth read bytes,107872
2024-03-12 15:48:58.130 +00:00 [DBG] CM processsing: 
2024-03-12 15:48:58.131 +00:00 [DBG] 🥶 APPEND line
2024-03-12 15:48:58.131 +00:00 [INF] Begin receive init again
2024-03-12 15:48:58.632 +00:00 [INF] Received bytes: 231
2024-03-12 15:48:58.632 +00:00 [DBG] Message marshalling complete
2024-03-12 15:48:58.634 +00:00 [DBG] CM received: >LOG:1710258538,D,MANAGEMENT: CMD 'status'
OpenVPN STATISTICS
Updated,Tue Mar 12 15:48:58 2024
TUN/TAP read bytes,1236
TUN/TAP write bytes,96
TCP/UDP read bytes,272773
TCP/UDP write bytes,273884
Auth read bytes,107888
END

2024-03-12 15:48:58.635 +00:00 [DBG] CM processsing: >LOG:1710258538,D,MANAGEMENT: CMD 'status'
2024-03-12 15:48:58.635 +00:00 [DBG] CM processsing: OpenVPN STATISTICS
2024-03-12 15:48:58.635 +00:00 [DBG] 🥶 APPEND line
2024-03-12 15:48:58.635 +00:00 [DBG] CM processsing: Updated,Tue Mar 12 15:48:58 2024
2024-03-12 15:48:58.635 +00:00 [DBG] 🥶 APPEND line
2024-03-12 15:48:58.636 +00:00 [DBG] CM processsing: TUN/TAP read bytes,1236
2024-03-12 15:48:58.636 +00:00 [DBG] 🥶 APPEND line
2024-03-12 15:48:58.636 +00:00 [DBG] CM processsing: TUN/TAP write bytes,96
2024-03-12 15:48:58.636 +00:00 [DBG] 🥶 APPEND line
2024-03-12 15:48:58.637 +00:00 [DBG] CM processsing: TCP/UDP read bytes,272773
2024-03-12 15:48:58.637 +00:00 [DBG] 🥶 APPEND line
2024-03-12 15:48:58.637 +00:00 [DBG] CM processsing: TCP/UDP write bytes,273884
2024-03-12 15:48:58.637 +00:00 [DBG] 🥶 APPEND line
2024-03-12 15:48:58.637 +00:00 [DBG] CM processsing: Auth read bytes,107888
2024-03-12 15:48:58.637 +00:00 [DBG] 🥶 APPEND line
2024-03-12 15:48:58.637 +00:00 [DBG] CM processsing: END
2024-03-12 15:48:58.638 +00:00 [DBG] 🥶 END
2024-03-12 15:48:58.638 +00:00 [DBG] OpenVPN STATISTICS
Updated,Tue Mar 12 15:48:58 2024
TUN/TAP read bytes,1236
TUN/TAP write bytes,96
TCP/UDP read bytes,272773
TCP/UDP write bytes,273884
Auth read bytes,107888
2024-03-12 15:48:58.638 +00:00 [DBG] CM processsing: 
2024-03-12 15:48:58.639 +00:00 [DBG] 🥶 APPEND line
2024-03-12 15:48:58.640 +00:00 [INF] Begin receive init again
2024-03-12 15:48:59.141 +00:00 [INF] Received bytes: 231
2024-03-12 15:48:59.141 +00:00 [DBG] Message marshalling complete
2024-03-12 15:48:59.142 +00:00 [DBG] CM received: >LOG:1710258539,D,MANAGEMENT: CMD 'status'
OpenVPN STATISTICS
Updated,Tue Mar 12 15:48:59 2024
TUN/TAP read bytes,1236
TUN/TAP write bytes,96
TCP/UDP read bytes,272773
TCP/UDP write bytes,273884
Auth read bytes,107888
END

2024-03-12 15:48:59.142 +00:00 [DBG] CM processsing: >LOG:1710258539,D,MANAGEMENT: CMD 'status'
2024-03-12 15:48:59.142 +00:00 [DBG] CM processsing: OpenVPN STATISTICS
2024-03-12 15:48:59.143 +00:00 [DBG] 🥶 APPEND line
2024-03-12 15:48:59.143 +00:00 [DBG] CM processsing: Updated,Tue Mar 12 15:48:59 2024
2024-03-12 15:48:59.143 +00:00 [DBG] 🥶 APPEND line
2024-03-12 15:48:59.143 +00:00 [DBG] CM processsing: TUN/TAP read bytes,1236
2024-03-12 15:48:59.143 +00:00 [DBG] 🥶 APPEND line
2024-03-12 15:48:59.143 +00:00 [DBG] CM processsing: TUN/TAP write bytes,96
2024-03-12 15:48:59.143 +00:00 [DBG] 🥶 APPEND line
2024-03-12 15:48:59.143 +00:00 [DBG] CM processsing: TCP/UDP read bytes,272773
2024-03-12 15:48:59.143 +00:00 [DBG] 🥶 APPEND line
2024-03-12 15:48:59.143 +00:00 [DBG] CM processsing: TCP/UDP write bytes,273884
2024-03-12 15:48:59.143 +00:00 [DBG] 🥶 APPEND line
2024-03-12 15:48:59.143 +00:00 [DBG] CM processsing: Auth read bytes,107888
2024-03-12 15:48:59.143 +00:00 [DBG] 🥶 APPEND line
2024-03-12 15:48:59.143 +00:00 [DBG] CM processsing: END
2024-03-12 15:48:59.143 +00:00 [DBG] 🥶 END
2024-03-12 15:48:59.144 +00:00 [DBG] OpenVPN STATISTICS
Updated,Tue Mar 12 15:48:59 2024
TUN/TAP read bytes,1236
TUN/TAP write bytes,96
TCP/UDP read bytes,272773
TCP/UDP write bytes,273884
Auth read bytes,107888
2024-03-12 15:48:59.144 +00:00 [DBG] CM processsing: 
2024-03-12 15:48:59.144 +00:00 [DBG] 🥶 APPEND line
2024-03-12 15:48:59.144 +00:00 [INF] Begin receive init again
2024-03-12 15:48:59.645 +00:00 [INF] Received bytes: 231
2024-03-12 15:48:59.645 +00:00 [DBG] Message marshalling complete
2024-03-12 15:48:59.646 +00:00 [DBG] CM received: >LOG:1710258539,D,MANAGEMENT: CMD 'status'
OpenVPN STATISTICS
Updated,Tue Mar 12 15:48:59 2024
TUN/TAP read bytes,1236
TUN/TAP write bytes,96
TCP/UDP read bytes,272813
TCP/UDP write bytes,273924
Auth read bytes,107904
END

2024-03-12 15:48:59.646 +00:00 [DBG] CM processsing: >LOG:1710258539,D,MANAGEMENT: CMD 'status'
2024-03-12 15:48:59.646 +00:00 [DBG] CM processsing: OpenVPN STATISTICS
2024-03-12 15:48:59.646 +00:00 [DBG] 🥶 APPEND line
2024-03-12 15:48:59.646 +00:00 [DBG] CM processsing: Updated,Tue Mar 12 15:48:59 2024
2024-03-12 15:48:59.647 +00:00 [DBG] 🥶 APPEND line
2024-03-12 15:48:59.647 +00:00 [DBG] CM processsing: TUN/TAP read bytes,1236
2024-03-12 15:48:59.647 +00:00 [DBG] 🥶 APPEND line
2024-03-12 15:48:59.647 +00:00 [DBG] CM processsing: TUN/TAP write bytes,96
2024-03-12 15:48:59.647 +00:00 [DBG] 🥶 APPEND line
2024-03-12 15:48:59.647 +00:00 [DBG] CM processsing: TCP/UDP read bytes,272813
2024-03-12 15:48:59.647 +00:00 [DBG] 🥶 APPEND line
2024-03-12 15:48:59.647 +00:00 [DBG] CM processsing: TCP/UDP write bytes,273924
2024-03-12 15:48:59.647 +00:00 [DBG] 🥶 APPEND line
2024-03-12 15:48:59.647 +00:00 [DBG] CM processsing: Auth read bytes,107904
2024-03-12 15:48:59.647 +00:00 [DBG] 🥶 APPEND line
2024-03-12 15:48:59.647 +00:00 [DBG] CM processsing: END
2024-03-12 15:48:59.647 +00:00 [DBG] 🥶 END
2024-03-12 15:48:59.647 +00:00 [DBG] OpenVPN STATISTICS
Updated,Tue Mar 12 15:48:59 2024
TUN/TAP read bytes,1236
TUN/TAP write bytes,96
TCP/UDP read bytes,272813
TCP/UDP write bytes,273924
Auth read bytes,107904
2024-03-12 15:48:59.648 +00:00 [DBG] CM processsing: 
2024-03-12 15:48:59.648 +00:00 [DBG] 🥶 APPEND line
2024-03-12 15:48:59.648 +00:00 [INF] Begin receive init again
2024-03-12 15:49:00.151 +00:00 [INF] Received bytes: 231
2024-03-12 15:49:00.152 +00:00 [DBG] Message marshalling complete
2024-03-12 15:49:00.154 +00:00 [DBG] CM received: >LOG:1710258540,D,MANAGEMENT: CMD 'status'
OpenVPN STATISTICS
Updated,Tue Mar 12 15:49:00 2024
TUN/TAP read bytes,1236
TUN/TAP write bytes,96
TCP/UDP read bytes,272813
TCP/UDP write bytes,273924
Auth read bytes,107904
END

2024-03-12 15:49:00.156 +00:00 [DBG] CM processsing: >LOG:1710258540,D,MANAGEMENT: CMD 'status'
2024-03-12 15:49:00.156 +00:00 [DBG] CM processsing: OpenVPN STATISTICS
2024-03-12 15:49:00.156 +00:00 [DBG] 🥶 APPEND line
2024-03-12 15:49:00.157 +00:00 [DBG] CM processsing: Updated,Tue Mar 12 15:49:00 2024
2024-03-12 15:49:00.157 +00:00 [DBG] 🥶 APPEND line
2024-03-12 15:49:00.157 +00:00 [DBG] CM processsing: TUN/TAP read bytes,1236
2024-03-12 15:49:00.157 +00:00 [DBG] 🥶 APPEND line
2024-03-12 15:49:00.157 +00:00 [DBG] CM processsing: TUN/TAP write bytes,96
2024-03-12 15:49:00.157 +00:00 [DBG] 🥶 APPEND line
2024-03-12 15:49:00.157 +00:00 [DBG] CM processsing: TCP/UDP read bytes,272813
2024-03-12 15:49:00.157 +00:00 [DBG] 🥶 APPEND line
2024-03-12 15:49:00.157 +00:00 [DBG] CM processsing: TCP/UDP write bytes,273924
2024-03-12 15:49:00.158 +00:00 [DBG] 🥶 APPEND line
2024-03-12 15:49:00.158 +00:00 [DBG] CM processsing: Auth read bytes,107904
2024-03-12 15:49:00.158 +00:00 [DBG] 🥶 APPEND line
2024-03-12 15:49:00.158 +00:00 [DBG] CM processsing: END
2024-03-12 15:49:00.158 +00:00 [DBG] 🥶 END
2024-03-12 15:49:00.158 +00:00 [DBG] OpenVPN STATISTICS
Updated,Tue Mar 12 15:49:00 2024
TUN/TAP read bytes,1236
TUN/TAP write bytes,96
TCP/UDP read bytes,272813
TCP/UDP write bytes,273924
Auth read bytes,107904
2024-03-12 15:49:00.162 +00:00 [DBG] CM processsing: 
2024-03-12 15:49:00.163 +00:00 [DBG] 🥶 APPEND line
2024-03-12 15:49:00.163 +00:00 [INF] Begin receive init again
2024-03-12 15:49:00.663 +00:00 [INF] Received bytes: 231
2024-03-12 15:49:00.663 +00:00 [DBG] Message marshalling complete
2024-03-12 15:49:00.663 +00:00 [DBG] CM received: >LOG:1710258540,D,MANAGEMENT: CMD 'status'
OpenVPN STATISTICS
Updated,Tue Mar 12 15:49:00 2024
TUN/TAP read bytes,1236
TUN/TAP write bytes,96
TCP/UDP read bytes,272853
TCP/UDP write bytes,273964
Auth read bytes,107920
END

2024-03-12 15:49:00.664 +00:00 [DBG] CM processsing: >LOG:1710258540,D,MANAGEMENT: CMD 'status'
2024-03-12 15:49:00.664 +00:00 [DBG] CM processsing: OpenVPN STATISTICS
2024-03-12 15:49:00.664 +00:00 [DBG] 🥶 APPEND line
2024-03-12 15:49:00.664 +00:00 [DBG] CM processsing: Updated,Tue Mar 12 15:49:00 2024
2024-03-12 15:49:00.664 +00:00 [DBG] 🥶 APPEND line
2024-03-12 15:49:00.664 +00:00 [DBG] CM processsing: TUN/TAP read bytes,1236
2024-03-12 15:49:00.664 +00:00 [DBG] 🥶 APPEND line
2024-03-12 15:49:00.664 +00:00 [DBG] CM processsing: TUN/TAP write bytes,96
2024-03-12 15:49:00.664 +00:00 [DBG] 🥶 APPEND line
2024-03-12 15:49:00.664 +00:00 [DBG] CM processsing: TCP/UDP read bytes,272853
2024-03-12 15:49:00.664 +00:00 [DBG] 🥶 APPEND line
2024-03-12 15:49:00.664 +00:00 [DBG] CM processsing: TCP/UDP write bytes,273964
2024-03-12 15:49:00.664 +00:00 [DBG] 🥶 APPEND line
2024-03-12 15:49:00.664 +00:00 [DBG] CM processsing: Auth read bytes,107920
2024-03-12 15:49:00.664 +00:00 [DBG] 🥶 APPEND line
2024-03-12 15:49:00.664 +00:00 [DBG] CM processsing: END
2024-03-12 15:49:00.664 +00:00 [DBG] 🥶 END
2024-03-12 15:49:00.665 +00:00 [DBG] OpenVPN STATISTICS
Updated,Tue Mar 12 15:49:00 2024
TUN/TAP read bytes,1236
TUN/TAP write bytes,96
TCP/UDP read bytes,272853
TCP/UDP write bytes,273964
Auth read bytes,107920
2024-03-12 15:49:00.666 +00:00 [DBG] CM processsing: 
2024-03-12 15:49:00.666 +00:00 [DBG] 🥶 APPEND line
2024-03-12 15:49:00.666 +00:00 [INF] Begin receive init again
2024-03-12 15:49:01.170 +00:00 [INF] Received bytes: 231
2024-03-12 15:49:01.170 +00:00 [DBG] Message marshalling complete
2024-03-12 15:49:01.171 +00:00 [DBG] CM received: >LOG:1710258541,D,MANAGEMENT: CMD 'status'
OpenVPN STATISTICS
Updated,Tue Mar 12 15:49:01 2024
TUN/TAP read bytes,1236
TUN/TAP write bytes,96
TCP/UDP read bytes,272853
TCP/UDP write bytes,273964
Auth read bytes,107920
END

2024-03-12 15:49:01.171 +00:00 [DBG] CM processsing: >LOG:1710258541,D,MANAGEMENT: CMD 'status'
2024-03-12 15:49:01.171 +00:00 [DBG] CM processsing: OpenVPN STATISTICS
2024-03-12 15:49:01.171 +00:00 [DBG] 🥶 APPEND line
2024-03-12 15:49:01.171 +00:00 [DBG] CM processsing: Updated,Tue Mar 12 15:49:01 2024
2024-03-12 15:49:01.171 +00:00 [DBG] 🥶 APPEND line
2024-03-12 15:49:01.171 +00:00 [DBG] CM processsing: TUN/TAP read bytes,1236
2024-03-12 15:49:01.171 +00:00 [DBG] 🥶 APPEND line
2024-03-12 15:49:01.171 +00:00 [DBG] CM processsing: TUN/TAP write bytes,96
2024-03-12 15:49:01.171 +00:00 [DBG] 🥶 APPEND line
2024-03-12 15:49:01.171 +00:00 [DBG] CM processsing: TCP/UDP read bytes,272853
2024-03-12 15:49:01.171 +00:00 [DBG] 🥶 APPEND line
2024-03-12 15:49:01.171 +00:00 [DBG] CM processsing: TCP/UDP write bytes,273964
2024-03-12 15:49:01.171 +00:00 [DBG] 🥶 APPEND line
2024-03-12 15:49:01.171 +00:00 [DBG] CM processsing: Auth read bytes,107920
2024-03-12 15:49:01.171 +00:00 [DBG] 🥶 APPEND line
2024-03-12 15:49:01.171 +00:00 [DBG] CM processsing: END
2024-03-12 15:49:01.171 +00:00 [DBG] 🥶 END
2024-03-12 15:49:01.171 +00:00 [DBG] OpenVPN STATISTICS
Updated,Tue Mar 12 15:49:01 2024
TUN/TAP read bytes,1236
TUN/TAP write bytes,96
TCP/UDP read bytes,272853
TCP/UDP write bytes,273964
Auth read bytes,107920
2024-03-12 15:49:01.171 +00:00 [DBG] CM processsing: 
2024-03-12 15:49:01.171 +00:00 [DBG] 🥶 APPEND line
2024-03-12 15:49:01.171 +00:00 [INF] Begin receive init again
2024-03-12 15:49:01.677 +00:00 [INF] Received bytes: 231
2024-03-12 15:49:01.677 +00:00 [DBG] Message marshalling complete
2024-03-12 15:49:01.680 +00:00 [DBG] CM received: >LOG:1710258541,D,MANAGEMENT: CMD 'status'
OpenVPN STATISTICS
Updated,Tue Mar 12 15:49:01 2024
TUN/TAP read bytes,1236
TUN/TAP write bytes,96
TCP/UDP read bytes,272893
TCP/UDP write bytes,274004
Auth read bytes,107936
END

2024-03-12 15:49:01.681 +00:00 [DBG] CM processsing: >LOG:1710258541,D,MANAGEMENT: CMD 'status'
2024-03-12 15:49:01.681 +00:00 [DBG] CM processsing: OpenVPN STATISTICS
2024-03-12 15:49:01.681 +00:00 [DBG] 🥶 APPEND line
2024-03-12 15:49:01.682 +00:00 [DBG] CM processsing: Updated,Tue Mar 12 15:49:01 2024
2024-03-12 15:49:01.682 +00:00 [DBG] 🥶 APPEND line
2024-03-12 15:49:01.682 +00:00 [DBG] CM processsing: TUN/TAP read bytes,1236
2024-03-12 15:49:01.682 +00:00 [DBG] 🥶 APPEND line
2024-03-12 15:49:01.682 +00:00 [DBG] CM processsing: TUN/TAP write bytes,96
2024-03-12 15:49:01.682 +00:00 [DBG] 🥶 APPEND line
2024-03-12 15:49:01.683 +00:00 [DBG] CM processsing: TCP/UDP read bytes,272893
2024-03-12 15:49:01.683 +00:00 [DBG] 🥶 APPEND line
2024-03-12 15:49:01.683 +00:00 [DBG] CM processsing: TCP/UDP write bytes,274004
2024-03-12 15:49:01.683 +00:00 [DBG] 🥶 APPEND line
2024-03-12 15:49:01.683 +00:00 [DBG] CM processsing: Auth read bytes,107936
2024-03-12 15:49:01.683 +00:00 [DBG] 🥶 APPEND line
2024-03-12 15:49:01.683 +00:00 [DBG] CM processsing: END
2024-03-12 15:49:01.683 +00:00 [DBG] 🥶 END
2024-03-12 15:49:01.684 +00:00 [DBG] OpenVPN STATISTICS
Updated,Tue Mar 12 15:49:01 2024
TUN/TAP read bytes,1236
TUN/TAP write bytes,96
TCP/UDP read bytes,272893
TCP/UDP write bytes,274004
Auth read bytes,107936
2024-03-12 15:49:01.688 +00:00 [DBG] CM processsing: 
2024-03-12 15:49:01.693 +00:00 [DBG] 🥶 APPEND line
2024-03-12 15:49:01.693 +00:00 [INF] Begin receive init again
2024-03-12 15:49:02.199 +00:00 [INF] Received bytes: 231
2024-03-12 15:49:02.199 +00:00 [DBG] Message marshalling complete
2024-03-12 15:49:02.199 +00:00 [DBG] CM received: >LOG:1710258542,D,MANAGEMENT: CMD 'status'
OpenVPN STATISTICS
Updated,Tue Mar 12 15:49:02 2024
TUN/TAP read bytes,1236
TUN/TAP write bytes,96
TCP/UDP read bytes,272893
TCP/UDP write bytes,274004
Auth read bytes,107936
END

2024-03-12 15:49:02.199 +00:00 [DBG] CM processsing: >LOG:1710258542,D,MANAGEMENT: CMD 'status'
2024-03-12 15:49:02.199 +00:00 [DBG] CM processsing: OpenVPN STATISTICS
2024-03-12 15:49:02.200 +00:00 [DBG] 🥶 APPEND line
2024-03-12 15:49:02.200 +00:00 [DBG] CM processsing: Updated,Tue Mar 12 15:49:02 2024
2024-03-12 15:49:02.200 +00:00 [DBG] 🥶 APPEND line
2024-03-12 15:49:02.200 +00:00 [DBG] CM processsing: TUN/TAP read bytes,1236
2024-03-12 15:49:02.200 +00:00 [DBG] 🥶 APPEND line
2024-03-12 15:49:02.200 +00:00 [DBG] CM processsing: TUN/TAP write bytes,96
2024-03-12 15:49:02.200 +00:00 [DBG] 🥶 APPEND line
2024-03-12 15:49:02.200 +00:00 [DBG] CM processsing: TCP/UDP read bytes,272893
2024-03-12 15:49:02.200 +00:00 [DBG] 🥶 APPEND line
2024-03-12 15:49:02.200 +00:00 [DBG] CM processsing: TCP/UDP write bytes,274004
2024-03-12 15:49:02.200 +00:00 [DBG] 🥶 APPEND line
2024-03-12 15:49:02.200 +00:00 [DBG] CM processsing: Auth read bytes,107936
2024-03-12 15:49:02.200 +00:00 [DBG] 🥶 APPEND line
2024-03-12 15:49:02.200 +00:00 [DBG] CM processsing: END
2024-03-12 15:49:02.200 +00:00 [DBG] 🥶 END
2024-03-12 15:49:02.200 +00:00 [DBG] OpenVPN STATISTICS
Updated,Tue Mar 12 15:49:02 2024
TUN/TAP read bytes,1236
TUN/TAP write bytes,96
TCP/UDP read bytes,272893
TCP/UDP write bytes,274004
Auth read bytes,107936
2024-03-12 15:49:02.200 +00:00 [DBG] CM processsing: 
2024-03-12 15:49:02.201 +00:00 [DBG] 🥶 APPEND line
2024-03-12 15:49:02.201 +00:00 [INF] Begin receive init again
2024-03-12 15:49:02.711 +00:00 [INF] Received bytes: 231
2024-03-12 15:49:02.712 +00:00 [DBG] Message marshalling complete
2024-03-12 15:49:02.712 +00:00 [DBG] CM received: >LOG:1710258542,D,MANAGEMENT: CMD 'status'
OpenVPN STATISTICS
Updated,Tue Mar 12 15:49:02 2024
TUN/TAP read bytes,1236
TUN/TAP write bytes,96
TCP/UDP read bytes,272933
TCP/UDP write bytes,274044
Auth read bytes,107952
END

2024-03-12 15:49:02.712 +00:00 [DBG] CM processsing: >LOG:1710258542,D,MANAGEMENT: CMD 'status'
2024-03-12 15:49:02.712 +00:00 [DBG] CM processsing: OpenVPN STATISTICS
2024-03-12 15:49:02.712 +00:00 [DBG] 🥶 APPEND line
2024-03-12 15:49:02.712 +00:00 [DBG] CM processsing: Updated,Tue Mar 12 15:49:02 2024
2024-03-12 15:49:02.712 +00:00 [DBG] 🥶 APPEND line
2024-03-12 15:49:02.712 +00:00 [DBG] CM processsing: TUN/TAP read bytes,1236
2024-03-12 15:49:02.712 +00:00 [DBG] 🥶 APPEND line
2024-03-12 15:49:02.712 +00:00 [DBG] CM processsing: TUN/TAP write bytes,96
2024-03-12 15:49:02.712 +00:00 [DBG] 🥶 APPEND line
2024-03-12 15:49:02.712 +00:00 [DBG] CM processsing: TCP/UDP read bytes,272933
2024-03-12 15:49:02.712 +00:00 [DBG] 🥶 APPEND line
2024-03-12 15:49:02.712 +00:00 [DBG] CM processsing: TCP/UDP write bytes,274044
2024-03-12 15:49:02.712 +00:00 [DBG] 🥶 APPEND line
2024-03-12 15:49:02.713 +00:00 [DBG] CM processsing: Auth read bytes,107952
2024-03-12 15:49:02.713 +00:00 [DBG] 🥶 APPEND line
2024-03-12 15:49:02.713 +00:00 [DBG] CM processsing: END
2024-03-12 15:49:02.713 +00:00 [DBG] 🥶 END
2024-03-12 15:49:02.713 +00:00 [DBG] OpenVPN STATISTICS
Updated,Tue Mar 12 15:49:02 2024
TUN/TAP read bytes,1236
TUN/TAP write bytes,96
TCP/UDP read bytes,272933
TCP/UDP write bytes,274044
Auth read bytes,107952
2024-03-12 15:49:02.713 +00:00 [DBG] CM processsing: 
2024-03-12 15:49:02.713 +00:00 [DBG] 🥶 APPEND line
2024-03-12 15:49:02.713 +00:00 [INF] Begin receive init again
2024-03-12 15:49:03.260 +00:00 [INF] Received bytes: 231
2024-03-12 15:49:03.260 +00:00 [DBG] Message marshalling complete
2024-03-12 15:49:03.260 +00:00 [DBG] CM received: >LOG:1710258543,D,MANAGEMENT: CMD 'status'
OpenVPN STATISTICS
Updated,Tue Mar 12 15:49:03 2024
TUN/TAP read bytes,1236
TUN/TAP write bytes,96
TCP/UDP read bytes,272933
TCP/UDP write bytes,274044
Auth read bytes,107952
END

2024-03-12 15:49:03.261 +00:00 [DBG] CM processsing: >LOG:1710258543,D,MANAGEMENT: CMD 'status'
2024-03-12 15:49:03.261 +00:00 [DBG] CM processsing: OpenVPN STATISTICS
2024-03-12 15:49:03.261 +00:00 [DBG] 🥶 APPEND line
2024-03-12 15:49:03.261 +00:00 [DBG] CM processsing: Updated,Tue Mar 12 15:49:03 2024
2024-03-12 15:49:03.261 +00:00 [DBG] 🥶 APPEND line
2024-03-12 15:49:03.261 +00:00 [DBG] CM processsing: TUN/TAP read bytes,1236
2024-03-12 15:49:03.261 +00:00 [DBG] 🥶 APPEND line
2024-03-12 15:49:03.261 +00:00 [DBG] CM processsing: TUN/TAP write bytes,96
2024-03-12 15:49:03.261 +00:00 [DBG] 🥶 APPEND line
2024-03-12 15:49:03.261 +00:00 [DBG] CM processsing: TCP/UDP read bytes,272933
2024-03-12 15:49:03.261 +00:00 [DBG] 🥶 APPEND line
2024-03-12 15:49:03.261 +00:00 [DBG] CM processsing: TCP/UDP write bytes,274044
2024-03-12 15:49:03.261 +00:00 [DBG] 🥶 APPEND line
2024-03-12 15:49:03.261 +00:00 [DBG] CM processsing: Auth read bytes,107952
2024-03-12 15:49:03.261 +00:00 [DBG] 🥶 APPEND line
2024-03-12 15:49:03.261 +00:00 [DBG] CM processsing: END
2024-03-12 15:49:03.261 +00:00 [DBG] 🥶 END
2024-03-12 15:49:03.262 +00:00 [DBG] OpenVPN STATISTICS
Updated,Tue Mar 12 15:49:03 2024
TUN/TAP read bytes,1236
TUN/TAP write bytes,96
TCP/UDP read bytes,272933
TCP/UDP write bytes,274044
Auth read bytes,107952
2024-03-12 15:49:03.262 +00:00 [DBG] CM processsing: 
2024-03-12 15:49:03.262 +00:00 [DBG] 🥶 APPEND line
2024-03-12 15:49:03.262 +00:00 [INF] Begin receive init again
2024-03-12 15:49:03.764 +00:00 [INF] Received bytes: 231
2024-03-12 15:49:03.764 +00:00 [DBG] Message marshalling complete
2024-03-12 15:49:03.765 +00:00 [DBG] CM received: >LOG:1710258543,D,MANAGEMENT: CMD 'status'
OpenVPN STATISTICS
Updated,Tue Mar 12 15:49:03 2024
TUN/TAP read bytes,1236
TUN/TAP write bytes,96
TCP/UDP read bytes,272973
TCP/UDP write bytes,274084
Auth read bytes,107968
END

2024-03-12 15:49:03.765 +00:00 [DBG] CM processsing: >LOG:1710258543,D,MANAGEMENT: CMD 'status'
2024-03-12 15:49:03.766 +00:00 [DBG] CM processsing: OpenVPN STATISTICS
2024-03-12 15:49:03.766 +00:00 [DBG] 🥶 APPEND line
2024-03-12 15:49:03.766 +00:00 [DBG] CM processsing: Updated,Tue Mar 12 15:49:03 2024
2024-03-12 15:49:03.766 +00:00 [DBG] 🥶 APPEND line
2024-03-12 15:49:03.766 +00:00 [DBG] CM processsing: TUN/TAP read bytes,1236
2024-03-12 15:49:03.766 +00:00 [DBG] 🥶 APPEND line
2024-03-12 15:49:03.766 +00:00 [DBG] CM processsing: TUN/TAP write bytes,96
2024-03-12 15:49:03.766 +00:00 [DBG] 🥶 APPEND line
2024-03-12 15:49:03.766 +00:00 [DBG] CM processsing: TCP/UDP read bytes,272973
2024-03-12 15:49:03.766 +00:00 [DBG] 🥶 APPEND line
2024-03-12 15:49:03.766 +00:00 [DBG] CM processsing: TCP/UDP write bytes,274084
2024-03-12 15:49:03.766 +00:00 [DBG] 🥶 APPEND line
2024-03-12 15:49:03.766 +00:00 [DBG] CM processsing: Auth read bytes,107968
2024-03-12 15:49:03.766 +00:00 [DBG] 🥶 APPEND line
2024-03-12 15:49:03.767 +00:00 [DBG] CM processsing: END
2024-03-12 15:49:03.767 +00:00 [DBG] 🥶 END
2024-03-12 15:49:03.767 +00:00 [DBG] OpenVPN STATISTICS
Updated,Tue Mar 12 15:49:03 2024
TUN/TAP read bytes,1236
TUN/TAP write bytes,96
TCP/UDP read bytes,272973
TCP/UDP write bytes,274084
Auth read bytes,107968
2024-03-12 15:49:03.777 +00:00 [DBG] CM processsing: 
2024-03-12 15:49:03.778 +00:00 [DBG] 🥶 APPEND line
2024-03-12 15:49:03.778 +00:00 [INF] Begin receive init again
2024-03-12 15:49:04.280 +00:00 [INF] Received bytes: 231
2024-03-12 15:49:04.281 +00:00 [DBG] Message marshalling complete
2024-03-12 15:49:04.283 +00:00 [DBG] CM received: >LOG:1710258544,D,MANAGEMENT: CMD 'status'
OpenVPN STATISTICS
Updated,Tue Mar 12 15:49:04 2024
TUN/TAP read bytes,1236
TUN/TAP write bytes,96
TCP/UDP read bytes,272973
TCP/UDP write bytes,274084
Auth read bytes,107968
END

2024-03-12 15:49:04.283 +00:00 [DBG] CM processsing: >LOG:1710258544,D,MANAGEMENT: CMD 'status'
2024-03-12 15:49:04.283 +00:00 [DBG] CM processsing: OpenVPN STATISTICS
2024-03-12 15:49:04.284 +00:00 [DBG] 🥶 APPEND line
2024-03-12 15:49:04.284 +00:00 [DBG] CM processsing: Updated,Tue Mar 12 15:49:04 2024
2024-03-12 15:49:04.284 +00:00 [DBG] 🥶 APPEND line
2024-03-12 15:49:04.284 +00:00 [DBG] CM processsing: TUN/TAP read bytes,1236
2024-03-12 15:49:04.284 +00:00 [DBG] 🥶 APPEND line
2024-03-12 15:49:04.284 +00:00 [DBG] CM processsing: TUN/TAP write bytes,96
2024-03-12 15:49:04.284 +00:00 [DBG] 🥶 APPEND line
2024-03-12 15:49:04.284 +00:00 [DBG] CM processsing: TCP/UDP read bytes,272973
2024-03-12 15:49:04.284 +00:00 [DBG] 🥶 APPEND line
2024-03-12 15:49:04.284 +00:00 [DBG] CM processsing: TCP/UDP write bytes,274084
2024-03-12 15:49:04.284 +00:00 [DBG] 🥶 APPEND line
2024-03-12 15:49:04.284 +00:00 [DBG] CM processsing: Auth read bytes,107968
2024-03-12 15:49:04.284 +00:00 [DBG] 🥶 APPEND line
2024-03-12 15:49:04.284 +00:00 [DBG] CM processsing: END
2024-03-12 15:49:04.284 +00:00 [DBG] 🥶 END
2024-03-12 15:49:04.285 +00:00 [DBG] OpenVPN STATISTICS
Updated,Tue Mar 12 15:49:04 2024
TUN/TAP read bytes,1236
TUN/TAP write bytes,96
TCP/UDP read bytes,272973
TCP/UDP write bytes,274084
Auth read bytes,107968
2024-03-12 15:49:04.286 +00:00 [DBG] CM processsing: 
2024-03-12 15:49:04.286 +00:00 [DBG] 🥶 APPEND line
2024-03-12 15:49:04.286 +00:00 [INF] Begin receive init again
2024-03-12 15:49:04.787 +00:00 [INF] Received bytes: 231
2024-03-12 15:49:04.787 +00:00 [DBG] Message marshalling complete
2024-03-12 15:49:04.787 +00:00 [DBG] CM received: >LOG:1710258544,D,MANAGEMENT: CMD 'status'
OpenVPN STATISTICS
Updated,Tue Mar 12 15:49:04 2024
TUN/TAP read bytes,1236
TUN/TAP write bytes,96
TCP/UDP read bytes,273013
TCP/UDP write bytes,274124
Auth read bytes,107984
END

2024-03-12 15:49:04.787 +00:00 [DBG] CM processsing: >LOG:1710258544,D,MANAGEMENT: CMD 'status'
2024-03-12 15:49:04.787 +00:00 [DBG] CM processsing: OpenVPN STATISTICS
2024-03-12 15:49:04.788 +00:00 [DBG] 🥶 APPEND line
2024-03-12 15:49:04.788 +00:00 [DBG] CM processsing: Updated,Tue Mar 12 15:49:04 2024
2024-03-12 15:49:04.788 +00:00 [DBG] 🥶 APPEND line
2024-03-12 15:49:04.788 +00:00 [DBG] CM processsing: TUN/TAP read bytes,1236
2024-03-12 15:49:04.788 +00:00 [DBG] 🥶 APPEND line
2024-03-12 15:49:04.788 +00:00 [DBG] CM processsing: TUN/TAP write bytes,96
2024-03-12 15:49:04.788 +00:00 [DBG] 🥶 APPEND line
2024-03-12 15:49:04.788 +00:00 [DBG] CM processsing: TCP/UDP read bytes,273013
2024-03-12 15:49:04.788 +00:00 [DBG] 🥶 APPEND line
2024-03-12 15:49:04.788 +00:00 [DBG] CM processsing: TCP/UDP write bytes,274124
2024-03-12 15:49:04.788 +00:00 [DBG] 🥶 APPEND line
2024-03-12 15:49:04.788 +00:00 [DBG] CM processsing: Auth read bytes,107984
2024-03-12 15:49:04.788 +00:00 [DBG] 🥶 APPEND line
2024-03-12 15:49:04.788 +00:00 [DBG] CM processsing: END
2024-03-12 15:49:04.788 +00:00 [DBG] 🥶 END
2024-03-12 15:49:04.788 +00:00 [DBG] OpenVPN STATISTICS
Updated,Tue Mar 12 15:49:04 2024
TUN/TAP read bytes,1236
TUN/TAP write bytes,96
TCP/UDP read bytes,273013
TCP/UDP write bytes,274124
Auth read bytes,107984
2024-03-12 15:49:04.788 +00:00 [DBG] CM processsing: 
2024-03-12 15:49:04.788 +00:00 [DBG] 🥶 APPEND line
2024-03-12 15:49:04.788 +00:00 [INF] Begin receive init again
2024-03-12 15:49:05.300 +00:00 [INF] Received bytes: 231
2024-03-12 15:49:05.301 +00:00 [DBG] Message marshalling complete
2024-03-12 15:49:05.301 +00:00 [DBG] CM received: >LOG:1710258545,D,MANAGEMENT: CMD 'status'
OpenVPN STATISTICS
Updated,Tue Mar 12 15:49:05 2024
TUN/TAP read bytes,1236
TUN/TAP write bytes,96
TCP/UDP read bytes,273053
TCP/UDP write bytes,274164
Auth read bytes,108000
END

2024-03-12 15:49:05.302 +00:00 [DBG] CM processsing: >LOG:1710258545,D,MANAGEMENT: CMD 'status'
2024-03-12 15:49:05.302 +00:00 [DBG] CM processsing: OpenVPN STATISTICS
2024-03-12 15:49:05.302 +00:00 [DBG] 🥶 APPEND line
2024-03-12 15:49:05.302 +00:00 [DBG] CM processsing: Updated,Tue Mar 12 15:49:05 2024
2024-03-12 15:49:05.302 +00:00 [DBG] 🥶 APPEND line
2024-03-12 15:49:05.302 +00:00 [DBG] CM processsing: TUN/TAP read bytes,1236
2024-03-12 15:49:05.303 +00:00 [DBG] 🥶 APPEND line
2024-03-12 15:49:05.303 +00:00 [DBG] CM processsing: TUN/TAP write bytes,96
2024-03-12 15:49:05.303 +00:00 [DBG] 🥶 APPEND line
2024-03-12 15:49:05.303 +00:00 [DBG] CM processsing: TCP/UDP read bytes,273053
2024-03-12 15:49:05.303 +00:00 [DBG] 🥶 APPEND line
2024-03-12 15:49:05.303 +00:00 [DBG] CM processsing: TCP/UDP write bytes,274164
2024-03-12 15:49:05.303 +00:00 [DBG] 🥶 APPEND line
2024-03-12 15:49:05.303 +00:00 [DBG] CM processsing: Auth read bytes,108000
2024-03-12 15:49:05.303 +00:00 [DBG] 🥶 APPEND line
2024-03-12 15:49:05.303 +00:00 [DBG] CM processsing: END
2024-03-12 15:49:05.303 +00:00 [DBG] 🥶 END
2024-03-12 15:49:05.304 +00:00 [DBG] OpenVPN STATISTICS
Updated,Tue Mar 12 15:49:05 2024
TUN/TAP read bytes,1236
TUN/TAP write bytes,96
TCP/UDP read bytes,273053
TCP/UDP write bytes,274164
Auth read bytes,108000
2024-03-12 15:49:05.311 +00:00 [DBG] CM processsing: 
2024-03-12 15:49:05.311 +00:00 [DBG] 🥶 APPEND line
2024-03-12 15:49:05.311 +00:00 [INF] Begin receive init again
2024-03-12 15:49:05.812 +00:00 [INF] Received bytes: 231
2024-03-12 15:49:05.812 +00:00 [DBG] Message marshalling complete
2024-03-12 15:49:05.813 +00:00 [DBG] CM received: >LOG:1710258545,D,MANAGEMENT: CMD 'status'
OpenVPN STATISTICS
Updated,Tue Mar 12 15:49:05 2024
TUN/TAP read bytes,1236
TUN/TAP write bytes,96
TCP/UDP read bytes,273053
TCP/UDP write bytes,274164
Auth read bytes,108000
END

2024-03-12 15:49:05.813 +00:00 [DBG] CM processsing: >LOG:1710258545,D,MANAGEMENT: CMD 'status'
2024-03-12 15:49:05.813 +00:00 [DBG] CM processsing: OpenVPN STATISTICS
2024-03-12 15:49:05.813 +00:00 [DBG] 🥶 APPEND line
2024-03-12 15:49:05.813 +00:00 [DBG] CM processsing: Updated,Tue Mar 12 15:49:05 2024
2024-03-12 15:49:05.813 +00:00 [DBG] 🥶 APPEND line
2024-03-12 15:49:05.813 +00:00 [DBG] CM processsing: TUN/TAP read bytes,1236
2024-03-12 15:49:05.813 +00:00 [DBG] 🥶 APPEND line
2024-03-12 15:49:05.813 +00:00 [DBG] CM processsing: TUN/TAP write bytes,96
2024-03-12 15:49:05.813 +00:00 [DBG] 🥶 APPEND line
2024-03-12 15:49:05.814 +00:00 [DBG] CM processsing: TCP/UDP read bytes,273053
2024-03-12 15:49:05.814 +00:00 [DBG] 🥶 APPEND line
2024-03-12 15:49:05.814 +00:00 [DBG] CM processsing: TCP/UDP write bytes,274164
2024-03-12 15:49:05.814 +00:00 [DBG] 🥶 APPEND line
2024-03-12 15:49:05.814 +00:00 [DBG] CM processsing: Auth read bytes,108000
2024-03-12 15:49:05.814 +00:00 [DBG] 🥶 APPEND line
2024-03-12 15:49:05.814 +00:00 [DBG] CM processsing: END
2024-03-12 15:49:05.814 +00:00 [DBG] 🥶 END
2024-03-12 15:49:05.814 +00:00 [DBG] OpenVPN STATISTICS
Updated,Tue Mar 12 15:49:05 2024
TUN/TAP read bytes,1236
TUN/TAP write bytes,96
TCP/UDP read bytes,273053
TCP/UDP write bytes,274164
Auth read bytes,108000
2024-03-12 15:49:05.814 +00:00 [DBG] CM processsing: 
2024-03-12 15:49:05.814 +00:00 [DBG] 🥶 APPEND line
2024-03-12 15:49:05.814 +00:00 [INF] Begin receive init again
2024-03-12 15:49:06.317 +00:00 [INF] Received bytes: 231
2024-03-12 15:49:06.317 +00:00 [DBG] Message marshalling complete
2024-03-12 15:49:06.318 +00:00 [DBG] CM received: >LOG:1710258546,D,MANAGEMENT: CMD 'status'
OpenVPN STATISTICS
Updated,Tue Mar 12 15:49:06 2024
TUN/TAP read bytes,1236
TUN/TAP write bytes,96
TCP/UDP read bytes,273093
TCP/UDP write bytes,274204
Auth read bytes,108016
END

2024-03-12 15:49:06.318 +00:00 [DBG] CM processsing: >LOG:1710258546,D,MANAGEMENT: CMD 'status'
2024-03-12 15:49:06.318 +00:00 [DBG] CM processsing: OpenVPN STATISTICS
2024-03-12 15:49:06.318 +00:00 [DBG] 🥶 APPEND line
2024-03-12 15:49:06.318 +00:00 [DBG] CM processsing: Updated,Tue Mar 12 15:49:06 2024
2024-03-12 15:49:06.318 +00:00 [DBG] 🥶 APPEND line
2024-03-12 15:49:06.318 +00:00 [DBG] CM processsing: TUN/TAP read bytes,1236
2024-03-12 15:49:06.318 +00:00 [DBG] 🥶 APPEND line
2024-03-12 15:49:06.318 +00:00 [DBG] CM processsing: TUN/TAP write bytes,96
2024-03-12 15:49:06.318 +00:00 [DBG] 🥶 APPEND line
2024-03-12 15:49:06.319 +00:00 [DBG] CM processsing: TCP/UDP read bytes,273093
2024-03-12 15:49:06.319 +00:00 [DBG] 🥶 APPEND line
2024-03-12 15:49:06.319 +00:00 [DBG] CM processsing: TCP/UDP write bytes,274204
2024-03-12 15:49:06.319 +00:00 [DBG] 🥶 APPEND line
2024-03-12 15:49:06.319 +00:00 [DBG] CM processsing: Auth read bytes,108016
2024-03-12 15:49:06.319 +00:00 [DBG] 🥶 APPEND line
2024-03-12 15:49:06.319 +00:00 [DBG] CM processsing: END
2024-03-12 15:49:06.319 +00:00 [DBG] 🥶 END
2024-03-12 15:49:06.319 +00:00 [DBG] OpenVPN STATISTICS
Updated,Tue Mar 12 15:49:06 2024
TUN/TAP read bytes,1236
TUN/TAP write bytes,96
TCP/UDP read bytes,273093
TCP/UDP write bytes,274204
Auth read bytes,108016
2024-03-12 15:49:06.320 +00:00 [DBG] CM processsing: 
2024-03-12 15:49:06.320 +00:00 [DBG] 🥶 APPEND line
2024-03-12 15:49:06.320 +00:00 [INF] Begin receive init again
2024-03-12 15:49:06.824 +00:00 [INF] Received bytes: 231
2024-03-12 15:49:06.825 +00:00 [DBG] Message marshalling complete
2024-03-12 15:49:06.826 +00:00 [DBG] CM received: >LOG:1710258546,D,MANAGEMENT: CMD 'status'
OpenVPN STATISTICS
Updated,Tue Mar 12 15:49:06 2024
TUN/TAP read bytes,1236
TUN/TAP write bytes,96
TCP/UDP read bytes,273093
TCP/UDP write bytes,274204
Auth read bytes,108016
END

2024-03-12 15:49:06.826 +00:00 [DBG] CM processsing: >LOG:1710258546,D,MANAGEMENT: CMD 'status'
2024-03-12 15:49:06.826 +00:00 [DBG] CM processsing: OpenVPN STATISTICS
2024-03-12 15:49:06.826 +00:00 [DBG] 🥶 APPEND line
2024-03-12 15:49:06.826 +00:00 [DBG] CM processsing: Updated,Tue Mar 12 15:49:06 2024
2024-03-12 15:49:06.826 +00:00 [DBG] 🥶 APPEND line
2024-03-12 15:49:06.826 +00:00 [DBG] CM processsing: TUN/TAP read bytes,1236
2024-03-12 15:49:06.827 +00:00 [DBG] 🥶 APPEND line
2024-03-12 15:49:06.827 +00:00 [DBG] CM processsing: TUN/TAP write bytes,96
2024-03-12 15:49:06.827 +00:00 [DBG] 🥶 APPEND line
2024-03-12 15:49:06.827 +00:00 [DBG] CM processsing: TCP/UDP read bytes,273093
2024-03-12 15:49:06.827 +00:00 [DBG] 🥶 APPEND line
2024-03-12 15:49:06.827 +00:00 [DBG] CM processsing: TCP/UDP write bytes,274204
2024-03-12 15:49:06.827 +00:00 [DBG] 🥶 APPEND line
2024-03-12 15:49:06.827 +00:00 [DBG] CM processsing: Auth read bytes,108016
2024-03-12 15:49:06.827 +00:00 [DBG] 🥶 APPEND line
2024-03-12 15:49:06.827 +00:00 [DBG] CM processsing: END
2024-03-12 15:49:06.827 +00:00 [DBG] 🥶 END
2024-03-12 15:49:06.829 +00:00 [DBG] OpenVPN STATISTICS
Updated,Tue Mar 12 15:49:06 2024
TUN/TAP read bytes,1236
TUN/TAP write bytes,96
TCP/UDP read bytes,273093
TCP/UDP write bytes,274204
Auth read bytes,108016
2024-03-12 15:49:06.829 +00:00 [DBG] CM processsing: 
2024-03-12 15:49:06.829 +00:00 [DBG] 🥶 APPEND line
2024-03-12 15:49:06.829 +00:00 [INF] Begin receive init again
2024-03-12 15:49:07.331 +00:00 [INF] Received bytes: 231
2024-03-12 15:49:07.332 +00:00 [DBG] Message marshalling complete
2024-03-12 15:49:07.332 +00:00 [DBG] CM received: >LOG:1710258547,D,MANAGEMENT: CMD 'status'
OpenVPN STATISTICS
Updated,Tue Mar 12 15:49:07 2024
TUN/TAP read bytes,1236
TUN/TAP write bytes,96
TCP/UDP read bytes,273093
TCP/UDP write bytes,274204
Auth read bytes,108016
END

2024-03-12 15:49:07.332 +00:00 [DBG] CM processsing: >LOG:1710258547,D,MANAGEMENT: CMD 'status'
2024-03-12 15:49:07.332 +00:00 [DBG] CM processsing: OpenVPN STATISTICS
2024-03-12 15:49:07.333 +00:00 [DBG] 🥶 APPEND line
2024-03-12 15:49:07.333 +00:00 [DBG] CM processsing: Updated,Tue Mar 12 15:49:07 2024
2024-03-12 15:49:07.333 +00:00 [DBG] 🥶 APPEND line
2024-03-12 15:49:07.333 +00:00 [DBG] CM processsing: TUN/TAP read bytes,1236
2024-03-12 15:49:07.333 +00:00 [DBG] 🥶 APPEND line
2024-03-12 15:49:07.333 +00:00 [DBG] CM processsing: TUN/TAP write bytes,96
2024-03-12 15:49:07.333 +00:00 [DBG] 🥶 APPEND line
2024-03-12 15:49:07.333 +00:00 [DBG] CM processsing: TCP/UDP read bytes,273093
2024-03-12 15:49:07.333 +00:00 [DBG] 🥶 APPEND line
2024-03-12 15:49:07.333 +00:00 [DBG] CM processsing: TCP/UDP write bytes,274204
2024-03-12 15:49:07.333 +00:00 [DBG] 🥶 APPEND line
2024-03-12 15:49:07.333 +00:00 [DBG] CM processsing: Auth read bytes,108016
2024-03-12 15:49:07.333 +00:00 [DBG] 🥶 APPEND line
2024-03-12 15:49:07.333 +00:00 [DBG] CM processsing: END
2024-03-12 15:49:07.333 +00:00 [DBG] 🥶 END
2024-03-12 15:49:07.334 +00:00 [DBG] OpenVPN STATISTICS
Updated,Tue Mar 12 15:49:07 2024
TUN/TAP read bytes,1236
TUN/TAP write bytes,96
TCP/UDP read bytes,273093
TCP/UDP write bytes,274204
Auth read bytes,108016
2024-03-12 15:49:07.334 +00:00 [DBG] CM processsing: 
2024-03-12 15:49:07.334 +00:00 [DBG] 🥶 APPEND line
2024-03-12 15:49:07.334 +00:00 [INF] Begin receive init again
2024-03-12 15:49:07.837 +00:00 [INF] Received bytes: 231
2024-03-12 15:49:07.837 +00:00 [DBG] Message marshalling complete
2024-03-12 15:49:07.838 +00:00 [DBG] CM received: >LOG:1710258547,D,MANAGEMENT: CMD 'status'
OpenVPN STATISTICS
Updated,Tue Mar 12 15:49:07 2024
TUN/TAP read bytes,1236
TUN/TAP write bytes,96
TCP/UDP read bytes,273133
TCP/UDP write bytes,274244
Auth read bytes,108032
END

2024-03-12 15:49:07.838 +00:00 [DBG] CM processsing: >LOG:1710258547,D,MANAGEMENT: CMD 'status'
2024-03-12 15:49:07.839 +00:00 [DBG] CM processsing: OpenVPN STATISTICS
2024-03-12 15:49:07.839 +00:00 [DBG] 🥶 APPEND line
2024-03-12 15:49:07.839 +00:00 [DBG] CM processsing: Updated,Tue Mar 12 15:49:07 2024
2024-03-12 15:49:07.839 +00:00 [DBG] 🥶 APPEND line
2024-03-12 15:49:07.839 +00:00 [DBG] CM processsing: TUN/TAP read bytes,1236
2024-03-12 15:49:07.839 +00:00 [DBG] 🥶 APPEND line
2024-03-12 15:49:07.839 +00:00 [DBG] CM processsing: TUN/TAP write bytes,96
2024-03-12 15:49:07.839 +00:00 [DBG] 🥶 APPEND line
2024-03-12 15:49:07.839 +00:00 [DBG] CM processsing: TCP/UDP read bytes,273133
2024-03-12 15:49:07.839 +00:00 [DBG] 🥶 APPEND line
2024-03-12 15:49:07.839 +00:00 [DBG] CM processsing: TCP/UDP write bytes,274244
2024-03-12 15:49:07.839 +00:00 [DBG] 🥶 APPEND line
2024-03-12 15:49:07.839 +00:00 [DBG] CM processsing: Auth read bytes,108032
2024-03-12 15:49:07.839 +00:00 [DBG] 🥶 APPEND line
2024-03-12 15:49:07.839 +00:00 [DBG] CM processsing: END
2024-03-12 15:49:07.839 +00:00 [DBG] 🥶 END
2024-03-12 15:49:07.840 +00:00 [DBG] OpenVPN STATISTICS
Updated,Tue Mar 12 15:49:07 2024
TUN/TAP read bytes,1236
TUN/TAP write bytes,96
TCP/UDP read bytes,273133
TCP/UDP write bytes,274244
Auth read bytes,108032
2024-03-12 15:49:07.848 +00:00 [DBG] CM processsing: 
2024-03-12 15:49:07.848 +00:00 [DBG] 🥶 APPEND line
2024-03-12 15:49:07.848 +00:00 [INF] Begin receive init again
2024-03-12 15:49:08.374 +00:00 [INF] Received bytes: 231
2024-03-12 15:49:08.374 +00:00 [DBG] Message marshalling complete
2024-03-12 15:49:08.375 +00:00 [DBG] CM received: >LOG:1710258548,D,MANAGEMENT: CMD 'status'
OpenVPN STATISTICS
Updated,Tue Mar 12 15:49:08 2024
TUN/TAP read bytes,1236
TUN/TAP write bytes,96
TCP/UDP read bytes,273133
TCP/UDP write bytes,274244
Auth read bytes,108032
END

2024-03-12 15:49:08.375 +00:00 [DBG] CM processsing: >LOG:1710258548,D,MANAGEMENT: CMD 'status'
2024-03-12 15:49:08.375 +00:00 [DBG] CM processsing: OpenVPN STATISTICS
2024-03-12 15:49:08.375 +00:00 [DBG] 🥶 APPEND line
2024-03-12 15:49:08.375 +00:00 [DBG] CM processsing: Updated,Tue Mar 12 15:49:08 2024
2024-03-12 15:49:08.375 +00:00 [DBG] 🥶 APPEND line
2024-03-12 15:49:08.375 +00:00 [DBG] CM processsing: TUN/TAP read bytes,1236
2024-03-12 15:49:08.375 +00:00 [DBG] 🥶 APPEND line
2024-03-12 15:49:08.375 +00:00 [DBG] CM processsing: TUN/TAP write bytes,96
2024-03-12 15:49:08.375 +00:00 [DBG] 🥶 APPEND line
2024-03-12 15:49:08.375 +00:00 [DBG] CM processsing: TCP/UDP read bytes,273133
2024-03-12 15:49:08.375 +00:00 [DBG] 🥶 APPEND line
2024-03-12 15:49:08.375 +00:00 [DBG] CM processsing: TCP/UDP write bytes,274244
2024-03-12 15:49:08.375 +00:00 [DBG] 🥶 APPEND line
2024-03-12 15:49:08.375 +00:00 [DBG] CM processsing: Auth read bytes,108032
2024-03-12 15:49:08.375 +00:00 [DBG] 🥶 APPEND line
2024-03-12 15:49:08.375 +00:00 [DBG] CM processsing: END
2024-03-12 15:49:08.375 +00:00 [DBG] 🥶 END
2024-03-12 15:49:08.375 +00:00 [DBG] OpenVPN STATISTICS
Updated,Tue Mar 12 15:49:08 2024
TUN/TAP read bytes,1236
TUN/TAP write bytes,96
TCP/UDP read bytes,273133
TCP/UDP write bytes,274244
Auth read bytes,108032
2024-03-12 15:49:08.376 +00:00 [DBG] CM processsing: 
2024-03-12 15:49:08.376 +00:00 [DBG] 🥶 APPEND line
2024-03-12 15:49:08.376 +00:00 [INF] Begin receive init again
2024-03-12 15:49:08.877 +00:00 [INF] Received bytes: 231
2024-03-12 15:49:08.877 +00:00 [DBG] Message marshalling complete
2024-03-12 15:49:08.878 +00:00 [DBG] CM received: >LOG:1710258548,D,MANAGEMENT: CMD 'status'
OpenVPN STATISTICS
Updated,Tue Mar 12 15:49:08 2024
TUN/TAP read bytes,1236
TUN/TAP write bytes,96
TCP/UDP read bytes,273173
TCP/UDP write bytes,274284
Auth read bytes,108048
END

2024-03-12 15:49:08.878 +00:00 [DBG] CM processsing: >LOG:1710258548,D,MANAGEMENT: CMD 'status'
2024-03-12 15:49:08.880 +00:00 [DBG] CM processsing: OpenVPN STATISTICS
2024-03-12 15:49:08.881 +00:00 [DBG] 🥶 APPEND line
2024-03-12 15:49:08.881 +00:00 [DBG] CM processsing: Updated,Tue Mar 12 15:49:08 2024
2024-03-12 15:49:08.881 +00:00 [DBG] 🥶 APPEND line
2024-03-12 15:49:08.881 +00:00 [DBG] CM processsing: TUN/TAP read bytes,1236
2024-03-12 15:49:08.881 +00:00 [DBG] 🥶 APPEND line
2024-03-12 15:49:08.881 +00:00 [DBG] CM processsing: TUN/TAP write bytes,96
2024-03-12 15:49:08.882 +00:00 [DBG] 🥶 APPEND line
2024-03-12 15:49:08.882 +00:00 [DBG] CM processsing: TCP/UDP read bytes,273173
2024-03-12 15:49:08.882 +00:00 [DBG] 🥶 APPEND line
2024-03-12 15:49:08.882 +00:00 [DBG] CM processsing: TCP/UDP write bytes,274284
2024-03-12 15:49:08.882 +00:00 [DBG] 🥶 APPEND line
2024-03-12 15:49:08.882 +00:00 [DBG] CM processsing: Auth read bytes,108048
2024-03-12 15:49:08.882 +00:00 [DBG] 🥶 APPEND line
2024-03-12 15:49:08.882 +00:00 [DBG] CM processsing: END
2024-03-12 15:49:08.882 +00:00 [DBG] 🥶 END
2024-03-12 15:49:08.883 +00:00 [DBG] OpenVPN STATISTICS
Updated,Tue Mar 12 15:49:08 2024
TUN/TAP read bytes,1236
TUN/TAP write bytes,96
TCP/UDP read bytes,273173
TCP/UDP write bytes,274284
Auth read bytes,108048
2024-03-12 15:49:08.884 +00:00 [DBG] CM processsing: 
2024-03-12 15:49:08.884 +00:00 [DBG] 🥶 APPEND line
2024-03-12 15:49:08.884 +00:00 [INF] Begin receive init again
2024-03-12 15:49:09.387 +00:00 [INF] Received bytes: 231
2024-03-12 15:49:09.387 +00:00 [DBG] Message marshalling complete
2024-03-12 15:49:09.389 +00:00 [DBG] CM received: >LOG:1710258549,D,MANAGEMENT: CMD 'status'
OpenVPN STATISTICS
Updated,Tue Mar 12 15:49:09 2024
TUN/TAP read bytes,1236
TUN/TAP write bytes,96
TCP/UDP read bytes,273173
TCP/UDP write bytes,274284
Auth read bytes,108048
END

2024-03-12 15:49:09.390 +00:00 [DBG] CM processsing: >LOG:1710258549,D,MANAGEMENT: CMD 'status'
2024-03-12 15:49:09.392 +00:00 [DBG] CM processsing: OpenVPN STATISTICS
2024-03-12 15:49:09.392 +00:00 [DBG] 🥶 APPEND line
2024-03-12 15:49:09.392 +00:00 [DBG] CM processsing: Updated,Tue Mar 12 15:49:09 2024
2024-03-12 15:49:09.393 +00:00 [DBG] 🥶 APPEND line
2024-03-12 15:49:09.393 +00:00 [DBG] CM processsing: TUN/TAP read bytes,1236
2024-03-12 15:49:09.393 +00:00 [DBG] 🥶 APPEND line
2024-03-12 15:49:09.393 +00:00 [DBG] CM processsing: TUN/TAP write bytes,96
2024-03-12 15:49:09.393 +00:00 [DBG] 🥶 APPEND line
2024-03-12 15:49:09.393 +00:00 [DBG] CM processsing: TCP/UDP read bytes,273173
2024-03-12 15:49:09.393 +00:00 [DBG] 🥶 APPEND line
2024-03-12 15:49:09.393 +00:00 [DBG] CM processsing: TCP/UDP write bytes,274284
2024-03-12 15:49:09.393 +00:00 [DBG] 🥶 APPEND line
2024-03-12 15:49:09.393 +00:00 [DBG] CM processsing: Auth read bytes,108048
2024-03-12 15:49:09.393 +00:00 [DBG] 🥶 APPEND line
2024-03-12 15:49:09.393 +00:00 [DBG] CM processsing: END
2024-03-12 15:49:09.393 +00:00 [DBG] 🥶 END
2024-03-12 15:49:09.394 +00:00 [DBG] OpenVPN STATISTICS
Updated,Tue Mar 12 15:49:09 2024
TUN/TAP read bytes,1236
TUN/TAP write bytes,96
TCP/UDP read bytes,273173
TCP/UDP write bytes,274284
Auth read bytes,108048
2024-03-12 15:49:09.397 +00:00 [DBG] CM processsing: 
2024-03-12 15:49:09.397 +00:00 [DBG] 🥶 APPEND line
2024-03-12 15:49:09.397 +00:00 [INF] Begin receive init again
2024-03-12 15:49:09.898 +00:00 [INF] Received bytes: 231
2024-03-12 15:49:09.899 +00:00 [DBG] Message marshalling complete
2024-03-12 15:49:09.900 +00:00 [DBG] CM received: >LOG:1710258549,D,MANAGEMENT: CMD 'status'
OpenVPN STATISTICS
Updated,Tue Mar 12 15:49:09 2024
TUN/TAP read bytes,1236
TUN/TAP write bytes,96
TCP/UDP read bytes,273213
TCP/UDP write bytes,274324
Auth read bytes,108064
END

2024-03-12 15:49:09.900 +00:00 [DBG] CM processsing: >LOG:1710258549,D,MANAGEMENT: CMD 'status'
2024-03-12 15:49:09.900 +00:00 [DBG] CM processsing: OpenVPN STATISTICS
2024-03-12 15:49:09.900 +00:00 [DBG] 🥶 APPEND line
2024-03-12 15:49:09.900 +00:00 [DBG] CM processsing: Updated,Tue Mar 12 15:49:09 2024
2024-03-12 15:49:09.900 +00:00 [DBG] 🥶 APPEND line
2024-03-12 15:49:09.901 +00:00 [DBG] CM processsing: TUN/TAP read bytes,1236
2024-03-12 15:49:09.901 +00:00 [DBG] 🥶 APPEND line
2024-03-12 15:49:09.901 +00:00 [DBG] CM processsing: TUN/TAP write bytes,96
2024-03-12 15:49:09.901 +00:00 [DBG] 🥶 APPEND line
2024-03-12 15:49:09.901 +00:00 [DBG] CM processsing: TCP/UDP read bytes,273213
2024-03-12 15:49:09.901 +00:00 [DBG] 🥶 APPEND line
2024-03-12 15:49:09.901 +00:00 [DBG] CM processsing: TCP/UDP write bytes,274324
2024-03-12 15:49:09.901 +00:00 [DBG] 🥶 APPEND line
2024-03-12 15:49:09.901 +00:00 [DBG] CM processsing: Auth read bytes,108064
2024-03-12 15:49:09.901 +00:00 [DBG] 🥶 APPEND line
2024-03-12 15:49:09.902 +00:00 [DBG] CM processsing: END
2024-03-12 15:49:09.902 +00:00 [DBG] 🥶 END
2024-03-12 15:49:09.902 +00:00 [DBG] OpenVPN STATISTICS
Updated,Tue Mar 12 15:49:09 2024
TUN/TAP read bytes,1236
TUN/TAP write bytes,96
TCP/UDP read bytes,273213
TCP/UDP write bytes,274324
Auth read bytes,108064
2024-03-12 15:49:09.904 +00:00 [DBG] CM processsing: 
2024-03-12 15:49:09.904 +00:00 [DBG] 🥶 APPEND line
2024-03-12 15:49:09.904 +00:00 [INF] Begin receive init again
2024-03-12 15:49:10.419 +00:00 [INF] Received bytes: 231
2024-03-12 15:49:10.419 +00:00 [DBG] Message marshalling complete
2024-03-12 15:49:10.420 +00:00 [DBG] CM received: >LOG:1710258550,D,MANAGEMENT: CMD 'status'
OpenVPN STATISTICS
Updated,Tue Mar 12 15:49:10 2024
TUN/TAP read bytes,1236
TUN/TAP write bytes,96
TCP/UDP read bytes,273213
TCP/UDP write bytes,274324
Auth read bytes,108064
END

2024-03-12 15:49:10.420 +00:00 [DBG] CM processsing: >LOG:1710258550,D,MANAGEMENT: CMD 'status'
2024-03-12 15:49:10.420 +00:00 [DBG] CM processsing: OpenVPN STATISTICS
2024-03-12 15:49:10.420 +00:00 [DBG] 🥶 APPEND line
2024-03-12 15:49:10.420 +00:00 [DBG] CM processsing: Updated,Tue Mar 12 15:49:10 2024
2024-03-12 15:49:10.420 +00:00 [DBG] 🥶 APPEND line
2024-03-12 15:49:10.420 +00:00 [DBG] CM processsing: TUN/TAP read bytes,1236
2024-03-12 15:49:10.420 +00:00 [DBG] 🥶 APPEND line
2024-03-12 15:49:10.420 +00:00 [DBG] CM processsing: TUN/TAP write bytes,96
2024-03-12 15:49:10.420 +00:00 [DBG] 🥶 APPEND line
2024-03-12 15:49:10.420 +00:00 [DBG] CM processsing: TCP/UDP read bytes,273213
2024-03-12 15:49:10.420 +00:00 [DBG] 🥶 APPEND line
2024-03-12 15:49:10.420 +00:00 [DBG] CM processsing: TCP/UDP write bytes,274324
2024-03-12 15:49:10.420 +00:00 [DBG] 🥶 APPEND line
2024-03-12 15:49:10.420 +00:00 [DBG] CM processsing: Auth read bytes,108064
2024-03-12 15:49:10.420 +00:00 [DBG] 🥶 APPEND line
2024-03-12 15:49:10.420 +00:00 [DBG] CM processsing: END
2024-03-12 15:49:10.420 +00:00 [DBG] 🥶 END
2024-03-12 15:49:10.421 +00:00 [DBG] OpenVPN STATISTICS
Updated,Tue Mar 12 15:49:10 2024
TUN/TAP read bytes,1236
TUN/TAP write bytes,96
TCP/UDP read bytes,273213
TCP/UDP write bytes,274324
Auth read bytes,108064
2024-03-12 15:49:10.421 +00:00 [DBG] CM processsing: 
2024-03-12 15:49:10.421 +00:00 [DBG] 🥶 APPEND line
2024-03-12 15:49:10.421 +00:00 [INF] Begin receive init again
2024-03-12 15:49:10.924 +00:00 [INF] Received bytes: 231
2024-03-12 15:49:10.924 +00:00 [DBG] Message marshalling complete
2024-03-12 15:49:10.925 +00:00 [DBG] CM received: >LOG:1710258550,D,MANAGEMENT: CMD 'status'
OpenVPN STATISTICS
Updated,Tue Mar 12 15:49:10 2024
TUN/TAP read bytes,1236
TUN/TAP write bytes,96
TCP/UDP read bytes,273253
TCP/UDP write bytes,274364
Auth read bytes,108080
END

2024-03-12 15:49:10.925 +00:00 [DBG] CM processsing: >LOG:1710258550,D,MANAGEMENT: CMD 'status'
2024-03-12 15:49:10.925 +00:00 [DBG] CM processsing: OpenVPN STATISTICS
2024-03-12 15:49:10.925 +00:00 [DBG] 🥶 APPEND line
2024-03-12 15:49:10.925 +00:00 [DBG] CM processsing: Updated,Tue Mar 12 15:49:10 2024
2024-03-12 15:49:10.925 +00:00 [DBG] 🥶 APPEND line
2024-03-12 15:49:10.925 +00:00 [DBG] CM processsing: TUN/TAP read bytes,1236
2024-03-12 15:49:10.925 +00:00 [DBG] 🥶 APPEND line
2024-03-12 15:49:10.925 +00:00 [DBG] CM processsing: TUN/TAP write bytes,96
2024-03-12 15:49:10.925 +00:00 [DBG] 🥶 APPEND line
2024-03-12 15:49:10.925 +00:00 [DBG] CM processsing: TCP/UDP read bytes,273253
2024-03-12 15:49:10.925 +00:00 [DBG] 🥶 APPEND line
2024-03-12 15:49:10.925 +00:00 [DBG] CM processsing: TCP/UDP write bytes,274364
2024-03-12 15:49:10.925 +00:00 [DBG] 🥶 APPEND line
2024-03-12 15:49:10.925 +00:00 [DBG] CM processsing: Auth read bytes,108080
2024-03-12 15:49:10.925 +00:00 [DBG] 🥶 APPEND line
2024-03-12 15:49:10.925 +00:00 [DBG] CM processsing: END
2024-03-12 15:49:10.925 +00:00 [DBG] 🥶 END
2024-03-12 15:49:10.926 +00:00 [DBG] OpenVPN STATISTICS
Updated,Tue Mar 12 15:49:10 2024
TUN/TAP read bytes,1236
TUN/TAP write bytes,96
TCP/UDP read bytes,273253
TCP/UDP write bytes,274364
Auth read bytes,108080
2024-03-12 15:49:10.926 +00:00 [DBG] CM processsing: 
2024-03-12 15:49:10.926 +00:00 [DBG] 🥶 APPEND line
2024-03-12 15:49:10.926 +00:00 [INF] Begin receive init again
2024-03-12 15:49:11.428 +00:00 [INF] Received bytes: 231
2024-03-12 15:49:11.439 +00:00 [DBG] Message marshalling complete
2024-03-12 15:49:11.440 +00:00 [DBG] CM received: >LOG:1710258551,D,MANAGEMENT: CMD 'status'
OpenVPN STATISTICS
Updated,Tue Mar 12 15:49:11 2024
TUN/TAP read bytes,1236
TUN/TAP write bytes,96
TCP/UDP read bytes,273253
TCP/UDP write bytes,274364
Auth read bytes,108080
END

2024-03-12 15:49:11.440 +00:00 [DBG] CM processsing: >LOG:1710258551,D,MANAGEMENT: CMD 'status'
2024-03-12 15:49:11.440 +00:00 [DBG] CM processsing: OpenVPN STATISTICS
2024-03-12 15:49:11.440 +00:00 [DBG] 🥶 APPEND line
2024-03-12 15:49:11.441 +00:00 [DBG] CM processsing: Updated,Tue Mar 12 15:49:11 2024
2024-03-12 15:49:11.441 +00:00 [DBG] 🥶 APPEND line
2024-03-12 15:49:11.441 +00:00 [DBG] CM processsing: TUN/TAP read bytes,1236
2024-03-12 15:49:11.441 +00:00 [DBG] 🥶 APPEND line
2024-03-12 15:49:11.441 +00:00 [DBG] CM processsing: TUN/TAP write bytes,96
2024-03-12 15:49:11.441 +00:00 [DBG] 🥶 APPEND line
2024-03-12 15:49:11.441 +00:00 [DBG] CM processsing: TCP/UDP read bytes,273253
2024-03-12 15:49:11.441 +00:00 [DBG] 🥶 APPEND line
2024-03-12 15:49:11.441 +00:00 [DBG] CM processsing: TCP/UDP write bytes,274364
2024-03-12 15:49:11.441 +00:00 [DBG] 🥶 APPEND line
2024-03-12 15:49:11.441 +00:00 [DBG] CM processsing: Auth read bytes,108080
2024-03-12 15:49:11.441 +00:00 [DBG] 🥶 APPEND line
2024-03-12 15:49:11.441 +00:00 [DBG] CM processsing: END
2024-03-12 15:49:11.441 +00:00 [DBG] 🥶 END
2024-03-12 15:49:11.441 +00:00 [DBG] OpenVPN STATISTICS
Updated,Tue Mar 12 15:49:11 2024
TUN/TAP read bytes,1236
TUN/TAP write bytes,96
TCP/UDP read bytes,273253
TCP/UDP write bytes,274364
Auth read bytes,108080
2024-03-12 15:49:11.442 +00:00 [DBG] CM processsing: 
2024-03-12 15:49:11.442 +00:00 [DBG] 🥶 APPEND line
2024-03-12 15:49:11.442 +00:00 [INF] Begin receive init again
2024-03-12 15:49:11.943 +00:00 [INF] Received bytes: 231
2024-03-12 15:49:11.944 +00:00 [DBG] Message marshalling complete
2024-03-12 15:49:11.944 +00:00 [DBG] CM received: >LOG:1710258551,D,MANAGEMENT: CMD 'status'
OpenVPN STATISTICS
Updated,Tue Mar 12 15:49:11 2024
TUN/TAP read bytes,1236
TUN/TAP write bytes,96
TCP/UDP read bytes,273293
TCP/UDP write bytes,274404
Auth read bytes,108096
END

2024-03-12 15:49:11.944 +00:00 [DBG] CM processsing: >LOG:1710258551,D,MANAGEMENT: CMD 'status'
2024-03-12 15:49:11.944 +00:00 [DBG] CM processsing: OpenVPN STATISTICS
2024-03-12 15:49:11.944 +00:00 [DBG] 🥶 APPEND line
2024-03-12 15:49:11.944 +00:00 [DBG] CM processsing: Updated,Tue Mar 12 15:49:11 2024
2024-03-12 15:49:11.944 +00:00 [DBG] 🥶 APPEND line
2024-03-12 15:49:11.944 +00:00 [DBG] CM processsing: TUN/TAP read bytes,1236
2024-03-12 15:49:11.944 +00:00 [DBG] 🥶 APPEND line
2024-03-12 15:49:11.944 +00:00 [DBG] CM processsing: TUN/TAP write bytes,96
2024-03-12 15:49:11.944 +00:00 [DBG] 🥶 APPEND line
2024-03-12 15:49:11.944 +00:00 [DBG] CM processsing: TCP/UDP read bytes,273293
2024-03-12 15:49:11.944 +00:00 [DBG] 🥶 APPEND line
2024-03-12 15:49:11.944 +00:00 [DBG] CM processsing: TCP/UDP write bytes,274404
2024-03-12 15:49:11.944 +00:00 [DBG] 🥶 APPEND line
2024-03-12 15:49:11.944 +00:00 [DBG] CM processsing: Auth read bytes,108096
2024-03-12 15:49:11.944 +00:00 [DBG] 🥶 APPEND line
2024-03-12 15:49:11.944 +00:00 [DBG] CM processsing: END
2024-03-12 15:49:11.944 +00:00 [DBG] 🥶 END
2024-03-12 15:49:11.945 +00:00 [DBG] OpenVPN STATISTICS
Updated,Tue Mar 12 15:49:11 2024
TUN/TAP read bytes,1236
TUN/TAP write bytes,96
TCP/UDP read bytes,273293
TCP/UDP write bytes,274404
Auth read bytes,108096
2024-03-12 15:49:11.945 +00:00 [DBG] CM processsing: 
2024-03-12 15:49:11.945 +00:00 [DBG] 🥶 APPEND line
2024-03-12 15:49:11.945 +00:00 [INF] Begin receive init again
2024-03-12 15:49:12.448 +00:00 [INF] Received bytes: 231
2024-03-12 15:49:12.448 +00:00 [DBG] Message marshalling complete
2024-03-12 15:49:12.450 +00:00 [DBG] CM received: >LOG:1710258552,D,MANAGEMENT: CMD 'status'
OpenVPN STATISTICS
Updated,Tue Mar 12 15:49:12 2024
TUN/TAP read bytes,1236
TUN/TAP write bytes,96
TCP/UDP read bytes,273293
TCP/UDP write bytes,274404
Auth read bytes,108096
END

2024-03-12 15:49:12.450 +00:00 [DBG] CM processsing: >LOG:1710258552,D,MANAGEMENT: CMD 'status'
2024-03-12 15:49:12.451 +00:00 [DBG] CM processsing: OpenVPN STATISTICS
2024-03-12 15:49:12.451 +00:00 [DBG] 🥶 APPEND line
2024-03-12 15:49:12.451 +00:00 [DBG] CM processsing: Updated,Tue Mar 12 15:49:12 2024
2024-03-12 15:49:12.451 +00:00 [DBG] 🥶 APPEND line
2024-03-12 15:49:12.451 +00:00 [DBG] CM processsing: TUN/TAP read bytes,1236
2024-03-12 15:49:12.451 +00:00 [DBG] 🥶 APPEND line
2024-03-12 15:49:12.451 +00:00 [DBG] CM processsing: TUN/TAP write bytes,96
2024-03-12 15:49:12.451 +00:00 [DBG] 🥶 APPEND line
2024-03-12 15:49:12.452 +00:00 [DBG] CM processsing: TCP/UDP read bytes,273293
2024-03-12 15:49:12.452 +00:00 [DBG] 🥶 APPEND line
2024-03-12 15:49:12.452 +00:00 [DBG] CM processsing: TCP/UDP write bytes,274404
2024-03-12 15:49:12.452 +00:00 [DBG] 🥶 APPEND line
2024-03-12 15:49:12.452 +00:00 [DBG] CM processsing: Auth read bytes,108096
2024-03-12 15:49:12.452 +00:00 [DBG] 🥶 APPEND line
2024-03-12 15:49:12.452 +00:00 [DBG] CM processsing: END
2024-03-12 15:49:12.453 +00:00 [DBG] 🥶 END
2024-03-12 15:49:12.454 +00:00 [DBG] OpenVPN STATISTICS
Updated,Tue Mar 12 15:49:12 2024
TUN/TAP read bytes,1236
TUN/TAP write bytes,96
TCP/UDP read bytes,273293
TCP/UDP write bytes,274404
Auth read bytes,108096
2024-03-12 15:49:12.455 +00:00 [DBG] CM processsing: 
2024-03-12 15:49:12.456 +00:00 [DBG] 🥶 APPEND line
2024-03-12 15:49:12.456 +00:00 [INF] Begin receive init again
2024-03-12 15:49:12.960 +00:00 [INF] Received bytes: 231
2024-03-12 15:49:12.960 +00:00 [DBG] Message marshalling complete
2024-03-12 15:49:12.961 +00:00 [DBG] CM received: >LOG:1710258552,D,MANAGEMENT: CMD 'status'
OpenVPN STATISTICS
Updated,Tue Mar 12 15:49:12 2024
TUN/TAP read bytes,1236
TUN/TAP write bytes,96
TCP/UDP read bytes,273333
TCP/UDP write bytes,274444
Auth read bytes,108112
END

2024-03-12 15:49:12.961 +00:00 [DBG] CM processsing: >LOG:1710258552,D,MANAGEMENT: CMD 'status'
2024-03-12 15:49:12.961 +00:00 [DBG] CM processsing: OpenVPN STATISTICS
2024-03-12 15:49:12.961 +00:00 [DBG] 🥶 APPEND line
2024-03-12 15:49:12.961 +00:00 [DBG] CM processsing: Updated,Tue Mar 12 15:49:12 2024
2024-03-12 15:49:12.961 +00:00 [DBG] 🥶 APPEND line
2024-03-12 15:49:12.961 +00:00 [DBG] CM processsing: TUN/TAP read bytes,1236
2024-03-12 15:49:12.961 +00:00 [DBG] 🥶 APPEND line
2024-03-12 15:49:12.961 +00:00 [DBG] CM processsing: TUN/TAP write bytes,96
2024-03-12 15:49:12.961 +00:00 [DBG] 🥶 APPEND line
2024-03-12 15:49:12.961 +00:00 [DBG] CM processsing: TCP/UDP read bytes,273333
2024-03-12 15:49:12.961 +00:00 [DBG] 🥶 APPEND line
2024-03-12 15:49:12.961 +00:00 [DBG] CM processsing: TCP/UDP write bytes,274444
2024-03-12 15:49:12.961 +00:00 [DBG] 🥶 APPEND line
2024-03-12 15:49:12.962 +00:00 [DBG] CM processsing: Auth read bytes,108112
2024-03-12 15:49:12.962 +00:00 [DBG] 🥶 APPEND line
2024-03-12 15:49:12.962 +00:00 [DBG] CM processsing: END
2024-03-12 15:49:12.962 +00:00 [DBG] 🥶 END
2024-03-12 15:49:12.962 +00:00 [DBG] OpenVPN STATISTICS
Updated,Tue Mar 12 15:49:12 2024
TUN/TAP read bytes,1236
TUN/TAP write bytes,96
TCP/UDP read bytes,273333
TCP/UDP write bytes,274444
Auth read bytes,108112
2024-03-12 15:49:12.962 +00:00 [DBG] CM processsing: 
2024-03-12 15:49:12.962 +00:00 [DBG] 🥶 APPEND line
2024-03-12 15:49:12.962 +00:00 [INF] Begin receive init again
2024-03-12 15:49:13.464 +00:00 [INF] Received bytes: 231
2024-03-12 15:49:13.465 +00:00 [DBG] Message marshalling complete
2024-03-12 15:49:13.466 +00:00 [DBG] CM received: >LOG:1710258553,D,MANAGEMENT: CMD 'status'
OpenVPN STATISTICS
Updated,Tue Mar 12 15:49:13 2024
TUN/TAP read bytes,1236
TUN/TAP write bytes,96
TCP/UDP read bytes,273333
TCP/UDP write bytes,274444
Auth read bytes,108112
END

2024-03-12 15:49:13.467 +00:00 [DBG] CM processsing: >LOG:1710258553,D,MANAGEMENT: CMD 'status'
2024-03-12 15:49:13.467 +00:00 [DBG] CM processsing: OpenVPN STATISTICS
2024-03-12 15:49:13.468 +00:00 [DBG] 🥶 APPEND line
2024-03-12 15:49:13.468 +00:00 [DBG] CM processsing: Updated,Tue Mar 12 15:49:13 2024
2024-03-12 15:49:13.468 +00:00 [DBG] 🥶 APPEND line
2024-03-12 15:49:13.468 +00:00 [DBG] CM processsing: TUN/TAP read bytes,1236
2024-03-12 15:49:13.468 +00:00 [DBG] 🥶 APPEND line
2024-03-12 15:49:13.468 +00:00 [DBG] CM processsing: TUN/TAP write bytes,96
2024-03-12 15:49:13.468 +00:00 [DBG] 🥶 APPEND line
2024-03-12 15:49:13.468 +00:00 [DBG] CM processsing: TCP/UDP read bytes,273333
2024-03-12 15:49:13.468 +00:00 [DBG] 🥶 APPEND line
2024-03-12 15:49:13.468 +00:00 [DBG] CM processsing: TCP/UDP write bytes,274444
2024-03-12 15:49:13.468 +00:00 [DBG] 🥶 APPEND line
2024-03-12 15:49:13.468 +00:00 [DBG] CM processsing: Auth read bytes,108112
2024-03-12 15:49:13.468 +00:00 [DBG] 🥶 APPEND line
2024-03-12 15:49:13.469 +00:00 [DBG] CM processsing: END
2024-03-12 15:49:13.469 +00:00 [DBG] 🥶 END
2024-03-12 15:49:13.469 +00:00 [DBG] OpenVPN STATISTICS
Updated,Tue Mar 12 15:49:13 2024
TUN/TAP read bytes,1236
TUN/TAP write bytes,96
TCP/UDP read bytes,273333
TCP/UDP write bytes,274444
Auth read bytes,108112
2024-03-12 15:49:13.469 +00:00 [DBG] CM processsing: 
2024-03-12 15:49:13.470 +00:00 [DBG] 🥶 APPEND line
2024-03-12 15:49:13.470 +00:00 [INF] Begin receive init again
2024-03-12 15:49:13.972 +00:00 [INF] Received bytes: 231
2024-03-12 15:49:13.973 +00:00 [DBG] Message marshalling complete
2024-03-12 15:49:13.974 +00:00 [DBG] CM received: >LOG:1710258553,D,MANAGEMENT: CMD 'status'
OpenVPN STATISTICS
Updated,Tue Mar 12 15:49:13 2024
TUN/TAP read bytes,1236
TUN/TAP write bytes,96
TCP/UDP read bytes,273373
TCP/UDP write bytes,274484
Auth read bytes,108128
END

2024-03-12 15:49:13.974 +00:00 [DBG] CM processsing: >LOG:1710258553,D,MANAGEMENT: CMD 'status'
2024-03-12 15:49:13.974 +00:00 [DBG] CM processsing: OpenVPN STATISTICS
2024-03-12 15:49:13.974 +00:00 [DBG] 🥶 APPEND line
2024-03-12 15:49:13.974 +00:00 [DBG] CM processsing: Updated,Tue Mar 12 15:49:13 2024
2024-03-12 15:49:13.974 +00:00 [DBG] 🥶 APPEND line
2024-03-12 15:49:13.975 +00:00 [DBG] CM processsing: TUN/TAP read bytes,1236
2024-03-12 15:49:13.975 +00:00 [DBG] 🥶 APPEND line
2024-03-12 15:49:13.975 +00:00 [DBG] CM processsing: TUN/TAP write bytes,96
2024-03-12 15:49:13.975 +00:00 [DBG] 🥶 APPEND line
2024-03-12 15:49:13.975 +00:00 [DBG] CM processsing: TCP/UDP read bytes,273373
2024-03-12 15:49:13.975 +00:00 [DBG] 🥶 APPEND line
2024-03-12 15:49:13.975 +00:00 [DBG] CM processsing: TCP/UDP write bytes,274484
2024-03-12 15:49:13.975 +00:00 [DBG] 🥶 APPEND line
2024-03-12 15:49:13.975 +00:00 [DBG] CM processsing: Auth read bytes,108128
2024-03-12 15:49:13.975 +00:00 [DBG] 🥶 APPEND line
2024-03-12 15:49:13.975 +00:00 [DBG] CM processsing: END
2024-03-12 15:49:13.975 +00:00 [DBG] 🥶 END
2024-03-12 15:49:13.976 +00:00 [DBG] OpenVPN STATISTICS
Updated,Tue Mar 12 15:49:13 2024
TUN/TAP read bytes,1236
TUN/TAP write bytes,96
TCP/UDP read bytes,273373
TCP/UDP write bytes,274484
Auth read bytes,108128
2024-03-12 15:49:13.977 +00:00 [DBG] CM processsing: 
2024-03-12 15:49:13.977 +00:00 [DBG] 🥶 APPEND line
2024-03-12 15:49:13.978 +00:00 [INF] Begin receive init again
2024-03-12 15:49:14.484 +00:00 [INF] Received bytes: 231
2024-03-12 15:49:14.485 +00:00 [DBG] Message marshalling complete
2024-03-12 15:49:14.485 +00:00 [DBG] CM received: >LOG:1710258554,D,MANAGEMENT: CMD 'status'
OpenVPN STATISTICS
Updated,Tue Mar 12 15:49:14 2024
TUN/TAP read bytes,1236
TUN/TAP write bytes,96
TCP/UDP read bytes,273373
TCP/UDP write bytes,274484
Auth read bytes,108128
END

2024-03-12 15:49:14.486 +00:00 [DBG] CM processsing: >LOG:1710258554,D,MANAGEMENT: CMD 'status'
2024-03-12 15:49:14.486 +00:00 [DBG] CM processsing: OpenVPN STATISTICS
2024-03-12 15:49:14.486 +00:00 [DBG] 🥶 APPEND line
2024-03-12 15:49:14.486 +00:00 [DBG] CM processsing: Updated,Tue Mar 12 15:49:14 2024
2024-03-12 15:49:14.486 +00:00 [DBG] 🥶 APPEND line
2024-03-12 15:49:14.486 +00:00 [DBG] CM processsing: TUN/TAP read bytes,1236
2024-03-12 15:49:14.486 +00:00 [DBG] 🥶 APPEND line
2024-03-12 15:49:14.486 +00:00 [DBG] CM processsing: TUN/TAP write bytes,96
2024-03-12 15:49:14.486 +00:00 [DBG] 🥶 APPEND line
2024-03-12 15:49:14.486 +00:00 [DBG] CM processsing: TCP/UDP read bytes,273373
2024-03-12 15:49:14.486 +00:00 [DBG] 🥶 APPEND line
2024-03-12 15:49:14.486 +00:00 [DBG] CM processsing: TCP/UDP write bytes,274484
2024-03-12 15:49:14.487 +00:00 [DBG] 🥶 APPEND line
2024-03-12 15:49:14.487 +00:00 [DBG] CM processsing: Auth read bytes,108128
2024-03-12 15:49:14.487 +00:00 [DBG] 🥶 APPEND line
2024-03-12 15:49:14.487 +00:00 [DBG] CM processsing: END
2024-03-12 15:49:14.487 +00:00 [DBG] 🥶 END
2024-03-12 15:49:14.487 +00:00 [DBG] OpenVPN STATISTICS
Updated,Tue Mar 12 15:49:14 2024
TUN/TAP read bytes,1236
TUN/TAP write bytes,96
TCP/UDP read bytes,273373
TCP/UDP write bytes,274484
Auth read bytes,108128
2024-03-12 15:49:14.491 +00:00 [DBG] CM processsing: 
2024-03-12 15:49:14.494 +00:00 [DBG] 🥶 APPEND line
2024-03-12 15:49:14.495 +00:00 [INF] Begin receive init again
2024-03-12 15:49:14.995 +00:00 [INF] Received bytes: 231
2024-03-12 15:49:14.995 +00:00 [DBG] Message marshalling complete
2024-03-12 15:49:14.998 +00:00 [DBG] CM received: >LOG:1710258554,D,MANAGEMENT: CMD 'status'
OpenVPN STATISTICS
Updated,Tue Mar 12 15:49:14 2024
TUN/TAP read bytes,1236
TUN/TAP write bytes,96
TCP/UDP read bytes,273413
TCP/UDP write bytes,274524
Auth read bytes,108144
END

2024-03-12 15:49:14.999 +00:00 [DBG] CM processsing: >LOG:1710258554,D,MANAGEMENT: CMD 'status'
2024-03-12 15:49:14.999 +00:00 [DBG] CM processsing: OpenVPN STATISTICS
2024-03-12 15:49:14.999 +00:00 [DBG] 🥶 APPEND line
2024-03-12 15:49:14.999 +00:00 [DBG] CM processsing: Updated,Tue Mar 12 15:49:14 2024
2024-03-12 15:49:14.999 +00:00 [DBG] 🥶 APPEND line
2024-03-12 15:49:14.999 +00:00 [DBG] CM processsing: TUN/TAP read bytes,1236
2024-03-12 15:49:14.999 +00:00 [DBG] 🥶 APPEND line
2024-03-12 15:49:14.999 +00:00 [DBG] CM processsing: TUN/TAP write bytes,96
2024-03-12 15:49:14.999 +00:00 [DBG] 🥶 APPEND line
2024-03-12 15:49:14.999 +00:00 [DBG] CM processsing: TCP/UDP read bytes,273413
2024-03-12 15:49:14.999 +00:00 [DBG] 🥶 APPEND line
2024-03-12 15:49:14.999 +00:00 [DBG] CM processsing: TCP/UDP write bytes,274524
2024-03-12 15:49:14.999 +00:00 [DBG] 🥶 APPEND line
2024-03-12 15:49:14.999 +00:00 [DBG] CM processsing: Auth read bytes,108144
2024-03-12 15:49:14.999 +00:00 [DBG] 🥶 APPEND line
2024-03-12 15:49:15.000 +00:00 [DBG] CM processsing: END
2024-03-12 15:49:15.000 +00:00 [DBG] 🥶 END
2024-03-12 15:49:15.000 +00:00 [DBG] OpenVPN STATISTICS
Updated,Tue Mar 12 15:49:14 2024
TUN/TAP read bytes,1236
TUN/TAP write bytes,96
TCP/UDP read bytes,273413
TCP/UDP write bytes,274524
Auth read bytes,108144
2024-03-12 15:49:15.001 +00:00 [DBG] CM processsing: 
2024-03-12 15:49:15.001 +00:00 [DBG] 🥶 APPEND line
2024-03-12 15:49:15.001 +00:00 [INF] Begin receive init again
2024-03-12 15:49:15.502 +00:00 [INF] Received bytes: 231
2024-03-12 15:49:15.502 +00:00 [DBG] Message marshalling complete
2024-03-12 15:49:15.503 +00:00 [DBG] CM received: >LOG:1710258555,D,MANAGEMENT: CMD 'status'
OpenVPN STATISTICS
Updated,Tue Mar 12 15:49:15 2024
TUN/TAP read bytes,1236
TUN/TAP write bytes,96
TCP/UDP read bytes,273453
TCP/UDP write bytes,274564
Auth read bytes,108160
END

2024-03-12 15:49:15.503 +00:00 [DBG] CM processsing: >LOG:1710258555,D,MANAGEMENT: CMD 'status'
2024-03-12 15:49:15.503 +00:00 [DBG] CM processsing: OpenVPN STATISTICS
2024-03-12 15:49:15.503 +00:00 [DBG] 🥶 APPEND line
2024-03-12 15:49:15.503 +00:00 [DBG] CM processsing: Updated,Tue Mar 12 15:49:15 2024
2024-03-12 15:49:15.503 +00:00 [DBG] 🥶 APPEND line
2024-03-12 15:49:15.503 +00:00 [DBG] CM processsing: TUN/TAP read bytes,1236
2024-03-12 15:49:15.503 +00:00 [DBG] 🥶 APPEND line
2024-03-12 15:49:15.503 +00:00 [DBG] CM processsing: TUN/TAP write bytes,96
2024-03-12 15:49:15.503 +00:00 [DBG] 🥶 APPEND line
2024-03-12 15:49:15.503 +00:00 [DBG] CM processsing: TCP/UDP read bytes,273453
2024-03-12 15:49:15.503 +00:00 [DBG] 🥶 APPEND line
2024-03-12 15:49:15.503 +00:00 [DBG] CM processsing: TCP/UDP write bytes,274564
2024-03-12 15:49:15.503 +00:00 [DBG] 🥶 APPEND line
2024-03-12 15:49:15.503 +00:00 [DBG] CM processsing: Auth read bytes,108160
2024-03-12 15:49:15.503 +00:00 [DBG] 🥶 APPEND line
2024-03-12 15:49:15.503 +00:00 [DBG] CM processsing: END
2024-03-12 15:49:15.503 +00:00 [DBG] 🥶 END
2024-03-12 15:49:15.503 +00:00 [DBG] OpenVPN STATISTICS
Updated,Tue Mar 12 15:49:15 2024
TUN/TAP read bytes,1236
TUN/TAP write bytes,96
TCP/UDP read bytes,273453
TCP/UDP write bytes,274564
Auth read bytes,108160
2024-03-12 15:49:15.504 +00:00 [DBG] CM processsing: 
2024-03-12 15:49:15.504 +00:00 [DBG] 🥶 APPEND line
2024-03-12 15:49:15.504 +00:00 [INF] Begin receive init again
2024-03-12 15:49:16.008 +00:00 [INF] Received bytes: 231
2024-03-12 15:49:16.009 +00:00 [DBG] Message marshalling complete
2024-03-12 15:49:16.010 +00:00 [DBG] CM received: >LOG:1710258556,D,MANAGEMENT: CMD 'status'
OpenVPN STATISTICS
Updated,Tue Mar 12 15:49:16 2024
TUN/TAP read bytes,1236
TUN/TAP write bytes,96
TCP/UDP read bytes,273453
TCP/UDP write bytes,274564
Auth read bytes,108160
END

2024-03-12 15:49:16.010 +00:00 [DBG] CM processsing: >LOG:1710258556,D,MANAGEMENT: CMD 'status'
2024-03-12 15:49:16.011 +00:00 [DBG] CM processsing: OpenVPN STATISTICS
2024-03-12 15:49:16.011 +00:00 [DBG] 🥶 APPEND line
2024-03-12 15:49:16.011 +00:00 [DBG] CM processsing: Updated,Tue Mar 12 15:49:16 2024
2024-03-12 15:49:16.011 +00:00 [DBG] 🥶 APPEND line
2024-03-12 15:49:16.011 +00:00 [DBG] CM processsing: TUN/TAP read bytes,1236
2024-03-12 15:49:16.011 +00:00 [DBG] 🥶 APPEND line
2024-03-12 15:49:16.011 +00:00 [DBG] CM processsing: TUN/TAP write bytes,96
2024-03-12 15:49:16.011 +00:00 [DBG] 🥶 APPEND line
2024-03-12 15:49:16.012 +00:00 [DBG] CM processsing: TCP/UDP read bytes,273453
2024-03-12 15:49:16.012 +00:00 [DBG] 🥶 APPEND line
2024-03-12 15:49:16.012 +00:00 [DBG] CM processsing: TCP/UDP write bytes,274564
2024-03-12 15:49:16.012 +00:00 [DBG] 🥶 APPEND line
2024-03-12 15:49:16.012 +00:00 [DBG] CM processsing: Auth read bytes,108160
2024-03-12 15:49:16.012 +00:00 [DBG] 🥶 APPEND line
2024-03-12 15:49:16.012 +00:00 [DBG] CM processsing: END
2024-03-12 15:49:16.012 +00:00 [DBG] 🥶 END
2024-03-12 15:49:16.013 +00:00 [DBG] OpenVPN STATISTICS
Updated,Tue Mar 12 15:49:16 2024
TUN/TAP read bytes,1236
TUN/TAP write bytes,96
TCP/UDP read bytes,273453
TCP/UDP write bytes,274564
Auth read bytes,108160
2024-03-12 15:49:16.016 +00:00 [DBG] CM processsing: 
2024-03-12 15:49:16.016 +00:00 [DBG] 🥶 APPEND line
2024-03-12 15:49:16.017 +00:00 [INF] Begin receive init again
2024-03-12 15:49:16.518 +00:00 [INF] Received bytes: 231
2024-03-12 15:49:16.518 +00:00 [DBG] Message marshalling complete
2024-03-12 15:49:16.519 +00:00 [DBG] CM received: >LOG:1710258556,D,MANAGEMENT: CMD 'status'
OpenVPN STATISTICS
Updated,Tue Mar 12 15:49:16 2024
TUN/TAP read bytes,1236
TUN/TAP write bytes,96
TCP/UDP read bytes,273493
TCP/UDP write bytes,274604
Auth read bytes,108176
END

2024-03-12 15:49:16.519 +00:00 [DBG] CM processsing: >LOG:1710258556,D,MANAGEMENT: CMD 'status'
2024-03-12 15:49:16.519 +00:00 [DBG] CM processsing: OpenVPN STATISTICS
2024-03-12 15:49:16.519 +00:00 [DBG] 🥶 APPEND line
2024-03-12 15:49:16.519 +00:00 [DBG] CM processsing: Updated,Tue Mar 12 15:49:16 2024
2024-03-12 15:49:16.519 +00:00 [DBG] 🥶 APPEND line
2024-03-12 15:49:16.519 +00:00 [DBG] CM processsing: TUN/TAP read bytes,1236
2024-03-12 15:49:16.519 +00:00 [DBG] 🥶 APPEND line
2024-03-12 15:49:16.519 +00:00 [DBG] CM processsing: TUN/TAP write bytes,96
2024-03-12 15:49:16.519 +00:00 [DBG] 🥶 APPEND line
2024-03-12 15:49:16.519 +00:00 [DBG] CM processsing: TCP/UDP read bytes,273493
2024-03-12 15:49:16.519 +00:00 [DBG] 🥶 APPEND line
2024-03-12 15:49:16.519 +00:00 [DBG] CM processsing: TCP/UDP write bytes,274604
2024-03-12 15:49:16.519 +00:00 [DBG] 🥶 APPEND line
2024-03-12 15:49:16.519 +00:00 [DBG] CM processsing: Auth read bytes,108176
2024-03-12 15:49:16.519 +00:00 [DBG] 🥶 APPEND line
2024-03-12 15:49:16.519 +00:00 [DBG] CM processsing: END
2024-03-12 15:49:16.519 +00:00 [DBG] 🥶 END
2024-03-12 15:49:16.519 +00:00 [DBG] OpenVPN STATISTICS
Updated,Tue Mar 12 15:49:16 2024
TUN/TAP read bytes,1236
TUN/TAP write bytes,96
TCP/UDP read bytes,273493
TCP/UDP write bytes,274604
Auth read bytes,108176
2024-03-12 15:49:16.520 +00:00 [DBG] CM processsing: 
2024-03-12 15:49:16.520 +00:00 [DBG] 🥶 APPEND line
2024-03-12 15:49:16.520 +00:00 [INF] Begin receive init again
2024-03-12 15:49:17.021 +00:00 [INF] Received bytes: 231
2024-03-12 15:49:17.022 +00:00 [DBG] Message marshalling complete
2024-03-12 15:49:17.022 +00:00 [DBG] CM received: >LOG:1710258557,D,MANAGEMENT: CMD 'status'
OpenVPN STATISTICS
Updated,Tue Mar 12 15:49:17 2024
TUN/TAP read bytes,1236
TUN/TAP write bytes,96
TCP/UDP read bytes,273493
TCP/UDP write bytes,274604
Auth read bytes,108176
END

2024-03-12 15:49:17.022 +00:00 [DBG] CM processsing: >LOG:1710258557,D,MANAGEMENT: CMD 'status'
2024-03-12 15:49:17.023 +00:00 [DBG] CM processsing: OpenVPN STATISTICS
2024-03-12 15:49:17.023 +00:00 [DBG] 🥶 APPEND line
2024-03-12 15:49:17.023 +00:00 [DBG] CM processsing: Updated,Tue Mar 12 15:49:17 2024
2024-03-12 15:49:17.023 +00:00 [DBG] 🥶 APPEND line
2024-03-12 15:49:17.023 +00:00 [DBG] CM processsing: TUN/TAP read bytes,1236
2024-03-12 15:49:17.023 +00:00 [DBG] 🥶 APPEND line
2024-03-12 15:49:17.023 +00:00 [DBG] CM processsing: TUN/TAP write bytes,96
2024-03-12 15:49:17.023 +00:00 [DBG] 🥶 APPEND line
2024-03-12 15:49:17.023 +00:00 [DBG] CM processsing: TCP/UDP read bytes,273493
2024-03-12 15:49:17.023 +00:00 [DBG] 🥶 APPEND line
2024-03-12 15:49:17.023 +00:00 [DBG] CM processsing: TCP/UDP write bytes,274604
2024-03-12 15:49:17.023 +00:00 [DBG] 🥶 APPEND line
2024-03-12 15:49:17.023 +00:00 [DBG] CM processsing: Auth read bytes,108176
2024-03-12 15:49:17.023 +00:00 [DBG] 🥶 APPEND line
2024-03-12 15:49:17.023 +00:00 [DBG] CM processsing: END
2024-03-12 15:49:17.023 +00:00 [DBG] 🥶 END
2024-03-12 15:49:17.024 +00:00 [DBG] OpenVPN STATISTICS
Updated,Tue Mar 12 15:49:17 2024
TUN/TAP read bytes,1236
TUN/TAP write bytes,96
TCP/UDP read bytes,273493
TCP/UDP write bytes,274604
Auth read bytes,108176
2024-03-12 15:49:17.025 +00:00 [DBG] CM processsing: 
2024-03-12 15:49:17.025 +00:00 [DBG] 🥶 APPEND line
2024-03-12 15:49:17.025 +00:00 [INF] Begin receive init again
2024-03-12 15:49:17.528 +00:00 [INF] Received bytes: 231
2024-03-12 15:49:17.529 +00:00 [DBG] Message marshalling complete
2024-03-12 15:49:17.529 +00:00 [DBG] CM received: >LOG:1710258557,D,MANAGEMENT: CMD 'status'
OpenVPN STATISTICS
Updated,Tue Mar 12 15:49:17 2024
TUN/TAP read bytes,1236
TUN/TAP write bytes,96
TCP/UDP read bytes,273533
TCP/UDP write bytes,274644
Auth read bytes,108192
END

2024-03-12 15:49:17.530 +00:00 [DBG] CM processsing: >LOG:1710258557,D,MANAGEMENT: CMD 'status'
2024-03-12 15:49:17.530 +00:00 [DBG] CM processsing: OpenVPN STATISTICS
2024-03-12 15:49:17.530 +00:00 [DBG] 🥶 APPEND line
2024-03-12 15:49:17.530 +00:00 [DBG] CM processsing: Updated,Tue Mar 12 15:49:17 2024
2024-03-12 15:49:17.530 +00:00 [DBG] 🥶 APPEND line
2024-03-12 15:49:17.530 +00:00 [DBG] CM processsing: TUN/TAP read bytes,1236
2024-03-12 15:49:17.530 +00:00 [DBG] 🥶 APPEND line
2024-03-12 15:49:17.531 +00:00 [DBG] CM processsing: TUN/TAP write bytes,96
2024-03-12 15:49:17.531 +00:00 [DBG] 🥶 APPEND line
2024-03-12 15:49:17.531 +00:00 [DBG] CM processsing: TCP/UDP read bytes,273533
2024-03-12 15:49:17.531 +00:00 [DBG] 🥶 APPEND line
2024-03-12 15:49:17.531 +00:00 [DBG] CM processsing: TCP/UDP write bytes,274644
2024-03-12 15:49:17.531 +00:00 [DBG] 🥶 APPEND line
2024-03-12 15:49:17.531 +00:00 [DBG] CM processsing: Auth read bytes,108192
2024-03-12 15:49:17.531 +00:00 [DBG] 🥶 APPEND line
2024-03-12 15:49:17.531 +00:00 [DBG] CM processsing: END
2024-03-12 15:49:17.531 +00:00 [DBG] 🥶 END
2024-03-12 15:49:17.531 +00:00 [DBG] OpenVPN STATISTICS
Updated,Tue Mar 12 15:49:17 2024
TUN/TAP read bytes,1236
TUN/TAP write bytes,96
TCP/UDP read bytes,273533
TCP/UDP write bytes,274644
Auth read bytes,108192
2024-03-12 15:49:17.532 +00:00 [DBG] CM processsing: 
2024-03-12 15:49:17.532 +00:00 [DBG] 🥶 APPEND line
2024-03-12 15:49:17.533 +00:00 [INF] Begin receive init again
2024-03-12 15:49:18.035 +00:00 [INF] Received bytes: 231
2024-03-12 15:49:18.035 +00:00 [DBG] Message marshalling complete
2024-03-12 15:49:18.036 +00:00 [DBG] CM received: >LOG:1710258558,D,MANAGEMENT: CMD 'status'
OpenVPN STATISTICS
Updated,Tue Mar 12 15:49:18 2024
TUN/TAP read bytes,1236
TUN/TAP write bytes,96
TCP/UDP read bytes,273533
TCP/UDP write bytes,274644
Auth read bytes,108192
END

2024-03-12 15:49:18.036 +00:00 [DBG] CM processsing: >LOG:1710258558,D,MANAGEMENT: CMD 'status'
2024-03-12 15:49:18.036 +00:00 [DBG] CM processsing: OpenVPN STATISTICS
2024-03-12 15:49:18.036 +00:00 [DBG] 🥶 APPEND line
2024-03-12 15:49:18.036 +00:00 [DBG] CM processsing: Updated,Tue Mar 12 15:49:18 2024
2024-03-12 15:49:18.036 +00:00 [DBG] 🥶 APPEND line
2024-03-12 15:49:18.036 +00:00 [DBG] CM processsing: TUN/TAP read bytes,1236
2024-03-12 15:49:18.036 +00:00 [DBG] 🥶 APPEND line
2024-03-12 15:49:18.036 +00:00 [DBG] CM processsing: TUN/TAP write bytes,96
2024-03-12 15:49:18.036 +00:00 [DBG] 🥶 APPEND line
2024-03-12 15:49:18.037 +00:00 [DBG] CM processsing: TCP/UDP read bytes,273533
2024-03-12 15:49:18.037 +00:00 [DBG] 🥶 APPEND line
2024-03-12 15:49:18.037 +00:00 [DBG] CM processsing: TCP/UDP write bytes,274644
2024-03-12 15:49:18.037 +00:00 [DBG] 🥶 APPEND line
2024-03-12 15:49:18.037 +00:00 [DBG] CM processsing: Auth read bytes,108192
2024-03-12 15:49:18.037 +00:00 [DBG] 🥶 APPEND line
2024-03-12 15:49:18.037 +00:00 [DBG] CM processsing: END
2024-03-12 15:49:18.037 +00:00 [DBG] 🥶 END
2024-03-12 15:49:18.037 +00:00 [DBG] OpenVPN STATISTICS
Updated,Tue Mar 12 15:49:18 2024
TUN/TAP read bytes,1236
TUN/TAP write bytes,96
TCP/UDP read bytes,273533
TCP/UDP write bytes,274644
Auth read bytes,108192
2024-03-12 15:49:18.038 +00:00 [DBG] CM processsing: 
2024-03-12 15:49:18.038 +00:00 [DBG] 🥶 APPEND line
2024-03-12 15:49:18.038 +00:00 [INF] Begin receive init again
2024-03-12 15:49:18.541 +00:00 [INF] Received bytes: 231
2024-03-12 15:49:18.542 +00:00 [DBG] Message marshalling complete
2024-03-12 15:49:18.543 +00:00 [DBG] CM received: >LOG:1710258558,D,MANAGEMENT: CMD 'status'
OpenVPN STATISTICS
Updated,Tue Mar 12 15:49:18 2024
TUN/TAP read bytes,1236
TUN/TAP write bytes,96
TCP/UDP read bytes,273573
TCP/UDP write bytes,274684
Auth read bytes,108208
END

2024-03-12 15:49:18.544 +00:00 [DBG] CM processsing: >LOG:1710258558,D,MANAGEMENT: CMD 'status'
2024-03-12 15:49:18.544 +00:00 [DBG] CM processsing: OpenVPN STATISTICS
2024-03-12 15:49:18.544 +00:00 [DBG] 🥶 APPEND line
2024-03-12 15:49:18.544 +00:00 [DBG] CM processsing: Updated,Tue Mar 12 15:49:18 2024
2024-03-12 15:49:18.544 +00:00 [DBG] 🥶 APPEND line
2024-03-12 15:49:18.544 +00:00 [DBG] CM processsing: TUN/TAP read bytes,1236
2024-03-12 15:49:18.544 +00:00 [DBG] 🥶 APPEND line
2024-03-12 15:49:18.545 +00:00 [DBG] CM processsing: TUN/TAP write bytes,96
2024-03-12 15:49:18.545 +00:00 [DBG] 🥶 APPEND line
2024-03-12 15:49:18.545 +00:00 [DBG] CM processsing: TCP/UDP read bytes,273573
2024-03-12 15:49:18.545 +00:00 [DBG] 🥶 APPEND line
2024-03-12 15:49:18.545 +00:00 [DBG] CM processsing: TCP/UDP write bytes,274684
2024-03-12 15:49:18.545 +00:00 [DBG] 🥶 APPEND line
2024-03-12 15:49:18.545 +00:00 [DBG] CM processsing: Auth read bytes,108208
2024-03-12 15:49:18.545 +00:00 [DBG] 🥶 APPEND line
2024-03-12 15:49:18.545 +00:00 [DBG] CM processsing: END
2024-03-12 15:49:18.546 +00:00 [DBG] 🥶 END
2024-03-12 15:49:18.546 +00:00 [DBG] OpenVPN STATISTICS
Updated,Tue Mar 12 15:49:18 2024
TUN/TAP read bytes,1236
TUN/TAP write bytes,96
TCP/UDP read bytes,273573
TCP/UDP write bytes,274684
Auth read bytes,108208
2024-03-12 15:49:18.550 +00:00 [DBG] CM processsing: 
2024-03-12 15:49:18.551 +00:00 [DBG] 🥶 APPEND line
2024-03-12 15:49:18.551 +00:00 [INF] Begin receive init again
2024-03-12 15:49:19.051 +00:00 [INF] Received bytes: 231
2024-03-12 15:49:19.051 +00:00 [DBG] Message marshalling complete
2024-03-12 15:49:19.052 +00:00 [DBG] CM received: >LOG:1710258559,D,MANAGEMENT: CMD 'status'
OpenVPN STATISTICS
Updated,Tue Mar 12 15:49:19 2024
TUN/TAP read bytes,1236
TUN/TAP write bytes,96
TCP/UDP read bytes,273573
TCP/UDP write bytes,274684
Auth read bytes,108208
END

2024-03-12 15:49:19.052 +00:00 [DBG] CM processsing: >LOG:1710258559,D,MANAGEMENT: CMD 'status'
2024-03-12 15:49:19.052 +00:00 [DBG] CM processsing: OpenVPN STATISTICS
2024-03-12 15:49:19.052 +00:00 [DBG] 🥶 APPEND line
2024-03-12 15:49:19.052 +00:00 [DBG] CM processsing: Updated,Tue Mar 12 15:49:19 2024
2024-03-12 15:49:19.052 +00:00 [DBG] 🥶 APPEND line
2024-03-12 15:49:19.052 +00:00 [DBG] CM processsing: TUN/TAP read bytes,1236
2024-03-12 15:49:19.052 +00:00 [DBG] 🥶 APPEND line
2024-03-12 15:49:19.052 +00:00 [DBG] CM processsing: TUN/TAP write bytes,96
2024-03-12 15:49:19.052 +00:00 [DBG] 🥶 APPEND line
2024-03-12 15:49:19.052 +00:00 [DBG] CM processsing: TCP/UDP read bytes,273573
2024-03-12 15:49:19.052 +00:00 [DBG] 🥶 APPEND line
2024-03-12 15:49:19.052 +00:00 [DBG] CM processsing: TCP/UDP write bytes,274684
2024-03-12 15:49:19.052 +00:00 [DBG] 🥶 APPEND line
2024-03-12 15:49:19.052 +00:00 [DBG] CM processsing: Auth read bytes,108208
2024-03-12 15:49:19.052 +00:00 [DBG] 🥶 APPEND line
2024-03-12 15:49:19.052 +00:00 [DBG] CM processsing: END
2024-03-12 15:49:19.052 +00:00 [DBG] 🥶 END
2024-03-12 15:49:19.052 +00:00 [DBG] OpenVPN STATISTICS
Updated,Tue Mar 12 15:49:19 2024
TUN/TAP read bytes,1236
TUN/TAP write bytes,96
TCP/UDP read bytes,273573
TCP/UDP write bytes,274684
Auth read bytes,108208
2024-03-12 15:49:19.052 +00:00 [DBG] CM processsing: 
2024-03-12 15:49:19.052 +00:00 [DBG] 🥶 APPEND line
2024-03-12 15:49:19.052 +00:00 [INF] Begin receive init again
2024-03-12 15:49:19.558 +00:00 [INF] Received bytes: 231
2024-03-12 15:49:19.559 +00:00 [DBG] Message marshalling complete
2024-03-12 15:49:19.561 +00:00 [DBG] CM received: >LOG:1710258559,D,MANAGEMENT: CMD 'status'
OpenVPN STATISTICS
Updated,Tue Mar 12 15:49:19 2024
TUN/TAP read bytes,1236
TUN/TAP write bytes,96
TCP/UDP read bytes,273613
TCP/UDP write bytes,274724
Auth read bytes,108224
END

2024-03-12 15:49:19.561 +00:00 [DBG] CM processsing: >LOG:1710258559,D,MANAGEMENT: CMD 'status'
2024-03-12 15:49:19.561 +00:00 [DBG] CM processsing: OpenVPN STATISTICS
2024-03-12 15:49:19.561 +00:00 [DBG] 🥶 APPEND line
2024-03-12 15:49:19.561 +00:00 [DBG] CM processsing: Updated,Tue Mar 12 15:49:19 2024
2024-03-12 15:49:19.562 +00:00 [DBG] 🥶 APPEND line
2024-03-12 15:49:19.562 +00:00 [DBG] CM processsing: TUN/TAP read bytes,1236
2024-03-12 15:49:19.562 +00:00 [DBG] 🥶 APPEND line
2024-03-12 15:49:19.562 +00:00 [DBG] CM processsing: TUN/TAP write bytes,96
2024-03-12 15:49:19.562 +00:00 [DBG] 🥶 APPEND line
2024-03-12 15:49:19.562 +00:00 [DBG] CM processsing: TCP/UDP read bytes,273613
2024-03-12 15:49:19.562 +00:00 [DBG] 🥶 APPEND line
2024-03-12 15:49:19.562 +00:00 [DBG] CM processsing: TCP/UDP write bytes,274724
2024-03-12 15:49:19.562 +00:00 [DBG] 🥶 APPEND line
2024-03-12 15:49:19.562 +00:00 [DBG] CM processsing: Auth read bytes,108224
2024-03-12 15:49:19.562 +00:00 [DBG] 🥶 APPEND line
2024-03-12 15:49:19.562 +00:00 [DBG] CM processsing: END
2024-03-12 15:49:19.562 +00:00 [DBG] 🥶 END
2024-03-12 15:49:19.563 +00:00 [DBG] OpenVPN STATISTICS
Updated,Tue Mar 12 15:49:19 2024
TUN/TAP read bytes,1236
TUN/TAP write bytes,96
TCP/UDP read bytes,273613
TCP/UDP write bytes,274724
Auth read bytes,108224
2024-03-12 15:49:19.569 +00:00 [DBG] CM processsing: 
2024-03-12 15:49:19.569 +00:00 [DBG] 🥶 APPEND line
2024-03-12 15:49:19.569 +00:00 [INF] Begin receive init again
2024-03-12 15:49:20.070 +00:00 [INF] Received bytes: 231
2024-03-12 15:49:20.070 +00:00 [DBG] Message marshalling complete
2024-03-12 15:49:20.070 +00:00 [DBG] CM received: >LOG:1710258560,D,MANAGEMENT: CMD 'status'
OpenVPN STATISTICS
Updated,Tue Mar 12 15:49:20 2024
TUN/TAP read bytes,1236
TUN/TAP write bytes,96
TCP/UDP read bytes,273613
TCP/UDP write bytes,274724
Auth read bytes,108224
END

2024-03-12 15:49:20.070 +00:00 [DBG] CM processsing: >LOG:1710258560,D,MANAGEMENT: CMD 'status'
2024-03-12 15:49:20.070 +00:00 [DBG] CM processsing: OpenVPN STATISTICS
2024-03-12 15:49:20.070 +00:00 [DBG] 🥶 APPEND line
2024-03-12 15:49:20.070 +00:00 [DBG] CM processsing: Updated,Tue Mar 12 15:49:20 2024
2024-03-12 15:49:20.070 +00:00 [DBG] 🥶 APPEND line
2024-03-12 15:49:20.070 +00:00 [DBG] CM processsing: TUN/TAP read bytes,1236
2024-03-12 15:49:20.070 +00:00 [DBG] 🥶 APPEND line
2024-03-12 15:49:20.070 +00:00 [DBG] CM processsing: TUN/TAP write bytes,96
2024-03-12 15:49:20.071 +00:00 [DBG] 🥶 APPEND line
2024-03-12 15:49:20.071 +00:00 [DBG] CM processsing: TCP/UDP read bytes,273613
2024-03-12 15:49:20.071 +00:00 [DBG] 🥶 APPEND line
2024-03-12 15:49:20.071 +00:00 [DBG] CM processsing: TCP/UDP write bytes,274724
2024-03-12 15:49:20.071 +00:00 [DBG] 🥶 APPEND line
2024-03-12 15:49:20.071 +00:00 [DBG] CM processsing: Auth read bytes,108224
2024-03-12 15:49:20.071 +00:00 [DBG] 🥶 APPEND line
2024-03-12 15:49:20.071 +00:00 [DBG] CM processsing: END
2024-03-12 15:49:20.071 +00:00 [DBG] 🥶 END
2024-03-12 15:49:20.071 +00:00 [DBG] OpenVPN STATISTICS
Updated,Tue Mar 12 15:49:20 2024
TUN/TAP read bytes,1236
TUN/TAP write bytes,96
TCP/UDP read bytes,273613
TCP/UDP write bytes,274724
Auth read bytes,108224
2024-03-12 15:49:20.071 +00:00 [DBG] CM processsing: 
2024-03-12 15:49:20.071 +00:00 [DBG] 🥶 APPEND line
2024-03-12 15:49:20.071 +00:00 [INF] Begin receive init again
2024-03-12 15:49:20.575 +00:00 [INF] Received bytes: 231
2024-03-12 15:49:20.576 +00:00 [DBG] Message marshalling complete
2024-03-12 15:49:20.576 +00:00 [DBG] CM received: >LOG:1710258560,D,MANAGEMENT: CMD 'status'
OpenVPN STATISTICS
Updated,Tue Mar 12 15:49:20 2024
TUN/TAP read bytes,1236
TUN/TAP write bytes,96
TCP/UDP read bytes,273653
TCP/UDP write bytes,274764
Auth read bytes,108240
END

2024-03-12 15:49:20.576 +00:00 [DBG] CM processsing: >LOG:1710258560,D,MANAGEMENT: CMD 'status'
2024-03-12 15:49:20.577 +00:00 [DBG] CM processsing: OpenVPN STATISTICS
2024-03-12 15:49:20.577 +00:00 [DBG] 🥶 APPEND line
2024-03-12 15:49:20.577 +00:00 [DBG] CM processsing: Updated,Tue Mar 12 15:49:20 2024
2024-03-12 15:49:20.577 +00:00 [DBG] 🥶 APPEND line
2024-03-12 15:49:20.577 +00:00 [DBG] CM processsing: TUN/TAP read bytes,1236
2024-03-12 15:49:20.577 +00:00 [DBG] 🥶 APPEND line
2024-03-12 15:49:20.577 +00:00 [DBG] CM processsing: TUN/TAP write bytes,96
2024-03-12 15:49:20.577 +00:00 [DBG] 🥶 APPEND line
2024-03-12 15:49:20.577 +00:00 [DBG] CM processsing: TCP/UDP read bytes,273653
2024-03-12 15:49:20.577 +00:00 [DBG] 🥶 APPEND line
2024-03-12 15:49:20.577 +00:00 [DBG] CM processsing: TCP/UDP write bytes,274764
2024-03-12 15:49:20.577 +00:00 [DBG] 🥶 APPEND line
2024-03-12 15:49:20.578 +00:00 [DBG] CM processsing: Auth read bytes,108240
2024-03-12 15:49:20.578 +00:00 [DBG] 🥶 APPEND line
2024-03-12 15:49:20.578 +00:00 [DBG] CM processsing: END
2024-03-12 15:49:20.578 +00:00 [DBG] 🥶 END
2024-03-12 15:49:20.578 +00:00 [DBG] OpenVPN STATISTICS
Updated,Tue Mar 12 15:49:20 2024
TUN/TAP read bytes,1236
TUN/TAP write bytes,96
TCP/UDP read bytes,273653
TCP/UDP write bytes,274764
Auth read bytes,108240
2024-03-12 15:49:20.583 +00:00 [DBG] CM processsing: 
2024-03-12 15:49:20.583 +00:00 [DBG] 🥶 APPEND line
2024-03-12 15:49:20.584 +00:00 [INF] Begin receive init again
2024-03-12 15:49:21.085 +00:00 [INF] Received bytes: 231
2024-03-12 15:49:21.086 +00:00 [DBG] Message marshalling complete
2024-03-12 15:49:21.088 +00:00 [DBG] CM received: >LOG:1710258561,D,MANAGEMENT: CMD 'status'
OpenVPN STATISTICS
Updated,Tue Mar 12 15:49:21 2024
TUN/TAP read bytes,1236
TUN/TAP write bytes,96
TCP/UDP read bytes,273653
TCP/UDP write bytes,274764
Auth read bytes,108240
END

2024-03-12 15:49:21.088 +00:00 [DBG] CM processsing: >LOG:1710258561,D,MANAGEMENT: CMD 'status'
2024-03-12 15:49:21.089 +00:00 [DBG] CM processsing: OpenVPN STATISTICS
2024-03-12 15:49:21.089 +00:00 [DBG] 🥶 APPEND line
2024-03-12 15:49:21.089 +00:00 [DBG] CM processsing: Updated,Tue Mar 12 15:49:21 2024
2024-03-12 15:49:21.089 +00:00 [DBG] 🥶 APPEND line
2024-03-12 15:49:21.089 +00:00 [DBG] CM processsing: TUN/TAP read bytes,1236
2024-03-12 15:49:21.089 +00:00 [DBG] 🥶 APPEND line
2024-03-12 15:49:21.089 +00:00 [DBG] CM processsing: TUN/TAP write bytes,96
2024-03-12 15:49:21.089 +00:00 [DBG] 🥶 APPEND line
2024-03-12 15:49:21.089 +00:00 [DBG] CM processsing: TCP/UDP read bytes,273653
2024-03-12 15:49:21.089 +00:00 [DBG] 🥶 APPEND line
2024-03-12 15:49:21.089 +00:00 [DBG] CM processsing: TCP/UDP write bytes,274764
2024-03-12 15:49:21.089 +00:00 [DBG] 🥶 APPEND line
2024-03-12 15:49:21.089 +00:00 [DBG] CM processsing: Auth read bytes,108240
2024-03-12 15:49:21.090 +00:00 [DBG] 🥶 APPEND line
2024-03-12 15:49:21.090 +00:00 [DBG] CM processsing: END
2024-03-12 15:49:21.090 +00:00 [DBG] 🥶 END
2024-03-12 15:49:21.090 +00:00 [DBG] OpenVPN STATISTICS
Updated,Tue Mar 12 15:49:21 2024
TUN/TAP read bytes,1236
TUN/TAP write bytes,96
TCP/UDP read bytes,273653
TCP/UDP write bytes,274764
Auth read bytes,108240
2024-03-12 15:49:21.091 +00:00 [DBG] CM processsing: 
2024-03-12 15:49:21.091 +00:00 [DBG] 🥶 APPEND line
2024-03-12 15:49:21.091 +00:00 [INF] Begin receive init again
2024-03-12 15:49:21.594 +00:00 [INF] Received bytes: 231
2024-03-12 15:49:21.594 +00:00 [DBG] Message marshalling complete
2024-03-12 15:49:21.595 +00:00 [DBG] CM received: >LOG:1710258561,D,MANAGEMENT: CMD 'status'
OpenVPN STATISTICS
Updated,Tue Mar 12 15:49:21 2024
TUN/TAP read bytes,1236
TUN/TAP write bytes,96
TCP/UDP read bytes,273693
TCP/UDP write bytes,274804
Auth read bytes,108256
END

2024-03-12 15:49:21.595 +00:00 [DBG] CM processsing: >LOG:1710258561,D,MANAGEMENT: CMD 'status'
2024-03-12 15:49:21.596 +00:00 [DBG] CM processsing: OpenVPN STATISTICS
2024-03-12 15:49:21.596 +00:00 [DBG] 🥶 APPEND line
2024-03-12 15:49:21.596 +00:00 [DBG] CM processsing: Updated,Tue Mar 12 15:49:21 2024
2024-03-12 15:49:21.597 +00:00 [DBG] 🥶 APPEND line
2024-03-12 15:49:21.597 +00:00 [DBG] CM processsing: TUN/TAP read bytes,1236
2024-03-12 15:49:21.597 +00:00 [DBG] 🥶 APPEND line
2024-03-12 15:49:21.597 +00:00 [DBG] CM processsing: TUN/TAP write bytes,96
2024-03-12 15:49:21.597 +00:00 [DBG] 🥶 APPEND line
2024-03-12 15:49:21.597 +00:00 [DBG] CM processsing: TCP/UDP read bytes,273693
2024-03-12 15:49:21.597 +00:00 [DBG] 🥶 APPEND line
2024-03-12 15:49:21.597 +00:00 [DBG] CM processsing: TCP/UDP write bytes,274804
2024-03-12 15:49:21.597 +00:00 [DBG] 🥶 APPEND line
2024-03-12 15:49:21.597 +00:00 [DBG] CM processsing: Auth read bytes,108256
2024-03-12 15:49:21.597 +00:00 [DBG] 🥶 APPEND line
2024-03-12 15:49:21.597 +00:00 [DBG] CM processsing: END
2024-03-12 15:49:21.597 +00:00 [DBG] 🥶 END
2024-03-12 15:49:21.598 +00:00 [DBG] OpenVPN STATISTICS
Updated,Tue Mar 12 15:49:21 2024
TUN/TAP read bytes,1236
TUN/TAP write bytes,96
TCP/UDP read bytes,273693
TCP/UDP write bytes,274804
Auth read bytes,108256
2024-03-12 15:49:21.613 +00:00 [DBG] CM processsing: 
2024-03-12 15:49:21.614 +00:00 [DBG] 🥶 APPEND line
2024-03-12 15:49:21.614 +00:00 [INF] Begin receive init again
2024-03-12 15:49:22.119 +00:00 [INF] Received bytes: 231
2024-03-12 15:49:22.119 +00:00 [DBG] Message marshalling complete
2024-03-12 15:49:22.120 +00:00 [DBG] CM received: >LOG:1710258562,D,MANAGEMENT: CMD 'status'
OpenVPN STATISTICS
Updated,Tue Mar 12 15:49:22 2024
TUN/TAP read bytes,1236
TUN/TAP write bytes,96
TCP/UDP read bytes,273693
TCP/UDP write bytes,274804
Auth read bytes,108256
END

2024-03-12 15:49:22.120 +00:00 [DBG] CM processsing: >LOG:1710258562,D,MANAGEMENT: CMD 'status'
2024-03-12 15:49:22.120 +00:00 [DBG] CM processsing: OpenVPN STATISTICS
2024-03-12 15:49:22.120 +00:00 [DBG] 🥶 APPEND line
2024-03-12 15:49:22.120 +00:00 [DBG] CM processsing: Updated,Tue Mar 12 15:49:22 2024
2024-03-12 15:49:22.121 +00:00 [DBG] 🥶 APPEND line
2024-03-12 15:49:22.121 +00:00 [DBG] CM processsing: TUN/TAP read bytes,1236
2024-03-12 15:49:22.121 +00:00 [DBG] 🥶 APPEND line
2024-03-12 15:49:22.121 +00:00 [DBG] CM processsing: TUN/TAP write bytes,96
2024-03-12 15:49:22.121 +00:00 [DBG] 🥶 APPEND line
2024-03-12 15:49:22.121 +00:00 [DBG] CM processsing: TCP/UDP read bytes,273693
2024-03-12 15:49:22.121 +00:00 [DBG] 🥶 APPEND line
2024-03-12 15:49:22.121 +00:00 [DBG] CM processsing: TCP/UDP write bytes,274804
2024-03-12 15:49:22.121 +00:00 [DBG] 🥶 APPEND line
2024-03-12 15:49:22.121 +00:00 [DBG] CM processsing: Auth read bytes,108256
2024-03-12 15:49:22.121 +00:00 [DBG] 🥶 APPEND line
2024-03-12 15:49:22.121 +00:00 [DBG] CM processsing: END
2024-03-12 15:49:22.121 +00:00 [DBG] 🥶 END
2024-03-12 15:49:22.122 +00:00 [DBG] OpenVPN STATISTICS
Updated,Tue Mar 12 15:49:22 2024
TUN/TAP read bytes,1236
TUN/TAP write bytes,96
TCP/UDP read bytes,273693
TCP/UDP write bytes,274804
Auth read bytes,108256
2024-03-12 15:49:22.123 +00:00 [DBG] CM processsing: 
2024-03-12 15:49:22.123 +00:00 [DBG] 🥶 APPEND line
2024-03-12 15:49:22.124 +00:00 [INF] Begin receive init again
2024-03-12 15:49:22.630 +00:00 [INF] Received bytes: 231
2024-03-12 15:49:22.631 +00:00 [DBG] Message marshalling complete
2024-03-12 15:49:22.632 +00:00 [DBG] CM received: >LOG:1710258562,D,MANAGEMENT: CMD 'status'
OpenVPN STATISTICS
Updated,Tue Mar 12 15:49:22 2024
TUN/TAP read bytes,1236
TUN/TAP write bytes,96
TCP/UDP read bytes,273733
TCP/UDP write bytes,274844
Auth read bytes,108272
END

2024-03-12 15:49:22.632 +00:00 [DBG] CM processsing: >LOG:1710258562,D,MANAGEMENT: CMD 'status'
2024-03-12 15:49:22.633 +00:00 [DBG] CM processsing: OpenVPN STATISTICS
2024-03-12 15:49:22.633 +00:00 [DBG] 🥶 APPEND line
2024-03-12 15:49:22.635 +00:00 [DBG] CM processsing: Updated,Tue Mar 12 15:49:22 2024
2024-03-12 15:49:22.635 +00:00 [DBG] 🥶 APPEND line
2024-03-12 15:49:22.635 +00:00 [DBG] CM processsing: TUN/TAP read bytes,1236
2024-03-12 15:49:22.635 +00:00 [DBG] 🥶 APPEND line
2024-03-12 15:49:22.635 +00:00 [DBG] CM processsing: TUN/TAP write bytes,96
2024-03-12 15:49:22.635 +00:00 [DBG] 🥶 APPEND line
2024-03-12 15:49:22.635 +00:00 [DBG] CM processsing: TCP/UDP read bytes,273733
2024-03-12 15:49:22.635 +00:00 [DBG] 🥶 APPEND line
2024-03-12 15:49:22.635 +00:00 [DBG] CM processsing: TCP/UDP write bytes,274844
2024-03-12 15:49:22.635 +00:00 [DBG] 🥶 APPEND line
2024-03-12 15:49:22.635 +00:00 [DBG] CM processsing: Auth read bytes,108272
2024-03-12 15:49:22.635 +00:00 [DBG] 🥶 APPEND line
2024-03-12 15:49:22.635 +00:00 [DBG] CM processsing: END
2024-03-12 15:49:22.635 +00:00 [DBG] 🥶 END
2024-03-12 15:49:22.636 +00:00 [DBG] OpenVPN STATISTICS
Updated,Tue Mar 12 15:49:22 2024
TUN/TAP read bytes,1236
TUN/TAP write bytes,96
TCP/UDP read bytes,273733
TCP/UDP write bytes,274844
Auth read bytes,108272
2024-03-12 15:49:22.637 +00:00 [DBG] CM processsing: 
2024-03-12 15:49:22.637 +00:00 [DBG] 🥶 APPEND line
2024-03-12 15:49:22.637 +00:00 [INF] Begin receive init again
2024-03-12 15:49:23.142 +00:00 [INF] Received bytes: 231
2024-03-12 15:49:23.143 +00:00 [DBG] Message marshalling complete
2024-03-12 15:49:23.143 +00:00 [DBG] CM received: >LOG:1710258563,D,MANAGEMENT: CMD 'status'
OpenVPN STATISTICS
Updated,Tue Mar 12 15:49:23 2024
TUN/TAP read bytes,1236
TUN/TAP write bytes,96
TCP/UDP read bytes,273733
TCP/UDP write bytes,274844
Auth read bytes,108272
END

2024-03-12 15:49:23.144 +00:00 [DBG] CM processsing: >LOG:1710258563,D,MANAGEMENT: CMD 'status'
2024-03-12 15:49:23.144 +00:00 [DBG] CM processsing: OpenVPN STATISTICS
2024-03-12 15:49:23.144 +00:00 [DBG] 🥶 APPEND line
2024-03-12 15:49:23.144 +00:00 [DBG] CM processsing: Updated,Tue Mar 12 15:49:23 2024
2024-03-12 15:49:23.144 +00:00 [DBG] 🥶 APPEND line
2024-03-12 15:49:23.144 +00:00 [DBG] CM processsing: TUN/TAP read bytes,1236
2024-03-12 15:49:23.145 +00:00 [DBG] 🥶 APPEND line
2024-03-12 15:49:23.145 +00:00 [DBG] CM processsing: TUN/TAP write bytes,96
2024-03-12 15:49:23.145 +00:00 [DBG] 🥶 APPEND line
2024-03-12 15:49:23.145 +00:00 [DBG] CM processsing: TCP/UDP read bytes,273733
2024-03-12 15:49:23.145 +00:00 [DBG] 🥶 APPEND line
2024-03-12 15:49:23.145 +00:00 [DBG] CM processsing: TCP/UDP write bytes,274844
2024-03-12 15:49:23.145 +00:00 [DBG] 🥶 APPEND line
2024-03-12 15:49:23.145 +00:00 [DBG] CM processsing: Auth read bytes,108272
2024-03-12 15:49:23.145 +00:00 [DBG] 🥶 APPEND line
2024-03-12 15:49:23.145 +00:00 [DBG] CM processsing: END
2024-03-12 15:49:23.145 +00:00 [DBG] 🥶 END
2024-03-12 15:49:23.146 +00:00 [DBG] OpenVPN STATISTICS
Updated,Tue Mar 12 15:49:23 2024
TUN/TAP read bytes,1236
TUN/TAP write bytes,96
TCP/UDP read bytes,273733
TCP/UDP write bytes,274844
Auth read bytes,108272
2024-03-12 15:49:23.153 +00:00 [DBG] CM processsing: 
2024-03-12 15:49:23.154 +00:00 [DBG] 🥶 APPEND line
2024-03-12 15:49:23.154 +00:00 [INF] Begin receive init again
2024-03-12 15:49:23.654 +00:00 [INF] Received bytes: 231
2024-03-12 15:49:23.654 +00:00 [DBG] Message marshalling complete
2024-03-12 15:49:23.654 +00:00 [DBG] CM received: >LOG:1710258563,D,MANAGEMENT: CMD 'status'
OpenVPN STATISTICS
Updated,Tue Mar 12 15:49:23 2024
TUN/TAP read bytes,1236
TUN/TAP write bytes,96
TCP/UDP read bytes,273773
TCP/UDP write bytes,274884
Auth read bytes,108288
END

2024-03-12 15:49:23.655 +00:00 [DBG] CM processsing: >LOG:1710258563,D,MANAGEMENT: CMD 'status'
2024-03-12 15:49:23.655 +00:00 [DBG] CM processsing: OpenVPN STATISTICS
2024-03-12 15:49:23.655 +00:00 [DBG] 🥶 APPEND line
2024-03-12 15:49:23.655 +00:00 [DBG] CM processsing: Updated,Tue Mar 12 15:49:23 2024
2024-03-12 15:49:23.655 +00:00 [DBG] 🥶 APPEND line
2024-03-12 15:49:23.655 +00:00 [DBG] CM processsing: TUN/TAP read bytes,1236
2024-03-12 15:49:23.655 +00:00 [DBG] 🥶 APPEND line
2024-03-12 15:49:23.655 +00:00 [DBG] CM processsing: TUN/TAP write bytes,96
2024-03-12 15:49:23.655 +00:00 [DBG] 🥶 APPEND line
2024-03-12 15:49:23.655 +00:00 [DBG] CM processsing: TCP/UDP read bytes,273773
2024-03-12 15:49:23.655 +00:00 [DBG] 🥶 APPEND line
2024-03-12 15:49:23.655 +00:00 [DBG] CM processsing: TCP/UDP write bytes,274884
2024-03-12 15:49:23.655 +00:00 [DBG] 🥶 APPEND line
2024-03-12 15:49:23.655 +00:00 [DBG] CM processsing: Auth read bytes,108288
2024-03-12 15:49:23.655 +00:00 [DBG] 🥶 APPEND line
2024-03-12 15:49:23.655 +00:00 [DBG] CM processsing: END
2024-03-12 15:49:23.655 +00:00 [DBG] 🥶 END
2024-03-12 15:49:23.655 +00:00 [DBG] OpenVPN STATISTICS
Updated,Tue Mar 12 15:49:23 2024
TUN/TAP read bytes,1236
TUN/TAP write bytes,96
TCP/UDP read bytes,273773
TCP/UDP write bytes,274884
Auth read bytes,108288
2024-03-12 15:49:23.656 +00:00 [DBG] CM processsing: 
2024-03-12 15:49:23.656 +00:00 [DBG] 🥶 APPEND line
2024-03-12 15:49:23.656 +00:00 [INF] Begin receive init again
2024-03-12 15:49:24.159 +00:00 [INF] Received bytes: 231
2024-03-12 15:49:24.160 +00:00 [DBG] Message marshalling complete
2024-03-12 15:49:24.162 +00:00 [DBG] CM received: >LOG:1710258564,D,MANAGEMENT: CMD 'status'
OpenVPN STATISTICS
Updated,Tue Mar 12 15:49:24 2024
TUN/TAP read bytes,1236
TUN/TAP write bytes,96
TCP/UDP read bytes,273773
TCP/UDP write bytes,274884
Auth read bytes,108288
END

2024-03-12 15:49:24.177 +00:00 [DBG] CM processsing: >LOG:1710258564,D,MANAGEMENT: CMD 'status'
2024-03-12 15:49:24.178 +00:00 [DBG] CM processsing: OpenVPN STATISTICS
2024-03-12 15:49:24.178 +00:00 [DBG] 🥶 APPEND line
2024-03-12 15:49:24.178 +00:00 [DBG] CM processsing: Updated,Tue Mar 12 15:49:24 2024
2024-03-12 15:49:24.178 +00:00 [DBG] 🥶 APPEND line
2024-03-12 15:49:24.178 +00:00 [DBG] CM processsing: TUN/TAP read bytes,1236
2024-03-12 15:49:24.178 +00:00 [DBG] 🥶 APPEND line
2024-03-12 15:49:24.178 +00:00 [DBG] CM processsing: TUN/TAP write bytes,96
2024-03-12 15:49:24.178 +00:00 [DBG] 🥶 APPEND line
2024-03-12 15:49:24.178 +00:00 [DBG] CM processsing: TCP/UDP read bytes,273773
2024-03-12 15:49:24.178 +00:00 [DBG] 🥶 APPEND line
2024-03-12 15:49:24.178 +00:00 [DBG] CM processsing: TCP/UDP write bytes,274884
2024-03-12 15:49:24.178 +00:00 [DBG] 🥶 APPEND line
2024-03-12 15:49:24.178 +00:00 [DBG] CM processsing: Auth read bytes,108288
2024-03-12 15:49:24.179 +00:00 [DBG] 🥶 APPEND line
2024-03-12 15:49:24.179 +00:00 [DBG] CM processsing: END
2024-03-12 15:49:24.179 +00:00 [DBG] 🥶 END
2024-03-12 15:49:24.180 +00:00 [DBG] OpenVPN STATISTICS
Updated,Tue Mar 12 15:49:24 2024
TUN/TAP read bytes,1236
TUN/TAP write bytes,96
TCP/UDP read bytes,273773
TCP/UDP write bytes,274884
Auth read bytes,108288
2024-03-12 15:49:24.183 +00:00 [DBG] CM processsing: 
2024-03-12 15:49:24.183 +00:00 [DBG] 🥶 APPEND line
2024-03-12 15:49:24.183 +00:00 [INF] Begin receive init again
2024-03-12 15:49:24.686 +00:00 [INF] Received bytes: 231
2024-03-12 15:49:24.686 +00:00 [DBG] Message marshalling complete
2024-03-12 15:49:24.687 +00:00 [DBG] CM received: >LOG:1710258564,D,MANAGEMENT: CMD 'status'
OpenVPN STATISTICS
Updated,Tue Mar 12 15:49:24 2024
TUN/TAP read bytes,1236
TUN/TAP write bytes,96
TCP/UDP read bytes,273813
TCP/UDP write bytes,274924
Auth read bytes,108304
END

2024-03-12 15:49:24.687 +00:00 [DBG] CM processsing: >LOG:1710258564,D,MANAGEMENT: CMD 'status'
2024-03-12 15:49:24.687 +00:00 [DBG] CM processsing: OpenVPN STATISTICS
2024-03-12 15:49:24.687 +00:00 [DBG] 🥶 APPEND line
2024-03-12 15:49:24.687 +00:00 [DBG] CM processsing: Updated,Tue Mar 12 15:49:24 2024
2024-03-12 15:49:24.687 +00:00 [DBG] 🥶 APPEND line
2024-03-12 15:49:24.687 +00:00 [DBG] CM processsing: TUN/TAP read bytes,1236
2024-03-12 15:49:24.687 +00:00 [DBG] 🥶 APPEND line
2024-03-12 15:49:24.687 +00:00 [DBG] CM processsing: TUN/TAP write bytes,96
2024-03-12 15:49:24.687 +00:00 [DBG] 🥶 APPEND line
2024-03-12 15:49:24.687 +00:00 [DBG] CM processsing: TCP/UDP read bytes,273813
2024-03-12 15:49:24.687 +00:00 [DBG] 🥶 APPEND line
2024-03-12 15:49:24.687 +00:00 [DBG] CM processsing: TCP/UDP write bytes,274924
2024-03-12 15:49:24.687 +00:00 [DBG] 🥶 APPEND line
2024-03-12 15:49:24.687 +00:00 [DBG] CM processsing: Auth read bytes,108304
2024-03-12 15:49:24.687 +00:00 [DBG] 🥶 APPEND line
2024-03-12 15:49:24.687 +00:00 [DBG] CM processsing: END
2024-03-12 15:49:24.687 +00:00 [DBG] 🥶 END
2024-03-12 15:49:24.688 +00:00 [DBG] OpenVPN STATISTICS
Updated,Tue Mar 12 15:49:24 2024
TUN/TAP read bytes,1236
TUN/TAP write bytes,96
TCP/UDP read bytes,273813
TCP/UDP write bytes,274924
Auth read bytes,108304
2024-03-12 15:49:24.688 +00:00 [DBG] CM processsing: 
2024-03-12 15:49:24.688 +00:00 [DBG] 🥶 APPEND line
2024-03-12 15:49:24.688 +00:00 [INF] Begin receive init again
2024-03-12 15:49:25.232 +00:00 [INF] Received bytes: 231
2024-03-12 15:49:25.232 +00:00 [DBG] Message marshalling complete
2024-03-12 15:49:25.232 +00:00 [DBG] CM received: >LOG:1710258565,D,MANAGEMENT: CMD 'status'
OpenVPN STATISTICS
Updated,Tue Mar 12 15:49:25 2024
TUN/TAP read bytes,1236
TUN/TAP write bytes,96
TCP/UDP read bytes,273853
TCP/UDP write bytes,274964
Auth read bytes,108320
END

2024-03-12 15:49:25.232 +00:00 [DBG] CM processsing: >LOG:1710258565,D,MANAGEMENT: CMD 'status'
2024-03-12 15:49:25.232 +00:00 [DBG] CM processsing: OpenVPN STATISTICS
2024-03-12 15:49:25.232 +00:00 [DBG] 🥶 APPEND line
2024-03-12 15:49:25.232 +00:00 [DBG] CM processsing: Updated,Tue Mar 12 15:49:25 2024
2024-03-12 15:49:25.232 +00:00 [DBG] 🥶 APPEND line
2024-03-12 15:49:25.232 +00:00 [DBG] CM processsing: TUN/TAP read bytes,1236
2024-03-12 15:49:25.232 +00:00 [DBG] 🥶 APPEND line
2024-03-12 15:49:25.232 +00:00 [DBG] CM processsing: TUN/TAP write bytes,96
2024-03-12 15:49:25.232 +00:00 [DBG] 🥶 APPEND line
2024-03-12 15:49:25.232 +00:00 [DBG] CM processsing: TCP/UDP read bytes,273853
2024-03-12 15:49:25.232 +00:00 [DBG] 🥶 APPEND line
2024-03-12 15:49:25.232 +00:00 [DBG] CM processsing: TCP/UDP write bytes,274964
2024-03-12 15:49:25.232 +00:00 [DBG] 🥶 APPEND line
2024-03-12 15:49:25.232 +00:00 [DBG] CM processsing: Auth read bytes,108320
2024-03-12 15:49:25.232 +00:00 [DBG] 🥶 APPEND line
2024-03-12 15:49:25.232 +00:00 [DBG] CM processsing: END
2024-03-12 15:49:25.232 +00:00 [DBG] 🥶 END
2024-03-12 15:49:25.254 +00:00 [DBG] OpenVPN STATISTICS
Updated,Tue Mar 12 15:49:25 2024
TUN/TAP read bytes,1236
TUN/TAP write bytes,96
TCP/UDP read bytes,273853
TCP/UDP write bytes,274964
Auth read bytes,108320
2024-03-12 15:49:25.255 +00:00 [DBG] CM processsing: 
2024-03-12 15:49:25.255 +00:00 [DBG] 🥶 APPEND line
2024-03-12 15:49:25.255 +00:00 [INF] Begin receive init again
2024-03-12 15:49:25.756 +00:00 [INF] Received bytes: 231
2024-03-12 15:49:25.757 +00:00 [DBG] Message marshalling complete
2024-03-12 15:49:25.757 +00:00 [DBG] CM received: >LOG:1710258565,D,MANAGEMENT: CMD 'status'
OpenVPN STATISTICS
Updated,Tue Mar 12 15:49:25 2024
TUN/TAP read bytes,1236
TUN/TAP write bytes,96
TCP/UDP read bytes,273853
TCP/UDP write bytes,274964
Auth read bytes,108320
END

2024-03-12 15:49:25.757 +00:00 [DBG] CM processsing: >LOG:1710258565,D,MANAGEMENT: CMD 'status'
2024-03-12 15:49:25.758 +00:00 [DBG] CM processsing: OpenVPN STATISTICS
2024-03-12 15:49:25.758 +00:00 [DBG] 🥶 APPEND line
2024-03-12 15:49:25.758 +00:00 [DBG] CM processsing: Updated,Tue Mar 12 15:49:25 2024
2024-03-12 15:49:25.758 +00:00 [DBG] 🥶 APPEND line
2024-03-12 15:49:25.758 +00:00 [DBG] CM processsing: TUN/TAP read bytes,1236
2024-03-12 15:49:25.758 +00:00 [DBG] 🥶 APPEND line
2024-03-12 15:49:25.758 +00:00 [DBG] CM processsing: TUN/TAP write bytes,96
2024-03-12 15:49:25.758 +00:00 [DBG] 🥶 APPEND line
2024-03-12 15:49:25.758 +00:00 [DBG] CM processsing: TCP/UDP read bytes,273853
2024-03-12 15:49:25.758 +00:00 [DBG] 🥶 APPEND line
2024-03-12 15:49:25.758 +00:00 [DBG] CM processsing: TCP/UDP write bytes,274964
2024-03-12 15:49:25.758 +00:00 [DBG] 🥶 APPEND line
2024-03-12 15:49:25.758 +00:00 [DBG] CM processsing: Auth read bytes,108320
2024-03-12 15:49:25.759 +00:00 [DBG] 🥶 APPEND line
2024-03-12 15:49:25.759 +00:00 [DBG] CM processsing: END
2024-03-12 15:49:25.759 +00:00 [DBG] 🥶 END
2024-03-12 15:49:25.760 +00:00 [DBG] OpenVPN STATISTICS
Updated,Tue Mar 12 15:49:25 2024
TUN/TAP read bytes,1236
TUN/TAP write bytes,96
TCP/UDP read bytes,273853
TCP/UDP write bytes,274964
Auth read bytes,108320
2024-03-12 15:49:25.761 +00:00 [DBG] CM processsing: 
2024-03-12 15:49:25.761 +00:00 [DBG] 🥶 APPEND line
2024-03-12 15:49:25.761 +00:00 [INF] Begin receive init again
2024-03-12 15:49:26.263 +00:00 [INF] Received bytes: 231
2024-03-12 15:49:26.263 +00:00 [DBG] Message marshalling complete
2024-03-12 15:49:26.263 +00:00 [DBG] CM received: >LOG:1710258566,D,MANAGEMENT: CMD 'status'
OpenVPN STATISTICS
Updated,Tue Mar 12 15:49:26 2024
TUN/TAP read bytes,1236
TUN/TAP write bytes,96
TCP/UDP read bytes,273893
TCP/UDP write bytes,275004
Auth read bytes,108336
END

2024-03-12 15:49:26.263 +00:00 [DBG] CM processsing: >LOG:1710258566,D,MANAGEMENT: CMD 'status'
2024-03-12 15:49:26.264 +00:00 [DBG] CM processsing: OpenVPN STATISTICS
2024-03-12 15:49:26.264 +00:00 [DBG] 🥶 APPEND line
2024-03-12 15:49:26.264 +00:00 [DBG] CM processsing: Updated,Tue Mar 12 15:49:26 2024
2024-03-12 15:49:26.264 +00:00 [DBG] 🥶 APPEND line
2024-03-12 15:49:26.264 +00:00 [DBG] CM processsing: TUN/TAP read bytes,1236
2024-03-12 15:49:26.264 +00:00 [DBG] 🥶 APPEND line
2024-03-12 15:49:26.264 +00:00 [DBG] CM processsing: TUN/TAP write bytes,96
2024-03-12 15:49:26.264 +00:00 [DBG] 🥶 APPEND line
2024-03-12 15:49:26.264 +00:00 [DBG] CM processsing: TCP/UDP read bytes,273893
2024-03-12 15:49:26.264 +00:00 [DBG] 🥶 APPEND line
2024-03-12 15:49:26.264 +00:00 [DBG] CM processsing: TCP/UDP write bytes,275004
2024-03-12 15:49:26.264 +00:00 [DBG] 🥶 APPEND line
2024-03-12 15:49:26.264 +00:00 [DBG] CM processsing: Auth read bytes,108336
2024-03-12 15:49:26.264 +00:00 [DBG] 🥶 APPEND line
2024-03-12 15:49:26.264 +00:00 [DBG] CM processsing: END
2024-03-12 15:49:26.264 +00:00 [DBG] 🥶 END
2024-03-12 15:49:26.264 +00:00 [DBG] OpenVPN STATISTICS
Updated,Tue Mar 12 15:49:26 2024
TUN/TAP read bytes,1236
TUN/TAP write bytes,96
TCP/UDP read bytes,273893
TCP/UDP write bytes,275004
Auth read bytes,108336
2024-03-12 15:49:26.265 +00:00 [DBG] CM processsing: 
2024-03-12 15:49:26.265 +00:00 [DBG] 🥶 APPEND line
2024-03-12 15:49:26.265 +00:00 [INF] Begin receive init again
2024-03-12 15:49:26.331 +00:00 [DBG] Inserted event CLICK_APP_DISCONNECT 1 to AnalyticsTable
2024-03-12 15:49:26.333 +00:00 [INF] Received bytes: 231
2024-03-12 15:49:26.333 +00:00 [DBG] Message marshalling complete
2024-03-12 15:49:26.333 +00:00 [DBG] CM received: >LOG:1710258566,D,MANAGEMENT: CMD 'status'
OpenVPN STATISTICS
Updated,Tue Mar 12 15:49:26 2024
TUN/TAP read bytes,1236
TUN/TAP write bytes,96
TCP/UDP read bytes,273893
TCP/UDP write bytes,275004
Auth read bytes,108336
END

2024-03-12 15:49:26.333 +00:00 [DBG] CM processsing: >LOG:1710258566,D,MANAGEMENT: CMD 'status'
2024-03-12 15:49:26.333 +00:00 [DBG] CM processsing: OpenVPN STATISTICS
2024-03-12 15:49:26.333 +00:00 [DBG] 🥶 APPEND line
2024-03-12 15:49:26.333 +00:00 [DBG] CM processsing: Updated,Tue Mar 12 15:49:26 2024
2024-03-12 15:49:26.334 +00:00 [DBG] 🥶 APPEND line
2024-03-12 15:49:26.334 +00:00 [DBG] CM processsing: TUN/TAP read bytes,1236
2024-03-12 15:49:26.334 +00:00 [DBG] 🥶 APPEND line
2024-03-12 15:49:26.334 +00:00 [DBG] CM processsing: TUN/TAP write bytes,96
2024-03-12 15:49:26.334 +00:00 [DBG] 🥶 APPEND line
2024-03-12 15:49:26.334 +00:00 [DBG] CM processsing: TCP/UDP read bytes,273893
2024-03-12 15:49:26.334 +00:00 [DBG] 🥶 APPEND line
2024-03-12 15:49:26.334 +00:00 [DBG] CM processsing: TCP/UDP write bytes,275004
2024-03-12 15:49:26.334 +00:00 [DBG] 🥶 APPEND line
2024-03-12 15:49:26.334 +00:00 [DBG] CM processsing: Auth read bytes,108336
2024-03-12 15:49:26.334 +00:00 [DBG] 🥶 APPEND line
2024-03-12 15:49:26.334 +00:00 [DBG] CM processsing: END
2024-03-12 15:49:26.334 +00:00 [DBG] 🥶 END
2024-03-12 15:49:26.335 +00:00 [DBG] CM processsing: 
2024-03-12 15:49:26.335 +00:00 [DBG] 🥶 APPEND line
2024-03-12 15:49:26.335 +00:00 [INF] Begin receive init again
2024-03-12 15:49:26.337 +00:00 [DBG] Already received bytes: 273893
2024-03-12 15:49:26.337 +00:00 [DBG] Already sent bytes: 275004
2024-03-12 15:49:26.339 +00:00 [DBG] Inserted event CONNECTION_BYTES_SENT 275004 to AnalyticsTable
2024-03-12 15:49:26.340 +00:00 [DBG] Inserted event CONNECTION_BYTES_RECEIVED 273893 to AnalyticsTable
2024-03-12 15:49:26.341 +00:00 [DBG] Stopping DNS monitoring thread
2024-03-12 15:49:26.341 +00:00 [DBG] Releasing DNS monitoring lock
2024-03-12 15:49:26.342 +00:00 [DBG] Connection state changed for CVPN endpoint id: cvpn-endpoint-04966959fc375c14f
2024-03-12 15:49:26.344 +00:00 [DBG] Inserted event UI_APP_VPN_CONNECT_GENERAL_ERROR 0 to MetricsTable
2024-03-12 15:49:26.345 +00:00 [DBG] Inserted event UI_APP_VPN_CONNECT_ATTEMPT_FAIL_VPN_PROCESS_DIED 0 to MetricsTable
2024-03-12 15:49:26.347 +00:00 [DBG] Inserted event UI_APP_VPN_CONNECT_ATTEMPT_FAIL_TLS_ERROR 0 to MetricsTable
2024-03-12 15:49:26.348 +00:00 [DBG] Inserted event SERVER_IP_TAMPERED_ERROR 0 to MetricsTable
2024-03-12 15:49:26.349 +00:00 [DBG] Inserted event LOCAL_NETWORK_CIDR_CHANGED_ERROR 0 to MetricsTable
2024-03-12 15:49:26.351 +00:00 [DBG] Inserted event UI_APP_VPN_CONNECT_ATTEMPT_FAIL_UNCATEGORIZED_ERROR 0 to MetricsTable
2024-03-12 15:49:26.356 +00:00 [DBG] Inserted event OSX_SEC_CODE_VALIDATION_EXCEPTION 0 to MetricsTable
2024-03-12 15:49:26.357 +00:00 [INF] Terminating connection
2024-03-12 15:49:26.357 +00:00 [DBG] 🏞 Ending connection details reporting.
2024-03-12 15:49:26.357 +00:00 [WRN] We are calling GracefulKill in a method that is not supposed to change Connection state.
2024-03-12 15:49:26.357 +00:00 [DBG] GracefulKill
2024-03-12 15:49:26.357 +00:00 [DBG] Cancelling socket listen token
2024-03-12 15:49:26.357 +00:00 [DBG] Dispose socket
2024-03-12 15:49:26.357 +00:00 [DBG] 🏞 Connection state reporting cancelled. Breaking reporting loop
2024-03-12 15:49:26.358 +00:00 [DBG] 🏞 Releasing connection details lock
2024-03-12 15:49:26.359 +00:00 [DBG] Signal process kill with helper tool.
2024-03-12 15:49:26.359 +00:00 [DBG] Starting process
2024-03-12 15:49:26.359 +00:00 [DBG] Cancellation requested
2024-03-12 15:49:26.805 +00:00 [DBG] Start to read process output
2024-03-12 15:49:29.056 +00:00 [DBG] End reading process output
2024-03-12 15:49:29.133 +00:00 [DBG] Helper app --kill
stdout: Kill success.
stderr: 2024-03-12 15:49:26.854 ACVCHelperTool[84757:94699535] Attempt to terminate process PID: 16955
2024-03-12 15:49:26.934 ACVCHelperTool[84757:94699535] Terminate process executed. Exit code 1
2024-03-12 15:49:26.934 ACVCHelperTool[84757:94699544] XPC connection invalid.


2024-03-12 15:49:29.133 +00:00 [DBG] Release process manager start lock
2024-03-12 15:49:29.134 +00:00 [DBG] Release process manager stop lock
2024-03-12 15:49:29.134 +00:00 [DBG] Disconnected
2024-03-12 15:49:29.134 +00:00 [DBG] Stopping DNS monitoring thread
2024-03-12 15:49:29.134 +00:00 [DBG] Releasing DNS monitoring lock
2024-03-12 15:49:29.134 +00:00 [DBG] Sending Metrics batches
2024-03-12 15:49:29.134 +00:00 [DBG] Metric agent started
2024-03-12 15:49:29.138 +00:00 [DBG] Checking if table MetricsTable is empty
2024-03-12 15:49:29.140 +00:00 [DBG] is empty: False
2024-03-12 15:49:29.144 +00:00 [DBG] Metrics event batch successfully created, sending metrics
2024-03-12 15:49:29.144 +00:00 [DBG] metrics region already exists in app: eu-central-1
2024-03-12 15:49:29.144 +00:00 [DBG] Sending metrics batch async
2024-03-12 15:49:29.144 +00:00 [DBG] OS: MacOS
2024-03-12 15:49:29.144 +00:00 [DBG] OS: MacOS
2024-03-12 15:49:29.144 +00:00 [DBG] OS: MacOS
2024-03-12 15:49:29.144 +00:00 [DBG] OS: MacOS
2024-03-12 15:49:29.144 +00:00 [DBG] OS: MacOS
2024-03-12 15:49:29.144 +00:00 [DBG] OS: MacOS
2024-03-12 15:49:29.144 +00:00 [DBG] OS: MacOS
2024-03-12 15:49:29.144 +00:00 [DBG] OS: MacOS
2024-03-12 15:49:29.144 +00:00 [DBG] OS: MacOS
2024-03-12 15:49:29.144 +00:00 [DBG] OS: MacOS
2024-03-12 15:49:29.144 +00:00 [DBG] OS: MacOS
2024-03-12 15:49:29.144 +00:00 [DBG] OS: MacOS
2024-03-12 15:49:29.144 +00:00 [DBG] OS: MacOS
2024-03-12 15:49:29.144 +00:00 [DBG] OS: MacOS
2024-03-12 15:49:29.145 +00:00 [DBG] OS: MacOS
2024-03-12 15:49:29.145 +00:00 [DBG] OS: MacOS
2024-03-12 15:49:29.145 +00:00 [DBG] OS: MacOS
2024-03-12 15:49:29.145 +00:00 [DBG] OS: MacOS
2024-03-12 15:49:29.145 +00:00 [DBG] OS: MacOS
2024-03-12 15:49:29.145 +00:00 [DBG] OS: MacOS
2024-03-12 15:49:29.145 +00:00 [DBG] Metrics data request created
2024-03-12 15:49:29.154 +00:00 [DBG] Sending Analytics Batches
2024-03-12 15:49:29.154 +00:00 [DBG] Inserted event CONNECTION_END_TIME 1710258569 to AnalyticsTable
2024-03-12 15:49:29.157 +00:00 [DBG] Checking if table AnalyticsTable is empty
2024-03-12 15:49:29.157 +00:00 [DBG] is empty: False
2024-03-12 15:49:29.160 +00:00 [DBG] Analytics event batch successfully created, sending analytics
2024-03-12 15:49:29.160 +00:00 [DBG] Sending analytics batch async
2024-03-12 15:49:29.160 +00:00 [DBG] metrics region already exists in app: eu-central-1
2024-03-12 15:49:29.161 +00:00 [DBG] Pinpoint endpoint ID already exists
2024-03-12 15:49:29.161 +00:00 [DBG] OSVersion: Unix 22.4.0.0
2024-03-12 15:49:29.161 +00:00 [DBG] OS: MacOS
2024-03-12 15:49:29.161 +00:00 [DBG] Endpoint ID: eu-central-1:0db0e430-13d5-c2e9-a39c-ec0919c6134e
2024-03-12 15:49:29.161 +00:00 [DBG] Pinpoint endpoint id: eu-central-1:0db0e430-13d5-c2e9-a39c-ec0919c6134e
2024-03-12 15:49:29.161 +00:00 [DBG] metrics region already exists in app: eu-central-1
2024-03-12 15:49:29.163 +00:00 [DBG] OS: MacOS
2024-03-12 15:49:29.163 +00:00 [DBG] OS: MacOS
2024-03-12 15:49:29.163 +00:00 [DBG] OS: MacOS
2024-03-12 15:49:29.164 +00:00 [DBG] OS: MacOS
2024-03-12 15:49:29.164 +00:00 [DBG] OS: MacOS
2024-03-12 15:49:29.164 +00:00 [DBG] OS: MacOS
2024-03-12 15:49:29.164 +00:00 [DBG] OS: MacOS
2024-03-12 15:49:29.164 +00:00 [DBG] OS: MacOS
2024-03-12 15:49:29.164 +00:00 [DBG] OS: MacOS
2024-03-12 15:49:29.164 +00:00 [DBG] OS: MacOS
2024-03-12 15:49:29.164 +00:00 [DBG] OS: MacOS
2024-03-12 15:49:29.164 +00:00 [DBG] OS: MacOS
2024-03-12 15:49:29.164 +00:00 [DBG] OS: MacOS
2024-03-12 15:49:29.165 +00:00 [DBG] OS: MacOS
2024-03-12 15:49:29.165 +00:00 [DBG] OS: MacOS
2024-03-12 15:49:29.165 +00:00 [DBG] OS: MacOS
2024-03-12 15:49:29.165 +00:00 [DBG] OS: MacOS
2024-03-12 15:49:29.165 +00:00 [DBG] OS: MacOS
2024-03-12 15:49:29.165 +00:00 [DBG] OS: MacOS
2024-03-12 15:49:29.165 +00:00 [DBG] OS: MacOS
2024-03-12 15:49:29.165 +00:00 [DBG] OS: MacOS
2024-03-12 15:49:29.166 +00:00 [DBG] OS: MacOS
2024-03-12 15:49:29.166 +00:00 [DBG] OS: MacOS
2024-03-12 15:49:29.166 +00:00 [DBG] OS: MacOS
2024-03-12 15:49:29.166 +00:00 [DBG] OS: MacOS
2024-03-12 15:49:29.166 +00:00 [DBG] OS: MacOS
2024-03-12 15:49:29.166 +00:00 [DBG] OS: MacOS
2024-03-12 15:49:29.166 +00:00 [DBG] metrics region already exists in app: eu-central-1
2024-03-12 15:49:29.279 +00:00 [DBG] Inserted event CONNECTION_DURATION 343529 to AnalyticsTable
2024-03-12 15:49:29.281 +00:00 [DBG] Connection state changed for CVPN endpoint id: cvpn-endpoint-04966959fc375c14f
2024-03-12 15:49:29.284 +00:00 [DBG] Inserted event UI_APP_VPN_CONNECT_GENERAL_ERROR 0 to MetricsTable
2024-03-12 15:49:29.287 +00:00 [DBG] Inserted event UI_APP_VPN_CONNECT_ATTEMPT_FAIL_VPN_PROCESS_DIED 0 to MetricsTable
2024-03-12 15:49:29.290 +00:00 [DBG] Inserted event UI_APP_VPN_CONNECT_ATTEMPT_FAIL_TLS_ERROR 0 to MetricsTable
2024-03-12 15:49:29.292 +00:00 [DBG] Inserted event SERVER_IP_TAMPERED_ERROR 0 to MetricsTable
2024-03-12 15:49:29.295 +00:00 [DBG] Inserted event LOCAL_NETWORK_CIDR_CHANGED_ERROR 0 to MetricsTable
2024-03-12 15:49:29.297 +00:00 [DBG] Inserted event UI_APP_VPN_CONNECT_ATTEMPT_FAIL_UNCATEGORIZED_ERROR 0 to MetricsTable
2024-03-12 15:49:29.299 +00:00 [DBG] Inserted event OSX_SEC_CODE_VALIDATION_EXCEPTION 0 to MetricsTable
2024-03-12 15:49:29.444 +00:00 [DBG] Caching credentials.
2024-03-12 15:49:29.745 +00:00 [DBG] 3/12/2024 3:49:29 PM Accepted
2024-03-12 15:49:29.745 +00:00 [DBG] successfully put analytics to pinpoint
2024-03-12 15:49:29.745 +00:00 [DBG] Events batch was accepted. Checking individual events for accepted status.
2024-03-12 15:49:29.758 +00:00 [DBG] CloudWatch response received
2024-03-12 15:49:29.758 +00:00 [DBG] CloudWatch response status code: OK
2024-03-12 15:49:29.758 +00:00 [DBG] successfully put metrics to cloudwatch
2024-03-12 15:49:29.758 +00:00 [DBG] Deleting successfully sent batch of metric events
2024-03-12 15:49:29.758 +00:00 [DBG] Checking if table AnalyticsTable is empty
2024-03-12 15:49:29.759 +00:00 [DBG] is empty: False
2024-03-12 15:49:29.764 +00:00 [DBG] Analytics event batch successfully created, sending analytics
2024-03-12 15:49:29.765 +00:00 [DBG] Sending analytics batch async
2024-03-12 15:49:29.765 +00:00 [DBG] metrics region already exists in app: eu-central-1
2024-03-12 15:49:29.765 +00:00 [DBG] Pinpoint endpoint ID already exists
2024-03-12 15:49:29.765 +00:00 [DBG] OSVersion: Unix 22.4.0.0
2024-03-12 15:49:29.765 +00:00 [DBG] OS: MacOS
2024-03-12 15:49:29.765 +00:00 [DBG] Endpoint ID: eu-central-1:0db0e430-13d5-c2e9-a39c-ec0919c6134e
2024-03-12 15:49:29.765 +00:00 [DBG] Pinpoint endpoint id: eu-central-1:0db0e430-13d5-c2e9-a39c-ec0919c6134e
2024-03-12 15:49:29.765 +00:00 [DBG] metrics region already exists in app: eu-central-1
2024-03-12 15:49:29.765 +00:00 [DBG] OS: MacOS
2024-03-12 15:49:29.765 +00:00 [DBG] OS: MacOS
2024-03-12 15:49:29.766 +00:00 [DBG] OS: MacOS
2024-03-12 15:49:29.773 +00:00 [DBG] OS: MacOS
2024-03-12 15:49:29.773 +00:00 [DBG] OS: MacOS
2024-03-12 15:49:29.774 +00:00 [DBG] OS: MacOS
2024-03-12 15:49:29.774 +00:00 [DBG] OS: MacOS
2024-03-12 15:49:29.774 +00:00 [DBG] OS: MacOS
2024-03-12 15:49:29.774 +00:00 [DBG] OS: MacOS
2024-03-12 15:49:29.774 +00:00 [DBG] OS: MacOS
2024-03-12 15:49:29.774 +00:00 [DBG] OS: MacOS
2024-03-12 15:49:29.774 +00:00 [DBG] OS: MacOS
2024-03-12 15:49:29.775 +00:00 [DBG] OS: MacOS
2024-03-12 15:49:29.775 +00:00 [DBG] OS: MacOS
2024-03-12 15:49:29.775 +00:00 [DBG] OS: MacOS
2024-03-12 15:49:29.775 +00:00 [DBG] OS: MacOS
2024-03-12 15:49:29.775 +00:00 [DBG] OS: MacOS
2024-03-12 15:49:29.775 +00:00 [DBG] OS: MacOS
2024-03-12 15:49:29.776 +00:00 [DBG] OS: MacOS
2024-03-12 15:49:29.776 +00:00 [DBG] OS: MacOS
2024-03-12 15:49:29.776 +00:00 [DBG] OS: MacOS
2024-03-12 15:49:29.776 +00:00 [DBG] OS: MacOS
2024-03-12 15:49:29.776 +00:00 [DBG] OS: MacOS
2024-03-12 15:49:29.776 +00:00 [DBG] OS: MacOS
2024-03-12 15:49:29.777 +00:00 [DBG] metrics region already exists in app: eu-central-1
2024-03-12 15:49:29.783 +00:00 [DBG] Checking if table MetricsTable is empty
2024-03-12 15:49:29.783 +00:00 [DBG] is empty: False
2024-03-12 15:49:29.785 +00:00 [DBG] Metrics event batch successfully created, sending metrics
2024-03-12 15:49:29.785 +00:00 [DBG] metrics region already exists in app: eu-central-1
2024-03-12 15:49:29.785 +00:00 [DBG] Sending metrics batch async
2024-03-12 15:49:29.785 +00:00 [DBG] OS: MacOS
2024-03-12 15:49:29.785 +00:00 [DBG] OS: MacOS
2024-03-12 15:49:29.785 +00:00 [DBG] OS: MacOS
2024-03-12 15:49:29.785 +00:00 [DBG] OS: MacOS
2024-03-12 15:49:29.785 +00:00 [DBG] OS: MacOS
2024-03-12 15:49:29.785 +00:00 [DBG] OS: MacOS
2024-03-12 15:49:29.785 +00:00 [DBG] OS: MacOS
2024-03-12 15:49:29.785 +00:00 [DBG] OS: MacOS
2024-03-12 15:49:29.785 +00:00 [DBG] OS: MacOS
2024-03-12 15:49:29.785 +00:00 [DBG] OS: MacOS
2024-03-12 15:49:29.785 +00:00 [DBG] OS: MacOS
2024-03-12 15:49:29.785 +00:00 [DBG] OS: MacOS
2024-03-12 15:49:29.785 +00:00 [DBG] OS: MacOS
2024-03-12 15:49:29.785 +00:00 [DBG] OS: MacOS
2024-03-12 15:49:29.785 +00:00 [DBG] OS: MacOS
2024-03-12 15:49:29.785 +00:00 [DBG] OS: MacOS
2024-03-12 15:49:29.785 +00:00 [DBG] OS: MacOS
2024-03-12 15:49:29.785 +00:00 [DBG] OS: MacOS
2024-03-12 15:49:29.785 +00:00 [DBG] OS: MacOS
2024-03-12 15:49:29.785 +00:00 [DBG] OS: MacOS
2024-03-12 15:49:29.786 +00:00 [DBG] Metrics data request created
2024-03-12 15:49:30.004 +00:00 [DBG] 3/12/2024 3:49:30 PM Accepted
2024-03-12 15:49:30.006 +00:00 [DBG] successfully put analytics to pinpoint
2024-03-12 15:49:30.006 +00:00 [DBG] Events batch was accepted. Checking individual events for accepted status.
2024-03-12 15:49:30.012 +00:00 [DBG] CloudWatch response received
2024-03-12 15:49:30.012 +00:00 [DBG] CloudWatch response status code: OK
2024-03-12 15:49:30.012 +00:00 [DBG] successfully put metrics to cloudwatch
2024-03-12 15:49:30.012 +00:00 [DBG] Deleting successfully sent batch of metric events
2024-03-12 15:49:30.027 +00:00 [DBG] Checking if table AnalyticsTable is empty
2024-03-12 15:49:30.028 +00:00 [DBG] is empty: False
2024-03-12 15:49:30.035 +00:00 [DBG] Analytics event batch successfully created, sending analytics
2024-03-12 15:49:30.035 +00:00 [DBG] Sending analytics batch async
2024-03-12 15:49:30.035 +00:00 [DBG] metrics region already exists in app: eu-central-1
2024-03-12 15:49:30.035 +00:00 [DBG] Pinpoint endpoint ID already exists
2024-03-12 15:49:30.035 +00:00 [DBG] OSVersion: Unix 22.4.0.0
2024-03-12 15:49:30.035 +00:00 [DBG] OS: MacOS
2024-03-12 15:49:30.035 +00:00 [DBG] Endpoint ID: eu-central-1:0db0e430-13d5-c2e9-a39c-ec0919c6134e
2024-03-12 15:49:30.035 +00:00 [DBG] Pinpoint endpoint id: eu-central-1:0db0e430-13d5-c2e9-a39c-ec0919c6134e
2024-03-12 15:49:30.035 +00:00 [DBG] metrics region already exists in app: eu-central-1
2024-03-12 15:49:30.036 +00:00 [DBG] OS: MacOS
2024-03-12 15:49:30.036 +00:00 [DBG] OS: MacOS
2024-03-12 15:49:30.036 +00:00 [DBG] OS: MacOS
2024-03-12 15:49:30.037 +00:00 [DBG] OS: MacOS
2024-03-12 15:49:30.037 +00:00 [DBG] OS: MacOS
2024-03-12 15:49:30.037 +00:00 [DBG] OS: MacOS
2024-03-12 15:49:30.037 +00:00 [DBG] OS: MacOS
2024-03-12 15:49:30.037 +00:00 [DBG] OS: MacOS
2024-03-12 15:49:30.037 +00:00 [DBG] OS: MacOS
2024-03-12 15:49:30.037 +00:00 [DBG] OS: MacOS
2024-03-12 15:49:30.038 +00:00 [DBG] OS: MacOS
2024-03-12 15:49:30.038 +00:00 [DBG] OS: MacOS
2024-03-12 15:49:30.038 +00:00 [DBG] OS: MacOS
2024-03-12 15:49:30.038 +00:00 [DBG] OS: MacOS
2024-03-12 15:49:30.038 +00:00 [DBG] OS: MacOS
2024-03-12 15:49:30.038 +00:00 [DBG] OS: MacOS
2024-03-12 15:49:30.038 +00:00 [DBG] OS: MacOS
2024-03-12 15:49:30.039 +00:00 [DBG] OS: MacOS
2024-03-12 15:49:30.039 +00:00 [DBG] OS: MacOS
2024-03-12 15:49:30.039 +00:00 [DBG] OS: MacOS
2024-03-12 15:49:30.039 +00:00 [DBG] OS: MacOS
2024-03-12 15:49:30.039 +00:00 [DBG] OS: MacOS
2024-03-12 15:49:30.039 +00:00 [DBG] OS: MacOS
2024-03-12 15:49:30.039 +00:00 [DBG] OS: MacOS
2024-03-12 15:49:30.039 +00:00 [DBG] OS: MacOS
2024-03-12 15:49:30.040 +00:00 [DBG] metrics region already exists in app: eu-central-1
2024-03-12 15:49:30.084 +00:00 [DBG] Checking if table MetricsTable is empty
2024-03-12 15:49:30.085 +00:00 [DBG] is empty: False
2024-03-12 15:49:30.086 +00:00 [DBG] Metrics event batch successfully created, sending metrics
2024-03-12 15:49:30.086 +00:00 [DBG] metrics region already exists in app: eu-central-1
2024-03-12 15:49:30.086 +00:00 [DBG] Sending metrics batch async
2024-03-12 15:49:30.086 +00:00 [DBG] OS: MacOS
2024-03-12 15:49:30.086 +00:00 [DBG] OS: MacOS
2024-03-12 15:49:30.086 +00:00 [DBG] OS: MacOS
2024-03-12 15:49:30.086 +00:00 [DBG] OS: MacOS
2024-03-12 15:49:30.086 +00:00 [DBG] OS: MacOS
2024-03-12 15:49:30.087 +00:00 [DBG] OS: MacOS
2024-03-12 15:49:30.087 +00:00 [DBG] OS: MacOS
2024-03-12 15:49:30.087 +00:00 [DBG] OS: MacOS
2024-03-12 15:49:30.087 +00:00 [DBG] OS: MacOS
2024-03-12 15:49:30.087 +00:00 [DBG] OS: MacOS
2024-03-12 15:49:30.087 +00:00 [DBG] OS: MacOS
2024-03-12 15:49:30.087 +00:00 [DBG] OS: MacOS
2024-03-12 15:49:30.087 +00:00 [DBG] OS: MacOS
2024-03-12 15:49:30.087 +00:00 [DBG] OS: MacOS
2024-03-12 15:49:30.087 +00:00 [DBG] OS: MacOS
2024-03-12 15:49:30.087 +00:00 [DBG] OS: MacOS
2024-03-12 15:49:30.087 +00:00 [DBG] OS: MacOS
2024-03-12 15:49:30.087 +00:00 [DBG] OS: MacOS
2024-03-12 15:49:30.087 +00:00 [DBG] OS: MacOS
2024-03-12 15:49:30.087 +00:00 [DBG] OS: MacOS
2024-03-12 15:49:30.087 +00:00 [DBG] Metrics data request created
2024-03-12 15:49:30.309 +00:00 [DBG] 3/12/2024 3:49:30 PM Accepted
2024-03-12 15:49:30.309 +00:00 [DBG] successfully put analytics to pinpoint
2024-03-12 15:49:30.309 +00:00 [DBG] Events batch was accepted. Checking individual events for accepted status.
2024-03-12 15:49:30.318 +00:00 [DBG] Checking if table AnalyticsTable is empty
2024-03-12 15:49:30.318 +00:00 [DBG] is empty: False
2024-03-12 15:49:30.322 +00:00 [DBG] Analytics event batch successfully created, sending analytics
2024-03-12 15:49:30.322 +00:00 [DBG] Sending analytics batch async
2024-03-12 15:49:30.322 +00:00 [DBG] metrics region already exists in app: eu-central-1
2024-03-12 15:49:30.322 +00:00 [DBG] Pinpoint endpoint ID already exists
2024-03-12 15:49:30.322 +00:00 [DBG] OSVersion: Unix 22.4.0.0
2024-03-12 15:49:30.323 +00:00 [DBG] OS: MacOS
2024-03-12 15:49:30.323 +00:00 [DBG] Endpoint ID: eu-central-1:0db0e430-13d5-c2e9-a39c-ec0919c6134e
2024-03-12 15:49:30.323 +00:00 [DBG] Pinpoint endpoint id: eu-central-1:0db0e430-13d5-c2e9-a39c-ec0919c6134e
2024-03-12 15:49:30.323 +00:00 [DBG] metrics region already exists in app: eu-central-1
2024-03-12 15:49:30.323 +00:00 [DBG] OS: MacOS
2024-03-12 15:49:30.323 +00:00 [DBG] OS: MacOS
2024-03-12 15:49:30.323 +00:00 [DBG] OS: MacOS
2024-03-12 15:49:30.324 +00:00 [DBG] OS: MacOS
2024-03-12 15:49:30.324 +00:00 [DBG] OS: MacOS
2024-03-12 15:49:30.324 +00:00 [DBG] OS: MacOS
2024-03-12 15:49:30.324 +00:00 [DBG] OS: MacOS
2024-03-12 15:49:30.325 +00:00 [DBG] OS: MacOS
2024-03-12 15:49:30.325 +00:00 [DBG] OS: MacOS
2024-03-12 15:49:30.325 +00:00 [DBG] OS: MacOS
2024-03-12 15:49:30.325 +00:00 [DBG] OS: MacOS
2024-03-12 15:49:30.326 +00:00 [DBG] OS: MacOS
2024-03-12 15:49:30.326 +00:00 [DBG] OS: MacOS
2024-03-12 15:49:30.326 +00:00 [DBG] OS: MacOS
2024-03-12 15:49:30.327 +00:00 [DBG] OS: MacOS
2024-03-12 15:49:30.327 +00:00 [DBG] OS: MacOS
2024-03-12 15:49:30.327 +00:00 [DBG] OS: MacOS
2024-03-12 15:49:30.327 +00:00 [DBG] OS: MacOS
2024-03-12 15:49:30.327 +00:00 [DBG] OS: MacOS
2024-03-12 15:49:30.327 +00:00 [DBG] OS: MacOS
2024-03-12 15:49:30.328 +00:00 [DBG] OS: MacOS
2024-03-12 15:49:30.328 +00:00 [DBG] OS: MacOS
2024-03-12 15:49:30.328 +00:00 [DBG] OS: MacOS
2024-03-12 15:49:30.328 +00:00 [DBG] OS: MacOS
2024-03-12 15:49:30.328 +00:00 [DBG] OS: MacOS
2024-03-12 15:49:30.329 +00:00 [DBG] OS: MacOS
2024-03-12 15:49:30.329 +00:00 [DBG] OS: MacOS
2024-03-12 15:49:30.329 +00:00 [DBG] OS: MacOS
2024-03-12 15:49:30.330 +00:00 [DBG] OS: MacOS
2024-03-12 15:49:30.330 +00:00 [DBG] OS: MacOS
2024-03-12 15:49:30.330 +00:00 [DBG] metrics region already exists in app: eu-central-1
2024-03-12 15:49:30.332 +00:00 [DBG] CloudWatch response received
2024-03-12 15:49:30.332 +00:00 [DBG] CloudWatch response status code: OK
2024-03-12 15:49:30.332 +00:00 [DBG] successfully put metrics to cloudwatch
2024-03-12 15:49:30.332 +00:00 [DBG] Deleting successfully sent batch of metric events
2024-03-12 15:49:30.343 +00:00 [DBG] Checking if table MetricsTable is empty
2024-03-12 15:49:30.343 +00:00 [DBG] is empty: False
2024-03-12 15:49:30.344 +00:00 [DBG] Metrics event batch successfully created, sending metrics
2024-03-12 15:49:30.344 +00:00 [DBG] metrics region already exists in app: eu-central-1
2024-03-12 15:49:30.344 +00:00 [DBG] Sending metrics batch async
2024-03-12 15:49:30.344 +00:00 [DBG] OS: MacOS
2024-03-12 15:49:30.344 +00:00 [DBG] OS: MacOS
2024-03-12 15:49:30.344 +00:00 [DBG] OS: MacOS
2024-03-12 15:49:30.344 +00:00 [DBG] OS: MacOS
2024-03-12 15:49:30.344 +00:00 [DBG] OS: MacOS
2024-03-12 15:49:30.344 +00:00 [DBG] OS: MacOS
2024-03-12 15:49:30.344 +00:00 [DBG] OS: MacOS
2024-03-12 15:49:30.344 +00:00 [DBG] OS: MacOS
2024-03-12 15:49:30.344 +00:00 [DBG] OS: MacOS
2024-03-12 15:49:30.344 +00:00 [DBG] OS: MacOS
2024-03-12 15:49:30.344 +00:00 [DBG] OS: MacOS
2024-03-12 15:49:30.344 +00:00 [DBG] OS: MacOS
2024-03-12 15:49:30.344 +00:00 [DBG] OS: MacOS
2024-03-12 15:49:30.344 +00:00 [DBG] OS: MacOS
2024-03-12 15:49:30.344 +00:00 [DBG] OS: MacOS
2024-03-12 15:49:30.344 +00:00 [DBG] OS: MacOS
2024-03-12 15:49:30.344 +00:00 [DBG] OS: MacOS
2024-03-12 15:49:30.345 +00:00 [DBG] OS: MacOS
2024-03-12 15:49:30.345 +00:00 [DBG] OS: MacOS
2024-03-12 15:49:30.345 +00:00 [DBG] OS: MacOS
2024-03-12 15:49:30.345 +00:00 [DBG] Metrics data request created
2024-03-12 15:49:30.561 +00:00 [DBG] 3/12/2024 3:49:30 PM Accepted
2024-03-12 15:49:30.561 +00:00 [DBG] successfully put analytics to pinpoint
2024-03-12 15:49:30.561 +00:00 [DBG] Events batch was accepted. Checking individual events for accepted status.
2024-03-12 15:49:30.577 +00:00 [DBG] Checking if table AnalyticsTable is empty
2024-03-12 15:49:30.578 +00:00 [DBG] is empty: False
2024-03-12 15:49:30.581 +00:00 [DBG] Analytics event batch successfully created, sending analytics
2024-03-12 15:49:30.581 +00:00 [DBG] Sending analytics batch async
2024-03-12 15:49:30.582 +00:00 [DBG] metrics region already exists in app: eu-central-1
2024-03-12 15:49:30.582 +00:00 [DBG] Pinpoint endpoint ID already exists
2024-03-12 15:49:30.582 +00:00 [DBG] OSVersion: Unix 22.4.0.0
2024-03-12 15:49:30.582 +00:00 [DBG] OS: MacOS
2024-03-12 15:49:30.582 +00:00 [DBG] Endpoint ID: eu-central-1:0db0e430-13d5-c2e9-a39c-ec0919c6134e
2024-03-12 15:49:30.582 +00:00 [DBG] Pinpoint endpoint id: eu-central-1:0db0e430-13d5-c2e9-a39c-ec0919c6134e
2024-03-12 15:49:30.582 +00:00 [DBG] metrics region already exists in app: eu-central-1
2024-03-12 15:49:30.582 +00:00 [DBG] OS: MacOS
2024-03-12 15:49:30.583 +00:00 [DBG] OS: MacOS
2024-03-12 15:49:30.583 +00:00 [DBG] OS: MacOS
2024-03-12 15:49:30.583 +00:00 [DBG] OS: MacOS
2024-03-12 15:49:30.583 +00:00 [DBG] OS: MacOS
2024-03-12 15:49:30.584 +00:00 [DBG] OS: MacOS
2024-03-12 15:49:30.584 +00:00 [DBG] OS: MacOS
2024-03-12 15:49:30.584 +00:00 [DBG] OS: MacOS
2024-03-12 15:49:30.584 +00:00 [DBG] OS: MacOS
2024-03-12 15:49:30.584 +00:00 [DBG] OS: MacOS
2024-03-12 15:49:30.585 +00:00 [DBG] OS: MacOS
2024-03-12 15:49:30.585 +00:00 [DBG] OS: MacOS
2024-03-12 15:49:30.585 +00:00 [DBG] OS: MacOS
2024-03-12 15:49:30.585 +00:00 [DBG] OS: MacOS
2024-03-12 15:49:30.585 +00:00 [DBG] OS: MacOS
2024-03-12 15:49:30.585 +00:00 [DBG] OS: MacOS
2024-03-12 15:49:30.586 +00:00 [DBG] OS: MacOS
2024-03-12 15:49:30.586 +00:00 [DBG] OS: MacOS
2024-03-12 15:49:30.586 +00:00 [DBG] OS: MacOS
2024-03-12 15:49:30.586 +00:00 [DBG] OS: MacOS
2024-03-12 15:49:30.586 +00:00 [DBG] OS: MacOS
2024-03-12 15:49:30.586 +00:00 [DBG] OS: MacOS
2024-03-12 15:49:30.587 +00:00 [DBG] OS: MacOS
2024-03-12 15:49:30.587 +00:00 [DBG] OS: MacOS
2024-03-12 15:49:30.587 +00:00 [DBG] OS: MacOS
2024-03-12 15:49:30.587 +00:00 [DBG] OS: MacOS
2024-03-12 15:49:30.588 +00:00 [DBG] OS: MacOS
2024-03-12 15:49:30.588 +00:00 [DBG] OS: MacOS
2024-03-12 15:49:30.588 +00:00 [DBG] CloudWatch response received
2024-03-12 15:49:30.588 +00:00 [DBG] OS: MacOS
2024-03-12 15:49:30.588 +00:00 [DBG] CloudWatch response status code: OK
2024-03-12 15:49:30.588 +00:00 [DBG] successfully put metrics to cloudwatch
2024-03-12 15:49:30.588 +00:00 [DBG] OS: MacOS
2024-03-12 15:49:30.588 +00:00 [DBG] Deleting successfully sent batch of metric events
2024-03-12 15:49:30.588 +00:00 [DBG] metrics region already exists in app: eu-central-1
2024-03-12 15:49:30.595 +00:00 [DBG] Checking if table MetricsTable is empty
2024-03-12 15:49:30.596 +00:00 [DBG] is empty: False
2024-03-12 15:49:30.597 +00:00 [DBG] Metrics event batch successfully created, sending metrics
2024-03-12 15:49:30.597 +00:00 [DBG] metrics region already exists in app: eu-central-1
2024-03-12 15:49:30.597 +00:00 [DBG] Sending metrics batch async
2024-03-12 15:49:30.598 +00:00 [DBG] OS: MacOS
2024-03-12 15:49:30.598 +00:00 [DBG] OS: MacOS
2024-03-12 15:49:30.598 +00:00 [DBG] OS: MacOS
2024-03-12 15:49:30.598 +00:00 [DBG] OS: MacOS
2024-03-12 15:49:30.598 +00:00 [DBG] OS: MacOS
2024-03-12 15:49:30.598 +00:00 [DBG] OS: MacOS
2024-03-12 15:49:30.598 +00:00 [DBG] OS: MacOS
2024-03-12 15:49:30.598 +00:00 [DBG] OS: MacOS
2024-03-12 15:49:30.598 +00:00 [DBG] OS: MacOS
2024-03-12 15:49:30.598 +00:00 [DBG] OS: MacOS
2024-03-12 15:49:30.598 +00:00 [DBG] OS: MacOS
2024-03-12 15:49:30.598 +00:00 [DBG] OS: MacOS
2024-03-12 15:49:30.598 +00:00 [DBG] OS: MacOS
2024-03-12 15:49:30.598 +00:00 [DBG] OS: MacOS
2024-03-12 15:49:30.598 +00:00 [DBG] OS: MacOS
2024-03-12 15:49:30.598 +00:00 [DBG] OS: MacOS
2024-03-12 15:49:30.598 +00:00 [DBG] OS: MacOS
2024-03-12 15:49:30.598 +00:00 [DBG] OS: MacOS
2024-03-12 15:49:30.598 +00:00 [DBG] OS: MacOS
2024-03-12 15:49:30.598 +00:00 [DBG] OS: MacOS
2024-03-12 15:49:30.598 +00:00 [DBG] Metrics data request created
2024-03-12 15:49:30.813 +00:00 [DBG] 3/12/2024 3:49:30 PM Accepted
2024-03-12 15:49:30.814 +00:00 [DBG] successfully put analytics to pinpoint
2024-03-12 15:49:30.814 +00:00 [DBG] Events batch was accepted. Checking individual events for accepted status.
2024-03-12 15:49:30.827 +00:00 [DBG] Checking if table AnalyticsTable is empty
2024-03-12 15:49:30.828 +00:00 [DBG] is empty: False
2024-03-12 15:49:30.836 +00:00 [DBG] Analytics event batch successfully created, sending analytics
2024-03-12 15:49:30.836 +00:00 [DBG] Sending analytics batch async
2024-03-12 15:49:30.836 +00:00 [DBG] metrics region already exists in app: eu-central-1
2024-03-12 15:49:30.836 +00:00 [DBG] CloudWatch response received
2024-03-12 15:49:30.836 +00:00 [DBG] CloudWatch response status code: OK
2024-03-12 15:49:30.836 +00:00 [DBG] successfully put metrics to cloudwatch
2024-03-12 15:49:30.837 +00:00 [DBG] Deleting successfully sent batch of metric events
2024-03-12 15:49:30.836 +00:00 [DBG] Pinpoint endpoint ID already exists
2024-03-12 15:49:30.837 +00:00 [DBG] OSVersion: Unix 22.4.0.0
2024-03-12 15:49:30.837 +00:00 [DBG] OS: MacOS
2024-03-12 15:49:30.837 +00:00 [DBG] Endpoint ID: eu-central-1:0db0e430-13d5-c2e9-a39c-ec0919c6134e
2024-03-12 15:49:30.837 +00:00 [DBG] Pinpoint endpoint id: eu-central-1:0db0e430-13d5-c2e9-a39c-ec0919c6134e
2024-03-12 15:49:30.837 +00:00 [DBG] metrics region already exists in app: eu-central-1
2024-03-12 15:49:30.838 +00:00 [DBG] OS: MacOS
2024-03-12 15:49:30.838 +00:00 [DBG] OS: MacOS
2024-03-12 15:49:30.838 +00:00 [DBG] OS: MacOS
2024-03-12 15:49:30.838 +00:00 [DBG] OS: MacOS
2024-03-12 15:49:30.838 +00:00 [DBG] OS: MacOS
2024-03-12 15:49:30.838 +00:00 [DBG] OS: MacOS
2024-03-12 15:49:30.839 +00:00 [DBG] OS: MacOS
2024-03-12 15:49:30.839 +00:00 [DBG] OS: MacOS
2024-03-12 15:49:30.839 +00:00 [DBG] OS: MacOS
2024-03-12 15:49:30.839 +00:00 [DBG] OS: MacOS
2024-03-12 15:49:30.839 +00:00 [DBG] OS: MacOS
2024-03-12 15:49:30.840 +00:00 [DBG] OS: MacOS
2024-03-12 15:49:30.840 +00:00 [DBG] OS: MacOS
2024-03-12 15:49:30.840 +00:00 [DBG] OS: MacOS
2024-03-12 15:49:30.840 +00:00 [DBG] OS: MacOS
2024-03-12 15:49:30.840 +00:00 [DBG] OS: MacOS
2024-03-12 15:49:30.841 +00:00 [DBG] OS: MacOS
2024-03-12 15:49:30.842 +00:00 [DBG] OS: MacOS
2024-03-12 15:49:30.842 +00:00 [DBG] OS: MacOS
2024-03-12 15:49:30.843 +00:00 [DBG] OS: MacOS
2024-03-12 15:49:30.843 +00:00 [DBG] OS: MacOS
2024-03-12 15:49:30.843 +00:00 [DBG] OS: MacOS
2024-03-12 15:49:30.843 +00:00 [DBG] OS: MacOS
2024-03-12 15:49:30.844 +00:00 [DBG] OS: MacOS
2024-03-12 15:49:30.844 +00:00 [DBG] OS: MacOS
2024-03-12 15:49:30.844 +00:00 [DBG] OS: MacOS
2024-03-12 15:49:30.844 +00:00 [DBG] OS: MacOS
2024-03-12 15:49:30.844 +00:00 [DBG] OS: MacOS
2024-03-12 15:49:30.845 +00:00 [DBG] OS: MacOS
2024-03-12 15:49:30.845 +00:00 [DBG] metrics region already exists in app: eu-central-1
2024-03-12 15:49:30.848 +00:00 [DBG] Checking if table MetricsTable is empty
2024-03-12 15:49:30.849 +00:00 [DBG] is empty: False
2024-03-12 15:49:30.851 +00:00 [DBG] Metrics event batch successfully created, sending metrics
2024-03-12 15:49:30.852 +00:00 [DBG] metrics region already exists in app: eu-central-1
2024-03-12 15:49:30.852 +00:00 [DBG] Sending metrics batch async
2024-03-12 15:49:30.852 +00:00 [DBG] OS: MacOS
2024-03-12 15:49:30.852 +00:00 [DBG] OS: MacOS
2024-03-12 15:49:30.852 +00:00 [DBG] OS: MacOS
2024-03-12 15:49:30.852 +00:00 [DBG] OS: MacOS
2024-03-12 15:49:30.852 +00:00 [DBG] OS: MacOS
2024-03-12 15:49:30.852 +00:00 [DBG] OS: MacOS
2024-03-12 15:49:30.852 +00:00 [DBG] OS: MacOS
2024-03-12 15:49:30.852 +00:00 [DBG] OS: MacOS
2024-03-12 15:49:30.852 +00:00 [DBG] OS: MacOS
2024-03-12 15:49:30.852 +00:00 [DBG] OS: MacOS
2024-03-12 15:49:30.852 +00:00 [DBG] OS: MacOS
2024-03-12 15:49:30.852 +00:00 [DBG] OS: MacOS
2024-03-12 15:49:30.852 +00:00 [DBG] OS: MacOS
2024-03-12 15:49:30.852 +00:00 [DBG] OS: MacOS
2024-03-12 15:49:30.852 +00:00 [DBG] OS: MacOS
2024-03-12 15:49:30.852 +00:00 [DBG] OS: MacOS
2024-03-12 15:49:30.852 +00:00 [DBG] OS: MacOS
2024-03-12 15:49:30.852 +00:00 [DBG] OS: MacOS
2024-03-12 15:49:30.852 +00:00 [DBG] OS: MacOS
2024-03-12 15:49:30.852 +00:00 [DBG] OS: MacOS
2024-03-12 15:49:30.852 +00:00 [DBG] Metrics data request created
2024-03-12 15:49:31.080 +00:00 [DBG] 3/12/2024 3:49:31 PM Accepted
2024-03-12 15:49:31.080 +00:00 [DBG] successfully put analytics to pinpoint
2024-03-12 15:49:31.080 +00:00 [DBG] Events batch was accepted. Checking individual events for accepted status.
2024-03-12 15:49:31.095 +00:00 [DBG] Checking if table AnalyticsTable is empty
2024-03-12 15:49:31.096 +00:00 [DBG] is empty: False
2024-03-12 15:49:31.099 +00:00 [DBG] Analytics event batch successfully created, sending analytics
2024-03-12 15:49:31.099 +00:00 [DBG] Sending analytics batch async
2024-03-12 15:49:31.099 +00:00 [DBG] metrics region already exists in app: eu-central-1
2024-03-12 15:49:31.099 +00:00 [DBG] Pinpoint endpoint ID already exists
2024-03-12 15:49:31.100 +00:00 [DBG] OSVersion: Unix 22.4.0.0
2024-03-12 15:49:31.100 +00:00 [DBG] OS: MacOS
2024-03-12 15:49:31.100 +00:00 [DBG] Endpoint ID: eu-central-1:0db0e430-13d5-c2e9-a39c-ec0919c6134e
2024-03-12 15:49:31.100 +00:00 [DBG] Pinpoint endpoint id: eu-central-1:0db0e430-13d5-c2e9-a39c-ec0919c6134e
2024-03-12 15:49:31.100 +00:00 [DBG] metrics region already exists in app: eu-central-1
2024-03-12 15:49:31.100 +00:00 [DBG] OS: MacOS
2024-03-12 15:49:31.100 +00:00 [DBG] OS: MacOS
2024-03-12 15:49:31.100 +00:00 [DBG] OS: MacOS
2024-03-12 15:49:31.101 +00:00 [DBG] OS: MacOS
2024-03-12 15:49:31.101 +00:00 [DBG] OS: MacOS
2024-03-12 15:49:31.101 +00:00 [DBG] OS: MacOS
2024-03-12 15:49:31.101 +00:00 [DBG] OS: MacOS
2024-03-12 15:49:31.101 +00:00 [DBG] OS: MacOS
2024-03-12 15:49:31.101 +00:00 [DBG] OS: MacOS
2024-03-12 15:49:31.102 +00:00 [DBG] OS: MacOS
2024-03-12 15:49:31.102 +00:00 [DBG] OS: MacOS
2024-03-12 15:49:31.102 +00:00 [DBG] OS: MacOS
2024-03-12 15:49:31.102 +00:00 [DBG] OS: MacOS
2024-03-12 15:49:31.102 +00:00 [DBG] OS: MacOS
2024-03-12 15:49:31.102 +00:00 [DBG] OS: MacOS
2024-03-12 15:49:31.103 +00:00 [DBG] OS: MacOS
2024-03-12 15:49:31.103 +00:00 [DBG] OS: MacOS
2024-03-12 15:49:31.103 +00:00 [DBG] OS: MacOS
2024-03-12 15:49:31.103 +00:00 [DBG] OS: MacOS
2024-03-12 15:49:31.103 +00:00 [DBG] OS: MacOS
2024-03-12 15:49:31.103 +00:00 [DBG] OS: MacOS
2024-03-12 15:49:31.104 +00:00 [DBG] OS: MacOS
2024-03-12 15:49:31.104 +00:00 [DBG] OS: MacOS
2024-03-12 15:49:31.104 +00:00 [DBG] OS: MacOS
2024-03-12 15:49:31.104 +00:00 [DBG] OS: MacOS
2024-03-12 15:49:31.104 +00:00 [DBG] OS: MacOS
2024-03-12 15:49:31.104 +00:00 [DBG] OS: MacOS
2024-03-12 15:49:31.105 +00:00 [DBG] OS: MacOS
2024-03-12 15:49:31.105 +00:00 [DBG] metrics region already exists in app: eu-central-1
2024-03-12 15:49:31.113 +00:00 [DBG] CloudWatch response received
2024-03-12 15:49:31.113 +00:00 [DBG] CloudWatch response status code: OK
2024-03-12 15:49:31.114 +00:00 [DBG] successfully put metrics to cloudwatch
2024-03-12 15:49:31.114 +00:00 [DBG] Deleting successfully sent batch of metric events
2024-03-12 15:49:31.118 +00:00 [DBG] Checking if table MetricsTable is empty
2024-03-12 15:49:31.118 +00:00 [DBG] is empty: False
2024-03-12 15:49:31.120 +00:00 [DBG] Metrics event batch successfully created, sending metrics
2024-03-12 15:49:31.120 +00:00 [DBG] metrics region already exists in app: eu-central-1
2024-03-12 15:49:31.120 +00:00 [DBG] Sending metrics batch async
2024-03-12 15:49:31.120 +00:00 [DBG] OS: MacOS
2024-03-12 15:49:31.120 +00:00 [DBG] OS: MacOS
2024-03-12 15:49:31.120 +00:00 [DBG] OS: MacOS
2024-03-12 15:49:31.120 +00:00 [DBG] OS: MacOS
2024-03-12 15:49:31.120 +00:00 [DBG] OS: MacOS
2024-03-12 15:49:31.120 +00:00 [DBG] OS: MacOS
2024-03-12 15:49:31.120 +00:00 [DBG] OS: MacOS
2024-03-12 15:49:31.120 +00:00 [DBG] OS: MacOS
2024-03-12 15:49:31.120 +00:00 [DBG] OS: MacOS
2024-03-12 15:49:31.120 +00:00 [DBG] OS: MacOS
2024-03-12 15:49:31.120 +00:00 [DBG] OS: MacOS
2024-03-12 15:49:31.120 +00:00 [DBG] OS: MacOS
2024-03-12 15:49:31.120 +00:00 [DBG] OS: MacOS
2024-03-12 15:49:31.120 +00:00 [DBG] OS: MacOS
2024-03-12 15:49:31.120 +00:00 [DBG] OS: MacOS
2024-03-12 15:49:31.120 +00:00 [DBG] OS: MacOS
2024-03-12 15:49:31.120 +00:00 [DBG] OS: MacOS
2024-03-12 15:49:31.120 +00:00 [DBG] OS: MacOS
2024-03-12 15:49:31.120 +00:00 [DBG] OS: MacOS
2024-03-12 15:49:31.120 +00:00 [DBG] OS: MacOS
2024-03-12 15:49:31.120 +00:00 [DBG] Metrics data request created
2024-03-12 15:49:31.182 +00:00 [DBG] CloudWatch response received
2024-03-12 15:49:31.183 +00:00 [DBG] CloudWatch response status code: OK
2024-03-12 15:49:31.183 +00:00 [DBG] successfully put metrics to cloudwatch
2024-03-12 15:49:31.183 +00:00 [DBG] Deleting successfully sent batch of metric events
2024-03-12 15:49:31.194 +00:00 [DBG] Checking if table MetricsTable is empty
2024-03-12 15:49:31.194 +00:00 [DBG] is empty: False
2024-03-12 15:49:31.196 +00:00 [DBG] Metrics event batch successfully created, sending metrics
2024-03-12 15:49:31.196 +00:00 [DBG] metrics region already exists in app: eu-central-1
2024-03-12 15:49:31.196 +00:00 [DBG] Sending metrics batch async
2024-03-12 15:49:31.196 +00:00 [DBG] OS: MacOS
2024-03-12 15:49:31.196 +00:00 [DBG] OS: MacOS
2024-03-12 15:49:31.196 +00:00 [DBG] OS: MacOS
2024-03-12 15:49:31.196 +00:00 [DBG] OS: MacOS
2024-03-12 15:49:31.196 +00:00 [DBG] OS: MacOS
2024-03-12 15:49:31.197 +00:00 [DBG] OS: MacOS
2024-03-12 15:49:31.197 +00:00 [DBG] OS: MacOS
2024-03-12 15:49:31.197 +00:00 [DBG] OS: MacOS
2024-03-12 15:49:31.197 +00:00 [DBG] OS: MacOS
2024-03-12 15:49:31.197 +00:00 [DBG] OS: MacOS
2024-03-12 15:49:31.197 +00:00 [DBG] OS: MacOS
2024-03-12 15:49:31.197 +00:00 [DBG] OS: MacOS
2024-03-12 15:49:31.197 +00:00 [DBG] OS: MacOS
2024-03-12 15:49:31.197 +00:00 [DBG] OS: MacOS
2024-03-12 15:49:31.197 +00:00 [DBG] OS: MacOS
2024-03-12 15:49:31.197 +00:00 [DBG] OS: MacOS
2024-03-12 15:49:31.197 +00:00 [DBG] OS: MacOS
2024-03-12 15:49:31.197 +00:00 [DBG] OS: MacOS
2024-03-12 15:49:31.197 +00:00 [DBG] OS: MacOS
2024-03-12 15:49:31.197 +00:00 [DBG] OS: MacOS
2024-03-12 15:49:31.197 +00:00 [DBG] Metrics data request created
2024-03-12 15:49:31.284 +00:00 [DBG] 3/12/2024 3:49:31 PM Accepted
2024-03-12 15:49:31.284 +00:00 [DBG] successfully put analytics to pinpoint
2024-03-12 15:49:31.285 +00:00 [DBG] Events batch was accepted. Checking individual events for accepted status.
2024-03-12 15:49:31.290 +00:00 [DBG] Checking if table AnalyticsTable is empty
2024-03-12 15:49:31.290 +00:00 [DBG] is empty: False
2024-03-12 15:49:31.294 +00:00 [DBG] Analytics event batch successfully created, sending analytics
2024-03-12 15:49:31.294 +00:00 [DBG] Sending analytics batch async
2024-03-12 15:49:31.294 +00:00 [DBG] metrics region already exists in app: eu-central-1
2024-03-12 15:49:31.294 +00:00 [DBG] Pinpoint endpoint ID already exists
2024-03-12 15:49:31.294 +00:00 [DBG] OSVersion: Unix 22.4.0.0
2024-03-12 15:49:31.294 +00:00 [DBG] OS: MacOS
2024-03-12 15:49:31.294 +00:00 [DBG] Endpoint ID: eu-central-1:0db0e430-13d5-c2e9-a39c-ec0919c6134e
2024-03-12 15:49:31.294 +00:00 [DBG] Pinpoint endpoint id: eu-central-1:0db0e430-13d5-c2e9-a39c-ec0919c6134e
2024-03-12 15:49:31.294 +00:00 [DBG] metrics region already exists in app: eu-central-1
2024-03-12 15:49:31.295 +00:00 [DBG] OS: MacOS
2024-03-12 15:49:31.295 +00:00 [DBG] OS: MacOS
2024-03-12 15:49:31.295 +00:00 [DBG] OS: MacOS
2024-03-12 15:49:31.295 +00:00 [DBG] OS: MacOS
2024-03-12 15:49:31.295 +00:00 [DBG] OS: MacOS
2024-03-12 15:49:31.295 +00:00 [DBG] OS: MacOS
2024-03-12 15:49:31.295 +00:00 [DBG] OS: MacOS
2024-03-12 15:49:31.295 +00:00 [DBG] OS: MacOS
2024-03-12 15:49:31.296 +00:00 [DBG] OS: MacOS
2024-03-12 15:49:31.296 +00:00 [DBG] OS: MacOS
2024-03-12 15:49:31.296 +00:00 [DBG] OS: MacOS
2024-03-12 15:49:31.296 +00:00 [DBG] OS: MacOS
2024-03-12 15:49:31.296 +00:00 [DBG] OS: MacOS
2024-03-12 15:49:31.296 +00:00 [DBG] OS: MacOS
2024-03-12 15:49:31.296 +00:00 [DBG] OS: MacOS
2024-03-12 15:49:31.296 +00:00 [DBG] OS: MacOS
2024-03-12 15:49:31.296 +00:00 [DBG] OS: MacOS
2024-03-12 15:49:31.296 +00:00 [DBG] OS: MacOS
2024-03-12 15:49:31.296 +00:00 [DBG] OS: MacOS
2024-03-12 15:49:31.296 +00:00 [DBG] OS: MacOS
2024-03-12 15:49:31.296 +00:00 [DBG] OS: MacOS
2024-03-12 15:49:31.297 +00:00 [DBG] OS: MacOS
2024-03-12 15:49:31.297 +00:00 [DBG] OS: MacOS
2024-03-12 15:49:31.297 +00:00 [DBG] OS: MacOS
2024-03-12 15:49:31.297 +00:00 [DBG] OS: MacOS
2024-03-12 15:49:31.297 +00:00 [DBG] OS: MacOS
2024-03-12 15:49:31.297 +00:00 [DBG] OS: MacOS
2024-03-12 15:49:31.297 +00:00 [DBG] metrics region already exists in app: eu-central-1
2024-03-12 15:49:31.432 +00:00 [DBG] CloudWatch response received
2024-03-12 15:49:31.433 +00:00 [DBG] CloudWatch response status code: OK
2024-03-12 15:49:31.433 +00:00 [DBG] successfully put metrics to cloudwatch
2024-03-12 15:49:31.434 +00:00 [DBG] Deleting successfully sent batch of metric events
2024-03-12 15:49:31.452 +00:00 [DBG] Checking if table MetricsTable is empty
2024-03-12 15:49:31.454 +00:00 [DBG] is empty: False
2024-03-12 15:49:31.456 +00:00 [DBG] Metrics event batch successfully created, sending metrics
2024-03-12 15:49:31.457 +00:00 [DBG] metrics region already exists in app: eu-central-1
2024-03-12 15:49:31.457 +00:00 [DBG] Sending metrics batch async
2024-03-12 15:49:31.457 +00:00 [DBG] OS: MacOS
2024-03-12 15:49:31.457 +00:00 [DBG] OS: MacOS
2024-03-12 15:49:31.457 +00:00 [DBG] OS: MacOS
2024-03-12 15:49:31.457 +00:00 [DBG] OS: MacOS
2024-03-12 15:49:31.457 +00:00 [DBG] OS: MacOS
2024-03-12 15:49:31.457 +00:00 [DBG] OS: MacOS
2024-03-12 15:49:31.457 +00:00 [DBG] OS: MacOS
2024-03-12 15:49:31.457 +00:00 [DBG] OS: MacOS
2024-03-12 15:49:31.457 +00:00 [DBG] OS: MacOS
2024-03-12 15:49:31.457 +00:00 [DBG] OS: MacOS
2024-03-12 15:49:31.457 +00:00 [DBG] OS: MacOS
2024-03-12 15:49:31.457 +00:00 [DBG] OS: MacOS
2024-03-12 15:49:31.457 +00:00 [DBG] OS: MacOS
2024-03-12 15:49:31.457 +00:00 [DBG] OS: MacOS
2024-03-12 15:49:31.457 +00:00 [DBG] OS: MacOS
2024-03-12 15:49:31.457 +00:00 [DBG] OS: MacOS
2024-03-12 15:49:31.457 +00:00 [DBG] OS: MacOS
2024-03-12 15:49:31.457 +00:00 [DBG] OS: MacOS
2024-03-12 15:49:31.457 +00:00 [DBG] OS: MacOS
2024-03-12 15:49:31.457 +00:00 [DBG] OS: MacOS
2024-03-12 15:49:31.457 +00:00 [DBG] Metrics data request created
2024-03-12 15:49:31.551 +00:00 [DBG] 3/12/2024 3:49:31 PM Accepted
2024-03-12 15:49:31.552 +00:00 [DBG] successfully put analytics to pinpoint
2024-03-12 15:49:31.552 +00:00 [DBG] Events batch was accepted. Checking individual events for accepted status.
2024-03-12 15:49:31.575 +00:00 [DBG] Checking if table AnalyticsTable is empty
2024-03-12 15:49:31.576 +00:00 [DBG] is empty: False
2024-03-12 15:49:31.582 +00:00 [DBG] Analytics event batch successfully created, sending analytics
2024-03-12 15:49:31.582 +00:00 [DBG] Sending analytics batch async
2024-03-12 15:49:31.582 +00:00 [DBG] metrics region already exists in app: eu-central-1
2024-03-12 15:49:31.582 +00:00 [DBG] Pinpoint endpoint ID already exists
2024-03-12 15:49:31.582 +00:00 [DBG] OSVersion: Unix 22.4.0.0
2024-03-12 15:49:31.582 +00:00 [DBG] OS: MacOS
2024-03-12 15:49:31.582 +00:00 [DBG] Endpoint ID: eu-central-1:0db0e430-13d5-c2e9-a39c-ec0919c6134e
2024-03-12 15:49:31.582 +00:00 [DBG] Pinpoint endpoint id: eu-central-1:0db0e430-13d5-c2e9-a39c-ec0919c6134e
2024-03-12 15:49:31.582 +00:00 [DBG] metrics region already exists in app: eu-central-1
2024-03-12 15:49:31.583 +00:00 [DBG] OS: MacOS
2024-03-12 15:49:31.583 +00:00 [DBG] OS: MacOS
2024-03-12 15:49:31.583 +00:00 [DBG] OS: MacOS
2024-03-12 15:49:31.583 +00:00 [DBG] OS: MacOS
2024-03-12 15:49:31.584 +00:00 [DBG] OS: MacOS
2024-03-12 15:49:31.584 +00:00 [DBG] OS: MacOS
2024-03-12 15:49:31.584 +00:00 [DBG] OS: MacOS
2024-03-12 15:49:31.584 +00:00 [DBG] OS: MacOS
2024-03-12 15:49:31.584 +00:00 [DBG] OS: MacOS
2024-03-12 15:49:31.584 +00:00 [DBG] OS: MacOS
2024-03-12 15:49:31.585 +00:00 [DBG] OS: MacOS
2024-03-12 15:49:31.585 +00:00 [DBG] OS: MacOS
2024-03-12 15:49:31.585 +00:00 [DBG] OS: MacOS
2024-03-12 15:49:31.585 +00:00 [DBG] OS: MacOS
2024-03-12 15:49:31.585 +00:00 [DBG] OS: MacOS
2024-03-12 15:49:31.585 +00:00 [DBG] OS: MacOS
2024-03-12 15:49:31.586 +00:00 [DBG] OS: MacOS
2024-03-12 15:49:31.586 +00:00 [DBG] OS: MacOS
2024-03-12 15:49:31.586 +00:00 [DBG] OS: MacOS
2024-03-12 15:49:31.586 +00:00 [DBG] OS: MacOS
2024-03-12 15:49:31.586 +00:00 [DBG] OS: MacOS
2024-03-12 15:49:31.587 +00:00 [DBG] OS: MacOS
2024-03-12 15:49:31.587 +00:00 [DBG] OS: MacOS
2024-03-12 15:49:31.587 +00:00 [DBG] OS: MacOS
2024-03-12 15:49:31.587 +00:00 [DBG] metrics region already exists in app: eu-central-1
2024-03-12 15:49:31.693 +00:00 [DBG] CloudWatch response received
2024-03-12 15:49:31.694 +00:00 [DBG] CloudWatch response status code: OK
2024-03-12 15:49:31.694 +00:00 [DBG] successfully put metrics to cloudwatch
2024-03-12 15:49:31.694 +00:00 [DBG] Deleting successfully sent batch of metric events
2024-03-12 15:49:31.700 +00:00 [DBG] Checking if table MetricsTable is empty
2024-03-12 15:49:31.700 +00:00 [DBG] is empty: False
2024-03-12 15:49:31.702 +00:00 [DBG] Metrics event batch successfully created, sending metrics
2024-03-12 15:49:31.702 +00:00 [DBG] metrics region already exists in app: eu-central-1
2024-03-12 15:49:31.702 +00:00 [DBG] Sending metrics batch async
2024-03-12 15:49:31.702 +00:00 [DBG] OS: MacOS
2024-03-12 15:49:31.702 +00:00 [DBG] OS: MacOS
2024-03-12 15:49:31.702 +00:00 [DBG] OS: MacOS
2024-03-12 15:49:31.702 +00:00 [DBG] OS: MacOS
2024-03-12 15:49:31.702 +00:00 [DBG] OS: MacOS
2024-03-12 15:49:31.702 +00:00 [DBG] OS: MacOS
2024-03-12 15:49:31.702 +00:00 [DBG] OS: MacOS
2024-03-12 15:49:31.702 +00:00 [DBG] OS: MacOS
2024-03-12 15:49:31.702 +00:00 [DBG] OS: MacOS
2024-03-12 15:49:31.702 +00:00 [DBG] OS: MacOS
2024-03-12 15:49:31.702 +00:00 [DBG] OS: MacOS
2024-03-12 15:49:31.702 +00:00 [DBG] OS: MacOS
2024-03-12 15:49:31.702 +00:00 [DBG] OS: MacOS
2024-03-12 15:49:31.702 +00:00 [DBG] OS: MacOS
2024-03-12 15:49:31.702 +00:00 [DBG] OS: MacOS
2024-03-12 15:49:31.702 +00:00 [DBG] OS: MacOS
2024-03-12 15:49:31.702 +00:00 [DBG] OS: MacOS
2024-03-12 15:49:31.702 +00:00 [DBG] OS: MacOS
2024-03-12 15:49:31.702 +00:00 [DBG] OS: MacOS
2024-03-12 15:49:31.702 +00:00 [DBG] OS: MacOS
2024-03-12 15:49:31.702 +00:00 [DBG] Metrics data request created
2024-03-12 15:49:31.761 +00:00 [DBG] 3/12/2024 3:49:31 PM Accepted
2024-03-12 15:49:31.761 +00:00 [DBG] successfully put analytics to pinpoint
2024-03-12 15:49:31.761 +00:00 [DBG] Events batch was accepted. Checking individual events for accepted status.
2024-03-12 15:49:31.766 +00:00 [DBG] Checking if table AnalyticsTable is empty
2024-03-12 15:49:31.766 +00:00 [DBG] is empty: False
2024-03-12 15:49:31.768 +00:00 [DBG] Analytics event batch successfully created, sending analytics
2024-03-12 15:49:31.768 +00:00 [DBG] Sending analytics batch async
2024-03-12 15:49:31.768 +00:00 [DBG] metrics region already exists in app: eu-central-1
2024-03-12 15:49:31.768 +00:00 [DBG] Pinpoint endpoint ID already exists
2024-03-12 15:49:31.768 +00:00 [DBG] OSVersion: Unix 22.4.0.0
2024-03-12 15:49:31.768 +00:00 [DBG] OS: MacOS
2024-03-12 15:49:31.768 +00:00 [DBG] Endpoint ID: eu-central-1:0db0e430-13d5-c2e9-a39c-ec0919c6134e
2024-03-12 15:49:31.768 +00:00 [DBG] Pinpoint endpoint id: eu-central-1:0db0e430-13d5-c2e9-a39c-ec0919c6134e
2024-03-12 15:49:31.768 +00:00 [DBG] metrics region already exists in app: eu-central-1
2024-03-12 15:49:31.768 +00:00 [DBG] OS: MacOS
2024-03-12 15:49:31.768 +00:00 [DBG] OS: MacOS
2024-03-12 15:49:31.769 +00:00 [DBG] OS: MacOS
2024-03-12 15:49:31.769 +00:00 [DBG] OS: MacOS
2024-03-12 15:49:31.769 +00:00 [DBG] OS: MacOS
2024-03-12 15:49:31.769 +00:00 [DBG] OS: MacOS
2024-03-12 15:49:31.769 +00:00 [DBG] OS: MacOS
2024-03-12 15:49:31.769 +00:00 [DBG] OS: MacOS
2024-03-12 15:49:31.769 +00:00 [DBG] OS: MacOS
2024-03-12 15:49:31.769 +00:00 [DBG] OS: MacOS
2024-03-12 15:49:31.769 +00:00 [DBG] OS: MacOS
2024-03-12 15:49:31.769 +00:00 [DBG] OS: MacOS
2024-03-12 15:49:31.770 +00:00 [DBG] OS: MacOS
2024-03-12 15:49:31.770 +00:00 [DBG] OS: MacOS
2024-03-12 15:49:31.770 +00:00 [DBG] OS: MacOS
2024-03-12 15:49:31.770 +00:00 [DBG] OS: MacOS
2024-03-12 15:49:31.770 +00:00 [DBG] OS: MacOS
2024-03-12 15:49:31.770 +00:00 [DBG] OS: MacOS
2024-03-12 15:49:31.770 +00:00 [DBG] OS: MacOS
2024-03-12 15:49:31.770 +00:00 [DBG] OS: MacOS
2024-03-12 15:49:31.770 +00:00 [DBG] OS: MacOS
2024-03-12 15:49:31.770 +00:00 [DBG] OS: MacOS
2024-03-12 15:49:31.770 +00:00 [DBG] OS: MacOS
2024-03-12 15:49:31.770 +00:00 [DBG] OS: MacOS
2024-03-12 15:49:31.771 +00:00 [DBG] OS: MacOS
2024-03-12 15:49:31.771 +00:00 [DBG] OS: MacOS
2024-03-12 15:49:31.771 +00:00 [DBG] metrics region already exists in app: eu-central-1
2024-03-12 15:49:32.000 +00:00 [DBG] 3/12/2024 3:49:31 PM Accepted
2024-03-12 15:49:32.000 +00:00 [DBG] successfully put analytics to pinpoint
2024-03-12 15:49:32.000 +00:00 [DBG] Events batch was accepted. Checking individual events for accepted status.
2024-03-12 15:49:32.018 +00:00 [DBG] Checking if table AnalyticsTable is empty
2024-03-12 15:49:32.019 +00:00 [DBG] is empty: False
2024-03-12 15:49:32.027 +00:00 [DBG] Analytics event batch successfully created, sending analytics
2024-03-12 15:49:32.027 +00:00 [DBG] Sending analytics batch async
2024-03-12 15:49:32.027 +00:00 [DBG] metrics region already exists in app: eu-central-1
2024-03-12 15:49:32.027 +00:00 [DBG] Pinpoint endpoint ID already exists
2024-03-12 15:49:32.027 +00:00 [DBG] OSVersion: Unix 22.4.0.0
2024-03-12 15:49:32.027 +00:00 [DBG] OS: MacOS
2024-03-12 15:49:32.027 +00:00 [DBG] Endpoint ID: eu-central-1:0db0e430-13d5-c2e9-a39c-ec0919c6134e
2024-03-12 15:49:32.027 +00:00 [DBG] Pinpoint endpoint id: eu-central-1:0db0e430-13d5-c2e9-a39c-ec0919c6134e
2024-03-12 15:49:32.027 +00:00 [DBG] metrics region already exists in app: eu-central-1
2024-03-12 15:49:32.029 +00:00 [DBG] CloudWatch response received
2024-03-12 15:49:32.029 +00:00 [DBG] CloudWatch response status code: OK
2024-03-12 15:49:32.029 +00:00 [DBG] successfully put metrics to cloudwatch
2024-03-12 15:49:32.029 +00:00 [DBG] Deleting successfully sent batch of metric events
2024-03-12 15:49:32.031 +00:00 [DBG] metrics region already exists in app: eu-central-1
2024-03-12 15:49:32.034 +00:00 [DBG] Checking if table MetricsTable is empty
2024-03-12 15:49:32.034 +00:00 [DBG] is empty: False
2024-03-12 15:49:32.036 +00:00 [DBG] Metrics event batch successfully created, sending metrics
2024-03-12 15:49:32.036 +00:00 [DBG] metrics region already exists in app: eu-central-1
2024-03-12 15:49:32.036 +00:00 [DBG] Sending metrics batch async
2024-03-12 15:49:32.036 +00:00 [DBG] OS: MacOS
2024-03-12 15:49:32.036 +00:00 [DBG] OS: MacOS
2024-03-12 15:49:32.036 +00:00 [DBG] OS: MacOS
2024-03-12 15:49:32.036 +00:00 [DBG] OS: MacOS
2024-03-12 15:49:32.036 +00:00 [DBG] OS: MacOS
2024-03-12 15:49:32.036 +00:00 [DBG] OS: MacOS
2024-03-12 15:49:32.036 +00:00 [DBG] OS: MacOS
2024-03-12 15:49:32.036 +00:00 [DBG] OS: MacOS
2024-03-12 15:49:32.036 +00:00 [DBG] OS: MacOS
2024-03-12 15:49:32.036 +00:00 [DBG] OS: MacOS
2024-03-12 15:49:32.036 +00:00 [DBG] OS: MacOS
2024-03-12 15:49:32.036 +00:00 [DBG] OS: MacOS
2024-03-12 15:49:32.036 +00:00 [DBG] OS: MacOS
2024-03-12 15:49:32.037 +00:00 [DBG] OS: MacOS
2024-03-12 15:49:32.037 +00:00 [DBG] OS: MacOS
2024-03-12 15:49:32.037 +00:00 [DBG] OS: MacOS
2024-03-12 15:49:32.037 +00:00 [DBG] OS: MacOS
2024-03-12 15:49:32.037 +00:00 [DBG] OS: MacOS
2024-03-12 15:49:32.037 +00:00 [DBG] OS: MacOS
2024-03-12 15:49:32.037 +00:00 [DBG] OS: MacOS
2024-03-12 15:49:32.037 +00:00 [DBG] Metrics data request created
2024-03-12 15:49:32.097 +00:00 [DBG] CloudWatch response received
2024-03-12 15:49:32.097 +00:00 [DBG] CloudWatch response status code: OK
2024-03-12 15:49:32.098 +00:00 [DBG] successfully put metrics to cloudwatch
2024-03-12 15:49:32.098 +00:00 [DBG] Deleting successfully sent batch of metric events
2024-03-12 15:49:32.120 +00:00 [DBG] Checking if table MetricsTable is empty
2024-03-12 15:49:32.121 +00:00 [DBG] is empty: False
2024-03-12 15:49:32.122 +00:00 [DBG] Metrics event batch successfully created, sending metrics
2024-03-12 15:49:32.122 +00:00 [DBG] metrics region already exists in app: eu-central-1
2024-03-12 15:49:32.122 +00:00 [DBG] Sending metrics batch async
2024-03-12 15:49:32.122 +00:00 [DBG] OS: MacOS
2024-03-12 15:49:32.122 +00:00 [DBG] OS: MacOS
2024-03-12 15:49:32.122 +00:00 [DBG] OS: MacOS
2024-03-12 15:49:32.122 +00:00 [DBG] OS: MacOS
2024-03-12 15:49:32.122 +00:00 [DBG] OS: MacOS
2024-03-12 15:49:32.122 +00:00 [DBG] OS: MacOS
2024-03-12 15:49:32.122 +00:00 [DBG] OS: MacOS
2024-03-12 15:49:32.122 +00:00 [DBG] OS: MacOS
2024-03-12 15:49:32.122 +00:00 [DBG] OS: MacOS
2024-03-12 15:49:32.122 +00:00 [DBG] OS: MacOS
2024-03-12 15:49:32.122 +00:00 [DBG] OS: MacOS
2024-03-12 15:49:32.122 +00:00 [DBG] OS: MacOS
2024-03-12 15:49:32.122 +00:00 [DBG] OS: MacOS
2024-03-12 15:49:32.122 +00:00 [DBG] OS: MacOS
2024-03-12 15:49:32.122 +00:00 [DBG] OS: MacOS
2024-03-12 15:49:32.122 +00:00 [DBG] OS: MacOS
2024-03-12 15:49:32.122 +00:00 [DBG] OS: MacOS
2024-03-12 15:49:32.122 +00:00 [DBG] OS: MacOS
2024-03-12 15:49:32.122 +00:00 [DBG] OS: MacOS
2024-03-12 15:49:32.122 +00:00 [DBG] OS: MacOS
2024-03-12 15:49:32.122 +00:00 [DBG] Metrics data request created
2024-03-12 15:49:32.212 +00:00 [DBG] 3/12/2024 3:49:32 PM Accepted
2024-03-12 15:49:32.212 +00:00 [DBG] successfully put analytics to pinpoint
2024-03-12 15:49:32.212 +00:00 [DBG] Events batch was accepted. Checking individual events for accepted status.
2024-03-12 15:49:32.225 +00:00 [DBG] Checking if table AnalyticsTable is empty
2024-03-12 15:49:32.226 +00:00 [DBG] is empty: False
2024-03-12 15:49:32.231 +00:00 [DBG] Analytics event batch successfully created, sending analytics
2024-03-12 15:49:32.232 +00:00 [DBG] Sending analytics batch async
2024-03-12 15:49:32.232 +00:00 [DBG] metrics region already exists in app: eu-central-1
2024-03-12 15:49:32.232 +00:00 [DBG] Pinpoint endpoint ID already exists
2024-03-12 15:49:32.232 +00:00 [DBG] OSVersion: Unix 22.4.0.0
2024-03-12 15:49:32.232 +00:00 [DBG] OS: MacOS
2024-03-12 15:49:32.232 +00:00 [DBG] Endpoint ID: eu-central-1:0db0e430-13d5-c2e9-a39c-ec0919c6134e
2024-03-12 15:49:32.232 +00:00 [DBG] Pinpoint endpoint id: eu-central-1:0db0e430-13d5-c2e9-a39c-ec0919c6134e
2024-03-12 15:49:32.232 +00:00 [DBG] metrics region already exists in app: eu-central-1
2024-03-12 15:49:32.235 +00:00 [DBG] OS: MacOS
2024-03-12 15:49:32.235 +00:00 [DBG] OS: MacOS
2024-03-12 15:49:32.236 +00:00 [DBG] OS: MacOS
2024-03-12 15:49:32.236 +00:00 [DBG] OS: MacOS
2024-03-12 15:49:32.236 +00:00 [DBG] OS: MacOS
2024-03-12 15:49:32.236 +00:00 [DBG] OS: MacOS
2024-03-12 15:49:32.236 +00:00 [DBG] metrics region already exists in app: eu-central-1
2024-03-12 15:49:32.365 +00:00 [DBG] CloudWatch response received
2024-03-12 15:49:32.365 +00:00 [DBG] CloudWatch response status code: OK
2024-03-12 15:49:32.365 +00:00 [DBG] successfully put metrics to cloudwatch
2024-03-12 15:49:32.365 +00:00 [DBG] Deleting successfully sent batch of metric events
2024-03-12 15:49:32.371 +00:00 [DBG] Checking if table MetricsTable is empty
2024-03-12 15:49:32.372 +00:00 [DBG] is empty: False
2024-03-12 15:49:32.375 +00:00 [DBG] Metrics event batch successfully created, sending metrics
2024-03-12 15:49:32.375 +00:00 [DBG] metrics region already exists in app: eu-central-1
2024-03-12 15:49:32.375 +00:00 [DBG] Sending metrics batch async
2024-03-12 15:49:32.375 +00:00 [DBG] OS: MacOS
2024-03-12 15:49:32.376 +00:00 [DBG] OS: MacOS
2024-03-12 15:49:32.376 +00:00 [DBG] OS: MacOS
2024-03-12 15:49:32.376 +00:00 [DBG] OS: MacOS
2024-03-12 15:49:32.376 +00:00 [DBG] OS: MacOS
2024-03-12 15:49:32.376 +00:00 [DBG] OS: MacOS
2024-03-12 15:49:32.376 +00:00 [DBG] OS: MacOS
2024-03-12 15:49:32.376 +00:00 [DBG] OS: MacOS
2024-03-12 15:49:32.376 +00:00 [DBG] OS: MacOS
2024-03-12 15:49:32.376 +00:00 [DBG] OS: MacOS
2024-03-12 15:49:32.376 +00:00 [DBG] OS: MacOS
2024-03-12 15:49:32.376 +00:00 [DBG] OS: MacOS
2024-03-12 15:49:32.376 +00:00 [DBG] OS: MacOS
2024-03-12 15:49:32.376 +00:00 [DBG] OS: MacOS
2024-03-12 15:49:32.376 +00:00 [DBG] OS: MacOS
2024-03-12 15:49:32.376 +00:00 [DBG] OS: MacOS
2024-03-12 15:49:32.376 +00:00 [DBG] OS: MacOS
2024-03-12 15:49:32.376 +00:00 [DBG] OS: MacOS
2024-03-12 15:49:32.376 +00:00 [DBG] OS: MacOS
2024-03-12 15:49:32.376 +00:00 [DBG] OS: MacOS
2024-03-12 15:49:32.377 +00:00 [DBG] Metrics data request created
2024-03-12 15:49:32.391 +00:00 [DBG] 3/12/2024 3:49:32 PM Accepted
2024-03-12 15:49:32.391 +00:00 [DBG] successfully put analytics to pinpoint
2024-03-12 15:49:32.391 +00:00 [DBG] Events batch was accepted. Checking individual events for accepted status.
2024-03-12 15:49:32.396 +00:00 [DBG] Checking if table AnalyticsTable is empty
2024-03-12 15:49:32.396 +00:00 [DBG] is empty: True
2024-03-12 15:49:32.396 +00:00 [DBG] Finished sending batches of analytics to pinpoint.
2024-03-12 15:49:32.448 +00:00 [DBG] CloudWatch response received
2024-03-12 15:49:32.449 +00:00 [DBG] CloudWatch response status code: OK
2024-03-12 15:49:32.449 +00:00 [DBG] successfully put metrics to cloudwatch
2024-03-12 15:49:32.449 +00:00 [DBG] Deleting successfully sent batch of metric events
2024-03-12 15:49:32.459 +00:00 [DBG] Checking if table MetricsTable is empty
2024-03-12 15:49:32.460 +00:00 [DBG] is empty: False
2024-03-12 15:49:32.465 +00:00 [DBG] Metrics event batch successfully created, sending metrics
2024-03-12 15:49:32.466 +00:00 [DBG] metrics region already exists in app: eu-central-1
2024-03-12 15:49:32.466 +00:00 [DBG] Sending metrics batch async
2024-03-12 15:49:32.466 +00:00 [DBG] OS: MacOS
2024-03-12 15:49:32.466 +00:00 [DBG] OS: MacOS
2024-03-12 15:49:32.466 +00:00 [DBG] OS: MacOS
2024-03-12 15:49:32.466 +00:00 [DBG] OS: MacOS
2024-03-12 15:49:32.466 +00:00 [DBG] OS: MacOS
2024-03-12 15:49:32.466 +00:00 [DBG] OS: MacOS
2024-03-12 15:49:32.466 +00:00 [DBG] OS: MacOS
2024-03-12 15:49:32.466 +00:00 [DBG] OS: MacOS
2024-03-12 15:49:32.466 +00:00 [DBG] OS: MacOS
2024-03-12 15:49:32.466 +00:00 [DBG] OS: MacOS
2024-03-12 15:49:32.466 +00:00 [DBG] OS: MacOS
2024-03-12 15:49:32.466 +00:00 [DBG] OS: MacOS
2024-03-12 15:49:32.466 +00:00 [DBG] OS: MacOS
2024-03-12 15:49:32.467 +00:00 [DBG] OS: MacOS
2024-03-12 15:49:32.467 +00:00 [DBG] OS: MacOS
2024-03-12 15:49:32.467 +00:00 [DBG] OS: MacOS
2024-03-12 15:49:32.467 +00:00 [DBG] OS: MacOS
2024-03-12 15:49:32.467 +00:00 [DBG] OS: MacOS
2024-03-12 15:49:32.467 +00:00 [DBG] OS: MacOS
2024-03-12 15:49:32.467 +00:00 [DBG] OS: MacOS
2024-03-12 15:49:32.467 +00:00 [DBG] Metrics data request created
2024-03-12 15:49:32.525 +00:00 [DBG] CloudWatch response received
2024-03-12 15:49:32.526 +00:00 [DBG] CloudWatch response status code: OK
2024-03-12 15:49:32.526 +00:00 [DBG] successfully put metrics to cloudwatch
2024-03-12 15:49:32.526 +00:00 [DBG] Deleting successfully sent batch of metric events
2024-03-12 15:49:32.538 +00:00 [DBG] Checking if table MetricsTable is empty
2024-03-12 15:49:32.539 +00:00 [DBG] is empty: False
2024-03-12 15:49:32.542 +00:00 [DBG] Metrics event batch successfully created, sending metrics
2024-03-12 15:49:32.542 +00:00 [DBG] metrics region already exists in app: eu-central-1
2024-03-12 15:49:32.542 +00:00 [DBG] Sending metrics batch async
2024-03-12 15:49:32.543 +00:00 [DBG] OS: MacOS
2024-03-12 15:49:32.543 +00:00 [DBG] OS: MacOS
2024-03-12 15:49:32.543 +00:00 [DBG] OS: MacOS
2024-03-12 15:49:32.543 +00:00 [DBG] OS: MacOS
2024-03-12 15:49:32.543 +00:00 [DBG] OS: MacOS
2024-03-12 15:49:32.543 +00:00 [DBG] OS: MacOS
2024-03-12 15:49:32.543 +00:00 [DBG] OS: MacOS
2024-03-12 15:49:32.543 +00:00 [DBG] OS: MacOS
2024-03-12 15:49:32.543 +00:00 [DBG] OS: MacOS
2024-03-12 15:49:32.543 +00:00 [DBG] OS: MacOS
2024-03-12 15:49:32.543 +00:00 [DBG] OS: MacOS
2024-03-12 15:49:32.543 +00:00 [DBG] OS: MacOS
2024-03-12 15:49:32.543 +00:00 [DBG] OS: MacOS
2024-03-12 15:49:32.543 +00:00 [DBG] OS: MacOS
2024-03-12 15:49:32.543 +00:00 [DBG] OS: MacOS
2024-03-12 15:49:32.543 +00:00 [DBG] OS: MacOS
2024-03-12 15:49:32.543 +00:00 [DBG] OS: MacOS
2024-03-12 15:49:32.543 +00:00 [DBG] OS: MacOS
2024-03-12 15:49:32.543 +00:00 [DBG] OS: MacOS
2024-03-12 15:49:32.543 +00:00 [DBG] OS: MacOS
2024-03-12 15:49:32.543 +00:00 [DBG] Metrics data request created
2024-03-12 15:49:32.606 +00:00 [DBG] CloudWatch response received
2024-03-12 15:49:32.606 +00:00 [DBG] CloudWatch response status code: OK
2024-03-12 15:49:32.606 +00:00 [DBG] successfully put metrics to cloudwatch
2024-03-12 15:49:32.606 +00:00 [DBG] Deleting successfully sent batch of metric events
2024-03-12 15:49:32.615 +00:00 [DBG] Checking if table MetricsTable is empty
2024-03-12 15:49:32.615 +00:00 [DBG] is empty: False
2024-03-12 15:49:32.617 +00:00 [DBG] Metrics event batch successfully created, sending metrics
2024-03-12 15:49:32.617 +00:00 [DBG] metrics region already exists in app: eu-central-1
2024-03-12 15:49:32.617 +00:00 [DBG] Sending metrics batch async
2024-03-12 15:49:32.617 +00:00 [DBG] OS: MacOS
2024-03-12 15:49:32.617 +00:00 [DBG] OS: MacOS
2024-03-12 15:49:32.617 +00:00 [DBG] OS: MacOS
2024-03-12 15:49:32.617 +00:00 [DBG] OS: MacOS
2024-03-12 15:49:32.617 +00:00 [DBG] OS: MacOS
2024-03-12 15:49:32.617 +00:00 [DBG] OS: MacOS
2024-03-12 15:49:32.617 +00:00 [DBG] OS: MacOS
2024-03-12 15:49:32.618 +00:00 [DBG] OS: MacOS
2024-03-12 15:49:32.618 +00:00 [DBG] OS: MacOS
2024-03-12 15:49:32.618 +00:00 [DBG] OS: MacOS
2024-03-12 15:49:32.618 +00:00 [DBG] OS: MacOS
2024-03-12 15:49:32.618 +00:00 [DBG] OS: MacOS
2024-03-12 15:49:32.618 +00:00 [DBG] OS: MacOS
2024-03-12 15:49:32.618 +00:00 [DBG] OS: MacOS
2024-03-12 15:49:32.618 +00:00 [DBG] OS: MacOS
2024-03-12 15:49:32.618 +00:00 [DBG] OS: MacOS
2024-03-12 15:49:32.618 +00:00 [DBG] OS: MacOS
2024-03-12 15:49:32.618 +00:00 [DBG] OS: MacOS
2024-03-12 15:49:32.618 +00:00 [DBG] OS: MacOS
2024-03-12 15:49:32.618 +00:00 [DBG] OS: MacOS
2024-03-12 15:49:32.618 +00:00 [DBG] Metrics data request created
2024-03-12 15:49:32.684 +00:00 [DBG] CloudWatch response received
2024-03-12 15:49:32.685 +00:00 [DBG] CloudWatch response status code: OK
2024-03-12 15:49:32.685 +00:00 [DBG] successfully put metrics to cloudwatch
2024-03-12 15:49:32.685 +00:00 [DBG] Deleting successfully sent batch of metric events
2024-03-12 15:49:32.701 +00:00 [DBG] Checking if table MetricsTable is empty
2024-03-12 15:49:32.701 +00:00 [DBG] is empty: False
2024-03-12 15:49:32.704 +00:00 [DBG] Metrics event batch successfully created, sending metrics
2024-03-12 15:49:32.704 +00:00 [DBG] metrics region already exists in app: eu-central-1
2024-03-12 15:49:32.704 +00:00 [DBG] Sending metrics batch async
2024-03-12 15:49:32.704 +00:00 [DBG] OS: MacOS
2024-03-12 15:49:32.704 +00:00 [DBG] OS: MacOS
2024-03-12 15:49:32.704 +00:00 [DBG] OS: MacOS
2024-03-12 15:49:32.704 +00:00 [DBG] OS: MacOS
2024-03-12 15:49:32.704 +00:00 [DBG] OS: MacOS
2024-03-12 15:49:32.704 +00:00 [DBG] OS: MacOS
2024-03-12 15:49:32.704 +00:00 [DBG] OS: MacOS
2024-03-12 15:49:32.704 +00:00 [DBG] OS: MacOS
2024-03-12 15:49:32.704 +00:00 [DBG] OS: MacOS
2024-03-12 15:49:32.704 +00:00 [DBG] OS: MacOS
2024-03-12 15:49:32.704 +00:00 [DBG] OS: MacOS
2024-03-12 15:49:32.704 +00:00 [DBG] OS: MacOS
2024-03-12 15:49:32.704 +00:00 [DBG] OS: MacOS
2024-03-12 15:49:32.704 +00:00 [DBG] OS: MacOS
2024-03-12 15:49:32.704 +00:00 [DBG] OS: MacOS
2024-03-12 15:49:32.704 +00:00 [DBG] OS: MacOS
2024-03-12 15:49:32.704 +00:00 [DBG] OS: MacOS
2024-03-12 15:49:32.704 +00:00 [DBG] OS: MacOS
2024-03-12 15:49:32.704 +00:00 [DBG] OS: MacOS
2024-03-12 15:49:32.704 +00:00 [DBG] OS: MacOS
2024-03-12 15:49:32.704 +00:00 [DBG] Metrics data request created
2024-03-12 15:49:32.767 +00:00 [DBG] CloudWatch response received
2024-03-12 15:49:32.768 +00:00 [DBG] CloudWatch response status code: OK
2024-03-12 15:49:32.768 +00:00 [DBG] successfully put metrics to cloudwatch
2024-03-12 15:49:32.768 +00:00 [DBG] Deleting successfully sent batch of metric events
2024-03-12 15:49:32.782 +00:00 [DBG] Checking if table MetricsTable is empty
2024-03-12 15:49:32.783 +00:00 [DBG] is empty: False
2024-03-12 15:49:32.786 +00:00 [DBG] Metrics event batch successfully created, sending metrics
2024-03-12 15:49:32.787 +00:00 [DBG] metrics region already exists in app: eu-central-1
2024-03-12 15:49:32.787 +00:00 [DBG] Sending metrics batch async
2024-03-12 15:49:32.787 +00:00 [DBG] OS: MacOS
2024-03-12 15:49:32.787 +00:00 [DBG] OS: MacOS
2024-03-12 15:49:32.787 +00:00 [DBG] OS: MacOS
2024-03-12 15:49:32.787 +00:00 [DBG] OS: MacOS
2024-03-12 15:49:32.787 +00:00 [DBG] OS: MacOS
2024-03-12 15:49:32.787 +00:00 [DBG] OS: MacOS
2024-03-12 15:49:32.787 +00:00 [DBG] OS: MacOS
2024-03-12 15:49:32.787 +00:00 [DBG] OS: MacOS
2024-03-12 15:49:32.787 +00:00 [DBG] OS: MacOS
2024-03-12 15:49:32.787 +00:00 [DBG] OS: MacOS
2024-03-12 15:49:32.787 +00:00 [DBG] OS: MacOS
2024-03-12 15:49:32.787 +00:00 [DBG] OS: MacOS
2024-03-12 15:49:32.787 +00:00 [DBG] OS: MacOS
2024-03-12 15:49:32.787 +00:00 [DBG] OS: MacOS
2024-03-12 15:49:32.788 +00:00 [DBG] OS: MacOS
2024-03-12 15:49:32.788 +00:00 [DBG] OS: MacOS
2024-03-12 15:49:32.788 +00:00 [DBG] OS: MacOS
2024-03-12 15:49:32.788 +00:00 [DBG] OS: MacOS
2024-03-12 15:49:32.788 +00:00 [DBG] OS: MacOS
2024-03-12 15:49:32.788 +00:00 [DBG] OS: MacOS
2024-03-12 15:49:32.788 +00:00 [DBG] Metrics data request created
2024-03-12 15:49:32.849 +00:00 [DBG] CloudWatch response received
2024-03-12 15:49:32.849 +00:00 [DBG] CloudWatch response status code: OK
2024-03-12 15:49:32.849 +00:00 [DBG] successfully put metrics to cloudwatch
2024-03-12 15:49:32.849 +00:00 [DBG] Deleting successfully sent batch of metric events
2024-03-12 15:49:32.859 +00:00 [DBG] Checking if table MetricsTable is empty
2024-03-12 15:49:32.860 +00:00 [DBG] is empty: False
2024-03-12 15:49:32.862 +00:00 [DBG] Metrics event batch successfully created, sending metrics
2024-03-12 15:49:32.863 +00:00 [DBG] metrics region already exists in app: eu-central-1
2024-03-12 15:49:32.863 +00:00 [DBG] Sending metrics batch async
2024-03-12 15:49:32.863 +00:00 [DBG] OS: MacOS
2024-03-12 15:49:32.863 +00:00 [DBG] OS: MacOS
2024-03-12 15:49:32.863 +00:00 [DBG] OS: MacOS
2024-03-12 15:49:32.863 +00:00 [DBG] OS: MacOS
2024-03-12 15:49:32.863 +00:00 [DBG] OS: MacOS
2024-03-12 15:49:32.863 +00:00 [DBG] OS: MacOS
2024-03-12 15:49:32.863 +00:00 [DBG] OS: MacOS
2024-03-12 15:49:32.863 +00:00 [DBG] OS: MacOS
2024-03-12 15:49:32.863 +00:00 [DBG] OS: MacOS
2024-03-12 15:49:32.863 +00:00 [DBG] OS: MacOS
2024-03-12 15:49:32.863 +00:00 [DBG] OS: MacOS
2024-03-12 15:49:32.863 +00:00 [DBG] OS: MacOS
2024-03-12 15:49:32.863 +00:00 [DBG] OS: MacOS
2024-03-12 15:49:32.863 +00:00 [DBG] OS: MacOS
2024-03-12 15:49:32.863 +00:00 [DBG] OS: MacOS
2024-03-12 15:49:32.863 +00:00 [DBG] OS: MacOS
2024-03-12 15:49:32.864 +00:00 [DBG] OS: MacOS
2024-03-12 15:49:32.864 +00:00 [DBG] OS: MacOS
2024-03-12 15:49:32.864 +00:00 [DBG] OS: MacOS
2024-03-12 15:49:32.864 +00:00 [DBG] OS: MacOS
2024-03-12 15:49:32.864 +00:00 [DBG] Metrics data request created
2024-03-12 15:49:32.925 +00:00 [DBG] CloudWatch response received
2024-03-12 15:49:32.925 +00:00 [DBG] CloudWatch response status code: OK
2024-03-12 15:49:32.925 +00:00 [DBG] successfully put metrics to cloudwatch
2024-03-12 15:49:32.925 +00:00 [DBG] Deleting successfully sent batch of metric events
2024-03-12 15:49:32.937 +00:00 [DBG] Checking if table MetricsTable is empty
2024-03-12 15:49:32.938 +00:00 [DBG] is empty: False
2024-03-12 15:49:32.942 +00:00 [DBG] Metrics event batch successfully created, sending metrics
2024-03-12 15:49:32.942 +00:00 [DBG] metrics region already exists in app: eu-central-1
2024-03-12 15:49:32.942 +00:00 [DBG] Sending metrics batch async
2024-03-12 15:49:32.942 +00:00 [DBG] OS: MacOS
2024-03-12 15:49:32.942 +00:00 [DBG] OS: MacOS
2024-03-12 15:49:32.942 +00:00 [DBG] OS: MacOS
2024-03-12 15:49:32.942 +00:00 [DBG] OS: MacOS
2024-03-12 15:49:32.942 +00:00 [DBG] OS: MacOS
2024-03-12 15:49:32.942 +00:00 [DBG] OS: MacOS
2024-03-12 15:49:32.943 +00:00 [DBG] OS: MacOS
2024-03-12 15:49:32.943 +00:00 [DBG] OS: MacOS
2024-03-12 15:49:32.943 +00:00 [DBG] OS: MacOS
2024-03-12 15:49:32.943 +00:00 [DBG] OS: MacOS
2024-03-12 15:49:32.943 +00:00 [DBG] OS: MacOS
2024-03-12 15:49:32.943 +00:00 [DBG] OS: MacOS
2024-03-12 15:49:32.943 +00:00 [DBG] OS: MacOS
2024-03-12 15:49:32.943 +00:00 [DBG] OS: MacOS
2024-03-12 15:49:32.943 +00:00 [DBG] OS: MacOS
2024-03-12 15:49:32.943 +00:00 [DBG] OS: MacOS
2024-03-12 15:49:32.943 +00:00 [DBG] OS: MacOS
2024-03-12 15:49:32.943 +00:00 [DBG] OS: MacOS
2024-03-12 15:49:32.943 +00:00 [DBG] OS: MacOS
2024-03-12 15:49:32.943 +00:00 [DBG] OS: MacOS
2024-03-12 15:49:32.943 +00:00 [DBG] Metrics data request created
2024-03-12 15:49:33.005 +00:00 [DBG] CloudWatch response received
2024-03-12 15:49:33.005 +00:00 [DBG] CloudWatch response status code: OK
2024-03-12 15:49:33.005 +00:00 [DBG] successfully put metrics to cloudwatch
2024-03-12 15:49:33.005 +00:00 [DBG] Deleting successfully sent batch of metric events
2024-03-12 15:49:33.017 +00:00 [DBG] Checking if table MetricsTable is empty
2024-03-12 15:49:33.017 +00:00 [DBG] is empty: False
2024-03-12 15:49:33.020 +00:00 [DBG] Metrics event batch successfully created, sending metrics
2024-03-12 15:49:33.020 +00:00 [DBG] metrics region already exists in app: eu-central-1
2024-03-12 15:49:33.020 +00:00 [DBG] Sending metrics batch async
2024-03-12 15:49:33.021 +00:00 [DBG] OS: MacOS
2024-03-12 15:49:33.043 +00:00 [DBG] OS: MacOS
2024-03-12 15:49:33.043 +00:00 [DBG] OS: MacOS
2024-03-12 15:49:33.043 +00:00 [DBG] OS: MacOS
2024-03-12 15:49:33.043 +00:00 [DBG] OS: MacOS
2024-03-12 15:49:33.043 +00:00 [DBG] OS: MacOS
2024-03-12 15:49:33.043 +00:00 [DBG] OS: MacOS
2024-03-12 15:49:33.043 +00:00 [DBG] OS: MacOS
2024-03-12 15:49:33.043 +00:00 [DBG] OS: MacOS
2024-03-12 15:49:33.043 +00:00 [DBG] OS: MacOS
2024-03-12 15:49:33.043 +00:00 [DBG] OS: MacOS
2024-03-12 15:49:33.044 +00:00 [DBG] OS: MacOS
2024-03-12 15:49:33.044 +00:00 [DBG] OS: MacOS
2024-03-12 15:49:33.044 +00:00 [DBG] OS: MacOS
2024-03-12 15:49:33.044 +00:00 [DBG] OS: MacOS
2024-03-12 15:49:33.044 +00:00 [DBG] OS: MacOS
2024-03-12 15:49:33.044 +00:00 [DBG] OS: MacOS
2024-03-12 15:49:33.044 +00:00 [DBG] OS: MacOS
2024-03-12 15:49:33.044 +00:00 [DBG] OS: MacOS
2024-03-12 15:49:33.044 +00:00 [DBG] OS: MacOS
2024-03-12 15:49:33.044 +00:00 [DBG] Metrics data request created
2024-03-12 15:49:33.106 +00:00 [DBG] CloudWatch response received
2024-03-12 15:49:33.107 +00:00 [DBG] CloudWatch response status code: OK
2024-03-12 15:49:33.107 +00:00 [DBG] successfully put metrics to cloudwatch
2024-03-12 15:49:33.107 +00:00 [DBG] Deleting successfully sent batch of metric events
2024-03-12 15:49:33.122 +00:00 [DBG] Checking if table MetricsTable is empty
2024-03-12 15:49:33.122 +00:00 [DBG] is empty: False
2024-03-12 15:49:33.126 +00:00 [DBG] Metrics event batch successfully created, sending metrics
2024-03-12 15:49:33.126 +00:00 [DBG] metrics region already exists in app: eu-central-1
2024-03-12 15:49:33.126 +00:00 [DBG] Sending metrics batch async
2024-03-12 15:49:33.126 +00:00 [DBG] OS: MacOS
2024-03-12 15:49:33.126 +00:00 [DBG] OS: MacOS
2024-03-12 15:49:33.126 +00:00 [DBG] OS: MacOS
2024-03-12 15:49:33.126 +00:00 [DBG] OS: MacOS
2024-03-12 15:49:33.126 +00:00 [DBG] OS: MacOS
2024-03-12 15:49:33.126 +00:00 [DBG] OS: MacOS
2024-03-12 15:49:33.126 +00:00 [DBG] OS: MacOS
2024-03-12 15:49:33.126 +00:00 [DBG] OS: MacOS
2024-03-12 15:49:33.126 +00:00 [DBG] OS: MacOS
2024-03-12 15:49:33.126 +00:00 [DBG] OS: MacOS
2024-03-12 15:49:33.126 +00:00 [DBG] OS: MacOS
2024-03-12 15:49:33.126 +00:00 [DBG] OS: MacOS
2024-03-12 15:49:33.126 +00:00 [DBG] OS: MacOS
2024-03-12 15:49:33.126 +00:00 [DBG] OS: MacOS
2024-03-12 15:49:33.126 +00:00 [DBG] OS: MacOS
2024-03-12 15:49:33.126 +00:00 [DBG] OS: MacOS
2024-03-12 15:49:33.127 +00:00 [DBG] OS: MacOS
2024-03-12 15:49:33.127 +00:00 [DBG] OS: MacOS
2024-03-12 15:49:33.127 +00:00 [DBG] OS: MacOS
2024-03-12 15:49:33.127 +00:00 [DBG] OS: MacOS
2024-03-12 15:49:33.127 +00:00 [DBG] Metrics data request created
2024-03-12 15:49:33.185 +00:00 [DBG] CloudWatch response received
2024-03-12 15:49:33.186 +00:00 [DBG] CloudWatch response status code: OK
2024-03-12 15:49:33.186 +00:00 [DBG] successfully put metrics to cloudwatch
2024-03-12 15:49:33.186 +00:00 [DBG] Deleting successfully sent batch of metric events
2024-03-12 15:49:33.200 +00:00 [DBG] Checking if table MetricsTable is empty
2024-03-12 15:49:33.201 +00:00 [DBG] is empty: False
2024-03-12 15:49:33.204 +00:00 [DBG] Metrics event batch successfully created, sending metrics
2024-03-12 15:49:33.204 +00:00 [DBG] metrics region already exists in app: eu-central-1
2024-03-12 15:49:33.204 +00:00 [DBG] Sending metrics batch async
2024-03-12 15:49:33.205 +00:00 [DBG] OS: MacOS
2024-03-12 15:49:33.205 +00:00 [DBG] OS: MacOS
2024-03-12 15:49:33.205 +00:00 [DBG] OS: MacOS
2024-03-12 15:49:33.205 +00:00 [DBG] OS: MacOS
2024-03-12 15:49:33.205 +00:00 [DBG] OS: MacOS
2024-03-12 15:49:33.205 +00:00 [DBG] OS: MacOS
2024-03-12 15:49:33.205 +00:00 [DBG] OS: MacOS
2024-03-12 15:49:33.205 +00:00 [DBG] OS: MacOS
2024-03-12 15:49:33.205 +00:00 [DBG] OS: MacOS
2024-03-12 15:49:33.205 +00:00 [DBG] OS: MacOS
2024-03-12 15:49:33.205 +00:00 [DBG] OS: MacOS
2024-03-12 15:49:33.205 +00:00 [DBG] OS: MacOS
2024-03-12 15:49:33.205 +00:00 [DBG] OS: MacOS
2024-03-12 15:49:33.205 +00:00 [DBG] OS: MacOS
2024-03-12 15:49:33.205 +00:00 [DBG] OS: MacOS
2024-03-12 15:49:33.205 +00:00 [DBG] OS: MacOS
2024-03-12 15:49:33.205 +00:00 [DBG] OS: MacOS
2024-03-12 15:49:33.205 +00:00 [DBG] OS: MacOS
2024-03-12 15:49:33.205 +00:00 [DBG] OS: MacOS
2024-03-12 15:49:33.205 +00:00 [DBG] OS: MacOS
2024-03-12 15:49:33.205 +00:00 [DBG] Metrics data request created
2024-03-12 15:49:33.268 +00:00 [DBG] CloudWatch response received
2024-03-12 15:49:33.268 +00:00 [DBG] CloudWatch response status code: OK
2024-03-12 15:49:33.268 +00:00 [DBG] successfully put metrics to cloudwatch
2024-03-12 15:49:33.268 +00:00 [DBG] Deleting successfully sent batch of metric events
2024-03-12 15:49:33.280 +00:00 [DBG] Checking if table MetricsTable is empty
2024-03-12 15:49:33.281 +00:00 [DBG] is empty: False
2024-03-12 15:49:33.290 +00:00 [DBG] Metrics event batch successfully created, sending metrics
2024-03-12 15:49:33.290 +00:00 [DBG] metrics region already exists in app: eu-central-1
2024-03-12 15:49:33.290 +00:00 [DBG] Sending metrics batch async
2024-03-12 15:49:33.290 +00:00 [DBG] OS: MacOS
2024-03-12 15:49:33.290 +00:00 [DBG] OS: MacOS
2024-03-12 15:49:33.290 +00:00 [DBG] OS: MacOS
2024-03-12 15:49:33.290 +00:00 [DBG] OS: MacOS
2024-03-12 15:49:33.290 +00:00 [DBG] OS: MacOS
2024-03-12 15:49:33.290 +00:00 [DBG] OS: MacOS
2024-03-12 15:49:33.290 +00:00 [DBG] OS: MacOS
2024-03-12 15:49:33.290 +00:00 [DBG] OS: MacOS
2024-03-12 15:49:33.290 +00:00 [DBG] OS: MacOS
2024-03-12 15:49:33.291 +00:00 [DBG] OS: MacOS
2024-03-12 15:49:33.291 +00:00 [DBG] OS: MacOS
2024-03-12 15:49:33.291 +00:00 [DBG] OS: MacOS
2024-03-12 15:49:33.291 +00:00 [DBG] OS: MacOS
2024-03-12 15:49:33.291 +00:00 [DBG] OS: MacOS
2024-03-12 15:49:33.291 +00:00 [DBG] OS: MacOS
2024-03-12 15:49:33.291 +00:00 [DBG] OS: MacOS
2024-03-12 15:49:33.291 +00:00 [DBG] OS: MacOS
2024-03-12 15:49:33.291 +00:00 [DBG] OS: MacOS
2024-03-12 15:49:33.291 +00:00 [DBG] OS: MacOS
2024-03-12 15:49:33.291 +00:00 [DBG] OS: MacOS
2024-03-12 15:49:33.291 +00:00 [DBG] Metrics data request created
2024-03-12 15:49:33.351 +00:00 [DBG] CloudWatch response received
2024-03-12 15:49:33.351 +00:00 [DBG] CloudWatch response status code: OK
2024-03-12 15:49:33.351 +00:00 [DBG] successfully put metrics to cloudwatch
2024-03-12 15:49:33.352 +00:00 [DBG] Deleting successfully sent batch of metric events
2024-03-12 15:49:33.362 +00:00 [DBG] Checking if table MetricsTable is empty
2024-03-12 15:49:33.363 +00:00 [DBG] is empty: False
2024-03-12 15:49:33.366 +00:00 [DBG] Metrics event batch successfully created, sending metrics
2024-03-12 15:49:33.366 +00:00 [DBG] metrics region already exists in app: eu-central-1
2024-03-12 15:49:33.366 +00:00 [DBG] Sending metrics batch async
2024-03-12 15:49:33.366 +00:00 [DBG] OS: MacOS
2024-03-12 15:49:33.366 +00:00 [DBG] OS: MacOS
2024-03-12 15:49:33.367 +00:00 [DBG] OS: MacOS
2024-03-12 15:49:33.367 +00:00 [DBG] OS: MacOS
2024-03-12 15:49:33.367 +00:00 [DBG] OS: MacOS
2024-03-12 15:49:33.367 +00:00 [DBG] OS: MacOS
2024-03-12 15:49:33.367 +00:00 [DBG] OS: MacOS
2024-03-12 15:49:33.367 +00:00 [DBG] OS: MacOS
2024-03-12 15:49:33.367 +00:00 [DBG] OS: MacOS
2024-03-12 15:49:33.367 +00:00 [DBG] OS: MacOS
2024-03-12 15:49:33.367 +00:00 [DBG] OS: MacOS
2024-03-12 15:49:33.367 +00:00 [DBG] OS: MacOS
2024-03-12 15:49:33.367 +00:00 [DBG] OS: MacOS
2024-03-12 15:49:33.367 +00:00 [DBG] OS: MacOS
2024-03-12 15:49:33.367 +00:00 [DBG] OS: MacOS
2024-03-12 15:49:33.367 +00:00 [DBG] OS: MacOS
2024-03-12 15:49:33.367 +00:00 [DBG] OS: MacOS
2024-03-12 15:49:33.367 +00:00 [DBG] OS: MacOS
2024-03-12 15:49:33.367 +00:00 [DBG] OS: MacOS
2024-03-12 15:49:33.367 +00:00 [DBG] OS: MacOS
2024-03-12 15:49:33.367 +00:00 [DBG] Metrics data request created
2024-03-12 15:49:33.426 +00:00 [DBG] CloudWatch response received
2024-03-12 15:49:33.426 +00:00 [DBG] CloudWatch response status code: OK
2024-03-12 15:49:33.426 +00:00 [DBG] successfully put metrics to cloudwatch
2024-03-12 15:49:33.426 +00:00 [DBG] Deleting successfully sent batch of metric events
2024-03-12 15:49:33.445 +00:00 [DBG] Checking if table MetricsTable is empty
2024-03-12 15:49:33.446 +00:00 [DBG] is empty: False
2024-03-12 15:49:33.450 +00:00 [DBG] Metrics event batch successfully created, sending metrics
2024-03-12 15:49:33.451 +00:00 [DBG] metrics region already exists in app: eu-central-1
2024-03-12 15:49:33.451 +00:00 [DBG] Sending metrics batch async
2024-03-12 15:49:33.451 +00:00 [DBG] OS: MacOS
2024-03-12 15:49:33.451 +00:00 [DBG] OS: MacOS
2024-03-12 15:49:33.451 +00:00 [DBG] OS: MacOS
2024-03-12 15:49:33.451 +00:00 [DBG] OS: MacOS
2024-03-12 15:49:33.451 +00:00 [DBG] OS: MacOS
2024-03-12 15:49:33.451 +00:00 [DBG] OS: MacOS
2024-03-12 15:49:33.451 +00:00 [DBG] OS: MacOS
2024-03-12 15:49:33.451 +00:00 [DBG] OS: MacOS
2024-03-12 15:49:33.451 +00:00 [DBG] OS: MacOS
2024-03-12 15:49:33.452 +00:00 [DBG] OS: MacOS
2024-03-12 15:49:33.452 +00:00 [DBG] OS: MacOS
2024-03-12 15:49:33.452 +00:00 [DBG] OS: MacOS
2024-03-12 15:49:33.452 +00:00 [DBG] OS: MacOS
2024-03-12 15:49:33.452 +00:00 [DBG] OS: MacOS
2024-03-12 15:49:33.452 +00:00 [DBG] OS: MacOS
2024-03-12 15:49:33.452 +00:00 [DBG] OS: MacOS
2024-03-12 15:49:33.452 +00:00 [DBG] OS: MacOS
2024-03-12 15:49:33.452 +00:00 [DBG] OS: MacOS
2024-03-12 15:49:33.452 +00:00 [DBG] OS: MacOS
2024-03-12 15:49:33.452 +00:00 [DBG] OS: MacOS
2024-03-12 15:49:33.452 +00:00 [DBG] Metrics data request created
2024-03-12 15:49:33.514 +00:00 [DBG] CloudWatch response received
2024-03-12 15:49:33.515 +00:00 [DBG] CloudWatch response status code: OK
2024-03-12 15:49:33.515 +00:00 [DBG] successfully put metrics to cloudwatch
2024-03-12 15:49:33.515 +00:00 [DBG] Deleting successfully sent batch of metric events
2024-03-12 15:49:33.530 +00:00 [DBG] Checking if table MetricsTable is empty
2024-03-12 15:49:33.532 +00:00 [DBG] is empty: False
2024-03-12 15:49:33.535 +00:00 [DBG] Metrics event batch successfully created, sending metrics
2024-03-12 15:49:33.535 +00:00 [DBG] metrics region already exists in app: eu-central-1
2024-03-12 15:49:33.536 +00:00 [DBG] Sending metrics batch async
2024-03-12 15:49:33.536 +00:00 [DBG] OS: MacOS
2024-03-12 15:49:33.536 +00:00 [DBG] OS: MacOS
2024-03-12 15:49:33.536 +00:00 [DBG] OS: MacOS
2024-03-12 15:49:33.536 +00:00 [DBG] OS: MacOS
2024-03-12 15:49:33.536 +00:00 [DBG] OS: MacOS
2024-03-12 15:49:33.536 +00:00 [DBG] OS: MacOS
2024-03-12 15:49:33.536 +00:00 [DBG] OS: MacOS
2024-03-12 15:49:33.536 +00:00 [DBG] OS: MacOS
2024-03-12 15:49:33.536 +00:00 [DBG] OS: MacOS
2024-03-12 15:49:33.536 +00:00 [DBG] OS: MacOS
2024-03-12 15:49:33.536 +00:00 [DBG] OS: MacOS
2024-03-12 15:49:33.536 +00:00 [DBG] OS: MacOS
2024-03-12 15:49:33.536 +00:00 [DBG] OS: MacOS
2024-03-12 15:49:33.536 +00:00 [DBG] OS: MacOS
2024-03-12 15:49:33.536 +00:00 [DBG] OS: MacOS
2024-03-12 15:49:33.536 +00:00 [DBG] OS: MacOS
2024-03-12 15:49:33.536 +00:00 [DBG] OS: MacOS
2024-03-12 15:49:33.536 +00:00 [DBG] OS: MacOS
2024-03-12 15:49:33.536 +00:00 [DBG] OS: MacOS
2024-03-12 15:49:33.536 +00:00 [DBG] OS: MacOS
2024-03-12 15:49:33.536 +00:00 [DBG] Metrics data request created
2024-03-12 15:49:33.595 +00:00 [DBG] CloudWatch response received
2024-03-12 15:49:33.595 +00:00 [DBG] CloudWatch response status code: OK
2024-03-12 15:49:33.595 +00:00 [DBG] successfully put metrics to cloudwatch
2024-03-12 15:49:33.595 +00:00 [DBG] Deleting successfully sent batch of metric events
2024-03-12 15:49:33.608 +00:00 [DBG] Checking if table MetricsTable is empty
2024-03-12 15:49:33.613 +00:00 [DBG] is empty: False
2024-03-12 15:49:33.617 +00:00 [DBG] Metrics event batch successfully created, sending metrics
2024-03-12 15:49:33.617 +00:00 [DBG] metrics region already exists in app: eu-central-1
2024-03-12 15:49:33.617 +00:00 [DBG] Sending metrics batch async
2024-03-12 15:49:33.617 +00:00 [DBG] OS: MacOS
2024-03-12 15:49:33.617 +00:00 [DBG] OS: MacOS
2024-03-12 15:49:33.617 +00:00 [DBG] OS: MacOS
2024-03-12 15:49:33.617 +00:00 [DBG] OS: MacOS
2024-03-12 15:49:33.617 +00:00 [DBG] OS: MacOS
2024-03-12 15:49:33.617 +00:00 [DBG] OS: MacOS
2024-03-12 15:49:33.617 +00:00 [DBG] OS: MacOS
2024-03-12 15:49:33.617 +00:00 [DBG] OS: MacOS
2024-03-12 15:49:33.617 +00:00 [DBG] OS: MacOS
2024-03-12 15:49:33.617 +00:00 [DBG] OS: MacOS
2024-03-12 15:49:33.617 +00:00 [DBG] OS: MacOS
2024-03-12 15:49:33.617 +00:00 [DBG] OS: MacOS
2024-03-12 15:49:33.618 +00:00 [DBG] OS: MacOS
2024-03-12 15:49:33.618 +00:00 [DBG] OS: MacOS
2024-03-12 15:49:33.618 +00:00 [DBG] OS: MacOS
2024-03-12 15:49:33.618 +00:00 [DBG] OS: MacOS
2024-03-12 15:49:33.618 +00:00 [DBG] OS: MacOS
2024-03-12 15:49:33.618 +00:00 [DBG] OS: MacOS
2024-03-12 15:49:33.618 +00:00 [DBG] OS: MacOS
2024-03-12 15:49:33.618 +00:00 [DBG] OS: MacOS
2024-03-12 15:49:33.618 +00:00 [DBG] Metrics data request created
2024-03-12 15:49:33.676 +00:00 [DBG] CloudWatch response received
2024-03-12 15:49:33.677 +00:00 [DBG] CloudWatch response status code: OK
2024-03-12 15:49:33.677 +00:00 [DBG] successfully put metrics to cloudwatch
2024-03-12 15:49:33.677 +00:00 [DBG] Deleting successfully sent batch of metric events
2024-03-12 15:49:33.697 +00:00 [DBG] Checking if table MetricsTable is empty
2024-03-12 15:49:33.697 +00:00 [DBG] is empty: False
2024-03-12 15:49:33.702 +00:00 [DBG] Metrics event batch successfully created, sending metrics
2024-03-12 15:49:33.703 +00:00 [DBG] metrics region already exists in app: eu-central-1
2024-03-12 15:49:33.703 +00:00 [DBG] Sending metrics batch async
2024-03-12 15:49:33.703 +00:00 [DBG] OS: MacOS
2024-03-12 15:49:33.703 +00:00 [DBG] OS: MacOS
2024-03-12 15:49:33.703 +00:00 [DBG] OS: MacOS
2024-03-12 15:49:33.703 +00:00 [DBG] OS: MacOS
2024-03-12 15:49:33.703 +00:00 [DBG] OS: MacOS
2024-03-12 15:49:33.703 +00:00 [DBG] OS: MacOS
2024-03-12 15:49:33.703 +00:00 [DBG] OS: MacOS
2024-03-12 15:49:33.703 +00:00 [DBG] OS: MacOS
2024-03-12 15:49:33.703 +00:00 [DBG] OS: MacOS
2024-03-12 15:49:33.703 +00:00 [DBG] OS: MacOS
2024-03-12 15:49:33.703 +00:00 [DBG] OS: MacOS
2024-03-12 15:49:33.703 +00:00 [DBG] OS: MacOS
2024-03-12 15:49:33.703 +00:00 [DBG] OS: MacOS
2024-03-12 15:49:33.703 +00:00 [DBG] OS: MacOS
2024-03-12 15:49:33.704 +00:00 [DBG] OS: MacOS
2024-03-12 15:49:33.704 +00:00 [DBG] OS: MacOS
2024-03-12 15:49:33.704 +00:00 [DBG] OS: MacOS
2024-03-12 15:49:33.704 +00:00 [DBG] OS: MacOS
2024-03-12 15:49:33.704 +00:00 [DBG] OS: MacOS
2024-03-12 15:49:33.704 +00:00 [DBG] OS: MacOS
2024-03-12 15:49:33.704 +00:00 [DBG] Metrics data request created
2024-03-12 15:49:33.769 +00:00 [DBG] CloudWatch response received
2024-03-12 15:49:33.770 +00:00 [DBG] CloudWatch response status code: OK
2024-03-12 15:49:33.770 +00:00 [DBG] successfully put metrics to cloudwatch
2024-03-12 15:49:33.770 +00:00 [DBG] Deleting successfully sent batch of metric events
2024-03-12 15:49:33.783 +00:00 [DBG] Checking if table MetricsTable is empty
2024-03-12 15:49:33.784 +00:00 [DBG] is empty: False
2024-03-12 15:49:33.787 +00:00 [DBG] Metrics event batch successfully created, sending metrics
2024-03-12 15:49:33.787 +00:00 [DBG] metrics region already exists in app: eu-central-1
2024-03-12 15:49:33.788 +00:00 [DBG] Sending metrics batch async
2024-03-12 15:49:33.788 +00:00 [DBG] OS: MacOS
2024-03-12 15:49:33.788 +00:00 [DBG] OS: MacOS
2024-03-12 15:49:33.788 +00:00 [DBG] OS: MacOS
2024-03-12 15:49:33.788 +00:00 [DBG] OS: MacOS
2024-03-12 15:49:33.788 +00:00 [DBG] OS: MacOS
2024-03-12 15:49:33.788 +00:00 [DBG] OS: MacOS
2024-03-12 15:49:33.788 +00:00 [DBG] OS: MacOS
2024-03-12 15:49:33.788 +00:00 [DBG] OS: MacOS
2024-03-12 15:49:33.788 +00:00 [DBG] OS: MacOS
2024-03-12 15:49:33.788 +00:00 [DBG] OS: MacOS
2024-03-12 15:49:33.788 +00:00 [DBG] OS: MacOS
2024-03-12 15:49:33.788 +00:00 [DBG] OS: MacOS
2024-03-12 15:49:33.788 +00:00 [DBG] OS: MacOS
2024-03-12 15:49:33.788 +00:00 [DBG] OS: MacOS
2024-03-12 15:49:33.788 +00:00 [DBG] OS: MacOS
2024-03-12 15:49:33.788 +00:00 [DBG] OS: MacOS
2024-03-12 15:49:33.788 +00:00 [DBG] OS: MacOS
2024-03-12 15:49:33.788 +00:00 [DBG] OS: MacOS
2024-03-12 15:49:33.788 +00:00 [DBG] OS: MacOS
2024-03-12 15:49:33.788 +00:00 [DBG] OS: MacOS
2024-03-12 15:49:33.788 +00:00 [DBG] Metrics data request created
2024-03-12 15:49:33.963 +00:00 [DBG] CloudWatch response received
2024-03-12 15:49:33.964 +00:00 [DBG] CloudWatch response status code: OK
2024-03-12 15:49:33.964 +00:00 [DBG] successfully put metrics to cloudwatch
2024-03-12 15:49:33.964 +00:00 [DBG] Deleting successfully sent batch of metric events
2024-03-12 15:49:33.984 +00:00 [DBG] Checking if table MetricsTable is empty
2024-03-12 15:49:33.984 +00:00 [DBG] is empty: False
2024-03-12 15:49:33.987 +00:00 [DBG] Metrics event batch successfully created, sending metrics
2024-03-12 15:49:33.987 +00:00 [DBG] metrics region already exists in app: eu-central-1
2024-03-12 15:49:33.987 +00:00 [DBG] Sending metrics batch async
2024-03-12 15:49:33.987 +00:00 [DBG] OS: MacOS
2024-03-12 15:49:33.987 +00:00 [DBG] OS: MacOS
2024-03-12 15:49:33.987 +00:00 [DBG] OS: MacOS
2024-03-12 15:49:33.987 +00:00 [DBG] OS: MacOS
2024-03-12 15:49:33.987 +00:00 [DBG] OS: MacOS
2024-03-12 15:49:33.987 +00:00 [DBG] OS: MacOS
2024-03-12 15:49:33.987 +00:00 [DBG] OS: MacOS
2024-03-12 15:49:33.987 +00:00 [DBG] OS: MacOS
2024-03-12 15:49:33.987 +00:00 [DBG] OS: MacOS
2024-03-12 15:49:33.987 +00:00 [DBG] OS: MacOS
2024-03-12 15:49:33.987 +00:00 [DBG] OS: MacOS
2024-03-12 15:49:33.987 +00:00 [DBG] OS: MacOS
2024-03-12 15:49:33.987 +00:00 [DBG] OS: MacOS
2024-03-12 15:49:33.987 +00:00 [DBG] OS: MacOS
2024-03-12 15:49:33.987 +00:00 [DBG] OS: MacOS
2024-03-12 15:49:33.987 +00:00 [DBG] OS: MacOS
2024-03-12 15:49:33.987 +00:00 [DBG] OS: MacOS
2024-03-12 15:49:33.987 +00:00 [DBG] OS: MacOS
2024-03-12 15:49:33.987 +00:00 [DBG] OS: MacOS
2024-03-12 15:49:33.987 +00:00 [DBG] OS: MacOS
2024-03-12 15:49:33.987 +00:00 [DBG] Metrics data request created
2024-03-12 15:49:34.050 +00:00 [DBG] CloudWatch response received
2024-03-12 15:49:34.050 +00:00 [DBG] CloudWatch response status code: OK
2024-03-12 15:49:34.050 +00:00 [DBG] successfully put metrics to cloudwatch
2024-03-12 15:49:34.050 +00:00 [DBG] Deleting successfully sent batch of metric events
2024-03-12 15:49:34.064 +00:00 [DBG] Checking if table MetricsTable is empty
2024-03-12 15:49:34.065 +00:00 [DBG] is empty: False
2024-03-12 15:49:34.068 +00:00 [DBG] Metrics event batch successfully created, sending metrics
2024-03-12 15:49:34.068 +00:00 [DBG] metrics region already exists in app: eu-central-1
2024-03-12 15:49:34.068 +00:00 [DBG] Sending metrics batch async
2024-03-12 15:49:34.068 +00:00 [DBG] OS: MacOS
2024-03-12 15:49:34.068 +00:00 [DBG] OS: MacOS
2024-03-12 15:49:34.068 +00:00 [DBG] OS: MacOS
2024-03-12 15:49:34.068 +00:00 [DBG] OS: MacOS
2024-03-12 15:49:34.068 +00:00 [DBG] OS: MacOS
2024-03-12 15:49:34.068 +00:00 [DBG] OS: MacOS
2024-03-12 15:49:34.068 +00:00 [DBG] OS: MacOS
2024-03-12 15:49:34.068 +00:00 [DBG] OS: MacOS
2024-03-12 15:49:34.068 +00:00 [DBG] OS: MacOS
2024-03-12 15:49:34.068 +00:00 [DBG] OS: MacOS
2024-03-12 15:49:34.068 +00:00 [DBG] OS: MacOS
2024-03-12 15:49:34.068 +00:00 [DBG] OS: MacOS
2024-03-12 15:49:34.068 +00:00 [DBG] OS: MacOS
2024-03-12 15:49:34.069 +00:00 [DBG] OS: MacOS
2024-03-12 15:49:34.069 +00:00 [DBG] OS: MacOS
2024-03-12 15:49:34.069 +00:00 [DBG] OS: MacOS
2024-03-12 15:49:34.069 +00:00 [DBG] OS: MacOS
2024-03-12 15:49:34.069 +00:00 [DBG] OS: MacOS
2024-03-12 15:49:34.069 +00:00 [DBG] OS: MacOS
2024-03-12 15:49:34.069 +00:00 [DBG] OS: MacOS
2024-03-12 15:49:34.069 +00:00 [DBG] Metrics data request created
2024-03-12 15:49:34.127 +00:00 [DBG] CloudWatch response received
2024-03-12 15:49:34.127 +00:00 [DBG] CloudWatch response status code: OK
2024-03-12 15:49:34.128 +00:00 [DBG] successfully put metrics to cloudwatch
2024-03-12 15:49:34.128 +00:00 [DBG] Deleting successfully sent batch of metric events
2024-03-12 15:49:34.136 +00:00 [DBG] Checking if table MetricsTable is empty
2024-03-12 15:49:34.137 +00:00 [DBG] is empty: False
2024-03-12 15:49:34.142 +00:00 [DBG] Metrics event batch successfully created, sending metrics
2024-03-12 15:49:34.142 +00:00 [DBG] metrics region already exists in app: eu-central-1
2024-03-12 15:49:34.142 +00:00 [DBG] Sending metrics batch async
2024-03-12 15:49:34.142 +00:00 [DBG] OS: MacOS
2024-03-12 15:49:34.142 +00:00 [DBG] OS: MacOS
2024-03-12 15:49:34.142 +00:00 [DBG] OS: MacOS
2024-03-12 15:49:34.142 +00:00 [DBG] OS: MacOS
2024-03-12 15:49:34.143 +00:00 [DBG] OS: MacOS
2024-03-12 15:49:34.143 +00:00 [DBG] OS: MacOS
2024-03-12 15:49:34.143 +00:00 [DBG] OS: MacOS
2024-03-12 15:49:34.143 +00:00 [DBG] OS: MacOS
2024-03-12 15:49:34.143 +00:00 [DBG] OS: MacOS
2024-03-12 15:49:34.143 +00:00 [DBG] OS: MacOS
2024-03-12 15:49:34.143 +00:00 [DBG] OS: MacOS
2024-03-12 15:49:34.143 +00:00 [DBG] OS: MacOS
2024-03-12 15:49:34.143 +00:00 [DBG] OS: MacOS
2024-03-12 15:49:34.143 +00:00 [DBG] OS: MacOS
2024-03-12 15:49:34.143 +00:00 [DBG] OS: MacOS
2024-03-12 15:49:34.143 +00:00 [DBG] OS: MacOS
2024-03-12 15:49:34.143 +00:00 [DBG] OS: MacOS
2024-03-12 15:49:34.143 +00:00 [DBG] OS: MacOS
2024-03-12 15:49:34.143 +00:00 [DBG] OS: MacOS
2024-03-12 15:49:34.143 +00:00 [DBG] OS: MacOS
2024-03-12 15:49:34.143 +00:00 [DBG] Metrics data request created
2024-03-12 15:49:34.206 +00:00 [DBG] CloudWatch response received
2024-03-12 15:49:34.206 +00:00 [DBG] CloudWatch response status code: OK
2024-03-12 15:49:34.206 +00:00 [DBG] successfully put metrics to cloudwatch
2024-03-12 15:49:34.206 +00:00 [DBG] Deleting successfully sent batch of metric events
2024-03-12 15:49:34.219 +00:00 [DBG] Checking if table MetricsTable is empty
2024-03-12 15:49:34.219 +00:00 [DBG] is empty: False
2024-03-12 15:49:34.225 +00:00 [DBG] Metrics event batch successfully created, sending metrics
2024-03-12 15:49:34.225 +00:00 [DBG] metrics region already exists in app: eu-central-1
2024-03-12 15:49:34.225 +00:00 [DBG] Sending metrics batch async
2024-03-12 15:49:34.225 +00:00 [DBG] OS: MacOS
2024-03-12 15:49:34.225 +00:00 [DBG] OS: MacOS
2024-03-12 15:49:34.226 +00:00 [DBG] OS: MacOS
2024-03-12 15:49:34.226 +00:00 [DBG] OS: MacOS
2024-03-12 15:49:34.226 +00:00 [DBG] OS: MacOS
2024-03-12 15:49:34.226 +00:00 [DBG] OS: MacOS
2024-03-12 15:49:34.226 +00:00 [DBG] OS: MacOS
2024-03-12 15:49:34.226 +00:00 [DBG] OS: MacOS
2024-03-12 15:49:34.226 +00:00 [DBG] OS: MacOS
2024-03-12 15:49:34.226 +00:00 [DBG] OS: MacOS
2024-03-12 15:49:34.226 +00:00 [DBG] OS: MacOS
2024-03-12 15:49:34.226 +00:00 [DBG] OS: MacOS
2024-03-12 15:49:34.226 +00:00 [DBG] OS: MacOS
2024-03-12 15:49:34.226 +00:00 [DBG] OS: MacOS
2024-03-12 15:49:34.226 +00:00 [DBG] OS: MacOS
2024-03-12 15:49:34.226 +00:00 [DBG] OS: MacOS
2024-03-12 15:49:34.226 +00:00 [DBG] OS: MacOS
2024-03-12 15:49:34.226 +00:00 [DBG] OS: MacOS
2024-03-12 15:49:34.226 +00:00 [DBG] OS: MacOS
2024-03-12 15:49:34.226 +00:00 [DBG] OS: MacOS
2024-03-12 15:49:34.226 +00:00 [DBG] Metrics data request created
2024-03-12 15:49:34.285 +00:00 [DBG] CloudWatch response received
2024-03-12 15:49:34.285 +00:00 [DBG] CloudWatch response status code: OK
2024-03-12 15:49:34.285 +00:00 [DBG] successfully put metrics to cloudwatch
2024-03-12 15:49:34.285 +00:00 [DBG] Deleting successfully sent batch of metric events
2024-03-12 15:49:34.303 +00:00 [DBG] Checking if table MetricsTable is empty
2024-03-12 15:49:34.304 +00:00 [DBG] is empty: False
2024-03-12 15:49:34.306 +00:00 [DBG] Metrics event batch successfully created, sending metrics
2024-03-12 15:49:34.306 +00:00 [DBG] metrics region already exists in app: eu-central-1
2024-03-12 15:49:34.306 +00:00 [DBG] Sending metrics batch async
2024-03-12 15:49:34.306 +00:00 [DBG] OS: MacOS
2024-03-12 15:49:34.306 +00:00 [DBG] OS: MacOS
2024-03-12 15:49:34.306 +00:00 [DBG] OS: MacOS
2024-03-12 15:49:34.307 +00:00 [DBG] OS: MacOS
2024-03-12 15:49:34.307 +00:00 [DBG] OS: MacOS
2024-03-12 15:49:34.307 +00:00 [DBG] OS: MacOS
2024-03-12 15:49:34.307 +00:00 [DBG] OS: MacOS
2024-03-12 15:49:34.307 +00:00 [DBG] OS: MacOS
2024-03-12 15:49:34.307 +00:00 [DBG] OS: MacOS
2024-03-12 15:49:34.307 +00:00 [DBG] OS: MacOS
2024-03-12 15:49:34.307 +00:00 [DBG] OS: MacOS
2024-03-12 15:49:34.307 +00:00 [DBG] OS: MacOS
2024-03-12 15:49:34.307 +00:00 [DBG] OS: MacOS
2024-03-12 15:49:34.307 +00:00 [DBG] OS: MacOS
2024-03-12 15:49:34.307 +00:00 [DBG] OS: MacOS
2024-03-12 15:49:34.307 +00:00 [DBG] OS: MacOS
2024-03-12 15:49:34.307 +00:00 [DBG] OS: MacOS
2024-03-12 15:49:34.307 +00:00 [DBG] OS: MacOS
2024-03-12 15:49:34.307 +00:00 [DBG] OS: MacOS
2024-03-12 15:49:34.307 +00:00 [DBG] OS: MacOS
2024-03-12 15:49:34.307 +00:00 [DBG] Metrics data request created
2024-03-12 15:49:34.364 +00:00 [DBG] CloudWatch response received
2024-03-12 15:49:34.364 +00:00 [DBG] CloudWatch response status code: OK
2024-03-12 15:49:34.364 +00:00 [DBG] successfully put metrics to cloudwatch
2024-03-12 15:49:34.364 +00:00 [DBG] Deleting successfully sent batch of metric events
2024-03-12 15:49:34.378 +00:00 [DBG] Checking if table MetricsTable is empty
2024-03-12 15:49:34.379 +00:00 [DBG] is empty: False
2024-03-12 15:49:34.382 +00:00 [DBG] Metrics event batch successfully created, sending metrics
2024-03-12 15:49:34.382 +00:00 [DBG] metrics region already exists in app: eu-central-1
2024-03-12 15:49:34.382 +00:00 [DBG] Sending metrics batch async
2024-03-12 15:49:34.382 +00:00 [DBG] OS: MacOS
2024-03-12 15:49:34.383 +00:00 [DBG] OS: MacOS
2024-03-12 15:49:34.383 +00:00 [DBG] OS: MacOS
2024-03-12 15:49:34.383 +00:00 [DBG] OS: MacOS
2024-03-12 15:49:34.383 +00:00 [DBG] OS: MacOS
2024-03-12 15:49:34.383 +00:00 [DBG] OS: MacOS
2024-03-12 15:49:34.383 +00:00 [DBG] OS: MacOS
2024-03-12 15:49:34.383 +00:00 [DBG] OS: MacOS
2024-03-12 15:49:34.383 +00:00 [DBG] OS: MacOS
2024-03-12 15:49:34.383 +00:00 [DBG] OS: MacOS
2024-03-12 15:49:34.383 +00:00 [DBG] OS: MacOS
2024-03-12 15:49:34.383 +00:00 [DBG] OS: MacOS
2024-03-12 15:49:34.383 +00:00 [DBG] OS: MacOS
2024-03-12 15:49:34.383 +00:00 [DBG] OS: MacOS
2024-03-12 15:49:34.383 +00:00 [DBG] OS: MacOS
2024-03-12 15:49:34.383 +00:00 [DBG] OS: MacOS
2024-03-12 15:49:34.383 +00:00 [DBG] OS: MacOS
2024-03-12 15:49:34.383 +00:00 [DBG] OS: MacOS
2024-03-12 15:49:34.383 +00:00 [DBG] OS: MacOS
2024-03-12 15:49:34.383 +00:00 [DBG] OS: MacOS
2024-03-12 15:49:34.383 +00:00 [DBG] Metrics data request created
2024-03-12 15:49:34.444 +00:00 [DBG] CloudWatch response received
2024-03-12 15:49:34.444 +00:00 [DBG] CloudWatch response status code: OK
2024-03-12 15:49:34.444 +00:00 [DBG] successfully put metrics to cloudwatch
2024-03-12 15:49:34.445 +00:00 [DBG] Deleting successfully sent batch of metric events
2024-03-12 15:49:34.459 +00:00 [DBG] Checking if table MetricsTable is empty
2024-03-12 15:49:34.460 +00:00 [DBG] is empty: False
2024-03-12 15:49:34.462 +00:00 [DBG] Metrics event batch successfully created, sending metrics
2024-03-12 15:49:34.462 +00:00 [DBG] metrics region already exists in app: eu-central-1
2024-03-12 15:49:34.462 +00:00 [DBG] Sending metrics batch async
2024-03-12 15:49:34.462 +00:00 [DBG] OS: MacOS
2024-03-12 15:49:34.463 +00:00 [DBG] OS: MacOS
2024-03-12 15:49:34.463 +00:00 [DBG] OS: MacOS
2024-03-12 15:49:34.463 +00:00 [DBG] OS: MacOS
2024-03-12 15:49:34.463 +00:00 [DBG] OS: MacOS
2024-03-12 15:49:34.463 +00:00 [DBG] OS: MacOS
2024-03-12 15:49:34.463 +00:00 [DBG] OS: MacOS
2024-03-12 15:49:34.463 +00:00 [DBG] OS: MacOS
2024-03-12 15:49:34.463 +00:00 [DBG] OS: MacOS
2024-03-12 15:49:34.464 +00:00 [DBG] OS: MacOS
2024-03-12 15:49:34.464 +00:00 [DBG] OS: MacOS
2024-03-12 15:49:34.464 +00:00 [DBG] OS: MacOS
2024-03-12 15:49:34.464 +00:00 [DBG] OS: MacOS
2024-03-12 15:49:34.464 +00:00 [DBG] OS: MacOS
2024-03-12 15:49:34.464 +00:00 [DBG] OS: MacOS
2024-03-12 15:49:34.464 +00:00 [DBG] OS: MacOS
2024-03-12 15:49:34.464 +00:00 [DBG] OS: MacOS
2024-03-12 15:49:34.464 +00:00 [DBG] OS: MacOS
2024-03-12 15:49:34.464 +00:00 [DBG] OS: MacOS
2024-03-12 15:49:34.464 +00:00 [DBG] OS: MacOS
2024-03-12 15:49:34.464 +00:00 [DBG] Metrics data request created
2024-03-12 15:49:34.523 +00:00 [DBG] CloudWatch response received
2024-03-12 15:49:34.524 +00:00 [DBG] CloudWatch response status code: OK
2024-03-12 15:49:34.524 +00:00 [DBG] successfully put metrics to cloudwatch
2024-03-12 15:49:34.524 +00:00 [DBG] Deleting successfully sent batch of metric events
2024-03-12 15:49:34.546 +00:00 [DBG] Checking if table MetricsTable is empty
2024-03-12 15:49:34.547 +00:00 [DBG] is empty: False
2024-03-12 15:49:34.548 +00:00 [DBG] Metrics event batch successfully created, sending metrics
2024-03-12 15:49:34.548 +00:00 [DBG] metrics region already exists in app: eu-central-1
2024-03-12 15:49:34.548 +00:00 [DBG] Sending metrics batch async
2024-03-12 15:49:34.548 +00:00 [DBG] OS: MacOS
2024-03-12 15:49:34.548 +00:00 [DBG] OS: MacOS
2024-03-12 15:49:34.549 +00:00 [DBG] OS: MacOS
2024-03-12 15:49:34.549 +00:00 [DBG] OS: MacOS
2024-03-12 15:49:34.549 +00:00 [DBG] OS: MacOS
2024-03-12 15:49:34.549 +00:00 [DBG] OS: MacOS
2024-03-12 15:49:34.549 +00:00 [DBG] OS: MacOS
2024-03-12 15:49:34.549 +00:00 [DBG] OS: MacOS
2024-03-12 15:49:34.549 +00:00 [DBG] OS: MacOS
2024-03-12 15:49:34.549 +00:00 [DBG] OS: MacOS
2024-03-12 15:49:34.549 +00:00 [DBG] OS: MacOS
2024-03-12 15:49:34.549 +00:00 [DBG] OS: MacOS
2024-03-12 15:49:34.549 +00:00 [DBG] OS: MacOS
2024-03-12 15:49:34.549 +00:00 [DBG] OS: MacOS
2024-03-12 15:49:34.549 +00:00 [DBG] OS: MacOS
2024-03-12 15:49:34.549 +00:00 [DBG] OS: MacOS
2024-03-12 15:49:34.549 +00:00 [DBG] OS: MacOS
2024-03-12 15:49:34.549 +00:00 [DBG] OS: MacOS
2024-03-12 15:49:34.549 +00:00 [DBG] OS: MacOS
2024-03-12 15:49:34.549 +00:00 [DBG] OS: MacOS
2024-03-12 15:49:34.549 +00:00 [DBG] Metrics data request created
2024-03-12 15:49:34.612 +00:00 [DBG] CloudWatch response received
2024-03-12 15:49:34.612 +00:00 [DBG] CloudWatch response status code: OK
2024-03-12 15:49:34.612 +00:00 [DBG] successfully put metrics to cloudwatch
2024-03-12 15:49:34.612 +00:00 [DBG] Deleting successfully sent batch of metric events
2024-03-12 15:49:34.625 +00:00 [DBG] Checking if table MetricsTable is empty
2024-03-12 15:49:34.626 +00:00 [DBG] is empty: False
2024-03-12 15:49:34.629 +00:00 [DBG] Metrics event batch successfully created, sending metrics
2024-03-12 15:49:34.629 +00:00 [DBG] metrics region already exists in app: eu-central-1
2024-03-12 15:49:34.629 +00:00 [DBG] Sending metrics batch async
2024-03-12 15:49:34.629 +00:00 [DBG] OS: MacOS
2024-03-12 15:49:34.629 +00:00 [DBG] OS: MacOS
2024-03-12 15:49:34.629 +00:00 [DBG] OS: MacOS
2024-03-12 15:49:34.629 +00:00 [DBG] OS: MacOS
2024-03-12 15:49:34.629 +00:00 [DBG] OS: MacOS
2024-03-12 15:49:34.629 +00:00 [DBG] OS: MacOS
2024-03-12 15:49:34.629 +00:00 [DBG] OS: MacOS
2024-03-12 15:49:34.629 +00:00 [DBG] OS: MacOS
2024-03-12 15:49:34.629 +00:00 [DBG] OS: MacOS
2024-03-12 15:49:34.629 +00:00 [DBG] OS: MacOS
2024-03-12 15:49:34.629 +00:00 [DBG] OS: MacOS
2024-03-12 15:49:34.629 +00:00 [DBG] OS: MacOS
2024-03-12 15:49:34.630 +00:00 [DBG] OS: MacOS
2024-03-12 15:49:34.630 +00:00 [DBG] OS: MacOS
2024-03-12 15:49:34.630 +00:00 [DBG] OS: MacOS
2024-03-12 15:49:34.630 +00:00 [DBG] OS: MacOS
2024-03-12 15:49:34.630 +00:00 [DBG] OS: MacOS
2024-03-12 15:49:34.630 +00:00 [DBG] OS: MacOS
2024-03-12 15:49:34.630 +00:00 [DBG] OS: MacOS
2024-03-12 15:49:34.630 +00:00 [DBG] OS: MacOS
2024-03-12 15:49:34.630 +00:00 [DBG] Metrics data request created
2024-03-12 15:49:34.692 +00:00 [DBG] CloudWatch response received
2024-03-12 15:49:34.693 +00:00 [DBG] CloudWatch response status code: OK
2024-03-12 15:49:34.693 +00:00 [DBG] successfully put metrics to cloudwatch
2024-03-12 15:49:34.693 +00:00 [DBG] Deleting successfully sent batch of metric events
2024-03-12 15:49:34.707 +00:00 [DBG] Checking if table MetricsTable is empty
2024-03-12 15:49:34.708 +00:00 [DBG] is empty: False
2024-03-12 15:49:34.712 +00:00 [DBG] Metrics event batch successfully created, sending metrics
2024-03-12 15:49:34.712 +00:00 [DBG] metrics region already exists in app: eu-central-1
2024-03-12 15:49:34.712 +00:00 [DBG] Sending metrics batch async
2024-03-12 15:49:34.712 +00:00 [DBG] OS: MacOS
2024-03-12 15:49:34.712 +00:00 [DBG] OS: MacOS
2024-03-12 15:49:34.712 +00:00 [DBG] OS: MacOS
2024-03-12 15:49:34.712 +00:00 [DBG] OS: MacOS
2024-03-12 15:49:34.712 +00:00 [DBG] OS: MacOS
2024-03-12 15:49:34.712 +00:00 [DBG] OS: MacOS
2024-03-12 15:49:34.712 +00:00 [DBG] OS: MacOS
2024-03-12 15:49:34.712 +00:00 [DBG] OS: MacOS
2024-03-12 15:49:34.713 +00:00 [DBG] OS: MacOS
2024-03-12 15:49:34.713 +00:00 [DBG] OS: MacOS
2024-03-12 15:49:34.713 +00:00 [DBG] OS: MacOS
2024-03-12 15:49:34.713 +00:00 [DBG] OS: MacOS
2024-03-12 15:49:34.714 +00:00 [DBG] OS: MacOS
2024-03-12 15:49:34.714 +00:00 [DBG] OS: MacOS
2024-03-12 15:49:34.714 +00:00 [DBG] OS: MacOS
2024-03-12 15:49:34.714 +00:00 [DBG] OS: MacOS
2024-03-12 15:49:34.714 +00:00 [DBG] OS: MacOS
2024-03-12 15:49:34.714 +00:00 [DBG] OS: MacOS
2024-03-12 15:49:34.714 +00:00 [DBG] OS: MacOS
2024-03-12 15:49:34.714 +00:00 [DBG] OS: MacOS
2024-03-12 15:49:34.714 +00:00 [DBG] Metrics data request created
2024-03-12 15:49:34.775 +00:00 [DBG] CloudWatch response received
2024-03-12 15:49:34.775 +00:00 [DBG] CloudWatch response status code: OK
2024-03-12 15:49:34.775 +00:00 [DBG] successfully put metrics to cloudwatch
2024-03-12 15:49:34.775 +00:00 [DBG] Deleting successfully sent batch of metric events
2024-03-12 15:49:34.790 +00:00 [DBG] Checking if table MetricsTable is empty
2024-03-12 15:49:34.791 +00:00 [DBG] is empty: False
2024-03-12 15:49:34.795 +00:00 [DBG] Metrics event batch successfully created, sending metrics
2024-03-12 15:49:34.795 +00:00 [DBG] metrics region already exists in app: eu-central-1
2024-03-12 15:49:34.795 +00:00 [DBG] Sending metrics batch async
2024-03-12 15:49:34.796 +00:00 [DBG] OS: MacOS
2024-03-12 15:49:34.796 +00:00 [DBG] OS: MacOS
2024-03-12 15:49:34.796 +00:00 [DBG] OS: MacOS
2024-03-12 15:49:34.796 +00:00 [DBG] OS: MacOS
2024-03-12 15:49:34.796 +00:00 [DBG] OS: MacOS
2024-03-12 15:49:34.796 +00:00 [DBG] OS: MacOS
2024-03-12 15:49:34.796 +00:00 [DBG] OS: MacOS
2024-03-12 15:49:34.796 +00:00 [DBG] OS: MacOS
2024-03-12 15:49:34.796 +00:00 [DBG] OS: MacOS
2024-03-12 15:49:34.796 +00:00 [DBG] OS: MacOS
2024-03-12 15:49:34.796 +00:00 [DBG] OS: MacOS
2024-03-12 15:49:34.796 +00:00 [DBG] OS: MacOS
2024-03-12 15:49:34.796 +00:00 [DBG] OS: MacOS
2024-03-12 15:49:34.796 +00:00 [DBG] OS: MacOS
2024-03-12 15:49:34.796 +00:00 [DBG] OS: MacOS
2024-03-12 15:49:34.796 +00:00 [DBG] OS: MacOS
2024-03-12 15:49:34.796 +00:00 [DBG] OS: MacOS
2024-03-12 15:49:34.796 +00:00 [DBG] OS: MacOS
2024-03-12 15:49:34.796 +00:00 [DBG] OS: MacOS
2024-03-12 15:49:34.797 +00:00 [DBG] OS: MacOS
2024-03-12 15:49:34.797 +00:00 [DBG] Metrics data request created
2024-03-12 15:49:34.874 +00:00 [DBG] CloudWatch response received
2024-03-12 15:49:34.874 +00:00 [DBG] CloudWatch response status code: OK
2024-03-12 15:49:34.874 +00:00 [DBG] successfully put metrics to cloudwatch
2024-03-12 15:49:34.874 +00:00 [DBG] Deleting successfully sent batch of metric events
2024-03-12 15:49:34.880 +00:00 [DBG] Checking if table MetricsTable is empty
2024-03-12 15:49:34.880 +00:00 [DBG] is empty: False
2024-03-12 15:49:34.881 +00:00 [DBG] Metrics event batch successfully created, sending metrics
2024-03-12 15:49:34.881 +00:00 [DBG] metrics region already exists in app: eu-central-1
2024-03-12 15:49:34.881 +00:00 [DBG] Sending metrics batch async
2024-03-12 15:49:34.881 +00:00 [DBG] OS: MacOS
2024-03-12 15:49:34.882 +00:00 [DBG] OS: MacOS
2024-03-12 15:49:34.882 +00:00 [DBG] OS: MacOS
2024-03-12 15:49:34.882 +00:00 [DBG] OS: MacOS
2024-03-12 15:49:34.882 +00:00 [DBG] OS: MacOS
2024-03-12 15:49:34.882 +00:00 [DBG] OS: MacOS
2024-03-12 15:49:34.882 +00:00 [DBG] OS: MacOS
2024-03-12 15:49:34.882 +00:00 [DBG] OS: MacOS
2024-03-12 15:49:34.882 +00:00 [DBG] OS: MacOS
2024-03-12 15:49:34.882 +00:00 [DBG] OS: MacOS
2024-03-12 15:49:34.882 +00:00 [DBG] OS: MacOS
2024-03-12 15:49:34.882 +00:00 [DBG] OS: MacOS
2024-03-12 15:49:34.882 +00:00 [DBG] OS: MacOS
2024-03-12 15:49:34.882 +00:00 [DBG] OS: MacOS
2024-03-12 15:49:34.882 +00:00 [DBG] OS: MacOS
2024-03-12 15:49:34.882 +00:00 [DBG] OS: MacOS
2024-03-12 15:49:34.882 +00:00 [DBG] OS: MacOS
2024-03-12 15:49:34.882 +00:00 [DBG] OS: MacOS
2024-03-12 15:49:34.882 +00:00 [DBG] OS: MacOS
2024-03-12 15:49:34.882 +00:00 [DBG] OS: MacOS
2024-03-12 15:49:34.882 +00:00 [DBG] Metrics data request created
2024-03-12 15:49:34.943 +00:00 [DBG] CloudWatch response received
2024-03-12 15:49:34.944 +00:00 [DBG] CloudWatch response status code: OK
2024-03-12 15:49:34.944 +00:00 [DBG] successfully put metrics to cloudwatch
2024-03-12 15:49:34.944 +00:00 [DBG] Deleting successfully sent batch of metric events
2024-03-12 15:49:34.956 +00:00 [DBG] Checking if table MetricsTable is empty
2024-03-12 15:49:34.959 +00:00 [DBG] is empty: False
2024-03-12 15:49:34.962 +00:00 [DBG] Metrics event batch successfully created, sending metrics
2024-03-12 15:49:34.962 +00:00 [DBG] metrics region already exists in app: eu-central-1
2024-03-12 15:49:34.962 +00:00 [DBG] Sending metrics batch async
2024-03-12 15:49:34.963 +00:00 [DBG] OS: MacOS
2024-03-12 15:49:34.963 +00:00 [DBG] OS: MacOS
2024-03-12 15:49:34.963 +00:00 [DBG] OS: MacOS
2024-03-12 15:49:34.963 +00:00 [DBG] OS: MacOS
2024-03-12 15:49:34.963 +00:00 [DBG] OS: MacOS
2024-03-12 15:49:34.963 +00:00 [DBG] OS: MacOS
2024-03-12 15:49:34.963 +00:00 [DBG] OS: MacOS
2024-03-12 15:49:34.963 +00:00 [DBG] OS: MacOS
2024-03-12 15:49:34.963 +00:00 [DBG] OS: MacOS
2024-03-12 15:49:34.963 +00:00 [DBG] OS: MacOS
2024-03-12 15:49:34.963 +00:00 [DBG] OS: MacOS
2024-03-12 15:49:34.963 +00:00 [DBG] OS: MacOS
2024-03-12 15:49:34.963 +00:00 [DBG] OS: MacOS
2024-03-12 15:49:34.964 +00:00 [DBG] OS: MacOS
2024-03-12 15:49:34.964 +00:00 [DBG] OS: MacOS
2024-03-12 15:49:34.964 +00:00 [DBG] OS: MacOS
2024-03-12 15:49:34.964 +00:00 [DBG] OS: MacOS
2024-03-12 15:49:34.964 +00:00 [DBG] OS: MacOS
2024-03-12 15:49:34.964 +00:00 [DBG] OS: MacOS
2024-03-12 15:49:34.964 +00:00 [DBG] OS: MacOS
2024-03-12 15:49:34.964 +00:00 [DBG] Metrics data request created
2024-03-12 15:49:35.027 +00:00 [DBG] CloudWatch response received
2024-03-12 15:49:35.027 +00:00 [DBG] CloudWatch response status code: OK
2024-03-12 15:49:35.027 +00:00 [DBG] successfully put metrics to cloudwatch
2024-03-12 15:49:35.027 +00:00 [DBG] Deleting successfully sent batch of metric events
2024-03-12 15:49:35.041 +00:00 [DBG] Checking if table MetricsTable is empty
2024-03-12 15:49:35.041 +00:00 [DBG] is empty: False
2024-03-12 15:49:35.044 +00:00 [DBG] Metrics event batch successfully created, sending metrics
2024-03-12 15:49:35.045 +00:00 [DBG] metrics region already exists in app: eu-central-1
2024-03-12 15:49:35.045 +00:00 [DBG] Sending metrics batch async
2024-03-12 15:49:35.045 +00:00 [DBG] OS: MacOS
2024-03-12 15:49:35.045 +00:00 [DBG] OS: MacOS
2024-03-12 15:49:35.045 +00:00 [DBG] OS: MacOS
2024-03-12 15:49:35.045 +00:00 [DBG] OS: MacOS
2024-03-12 15:49:35.045 +00:00 [DBG] OS: MacOS
2024-03-12 15:49:35.045 +00:00 [DBG] OS: MacOS
2024-03-12 15:49:35.045 +00:00 [DBG] OS: MacOS
2024-03-12 15:49:35.045 +00:00 [DBG] OS: MacOS
2024-03-12 15:49:35.045 +00:00 [DBG] OS: MacOS
2024-03-12 15:49:35.045 +00:00 [DBG] OS: MacOS
2024-03-12 15:49:35.045 +00:00 [DBG] OS: MacOS
2024-03-12 15:49:35.045 +00:00 [DBG] OS: MacOS
2024-03-12 15:49:35.045 +00:00 [DBG] OS: MacOS
2024-03-12 15:49:35.045 +00:00 [DBG] OS: MacOS
2024-03-12 15:49:35.045 +00:00 [DBG] OS: MacOS
2024-03-12 15:49:35.045 +00:00 [DBG] OS: MacOS
2024-03-12 15:49:35.046 +00:00 [DBG] OS: MacOS
2024-03-12 15:49:35.046 +00:00 [DBG] OS: MacOS
2024-03-12 15:49:35.046 +00:00 [DBG] OS: MacOS
2024-03-12 15:49:35.046 +00:00 [DBG] OS: MacOS
2024-03-12 15:49:35.046 +00:00 [DBG] Metrics data request created
2024-03-12 15:49:35.104 +00:00 [DBG] CloudWatch response received
2024-03-12 15:49:35.105 +00:00 [DBG] CloudWatch response status code: OK
2024-03-12 15:49:35.105 +00:00 [DBG] successfully put metrics to cloudwatch
2024-03-12 15:49:35.105 +00:00 [DBG] Deleting successfully sent batch of metric events
2024-03-12 15:49:35.119 +00:00 [DBG] Checking if table MetricsTable is empty
2024-03-12 15:49:35.120 +00:00 [DBG] is empty: False
2024-03-12 15:49:35.122 +00:00 [DBG] Metrics event batch successfully created, sending metrics
2024-03-12 15:49:35.123 +00:00 [DBG] metrics region already exists in app: eu-central-1
2024-03-12 15:49:35.123 +00:00 [DBG] Sending metrics batch async
2024-03-12 15:49:35.123 +00:00 [DBG] OS: MacOS
2024-03-12 15:49:35.123 +00:00 [DBG] OS: MacOS
2024-03-12 15:49:35.123 +00:00 [DBG] OS: MacOS
2024-03-12 15:49:35.123 +00:00 [DBG] OS: MacOS
2024-03-12 15:49:35.123 +00:00 [DBG] OS: MacOS
2024-03-12 15:49:35.123 +00:00 [DBG] OS: MacOS
2024-03-12 15:49:35.123 +00:00 [DBG] OS: MacOS
2024-03-12 15:49:35.123 +00:00 [DBG] OS: MacOS
2024-03-12 15:49:35.123 +00:00 [DBG] OS: MacOS
2024-03-12 15:49:35.123 +00:00 [DBG] OS: MacOS
2024-03-12 15:49:35.123 +00:00 [DBG] OS: MacOS
2024-03-12 15:49:35.123 +00:00 [DBG] OS: MacOS
2024-03-12 15:49:35.123 +00:00 [DBG] OS: MacOS
2024-03-12 15:49:35.123 +00:00 [DBG] OS: MacOS
2024-03-12 15:49:35.123 +00:00 [DBG] OS: MacOS
2024-03-12 15:49:35.123 +00:00 [DBG] OS: MacOS
2024-03-12 15:49:35.124 +00:00 [DBG] OS: MacOS
2024-03-12 15:49:35.124 +00:00 [DBG] OS: MacOS
2024-03-12 15:49:35.124 +00:00 [DBG] OS: MacOS
2024-03-12 15:49:35.124 +00:00 [DBG] OS: MacOS
2024-03-12 15:49:35.124 +00:00 [DBG] Metrics data request created
2024-03-12 15:49:35.180 +00:00 [DBG] CloudWatch response received
2024-03-12 15:49:35.181 +00:00 [DBG] CloudWatch response status code: OK
2024-03-12 15:49:35.181 +00:00 [DBG] successfully put metrics to cloudwatch
2024-03-12 15:49:35.181 +00:00 [DBG] Deleting successfully sent batch of metric events
2024-03-12 15:49:35.195 +00:00 [DBG] Checking if table MetricsTable is empty
2024-03-12 15:49:35.196 +00:00 [DBG] is empty: False
2024-03-12 15:49:35.199 +00:00 [DBG] Metrics event batch successfully created, sending metrics
2024-03-12 15:49:35.200 +00:00 [DBG] metrics region already exists in app: eu-central-1
2024-03-12 15:49:35.200 +00:00 [DBG] Sending metrics batch async
2024-03-12 15:49:35.200 +00:00 [DBG] OS: MacOS
2024-03-12 15:49:35.200 +00:00 [DBG] OS: MacOS
2024-03-12 15:49:35.200 +00:00 [DBG] OS: MacOS
2024-03-12 15:49:35.200 +00:00 [DBG] OS: MacOS
2024-03-12 15:49:35.200 +00:00 [DBG] OS: MacOS
2024-03-12 15:49:35.200 +00:00 [DBG] OS: MacOS
2024-03-12 15:49:35.200 +00:00 [DBG] OS: MacOS
2024-03-12 15:49:35.200 +00:00 [DBG] OS: MacOS
2024-03-12 15:49:35.200 +00:00 [DBG] OS: MacOS
2024-03-12 15:49:35.200 +00:00 [DBG] OS: MacOS
2024-03-12 15:49:35.200 +00:00 [DBG] OS: MacOS
2024-03-12 15:49:35.200 +00:00 [DBG] OS: MacOS
2024-03-12 15:49:35.200 +00:00 [DBG] OS: MacOS
2024-03-12 15:49:35.200 +00:00 [DBG] OS: MacOS
2024-03-12 15:49:35.201 +00:00 [DBG] OS: MacOS
2024-03-12 15:49:35.201 +00:00 [DBG] OS: MacOS
2024-03-12 15:49:35.201 +00:00 [DBG] OS: MacOS
2024-03-12 15:49:35.201 +00:00 [DBG] OS: MacOS
2024-03-12 15:49:35.201 +00:00 [DBG] OS: MacOS
2024-03-12 15:49:35.201 +00:00 [DBG] OS: MacOS
2024-03-12 15:49:35.201 +00:00 [DBG] Metrics data request created
2024-03-12 15:49:35.262 +00:00 [DBG] CloudWatch response received
2024-03-12 15:49:35.263 +00:00 [DBG] CloudWatch response status code: OK
2024-03-12 15:49:35.263 +00:00 [DBG] successfully put metrics to cloudwatch
2024-03-12 15:49:35.263 +00:00 [DBG] Deleting successfully sent batch of metric events
2024-03-12 15:49:35.275 +00:00 [DBG] Checking if table MetricsTable is empty
2024-03-12 15:49:35.276 +00:00 [DBG] is empty: False
2024-03-12 15:49:35.283 +00:00 [DBG] Metrics event batch successfully created, sending metrics
2024-03-12 15:49:35.283 +00:00 [DBG] metrics region already exists in app: eu-central-1
2024-03-12 15:49:35.283 +00:00 [DBG] Sending metrics batch async
2024-03-12 15:49:35.283 +00:00 [DBG] OS: MacOS
2024-03-12 15:49:35.283 +00:00 [DBG] OS: MacOS
2024-03-12 15:49:35.283 +00:00 [DBG] OS: MacOS
2024-03-12 15:49:35.283 +00:00 [DBG] OS: MacOS
2024-03-12 15:49:35.283 +00:00 [DBG] OS: MacOS
2024-03-12 15:49:35.283 +00:00 [DBG] OS: MacOS
2024-03-12 15:49:35.284 +00:00 [DBG] OS: MacOS
2024-03-12 15:49:35.284 +00:00 [DBG] OS: MacOS
2024-03-12 15:49:35.284 +00:00 [DBG] OS: MacOS
2024-03-12 15:49:35.284 +00:00 [DBG] OS: MacOS
2024-03-12 15:49:35.284 +00:00 [DBG] OS: MacOS
2024-03-12 15:49:35.284 +00:00 [DBG] OS: MacOS
2024-03-12 15:49:35.284 +00:00 [DBG] OS: MacOS
2024-03-12 15:49:35.284 +00:00 [DBG] OS: MacOS
2024-03-12 15:49:35.284 +00:00 [DBG] OS: MacOS
2024-03-12 15:49:35.284 +00:00 [DBG] OS: MacOS
2024-03-12 15:49:35.284 +00:00 [DBG] OS: MacOS
2024-03-12 15:49:35.284 +00:00 [DBG] OS: MacOS
2024-03-12 15:49:35.284 +00:00 [DBG] OS: MacOS
2024-03-12 15:49:35.284 +00:00 [DBG] OS: MacOS
2024-03-12 15:49:35.284 +00:00 [DBG] Metrics data request created
2024-03-12 15:49:35.345 +00:00 [DBG] CloudWatch response received
2024-03-12 15:49:35.346 +00:00 [DBG] CloudWatch response status code: OK
2024-03-12 15:49:35.346 +00:00 [DBG] successfully put metrics to cloudwatch
2024-03-12 15:49:35.346 +00:00 [DBG] Deleting successfully sent batch of metric events
2024-03-12 15:49:35.360 +00:00 [DBG] Checking if table MetricsTable is empty
2024-03-12 15:49:35.360 +00:00 [DBG] is empty: False
2024-03-12 15:49:35.365 +00:00 [DBG] Metrics event batch successfully created, sending metrics
2024-03-12 15:49:35.365 +00:00 [DBG] metrics region already exists in app: eu-central-1
2024-03-12 15:49:35.365 +00:00 [DBG] Sending metrics batch async
2024-03-12 15:49:35.365 +00:00 [DBG] OS: MacOS
2024-03-12 15:49:35.366 +00:00 [DBG] OS: MacOS
2024-03-12 15:49:35.366 +00:00 [DBG] OS: MacOS
2024-03-12 15:49:35.366 +00:00 [DBG] OS: MacOS
2024-03-12 15:49:35.366 +00:00 [DBG] OS: MacOS
2024-03-12 15:49:35.366 +00:00 [DBG] OS: MacOS
2024-03-12 15:49:35.366 +00:00 [DBG] OS: MacOS
2024-03-12 15:49:35.366 +00:00 [DBG] OS: MacOS
2024-03-12 15:49:35.366 +00:00 [DBG] OS: MacOS
2024-03-12 15:49:35.366 +00:00 [DBG] OS: MacOS
2024-03-12 15:49:35.366 +00:00 [DBG] OS: MacOS
2024-03-12 15:49:35.366 +00:00 [DBG] OS: MacOS
2024-03-12 15:49:35.366 +00:00 [DBG] OS: MacOS
2024-03-12 15:49:35.366 +00:00 [DBG] OS: MacOS
2024-03-12 15:49:35.366 +00:00 [DBG] OS: MacOS
2024-03-12 15:49:35.366 +00:00 [DBG] OS: MacOS
2024-03-12 15:49:35.366 +00:00 [DBG] OS: MacOS
2024-03-12 15:49:35.366 +00:00 [DBG] OS: MacOS
2024-03-12 15:49:35.366 +00:00 [DBG] OS: MacOS
2024-03-12 15:49:35.366 +00:00 [DBG] OS: MacOS
2024-03-12 15:49:35.366 +00:00 [DBG] Metrics data request created
2024-03-12 15:49:35.427 +00:00 [DBG] CloudWatch response received
2024-03-12 15:49:35.427 +00:00 [DBG] CloudWatch response status code: OK
2024-03-12 15:49:35.428 +00:00 [DBG] successfully put metrics to cloudwatch
2024-03-12 15:49:35.428 +00:00 [DBG] Deleting successfully sent batch of metric events
2024-03-12 15:49:35.443 +00:00 [DBG] Checking if table MetricsTable is empty
2024-03-12 15:49:35.444 +00:00 [DBG] is empty: False
2024-03-12 15:49:35.447 +00:00 [DBG] Metrics event batch successfully created, sending metrics
2024-03-12 15:49:35.447 +00:00 [DBG] metrics region already exists in app: eu-central-1
2024-03-12 15:49:35.447 +00:00 [DBG] Sending metrics batch async
2024-03-12 15:49:35.447 +00:00 [DBG] OS: MacOS
2024-03-12 15:49:35.447 +00:00 [DBG] OS: MacOS
2024-03-12 15:49:35.447 +00:00 [DBG] OS: MacOS
2024-03-12 15:49:35.447 +00:00 [DBG] OS: MacOS
2024-03-12 15:49:35.447 +00:00 [DBG] OS: MacOS
2024-03-12 15:49:35.447 +00:00 [DBG] OS: MacOS
2024-03-12 15:49:35.447 +00:00 [DBG] OS: MacOS
2024-03-12 15:49:35.447 +00:00 [DBG] OS: MacOS
2024-03-12 15:49:35.447 +00:00 [DBG] OS: MacOS
2024-03-12 15:49:35.447 +00:00 [DBG] OS: MacOS
2024-03-12 15:49:35.448 +00:00 [DBG] OS: MacOS
2024-03-12 15:49:35.448 +00:00 [DBG] OS: MacOS
2024-03-12 15:49:35.448 +00:00 [DBG] OS: MacOS
2024-03-12 15:49:35.448 +00:00 [DBG] OS: MacOS
2024-03-12 15:49:35.448 +00:00 [DBG] OS: MacOS
2024-03-12 15:49:35.448 +00:00 [DBG] OS: MacOS
2024-03-12 15:49:35.448 +00:00 [DBG] OS: MacOS
2024-03-12 15:49:35.448 +00:00 [DBG] OS: MacOS
2024-03-12 15:49:35.448 +00:00 [DBG] OS: MacOS
2024-03-12 15:49:35.448 +00:00 [DBG] OS: MacOS
2024-03-12 15:49:35.448 +00:00 [DBG] Metrics data request created
2024-03-12 15:49:35.509 +00:00 [DBG] CloudWatch response received
2024-03-12 15:49:35.510 +00:00 [DBG] CloudWatch response status code: OK
2024-03-12 15:49:35.510 +00:00 [DBG] successfully put metrics to cloudwatch
2024-03-12 15:49:35.510 +00:00 [DBG] Deleting successfully sent batch of metric events
2024-03-12 15:49:35.524 +00:00 [DBG] Checking if table MetricsTable is empty
2024-03-12 15:49:35.524 +00:00 [DBG] is empty: False
2024-03-12 15:49:35.527 +00:00 [DBG] Metrics event batch successfully created, sending metrics
2024-03-12 15:49:35.528 +00:00 [DBG] metrics region already exists in app: eu-central-1
2024-03-12 15:49:35.528 +00:00 [DBG] Sending metrics batch async
2024-03-12 15:49:35.528 +00:00 [DBG] OS: MacOS
2024-03-12 15:49:35.528 +00:00 [DBG] OS: MacOS
2024-03-12 15:49:35.528 +00:00 [DBG] OS: MacOS
2024-03-12 15:49:35.528 +00:00 [DBG] OS: MacOS
2024-03-12 15:49:35.528 +00:00 [DBG] OS: MacOS
2024-03-12 15:49:35.528 +00:00 [DBG] OS: MacOS
2024-03-12 15:49:35.528 +00:00 [DBG] OS: MacOS
2024-03-12 15:49:35.528 +00:00 [DBG] OS: MacOS
2024-03-12 15:49:35.528 +00:00 [DBG] OS: MacOS
2024-03-12 15:49:35.528 +00:00 [DBG] OS: MacOS
2024-03-12 15:49:35.528 +00:00 [DBG] OS: MacOS
2024-03-12 15:49:35.528 +00:00 [DBG] OS: MacOS
2024-03-12 15:49:35.528 +00:00 [DBG] OS: MacOS
2024-03-12 15:49:35.529 +00:00 [DBG] OS: MacOS
2024-03-12 15:49:35.529 +00:00 [DBG] OS: MacOS
2024-03-12 15:49:35.529 +00:00 [DBG] OS: MacOS
2024-03-12 15:49:35.529 +00:00 [DBG] OS: MacOS
2024-03-12 15:49:35.529 +00:00 [DBG] OS: MacOS
2024-03-12 15:49:35.529 +00:00 [DBG] OS: MacOS
2024-03-12 15:49:35.529 +00:00 [DBG] OS: MacOS
2024-03-12 15:49:35.529 +00:00 [DBG] Metrics data request created
2024-03-12 15:49:35.592 +00:00 [DBG] CloudWatch response received
2024-03-12 15:49:35.592 +00:00 [DBG] CloudWatch response status code: OK
2024-03-12 15:49:35.592 +00:00 [DBG] successfully put metrics to cloudwatch
2024-03-12 15:49:35.592 +00:00 [DBG] Deleting successfully sent batch of metric events
2024-03-12 15:49:35.606 +00:00 [DBG] Checking if table MetricsTable is empty
2024-03-12 15:49:35.607 +00:00 [DBG] is empty: False
2024-03-12 15:49:35.611 +00:00 [DBG] Metrics event batch successfully created, sending metrics
2024-03-12 15:49:35.611 +00:00 [DBG] metrics region already exists in app: eu-central-1
2024-03-12 15:49:35.611 +00:00 [DBG] Sending metrics batch async
2024-03-12 15:49:35.611 +00:00 [DBG] OS: MacOS
2024-03-12 15:49:35.611 +00:00 [DBG] OS: MacOS
2024-03-12 15:49:35.611 +00:00 [DBG] OS: MacOS
2024-03-12 15:49:35.611 +00:00 [DBG] OS: MacOS
2024-03-12 15:49:35.611 +00:00 [DBG] OS: MacOS
2024-03-12 15:49:35.611 +00:00 [DBG] OS: MacOS
2024-03-12 15:49:35.611 +00:00 [DBG] OS: MacOS
2024-03-12 15:49:35.611 +00:00 [DBG] OS: MacOS
2024-03-12 15:49:35.611 +00:00 [DBG] OS: MacOS
2024-03-12 15:49:35.612 +00:00 [DBG] OS: MacOS
2024-03-12 15:49:35.612 +00:00 [DBG] OS: MacOS
2024-03-12 15:49:35.612 +00:00 [DBG] OS: MacOS
2024-03-12 15:49:35.612 +00:00 [DBG] OS: MacOS
2024-03-12 15:49:35.612 +00:00 [DBG] OS: MacOS
2024-03-12 15:49:35.612 +00:00 [DBG] OS: MacOS
2024-03-12 15:49:35.612 +00:00 [DBG] OS: MacOS
2024-03-12 15:49:35.612 +00:00 [DBG] OS: MacOS
2024-03-12 15:49:35.612 +00:00 [DBG] OS: MacOS
2024-03-12 15:49:35.612 +00:00 [DBG] OS: MacOS
2024-03-12 15:49:35.612 +00:00 [DBG] OS: MacOS
2024-03-12 15:49:35.612 +00:00 [DBG] Metrics data request created
2024-03-12 15:49:35.677 +00:00 [DBG] CloudWatch response received
2024-03-12 15:49:35.678 +00:00 [DBG] CloudWatch response status code: OK
2024-03-12 15:49:35.678 +00:00 [DBG] successfully put metrics to cloudwatch
2024-03-12 15:49:35.678 +00:00 [DBG] Deleting successfully sent batch of metric events
2024-03-12 15:49:35.692 +00:00 [DBG] Checking if table MetricsTable is empty
2024-03-12 15:49:35.693 +00:00 [DBG] is empty: False
2024-03-12 15:49:35.697 +00:00 [DBG] Metrics event batch successfully created, sending metrics
2024-03-12 15:49:35.697 +00:00 [DBG] metrics region already exists in app: eu-central-1
2024-03-12 15:49:35.697 +00:00 [DBG] Sending metrics batch async
2024-03-12 15:49:35.697 +00:00 [DBG] OS: MacOS
2024-03-12 15:49:35.697 +00:00 [DBG] OS: MacOS
2024-03-12 15:49:35.697 +00:00 [DBG] OS: MacOS
2024-03-12 15:49:35.697 +00:00 [DBG] OS: MacOS
2024-03-12 15:49:35.697 +00:00 [DBG] OS: MacOS
2024-03-12 15:49:35.697 +00:00 [DBG] OS: MacOS
2024-03-12 15:49:35.697 +00:00 [DBG] OS: MacOS
2024-03-12 15:49:35.697 +00:00 [DBG] OS: MacOS
2024-03-12 15:49:35.697 +00:00 [DBG] OS: MacOS
2024-03-12 15:49:35.697 +00:00 [DBG] OS: MacOS
2024-03-12 15:49:35.697 +00:00 [DBG] OS: MacOS
2024-03-12 15:49:35.697 +00:00 [DBG] OS: MacOS
2024-03-12 15:49:35.697 +00:00 [DBG] OS: MacOS
2024-03-12 15:49:35.697 +00:00 [DBG] OS: MacOS
2024-03-12 15:49:35.697 +00:00 [DBG] OS: MacOS
2024-03-12 15:49:35.697 +00:00 [DBG] OS: MacOS
2024-03-12 15:49:35.697 +00:00 [DBG] OS: MacOS
2024-03-12 15:49:35.697 +00:00 [DBG] OS: MacOS
2024-03-12 15:49:35.698 +00:00 [DBG] OS: MacOS
2024-03-12 15:49:35.698 +00:00 [DBG] OS: MacOS
2024-03-12 15:49:35.698 +00:00 [DBG] Metrics data request created
2024-03-12 15:49:35.756 +00:00 [DBG] CloudWatch response received
2024-03-12 15:49:35.756 +00:00 [DBG] CloudWatch response status code: OK
2024-03-12 15:49:35.756 +00:00 [DBG] successfully put metrics to cloudwatch
2024-03-12 15:49:35.756 +00:00 [DBG] Deleting successfully sent batch of metric events
2024-03-12 15:49:35.771 +00:00 [DBG] Checking if table MetricsTable is empty
2024-03-12 15:49:35.772 +00:00 [DBG] is empty: False
2024-03-12 15:49:35.775 +00:00 [DBG] Metrics event batch successfully created, sending metrics
2024-03-12 15:49:35.775 +00:00 [DBG] metrics region already exists in app: eu-central-1
2024-03-12 15:49:35.775 +00:00 [DBG] Sending metrics batch async
2024-03-12 15:49:35.775 +00:00 [DBG] OS: MacOS
2024-03-12 15:49:35.775 +00:00 [DBG] OS: MacOS
2024-03-12 15:49:35.775 +00:00 [DBG] OS: MacOS
2024-03-12 15:49:35.775 +00:00 [DBG] OS: MacOS
2024-03-12 15:49:35.775 +00:00 [DBG] OS: MacOS
2024-03-12 15:49:35.775 +00:00 [DBG] OS: MacOS
2024-03-12 15:49:35.775 +00:00 [DBG] OS: MacOS
2024-03-12 15:49:35.775 +00:00 [DBG] OS: MacOS
2024-03-12 15:49:35.775 +00:00 [DBG] OS: MacOS
2024-03-12 15:49:35.775 +00:00 [DBG] OS: MacOS
2024-03-12 15:49:35.776 +00:00 [DBG] OS: MacOS
2024-03-12 15:49:35.776 +00:00 [DBG] OS: MacOS
2024-03-12 15:49:35.776 +00:00 [DBG] OS: MacOS
2024-03-12 15:49:35.776 +00:00 [DBG] OS: MacOS
2024-03-12 15:49:35.776 +00:00 [DBG] OS: MacOS
2024-03-12 15:49:35.776 +00:00 [DBG] OS: MacOS
2024-03-12 15:49:35.776 +00:00 [DBG] OS: MacOS
2024-03-12 15:49:35.776 +00:00 [DBG] OS: MacOS
2024-03-12 15:49:35.776 +00:00 [DBG] OS: MacOS
2024-03-12 15:49:35.776 +00:00 [DBG] OS: MacOS
2024-03-12 15:49:35.776 +00:00 [DBG] Metrics data request created
2024-03-12 15:49:35.839 +00:00 [DBG] CloudWatch response received
2024-03-12 15:49:35.840 +00:00 [DBG] CloudWatch response status code: OK
2024-03-12 15:49:35.840 +00:00 [DBG] successfully put metrics to cloudwatch
2024-03-12 15:49:35.840 +00:00 [DBG] Deleting successfully sent batch of metric events
2024-03-12 15:49:35.851 +00:00 [DBG] Checking if table MetricsTable is empty
2024-03-12 15:49:35.851 +00:00 [DBG] is empty: False
2024-03-12 15:49:35.854 +00:00 [DBG] Metrics event batch successfully created, sending metrics
2024-03-12 15:49:35.854 +00:00 [DBG] metrics region already exists in app: eu-central-1
2024-03-12 15:49:35.854 +00:00 [DBG] Sending metrics batch async
2024-03-12 15:49:35.854 +00:00 [DBG] OS: MacOS
2024-03-12 15:49:35.854 +00:00 [DBG] OS: MacOS
2024-03-12 15:49:35.854 +00:00 [DBG] OS: MacOS
2024-03-12 15:49:35.854 +00:00 [DBG] OS: MacOS
2024-03-12 15:49:35.854 +00:00 [DBG] OS: MacOS
2024-03-12 15:49:35.854 +00:00 [DBG] OS: MacOS
2024-03-12 15:49:35.854 +00:00 [DBG] OS: MacOS
2024-03-12 15:49:35.854 +00:00 [DBG] OS: MacOS
2024-03-12 15:49:35.854 +00:00 [DBG] OS: MacOS
2024-03-12 15:49:35.854 +00:00 [DBG] OS: MacOS
2024-03-12 15:49:35.854 +00:00 [DBG] OS: MacOS
2024-03-12 15:49:35.854 +00:00 [DBG] OS: MacOS
2024-03-12 15:49:35.854 +00:00 [DBG] OS: MacOS
2024-03-12 15:49:35.854 +00:00 [DBG] OS: MacOS
2024-03-12 15:49:35.855 +00:00 [DBG] OS: MacOS
2024-03-12 15:49:35.855 +00:00 [DBG] OS: MacOS
2024-03-12 15:49:35.855 +00:00 [DBG] OS: MacOS
2024-03-12 15:49:35.855 +00:00 [DBG] OS: MacOS
2024-03-12 15:49:35.855 +00:00 [DBG] OS: MacOS
2024-03-12 15:49:35.855 +00:00 [DBG] OS: MacOS
2024-03-12 15:49:35.855 +00:00 [DBG] Metrics data request created
2024-03-12 15:49:35.911 +00:00 [DBG] CloudWatch response received
2024-03-12 15:49:35.911 +00:00 [DBG] CloudWatch response status code: OK
2024-03-12 15:49:35.911 +00:00 [DBG] successfully put metrics to cloudwatch
2024-03-12 15:49:35.911 +00:00 [DBG] Deleting successfully sent batch of metric events
2024-03-12 15:49:35.923 +00:00 [DBG] Checking if table MetricsTable is empty
2024-03-12 15:49:35.923 +00:00 [DBG] is empty: False
2024-03-12 15:49:35.926 +00:00 [DBG] Metrics event batch successfully created, sending metrics
2024-03-12 15:49:35.926 +00:00 [DBG] metrics region already exists in app: eu-central-1
2024-03-12 15:49:35.926 +00:00 [DBG] Sending metrics batch async
2024-03-12 15:49:35.926 +00:00 [DBG] OS: MacOS
2024-03-12 15:49:35.926 +00:00 [DBG] OS: MacOS
2024-03-12 15:49:35.926 +00:00 [DBG] OS: MacOS
2024-03-12 15:49:35.926 +00:00 [DBG] OS: MacOS
2024-03-12 15:49:35.926 +00:00 [DBG] OS: MacOS
2024-03-12 15:49:35.926 +00:00 [DBG] OS: MacOS
2024-03-12 15:49:35.926 +00:00 [DBG] OS: MacOS
2024-03-12 15:49:35.927 +00:00 [DBG] OS: MacOS
2024-03-12 15:49:35.927 +00:00 [DBG] OS: MacOS
2024-03-12 15:49:35.927 +00:00 [DBG] OS: MacOS
2024-03-12 15:49:35.927 +00:00 [DBG] OS: MacOS
2024-03-12 15:49:35.927 +00:00 [DBG] OS: MacOS
2024-03-12 15:49:35.927 +00:00 [DBG] OS: MacOS
2024-03-12 15:49:35.927 +00:00 [DBG] OS: MacOS
2024-03-12 15:49:35.927 +00:00 [DBG] OS: MacOS
2024-03-12 15:49:35.927 +00:00 [DBG] OS: MacOS
2024-03-12 15:49:35.927 +00:00 [DBG] OS: MacOS
2024-03-12 15:49:35.927 +00:00 [DBG] OS: MacOS
2024-03-12 15:49:35.927 +00:00 [DBG] OS: MacOS
2024-03-12 15:49:35.927 +00:00 [DBG] OS: MacOS
2024-03-12 15:49:35.927 +00:00 [DBG] Metrics data request created
2024-03-12 15:49:35.985 +00:00 [DBG] CloudWatch response received
2024-03-12 15:49:35.986 +00:00 [DBG] CloudWatch response status code: OK
2024-03-12 15:49:35.986 +00:00 [DBG] successfully put metrics to cloudwatch
2024-03-12 15:49:35.986 +00:00 [DBG] Deleting successfully sent batch of metric events
2024-03-12 15:49:35.997 +00:00 [DBG] Checking if table MetricsTable is empty
2024-03-12 15:49:35.998 +00:00 [DBG] is empty: False
2024-03-12 15:49:36.001 +00:00 [DBG] Metrics event batch successfully created, sending metrics
2024-03-12 15:49:36.001 +00:00 [DBG] metrics region already exists in app: eu-central-1
2024-03-12 15:49:36.001 +00:00 [DBG] Sending metrics batch async
2024-03-12 15:49:36.001 +00:00 [DBG] OS: MacOS
2024-03-12 15:49:36.001 +00:00 [DBG] OS: MacOS
2024-03-12 15:49:36.001 +00:00 [DBG] OS: MacOS
2024-03-12 15:49:36.001 +00:00 [DBG] OS: MacOS
2024-03-12 15:49:36.001 +00:00 [DBG] OS: MacOS
2024-03-12 15:49:36.001 +00:00 [DBG] OS: MacOS
2024-03-12 15:49:36.001 +00:00 [DBG] OS: MacOS
2024-03-12 15:49:36.001 +00:00 [DBG] OS: MacOS
2024-03-12 15:49:36.001 +00:00 [DBG] OS: MacOS
2024-03-12 15:49:36.001 +00:00 [DBG] OS: MacOS
2024-03-12 15:49:36.001 +00:00 [DBG] OS: MacOS
2024-03-12 15:49:36.001 +00:00 [DBG] OS: MacOS
2024-03-12 15:49:36.001 +00:00 [DBG] OS: MacOS
2024-03-12 15:49:36.001 +00:00 [DBG] OS: MacOS
2024-03-12 15:49:36.001 +00:00 [DBG] OS: MacOS
2024-03-12 15:49:36.001 +00:00 [DBG] OS: MacOS
2024-03-12 15:49:36.002 +00:00 [DBG] OS: MacOS
2024-03-12 15:49:36.002 +00:00 [DBG] OS: MacOS
2024-03-12 15:49:36.002 +00:00 [DBG] OS: MacOS
2024-03-12 15:49:36.002 +00:00 [DBG] OS: MacOS
2024-03-12 15:49:36.002 +00:00 [DBG] Metrics data request created
2024-03-12 15:49:36.076 +00:00 [DBG] CloudWatch response received
2024-03-12 15:49:36.076 +00:00 [DBG] CloudWatch response status code: OK
2024-03-12 15:49:36.076 +00:00 [DBG] successfully put metrics to cloudwatch
2024-03-12 15:49:36.076 +00:00 [DBG] Deleting successfully sent batch of metric events
2024-03-12 15:49:36.086 +00:00 [DBG] Checking if table MetricsTable is empty
2024-03-12 15:49:36.087 +00:00 [DBG] is empty: False
2024-03-12 15:49:36.089 +00:00 [DBG] Metrics event batch successfully created, sending metrics
2024-03-12 15:49:36.089 +00:00 [DBG] metrics region already exists in app: eu-central-1
2024-03-12 15:49:36.089 +00:00 [DBG] Sending metrics batch async
2024-03-12 15:49:36.089 +00:00 [DBG] OS: MacOS
2024-03-12 15:49:36.089 +00:00 [DBG] OS: MacOS
2024-03-12 15:49:36.089 +00:00 [DBG] OS: MacOS
2024-03-12 15:49:36.089 +00:00 [DBG] OS: MacOS
2024-03-12 15:49:36.089 +00:00 [DBG] OS: MacOS
2024-03-12 15:49:36.089 +00:00 [DBG] OS: MacOS
2024-03-12 15:49:36.089 +00:00 [DBG] OS: MacOS
2024-03-12 15:49:36.089 +00:00 [DBG] OS: MacOS
2024-03-12 15:49:36.089 +00:00 [DBG] OS: MacOS
2024-03-12 15:49:36.089 +00:00 [DBG] OS: MacOS
2024-03-12 15:49:36.089 +00:00 [DBG] OS: MacOS
2024-03-12 15:49:36.089 +00:00 [DBG] OS: MacOS
2024-03-12 15:49:36.089 +00:00 [DBG] OS: MacOS
2024-03-12 15:49:36.089 +00:00 [DBG] OS: MacOS
2024-03-12 15:49:36.089 +00:00 [DBG] OS: MacOS
2024-03-12 15:49:36.089 +00:00 [DBG] OS: MacOS
2024-03-12 15:49:36.089 +00:00 [DBG] OS: MacOS
2024-03-12 15:49:36.090 +00:00 [DBG] OS: MacOS
2024-03-12 15:49:36.090 +00:00 [DBG] OS: MacOS
2024-03-12 15:49:36.090 +00:00 [DBG] OS: MacOS
2024-03-12 15:49:36.090 +00:00 [DBG] Metrics data request created
2024-03-12 15:49:36.151 +00:00 [DBG] CloudWatch response received
2024-03-12 15:49:36.151 +00:00 [DBG] CloudWatch response status code: OK
2024-03-12 15:49:36.151 +00:00 [DBG] successfully put metrics to cloudwatch
2024-03-12 15:49:36.152 +00:00 [DBG] Deleting successfully sent batch of metric events
2024-03-12 15:49:36.165 +00:00 [DBG] Checking if table MetricsTable is empty
2024-03-12 15:49:36.166 +00:00 [DBG] is empty: False
2024-03-12 15:49:36.170 +00:00 [DBG] Metrics event batch successfully created, sending metrics
2024-03-12 15:49:36.171 +00:00 [DBG] metrics region already exists in app: eu-central-1
2024-03-12 15:49:36.171 +00:00 [DBG] Sending metrics batch async
2024-03-12 15:49:36.171 +00:00 [DBG] OS: MacOS
2024-03-12 15:49:36.171 +00:00 [DBG] OS: MacOS
2024-03-12 15:49:36.171 +00:00 [DBG] OS: MacOS
2024-03-12 15:49:36.171 +00:00 [DBG] OS: MacOS
2024-03-12 15:49:36.171 +00:00 [DBG] OS: MacOS
2024-03-12 15:49:36.171 +00:00 [DBG] OS: MacOS
2024-03-12 15:49:36.171 +00:00 [DBG] OS: MacOS
2024-03-12 15:49:36.171 +00:00 [DBG] OS: MacOS
2024-03-12 15:49:36.171 +00:00 [DBG] OS: MacOS
2024-03-12 15:49:36.171 +00:00 [DBG] OS: MacOS
2024-03-12 15:49:36.171 +00:00 [DBG] OS: MacOS
2024-03-12 15:49:36.171 +00:00 [DBG] OS: MacOS
2024-03-12 15:49:36.171 +00:00 [DBG] OS: MacOS
2024-03-12 15:49:36.172 +00:00 [DBG] OS: MacOS
2024-03-12 15:49:36.172 +00:00 [DBG] OS: MacOS
2024-03-12 15:49:36.172 +00:00 [DBG] OS: MacOS
2024-03-12 15:49:36.172 +00:00 [DBG] OS: MacOS
2024-03-12 15:49:36.172 +00:00 [DBG] OS: MacOS
2024-03-12 15:49:36.172 +00:00 [DBG] OS: MacOS
2024-03-12 15:49:36.172 +00:00 [DBG] OS: MacOS
2024-03-12 15:49:36.172 +00:00 [DBG] Metrics data request created
2024-03-12 15:49:36.234 +00:00 [DBG] CloudWatch response received
2024-03-12 15:49:36.234 +00:00 [DBG] CloudWatch response status code: OK
2024-03-12 15:49:36.235 +00:00 [DBG] successfully put metrics to cloudwatch
2024-03-12 15:49:36.235 +00:00 [DBG] Deleting successfully sent batch of metric events
2024-03-12 15:49:36.252 +00:00 [DBG] Checking if table MetricsTable is empty
2024-03-12 15:49:36.253 +00:00 [DBG] is empty: False
2024-03-12 15:49:36.256 +00:00 [DBG] Metrics event batch successfully created, sending metrics
2024-03-12 15:49:36.256 +00:00 [DBG] metrics region already exists in app: eu-central-1
2024-03-12 15:49:36.256 +00:00 [DBG] Sending metrics batch async
2024-03-12 15:49:36.256 +00:00 [DBG] OS: MacOS
2024-03-12 15:49:36.256 +00:00 [DBG] OS: MacOS
2024-03-12 15:49:36.256 +00:00 [DBG] OS: MacOS
2024-03-12 15:49:36.256 +00:00 [DBG] OS: MacOS
2024-03-12 15:49:36.256 +00:00 [DBG] OS: MacOS
2024-03-12 15:49:36.256 +00:00 [DBG] OS: MacOS
2024-03-12 15:49:36.256 +00:00 [DBG] OS: MacOS
2024-03-12 15:49:36.256 +00:00 [DBG] OS: MacOS
2024-03-12 15:49:36.256 +00:00 [DBG] OS: MacOS
2024-03-12 15:49:36.257 +00:00 [DBG] OS: MacOS
2024-03-12 15:49:36.257 +00:00 [DBG] OS: MacOS
2024-03-12 15:49:36.257 +00:00 [DBG] OS: MacOS
2024-03-12 15:49:36.257 +00:00 [DBG] OS: MacOS
2024-03-12 15:49:36.257 +00:00 [DBG] OS: MacOS
2024-03-12 15:49:36.257 +00:00 [DBG] OS: MacOS
2024-03-12 15:49:36.257 +00:00 [DBG] OS: MacOS
2024-03-12 15:49:36.257 +00:00 [DBG] OS: MacOS
2024-03-12 15:49:36.257 +00:00 [DBG] OS: MacOS
2024-03-12 15:49:36.257 +00:00 [DBG] OS: MacOS
2024-03-12 15:49:36.257 +00:00 [DBG] OS: MacOS
2024-03-12 15:49:36.257 +00:00 [DBG] Metrics data request created
2024-03-12 15:49:36.334 +00:00 [DBG] CloudWatch response received
2024-03-12 15:49:36.335 +00:00 [DBG] CloudWatch response status code: OK
2024-03-12 15:49:36.335 +00:00 [DBG] successfully put metrics to cloudwatch
2024-03-12 15:49:36.335 +00:00 [DBG] Deleting successfully sent batch of metric events
2024-03-12 15:49:36.345 +00:00 [DBG] Checking if table MetricsTable is empty
2024-03-12 15:49:36.345 +00:00 [DBG] is empty: False
2024-03-12 15:49:36.347 +00:00 [DBG] Metrics event batch successfully created, sending metrics
2024-03-12 15:49:36.348 +00:00 [DBG] metrics region already exists in app: eu-central-1
2024-03-12 15:49:36.348 +00:00 [DBG] Sending metrics batch async
2024-03-12 15:49:36.348 +00:00 [DBG] OS: MacOS
2024-03-12 15:49:36.348 +00:00 [DBG] OS: MacOS
2024-03-12 15:49:36.348 +00:00 [DBG] OS: MacOS
2024-03-12 15:49:36.348 +00:00 [DBG] OS: MacOS
2024-03-12 15:49:36.348 +00:00 [DBG] OS: MacOS
2024-03-12 15:49:36.348 +00:00 [DBG] OS: MacOS
2024-03-12 15:49:36.348 +00:00 [DBG] OS: MacOS
2024-03-12 15:49:36.348 +00:00 [DBG] OS: MacOS
2024-03-12 15:49:36.348 +00:00 [DBG] OS: MacOS
2024-03-12 15:49:36.348 +00:00 [DBG] OS: MacOS
2024-03-12 15:49:36.348 +00:00 [DBG] OS: MacOS
2024-03-12 15:49:36.348 +00:00 [DBG] OS: MacOS
2024-03-12 15:49:36.348 +00:00 [DBG] OS: MacOS
2024-03-12 15:49:36.348 +00:00 [DBG] OS: MacOS
2024-03-12 15:49:36.348 +00:00 [DBG] OS: MacOS
2024-03-12 15:49:36.348 +00:00 [DBG] OS: MacOS
2024-03-12 15:49:36.348 +00:00 [DBG] OS: MacOS
2024-03-12 15:49:36.348 +00:00 [DBG] OS: MacOS
2024-03-12 15:49:36.348 +00:00 [DBG] OS: MacOS
2024-03-12 15:49:36.348 +00:00 [DBG] OS: MacOS
2024-03-12 15:49:36.348 +00:00 [DBG] Metrics data request created
2024-03-12 15:49:36.409 +00:00 [DBG] CloudWatch response received
2024-03-12 15:49:36.409 +00:00 [DBG] CloudWatch response status code: OK
2024-03-12 15:49:36.409 +00:00 [DBG] successfully put metrics to cloudwatch
2024-03-12 15:49:36.409 +00:00 [DBG] Deleting successfully sent batch of metric events
2024-03-12 15:49:36.421 +00:00 [DBG] Checking if table MetricsTable is empty
2024-03-12 15:49:36.422 +00:00 [DBG] is empty: False
2024-03-12 15:49:36.425 +00:00 [DBG] Metrics event batch successfully created, sending metrics
2024-03-12 15:49:36.425 +00:00 [DBG] metrics region already exists in app: eu-central-1
2024-03-12 15:49:36.425 +00:00 [DBG] Sending metrics batch async
2024-03-12 15:49:36.425 +00:00 [DBG] OS: MacOS
2024-03-12 15:49:36.425 +00:00 [DBG] OS: MacOS
2024-03-12 15:49:36.425 +00:00 [DBG] OS: MacOS
2024-03-12 15:49:36.425 +00:00 [DBG] OS: MacOS
2024-03-12 15:49:36.425 +00:00 [DBG] OS: MacOS
2024-03-12 15:49:36.425 +00:00 [DBG] OS: MacOS
2024-03-12 15:49:36.425 +00:00 [DBG] OS: MacOS
2024-03-12 15:49:36.425 +00:00 [DBG] OS: MacOS
2024-03-12 15:49:36.425 +00:00 [DBG] OS: MacOS
2024-03-12 15:49:36.425 +00:00 [DBG] OS: MacOS
2024-03-12 15:49:36.425 +00:00 [DBG] OS: MacOS
2024-03-12 15:49:36.425 +00:00 [DBG] OS: MacOS
2024-03-12 15:49:36.425 +00:00 [DBG] OS: MacOS
2024-03-12 15:49:36.426 +00:00 [DBG] OS: MacOS
2024-03-12 15:49:36.426 +00:00 [DBG] OS: MacOS
2024-03-12 15:49:36.426 +00:00 [DBG] OS: MacOS
2024-03-12 15:49:36.426 +00:00 [DBG] OS: MacOS
2024-03-12 15:49:36.426 +00:00 [DBG] OS: MacOS
2024-03-12 15:49:36.426 +00:00 [DBG] OS: MacOS
2024-03-12 15:49:36.426 +00:00 [DBG] OS: MacOS
2024-03-12 15:49:36.426 +00:00 [DBG] Metrics data request created
2024-03-12 15:49:36.485 +00:00 [DBG] CloudWatch response received
2024-03-12 15:49:36.486 +00:00 [DBG] CloudWatch response status code: OK
2024-03-12 15:49:36.486 +00:00 [DBG] successfully put metrics to cloudwatch
2024-03-12 15:49:36.486 +00:00 [DBG] Deleting successfully sent batch of metric events
2024-03-12 15:49:36.498 +00:00 [DBG] Checking if table MetricsTable is empty
2024-03-12 15:49:36.499 +00:00 [DBG] is empty: False
2024-03-12 15:49:36.502 +00:00 [DBG] Metrics event batch successfully created, sending metrics
2024-03-12 15:49:36.502 +00:00 [DBG] metrics region already exists in app: eu-central-1
2024-03-12 15:49:36.502 +00:00 [DBG] Sending metrics batch async
2024-03-12 15:49:36.502 +00:00 [DBG] OS: MacOS
2024-03-12 15:49:36.502 +00:00 [DBG] OS: MacOS
2024-03-12 15:49:36.502 +00:00 [DBG] OS: MacOS
2024-03-12 15:49:36.502 +00:00 [DBG] OS: MacOS
2024-03-12 15:49:36.502 +00:00 [DBG] OS: MacOS
2024-03-12 15:49:36.502 +00:00 [DBG] OS: MacOS
2024-03-12 15:49:36.502 +00:00 [DBG] OS: MacOS
2024-03-12 15:49:36.502 +00:00 [DBG] OS: MacOS
2024-03-12 15:49:36.502 +00:00 [DBG] OS: MacOS
2024-03-12 15:49:36.502 +00:00 [DBG] OS: MacOS
2024-03-12 15:49:36.502 +00:00 [DBG] OS: MacOS
2024-03-12 15:49:36.502 +00:00 [DBG] OS: MacOS
2024-03-12 15:49:36.502 +00:00 [DBG] OS: MacOS
2024-03-12 15:49:36.502 +00:00 [DBG] OS: MacOS
2024-03-12 15:49:36.502 +00:00 [DBG] OS: MacOS
2024-03-12 15:49:36.503 +00:00 [DBG] OS: MacOS
2024-03-12 15:49:36.503 +00:00 [DBG] OS: MacOS
2024-03-12 15:49:36.503 +00:00 [DBG] OS: MacOS
2024-03-12 15:49:36.503 +00:00 [DBG] OS: MacOS
2024-03-12 15:49:36.503 +00:00 [DBG] OS: MacOS
2024-03-12 15:49:36.503 +00:00 [DBG] Metrics data request created
2024-03-12 15:49:36.563 +00:00 [DBG] CloudWatch response received
2024-03-12 15:49:36.563 +00:00 [DBG] CloudWatch response status code: OK
2024-03-12 15:49:36.563 +00:00 [DBG] successfully put metrics to cloudwatch
2024-03-12 15:49:36.563 +00:00 [DBG] Deleting successfully sent batch of metric events
2024-03-12 15:49:36.577 +00:00 [DBG] Checking if table MetricsTable is empty
2024-03-12 15:49:36.577 +00:00 [DBG] is empty: False
2024-03-12 15:49:36.582 +00:00 [DBG] Metrics event batch successfully created, sending metrics
2024-03-12 15:49:36.582 +00:00 [DBG] metrics region already exists in app: eu-central-1
2024-03-12 15:49:36.582 +00:00 [DBG] Sending metrics batch async
2024-03-12 15:49:36.582 +00:00 [DBG] OS: MacOS
2024-03-12 15:49:36.582 +00:00 [DBG] OS: MacOS
2024-03-12 15:49:36.582 +00:00 [DBG] OS: MacOS
2024-03-12 15:49:36.582 +00:00 [DBG] OS: MacOS
2024-03-12 15:49:36.582 +00:00 [DBG] OS: MacOS
2024-03-12 15:49:36.582 +00:00 [DBG] OS: MacOS
2024-03-12 15:49:36.583 +00:00 [DBG] OS: MacOS
2024-03-12 15:49:36.583 +00:00 [DBG] OS: MacOS
2024-03-12 15:49:36.583 +00:00 [DBG] OS: MacOS
2024-03-12 15:49:36.583 +00:00 [DBG] OS: MacOS
2024-03-12 15:49:36.583 +00:00 [DBG] OS: MacOS
2024-03-12 15:49:36.583 +00:00 [DBG] OS: MacOS
2024-03-12 15:49:36.583 +00:00 [DBG] OS: MacOS
2024-03-12 15:49:36.583 +00:00 [DBG] OS: MacOS
2024-03-12 15:49:36.583 +00:00 [DBG] OS: MacOS
2024-03-12 15:49:36.583 +00:00 [DBG] OS: MacOS
2024-03-12 15:49:36.583 +00:00 [DBG] OS: MacOS
2024-03-12 15:49:36.583 +00:00 [DBG] OS: MacOS
2024-03-12 15:49:36.583 +00:00 [DBG] OS: MacOS
2024-03-12 15:49:36.583 +00:00 [DBG] OS: MacOS
2024-03-12 15:49:36.583 +00:00 [DBG] Metrics data request created
2024-03-12 15:49:36.642 +00:00 [DBG] CloudWatch response received
2024-03-12 15:49:36.643 +00:00 [DBG] CloudWatch response status code: OK
2024-03-12 15:49:36.643 +00:00 [DBG] successfully put metrics to cloudwatch
2024-03-12 15:49:36.643 +00:00 [DBG] Deleting successfully sent batch of metric events
2024-03-12 15:49:36.657 +00:00 [DBG] Checking if table MetricsTable is empty
2024-03-12 15:49:36.658 +00:00 [DBG] is empty: False
2024-03-12 15:49:36.661 +00:00 [DBG] Metrics event batch successfully created, sending metrics
2024-03-12 15:49:36.661 +00:00 [DBG] metrics region already exists in app: eu-central-1
2024-03-12 15:49:36.661 +00:00 [DBG] Sending metrics batch async
2024-03-12 15:49:36.661 +00:00 [DBG] OS: MacOS
2024-03-12 15:49:36.661 +00:00 [DBG] OS: MacOS
2024-03-12 15:49:36.661 +00:00 [DBG] OS: MacOS
2024-03-12 15:49:36.661 +00:00 [DBG] OS: MacOS
2024-03-12 15:49:36.661 +00:00 [DBG] OS: MacOS
2024-03-12 15:49:36.661 +00:00 [DBG] OS: MacOS
2024-03-12 15:49:36.661 +00:00 [DBG] OS: MacOS
2024-03-12 15:49:36.661 +00:00 [DBG] OS: MacOS
2024-03-12 15:49:36.661 +00:00 [DBG] OS: MacOS
2024-03-12 15:49:36.661 +00:00 [DBG] OS: MacOS
2024-03-12 15:49:36.661 +00:00 [DBG] OS: MacOS
2024-03-12 15:49:36.662 +00:00 [DBG] OS: MacOS
2024-03-12 15:49:36.662 +00:00 [DBG] OS: MacOS
2024-03-12 15:49:36.662 +00:00 [DBG] OS: MacOS
2024-03-12 15:49:36.662 +00:00 [DBG] OS: MacOS
2024-03-12 15:49:36.662 +00:00 [DBG] OS: MacOS
2024-03-12 15:49:36.662 +00:00 [DBG] OS: MacOS
2024-03-12 15:49:36.662 +00:00 [DBG] OS: MacOS
2024-03-12 15:49:36.662 +00:00 [DBG] OS: MacOS
2024-03-12 15:49:36.662 +00:00 [DBG] OS: MacOS
2024-03-12 15:49:36.662 +00:00 [DBG] Metrics data request created
2024-03-12 15:49:36.726 +00:00 [DBG] CloudWatch response received
2024-03-12 15:49:36.726 +00:00 [DBG] CloudWatch response status code: OK
2024-03-12 15:49:36.727 +00:00 [DBG] successfully put metrics to cloudwatch
2024-03-12 15:49:36.727 +00:00 [DBG] Deleting successfully sent batch of metric events
2024-03-12 15:49:36.743 +00:00 [DBG] Checking if table MetricsTable is empty
2024-03-12 15:49:36.743 +00:00 [DBG] is empty: False
2024-03-12 15:49:36.746 +00:00 [DBG] Metrics event batch successfully created, sending metrics
2024-03-12 15:49:36.746 +00:00 [DBG] metrics region already exists in app: eu-central-1
2024-03-12 15:49:36.746 +00:00 [DBG] Sending metrics batch async
2024-03-12 15:49:36.746 +00:00 [DBG] OS: MacOS
2024-03-12 15:49:36.746 +00:00 [DBG] OS: MacOS
2024-03-12 15:49:36.747 +00:00 [DBG] OS: MacOS
2024-03-12 15:49:36.747 +00:00 [DBG] OS: MacOS
2024-03-12 15:49:36.747 +00:00 [DBG] OS: MacOS
2024-03-12 15:49:36.747 +00:00 [DBG] OS: MacOS
2024-03-12 15:49:36.747 +00:00 [DBG] OS: MacOS
2024-03-12 15:49:36.747 +00:00 [DBG] OS: MacOS
2024-03-12 15:49:36.747 +00:00 [DBG] OS: MacOS
2024-03-12 15:49:36.747 +00:00 [DBG] OS: MacOS
2024-03-12 15:49:36.747 +00:00 [DBG] OS: MacOS
2024-03-12 15:49:36.747 +00:00 [DBG] OS: MacOS
2024-03-12 15:49:36.747 +00:00 [DBG] OS: MacOS
2024-03-12 15:49:36.747 +00:00 [DBG] OS: MacOS
2024-03-12 15:49:36.747 +00:00 [DBG] OS: MacOS
2024-03-12 15:49:36.747 +00:00 [DBG] OS: MacOS
2024-03-12 15:49:36.747 +00:00 [DBG] OS: MacOS
2024-03-12 15:49:36.747 +00:00 [DBG] OS: MacOS
2024-03-12 15:49:36.748 +00:00 [DBG] OS: MacOS
2024-03-12 15:49:36.748 +00:00 [DBG] OS: MacOS
2024-03-12 15:49:36.748 +00:00 [DBG] Metrics data request created
2024-03-12 15:49:36.812 +00:00 [DBG] CloudWatch response received
2024-03-12 15:49:36.815 +00:00 [DBG] CloudWatch response status code: OK
2024-03-12 15:49:36.815 +00:00 [DBG] successfully put metrics to cloudwatch
2024-03-12 15:49:36.816 +00:00 [DBG] Deleting successfully sent batch of metric events
2024-03-12 15:49:36.824 +00:00 [DBG] Checking if table MetricsTable is empty
2024-03-12 15:49:36.824 +00:00 [DBG] is empty: False
2024-03-12 15:49:36.826 +00:00 [DBG] Metrics event batch successfully created, sending metrics
2024-03-12 15:49:36.826 +00:00 [DBG] metrics region already exists in app: eu-central-1
2024-03-12 15:49:36.826 +00:00 [DBG] Sending metrics batch async
2024-03-12 15:49:36.827 +00:00 [DBG] OS: MacOS
2024-03-12 15:49:36.827 +00:00 [DBG] OS: MacOS
2024-03-12 15:49:36.827 +00:00 [DBG] OS: MacOS
2024-03-12 15:49:36.827 +00:00 [DBG] OS: MacOS
2024-03-12 15:49:36.827 +00:00 [DBG] OS: MacOS
2024-03-12 15:49:36.827 +00:00 [DBG] OS: MacOS
2024-03-12 15:49:36.827 +00:00 [DBG] OS: MacOS
2024-03-12 15:49:36.827 +00:00 [DBG] OS: MacOS
2024-03-12 15:49:36.827 +00:00 [DBG] OS: MacOS
2024-03-12 15:49:36.827 +00:00 [DBG] OS: MacOS
2024-03-12 15:49:36.827 +00:00 [DBG] OS: MacOS
2024-03-12 15:49:36.827 +00:00 [DBG] OS: MacOS
2024-03-12 15:49:36.827 +00:00 [DBG] OS: MacOS
2024-03-12 15:49:36.827 +00:00 [DBG] OS: MacOS
2024-03-12 15:49:36.827 +00:00 [DBG] OS: MacOS
2024-03-12 15:49:36.827 +00:00 [DBG] OS: MacOS
2024-03-12 15:49:36.827 +00:00 [DBG] OS: MacOS
2024-03-12 15:49:36.827 +00:00 [DBG] OS: MacOS
2024-03-12 15:49:36.827 +00:00 [DBG] OS: MacOS
2024-03-12 15:49:36.827 +00:00 [DBG] OS: MacOS
2024-03-12 15:49:36.827 +00:00 [DBG] Metrics data request created
2024-03-12 15:49:36.891 +00:00 [DBG] CloudWatch response received
2024-03-12 15:49:36.892 +00:00 [DBG] CloudWatch response status code: OK
2024-03-12 15:49:36.892 +00:00 [DBG] successfully put metrics to cloudwatch
2024-03-12 15:49:36.892 +00:00 [DBG] Deleting successfully sent batch of metric events
2024-03-12 15:49:36.901 +00:00 [DBG] Checking if table MetricsTable is empty
2024-03-12 15:49:36.902 +00:00 [DBG] is empty: False
2024-03-12 15:49:36.905 +00:00 [DBG] Metrics event batch successfully created, sending metrics
2024-03-12 15:49:36.905 +00:00 [DBG] metrics region already exists in app: eu-central-1
2024-03-12 15:49:36.905 +00:00 [DBG] Sending metrics batch async
2024-03-12 15:49:36.905 +00:00 [DBG] OS: MacOS
2024-03-12 15:49:36.905 +00:00 [DBG] OS: MacOS
2024-03-12 15:49:36.905 +00:00 [DBG] OS: MacOS
2024-03-12 15:49:36.905 +00:00 [DBG] OS: MacOS
2024-03-12 15:49:36.905 +00:00 [DBG] OS: MacOS
2024-03-12 15:49:36.905 +00:00 [DBG] OS: MacOS
2024-03-12 15:49:36.905 +00:00 [DBG] OS: MacOS
2024-03-12 15:49:36.905 +00:00 [DBG] OS: MacOS
2024-03-12 15:49:36.905 +00:00 [DBG] OS: MacOS
2024-03-12 15:49:36.906 +00:00 [DBG] OS: MacOS
2024-03-12 15:49:36.906 +00:00 [DBG] OS: MacOS
2024-03-12 15:49:36.906 +00:00 [DBG] OS: MacOS
2024-03-12 15:49:36.906 +00:00 [DBG] OS: MacOS
2024-03-12 15:49:36.906 +00:00 [DBG] OS: MacOS
2024-03-12 15:49:36.906 +00:00 [DBG] OS: MacOS
2024-03-12 15:49:36.906 +00:00 [DBG] OS: MacOS
2024-03-12 15:49:36.906 +00:00 [DBG] OS: MacOS
2024-03-12 15:49:36.906 +00:00 [DBG] OS: MacOS
2024-03-12 15:49:36.906 +00:00 [DBG] OS: MacOS
2024-03-12 15:49:36.906 +00:00 [DBG] OS: MacOS
2024-03-12 15:49:36.906 +00:00 [DBG] Metrics data request created
2024-03-12 15:49:36.963 +00:00 [DBG] CloudWatch response received
2024-03-12 15:49:36.963 +00:00 [DBG] CloudWatch response status code: OK
2024-03-12 15:49:36.963 +00:00 [DBG] successfully put metrics to cloudwatch
2024-03-12 15:49:36.963 +00:00 [DBG] Deleting successfully sent batch of metric events
2024-03-12 15:49:36.970 +00:00 [DBG] Checking if table MetricsTable is empty
2024-03-12 15:49:36.971 +00:00 [DBG] is empty: False
2024-03-12 15:49:36.973 +00:00 [DBG] Metrics event batch successfully created, sending metrics
2024-03-12 15:49:36.974 +00:00 [DBG] metrics region already exists in app: eu-central-1
2024-03-12 15:49:36.974 +00:00 [DBG] Sending metrics batch async
2024-03-12 15:49:36.974 +00:00 [DBG] OS: MacOS
2024-03-12 15:49:36.974 +00:00 [DBG] OS: MacOS
2024-03-12 15:49:36.974 +00:00 [DBG] OS: MacOS
2024-03-12 15:49:36.974 +00:00 [DBG] OS: MacOS
2024-03-12 15:49:36.974 +00:00 [DBG] OS: MacOS
2024-03-12 15:49:36.974 +00:00 [DBG] OS: MacOS
2024-03-12 15:49:36.974 +00:00 [DBG] OS: MacOS
2024-03-12 15:49:36.974 +00:00 [DBG] OS: MacOS
2024-03-12 15:49:36.974 +00:00 [DBG] OS: MacOS
2024-03-12 15:49:36.974 +00:00 [DBG] OS: MacOS
2024-03-12 15:49:36.974 +00:00 [DBG] OS: MacOS
2024-03-12 15:49:36.974 +00:00 [DBG] OS: MacOS
2024-03-12 15:49:36.974 +00:00 [DBG] OS: MacOS
2024-03-12 15:49:36.974 +00:00 [DBG] OS: MacOS
2024-03-12 15:49:36.974 +00:00 [DBG] OS: MacOS
2024-03-12 15:49:36.974 +00:00 [DBG] OS: MacOS
2024-03-12 15:49:36.974 +00:00 [DBG] OS: MacOS
2024-03-12 15:49:36.974 +00:00 [DBG] OS: MacOS
2024-03-12 15:49:36.975 +00:00 [DBG] OS: MacOS
2024-03-12 15:49:36.975 +00:00 [DBG] OS: MacOS
2024-03-12 15:49:36.975 +00:00 [DBG] Metrics data request created
2024-03-12 15:49:37.031 +00:00 [DBG] CloudWatch response received
2024-03-12 15:49:37.031 +00:00 [DBG] CloudWatch response status code: OK
2024-03-12 15:49:37.031 +00:00 [DBG] successfully put metrics to cloudwatch
2024-03-12 15:49:37.031 +00:00 [DBG] Deleting successfully sent batch of metric events
2024-03-12 15:49:37.045 +00:00 [DBG] Checking if table MetricsTable is empty
2024-03-12 15:49:37.045 +00:00 [DBG] is empty: False
2024-03-12 15:49:37.049 +00:00 [DBG] Metrics event batch successfully created, sending metrics
2024-03-12 15:49:37.049 +00:00 [DBG] metrics region already exists in app: eu-central-1
2024-03-12 15:49:37.049 +00:00 [DBG] Sending metrics batch async
2024-03-12 15:49:37.049 +00:00 [DBG] OS: MacOS
2024-03-12 15:49:37.049 +00:00 [DBG] OS: MacOS
2024-03-12 15:49:37.049 +00:00 [DBG] OS: MacOS
2024-03-12 15:49:37.049 +00:00 [DBG] OS: MacOS
2024-03-12 15:49:37.050 +00:00 [DBG] OS: MacOS
2024-03-12 15:49:37.050 +00:00 [DBG] OS: MacOS
2024-03-12 15:49:37.050 +00:00 [DBG] OS: MacOS
2024-03-12 15:49:37.050 +00:00 [DBG] OS: MacOS
2024-03-12 15:49:37.050 +00:00 [DBG] OS: MacOS
2024-03-12 15:49:37.050 +00:00 [DBG] OS: MacOS
2024-03-12 15:49:37.050 +00:00 [DBG] OS: MacOS
2024-03-12 15:49:37.050 +00:00 [DBG] OS: MacOS
2024-03-12 15:49:37.050 +00:00 [DBG] OS: MacOS
2024-03-12 15:49:37.050 +00:00 [DBG] OS: MacOS
2024-03-12 15:49:37.050 +00:00 [DBG] OS: MacOS
2024-03-12 15:49:37.050 +00:00 [DBG] OS: MacOS
2024-03-12 15:49:37.051 +00:00 [DBG] OS: MacOS
2024-03-12 15:49:37.051 +00:00 [DBG] OS: MacOS
2024-03-12 15:49:37.051 +00:00 [DBG] OS: MacOS
2024-03-12 15:49:37.051 +00:00 [DBG] OS: MacOS
2024-03-12 15:49:37.051 +00:00 [DBG] Metrics data request created
2024-03-12 15:49:37.115 +00:00 [DBG] CloudWatch response received
2024-03-12 15:49:37.115 +00:00 [DBG] CloudWatch response status code: OK
2024-03-12 15:49:37.115 +00:00 [DBG] successfully put metrics to cloudwatch
2024-03-12 15:49:37.115 +00:00 [DBG] Deleting successfully sent batch of metric events
2024-03-12 15:49:37.125 +00:00 [DBG] Checking if table MetricsTable is empty
2024-03-12 15:49:37.125 +00:00 [DBG] is empty: False
2024-03-12 15:49:37.128 +00:00 [DBG] Metrics event batch successfully created, sending metrics
2024-03-12 15:49:37.128 +00:00 [DBG] metrics region already exists in app: eu-central-1
2024-03-12 15:49:37.128 +00:00 [DBG] Sending metrics batch async
2024-03-12 15:49:37.128 +00:00 [DBG] OS: MacOS
2024-03-12 15:49:37.128 +00:00 [DBG] OS: MacOS
2024-03-12 15:49:37.128 +00:00 [DBG] OS: MacOS
2024-03-12 15:49:37.128 +00:00 [DBG] OS: MacOS
2024-03-12 15:49:37.128 +00:00 [DBG] OS: MacOS
2024-03-12 15:49:37.128 +00:00 [DBG] OS: MacOS
2024-03-12 15:49:37.128 +00:00 [DBG] OS: MacOS
2024-03-12 15:49:37.128 +00:00 [DBG] OS: MacOS
2024-03-12 15:49:37.128 +00:00 [DBG] OS: MacOS
2024-03-12 15:49:37.128 +00:00 [DBG] OS: MacOS
2024-03-12 15:49:37.128 +00:00 [DBG] OS: MacOS
2024-03-12 15:49:37.129 +00:00 [DBG] OS: MacOS
2024-03-12 15:49:37.129 +00:00 [DBG] OS: MacOS
2024-03-12 15:49:37.129 +00:00 [DBG] OS: MacOS
2024-03-12 15:49:37.129 +00:00 [DBG] OS: MacOS
2024-03-12 15:49:37.129 +00:00 [DBG] OS: MacOS
2024-03-12 15:49:37.129 +00:00 [DBG] OS: MacOS
2024-03-12 15:49:37.129 +00:00 [DBG] OS: MacOS
2024-03-12 15:49:37.129 +00:00 [DBG] OS: MacOS
2024-03-12 15:49:37.129 +00:00 [DBG] OS: MacOS
2024-03-12 15:49:37.129 +00:00 [DBG] Metrics data request created
2024-03-12 15:49:37.193 +00:00 [DBG] CloudWatch response received
2024-03-12 15:49:37.193 +00:00 [DBG] CloudWatch response status code: OK
2024-03-12 15:49:37.193 +00:00 [DBG] successfully put metrics to cloudwatch
2024-03-12 15:49:37.193 +00:00 [DBG] Deleting successfully sent batch of metric events
2024-03-12 15:49:37.208 +00:00 [DBG] Checking if table MetricsTable is empty
2024-03-12 15:49:37.209 +00:00 [DBG] is empty: False
2024-03-12 15:49:37.212 +00:00 [DBG] Metrics event batch successfully created, sending metrics
2024-03-12 15:49:37.212 +00:00 [DBG] metrics region already exists in app: eu-central-1
2024-03-12 15:49:37.212 +00:00 [DBG] Sending metrics batch async
2024-03-12 15:49:37.212 +00:00 [DBG] OS: MacOS
2024-03-12 15:49:37.212 +00:00 [DBG] OS: MacOS
2024-03-12 15:49:37.212 +00:00 [DBG] OS: MacOS
2024-03-12 15:49:37.212 +00:00 [DBG] OS: MacOS
2024-03-12 15:49:37.212 +00:00 [DBG] OS: MacOS
2024-03-12 15:49:37.212 +00:00 [DBG] OS: MacOS
2024-03-12 15:49:37.212 +00:00 [DBG] OS: MacOS
2024-03-12 15:49:37.213 +00:00 [DBG] OS: MacOS
2024-03-12 15:49:37.213 +00:00 [DBG] OS: MacOS
2024-03-12 15:49:37.213 +00:00 [DBG] OS: MacOS
2024-03-12 15:49:37.213 +00:00 [DBG] OS: MacOS
2024-03-12 15:49:37.213 +00:00 [DBG] OS: MacOS
2024-03-12 15:49:37.213 +00:00 [DBG] OS: MacOS
2024-03-12 15:49:37.213 +00:00 [DBG] OS: MacOS
2024-03-12 15:49:37.213 +00:00 [DBG] OS: MacOS
2024-03-12 15:49:37.213 +00:00 [DBG] OS: MacOS
2024-03-12 15:49:37.213 +00:00 [DBG] OS: MacOS
2024-03-12 15:49:37.213 +00:00 [DBG] OS: MacOS
2024-03-12 15:49:37.213 +00:00 [DBG] OS: MacOS
2024-03-12 15:49:37.213 +00:00 [DBG] OS: MacOS
2024-03-12 15:49:37.213 +00:00 [DBG] Metrics data request created
2024-03-12 15:49:37.279 +00:00 [DBG] CloudWatch response received
2024-03-12 15:49:37.279 +00:00 [DBG] CloudWatch response status code: OK
2024-03-12 15:49:37.280 +00:00 [DBG] successfully put metrics to cloudwatch
2024-03-12 15:49:37.280 +00:00 [DBG] Deleting successfully sent batch of metric events
2024-03-12 15:49:37.293 +00:00 [DBG] Checking if table MetricsTable is empty
2024-03-12 15:49:37.295 +00:00 [DBG] is empty: False
2024-03-12 15:49:37.301 +00:00 [DBG] Metrics event batch successfully created, sending metrics
2024-03-12 15:49:37.301 +00:00 [DBG] metrics region already exists in app: eu-central-1
2024-03-12 15:49:37.301 +00:00 [DBG] Sending metrics batch async
2024-03-12 15:49:37.301 +00:00 [DBG] OS: MacOS
2024-03-12 15:49:37.301 +00:00 [DBG] OS: MacOS
2024-03-12 15:49:37.301 +00:00 [DBG] OS: MacOS
2024-03-12 15:49:37.301 +00:00 [DBG] OS: MacOS
2024-03-12 15:49:37.301 +00:00 [DBG] OS: MacOS
2024-03-12 15:49:37.301 +00:00 [DBG] OS: MacOS
2024-03-12 15:49:37.301 +00:00 [DBG] OS: MacOS
2024-03-12 15:49:37.301 +00:00 [DBG] OS: MacOS
2024-03-12 15:49:37.301 +00:00 [DBG] OS: MacOS
2024-03-12 15:49:37.301 +00:00 [DBG] OS: MacOS
2024-03-12 15:49:37.301 +00:00 [DBG] OS: MacOS
2024-03-12 15:49:37.301 +00:00 [DBG] OS: MacOS
2024-03-12 15:49:37.301 +00:00 [DBG] OS: MacOS
2024-03-12 15:49:37.301 +00:00 [DBG] OS: MacOS
2024-03-12 15:49:37.302 +00:00 [DBG] OS: MacOS
2024-03-12 15:49:37.302 +00:00 [DBG] OS: MacOS
2024-03-12 15:49:37.302 +00:00 [DBG] OS: MacOS
2024-03-12 15:49:37.302 +00:00 [DBG] OS: MacOS
2024-03-12 15:49:37.302 +00:00 [DBG] OS: MacOS
2024-03-12 15:49:37.302 +00:00 [DBG] OS: MacOS
2024-03-12 15:49:37.302 +00:00 [DBG] Metrics data request created
2024-03-12 15:49:37.361 +00:00 [DBG] CloudWatch response received
2024-03-12 15:49:37.361 +00:00 [DBG] CloudWatch response status code: OK
2024-03-12 15:49:37.362 +00:00 [DBG] successfully put metrics to cloudwatch
2024-03-12 15:49:37.362 +00:00 [DBG] Deleting successfully sent batch of metric events
2024-03-12 15:49:37.375 +00:00 [DBG] Checking if table MetricsTable is empty
2024-03-12 15:49:37.376 +00:00 [DBG] is empty: False
2024-03-12 15:49:37.383 +00:00 [DBG] Metrics event batch successfully created, sending metrics
2024-03-12 15:49:37.383 +00:00 [DBG] metrics region already exists in app: eu-central-1
2024-03-12 15:49:37.383 +00:00 [DBG] Sending metrics batch async
2024-03-12 15:49:37.384 +00:00 [DBG] OS: MacOS
2024-03-12 15:49:37.384 +00:00 [DBG] OS: MacOS
2024-03-12 15:49:37.384 +00:00 [DBG] OS: MacOS
2024-03-12 15:49:37.384 +00:00 [DBG] OS: MacOS
2024-03-12 15:49:37.384 +00:00 [DBG] OS: MacOS
2024-03-12 15:49:37.384 +00:00 [DBG] OS: MacOS
2024-03-12 15:49:37.384 +00:00 [DBG] OS: MacOS
2024-03-12 15:49:37.384 +00:00 [DBG] OS: MacOS
2024-03-12 15:49:37.384 +00:00 [DBG] OS: MacOS
2024-03-12 15:49:37.384 +00:00 [DBG] OS: MacOS
2024-03-12 15:49:37.384 +00:00 [DBG] OS: MacOS
2024-03-12 15:49:37.384 +00:00 [DBG] OS: MacOS
2024-03-12 15:49:37.384 +00:00 [DBG] OS: MacOS
2024-03-12 15:49:37.384 +00:00 [DBG] OS: MacOS
2024-03-12 15:49:37.384 +00:00 [DBG] OS: MacOS
2024-03-12 15:49:37.384 +00:00 [DBG] OS: MacOS
2024-03-12 15:49:37.384 +00:00 [DBG] OS: MacOS
2024-03-12 15:49:37.384 +00:00 [DBG] OS: MacOS
2024-03-12 15:49:37.384 +00:00 [DBG] OS: MacOS
2024-03-12 15:49:37.384 +00:00 [DBG] OS: MacOS
2024-03-12 15:49:37.384 +00:00 [DBG] Metrics data request created
2024-03-12 15:49:37.450 +00:00 [DBG] CloudWatch response received
2024-03-12 15:49:37.450 +00:00 [DBG] CloudWatch response status code: OK
2024-03-12 15:49:37.450 +00:00 [DBG] successfully put metrics to cloudwatch
2024-03-12 15:49:37.450 +00:00 [DBG] Deleting successfully sent batch of metric events
2024-03-12 15:49:37.468 +00:00 [DBG] Checking if table MetricsTable is empty
2024-03-12 15:49:37.469 +00:00 [DBG] is empty: False
2024-03-12 15:49:37.472 +00:00 [DBG] Metrics event batch successfully created, sending metrics
2024-03-12 15:49:37.472 +00:00 [DBG] metrics region already exists in app: eu-central-1
2024-03-12 15:49:37.472 +00:00 [DBG] Sending metrics batch async
2024-03-12 15:49:37.472 +00:00 [DBG] OS: MacOS
2024-03-12 15:49:37.472 +00:00 [DBG] OS: MacOS
2024-03-12 15:49:37.472 +00:00 [DBG] OS: MacOS
2024-03-12 15:49:37.472 +00:00 [DBG] OS: MacOS
2024-03-12 15:49:37.472 +00:00 [DBG] OS: MacOS
2024-03-12 15:49:37.472 +00:00 [DBG] OS: MacOS
2024-03-12 15:49:37.473 +00:00 [DBG] OS: MacOS
2024-03-12 15:49:37.473 +00:00 [DBG] OS: MacOS
2024-03-12 15:49:37.473 +00:00 [DBG] OS: MacOS
2024-03-12 15:49:37.473 +00:00 [DBG] OS: MacOS
2024-03-12 15:49:37.473 +00:00 [DBG] OS: MacOS
2024-03-12 15:49:37.473 +00:00 [DBG] OS: MacOS
2024-03-12 15:49:37.473 +00:00 [DBG] OS: MacOS
2024-03-12 15:49:37.473 +00:00 [DBG] OS: MacOS
2024-03-12 15:49:37.473 +00:00 [DBG] OS: MacOS
2024-03-12 15:49:37.473 +00:00 [DBG] OS: MacOS
2024-03-12 15:49:37.473 +00:00 [DBG] OS: MacOS
2024-03-12 15:49:37.473 +00:00 [DBG] OS: MacOS
2024-03-12 15:49:37.473 +00:00 [DBG] OS: MacOS
2024-03-12 15:49:37.473 +00:00 [DBG] OS: MacOS
2024-03-12 15:49:37.473 +00:00 [DBG] Metrics data request created
2024-03-12 15:49:37.534 +00:00 [DBG] CloudWatch response received
2024-03-12 15:49:37.535 +00:00 [DBG] CloudWatch response status code: OK
2024-03-12 15:49:37.535 +00:00 [DBG] successfully put metrics to cloudwatch
2024-03-12 15:49:37.535 +00:00 [DBG] Deleting successfully sent batch of metric events
2024-03-12 15:49:37.551 +00:00 [DBG] Checking if table MetricsTable is empty
2024-03-12 15:49:37.552 +00:00 [DBG] is empty: False
2024-03-12 15:49:37.555 +00:00 [DBG] Metrics event batch successfully created, sending metrics
2024-03-12 15:49:37.556 +00:00 [DBG] metrics region already exists in app: eu-central-1
2024-03-12 15:49:37.556 +00:00 [DBG] Sending metrics batch async
2024-03-12 15:49:37.556 +00:00 [DBG] OS: MacOS
2024-03-12 15:49:37.556 +00:00 [DBG] OS: MacOS
2024-03-12 15:49:37.556 +00:00 [DBG] OS: MacOS
2024-03-12 15:49:37.556 +00:00 [DBG] OS: MacOS
2024-03-12 15:49:37.556 +00:00 [DBG] OS: MacOS
2024-03-12 15:49:37.556 +00:00 [DBG] OS: MacOS
2024-03-12 15:49:37.556 +00:00 [DBG] OS: MacOS
2024-03-12 15:49:37.556 +00:00 [DBG] OS: MacOS
2024-03-12 15:49:37.556 +00:00 [DBG] OS: MacOS
2024-03-12 15:49:37.556 +00:00 [DBG] OS: MacOS
2024-03-12 15:49:37.556 +00:00 [DBG] OS: MacOS
2024-03-12 15:49:37.556 +00:00 [DBG] OS: MacOS
2024-03-12 15:49:37.556 +00:00 [DBG] OS: MacOS
2024-03-12 15:49:37.556 +00:00 [DBG] OS: MacOS
2024-03-12 15:49:37.556 +00:00 [DBG] OS: MacOS
2024-03-12 15:49:37.557 +00:00 [DBG] OS: MacOS
2024-03-12 15:49:37.557 +00:00 [DBG] OS: MacOS
2024-03-12 15:49:37.557 +00:00 [DBG] OS: MacOS
2024-03-12 15:49:37.557 +00:00 [DBG] OS: MacOS
2024-03-12 15:49:37.557 +00:00 [DBG] OS: MacOS
2024-03-12 15:49:37.557 +00:00 [DBG] Metrics data request created
2024-03-12 15:49:37.617 +00:00 [DBG] CloudWatch response received
2024-03-12 15:49:37.618 +00:00 [DBG] CloudWatch response status code: OK
2024-03-12 15:49:37.618 +00:00 [DBG] successfully put metrics to cloudwatch
2024-03-12 15:49:37.618 +00:00 [DBG] Deleting successfully sent batch of metric events
2024-03-12 15:49:37.632 +00:00 [DBG] Checking if table MetricsTable is empty
2024-03-12 15:49:37.632 +00:00 [DBG] is empty: False
2024-03-12 15:49:37.635 +00:00 [DBG] Metrics event batch successfully created, sending metrics
2024-03-12 15:49:37.636 +00:00 [DBG] metrics region already exists in app: eu-central-1
2024-03-12 15:49:37.636 +00:00 [DBG] Sending metrics batch async
2024-03-12 15:49:37.636 +00:00 [DBG] OS: MacOS
2024-03-12 15:49:37.636 +00:00 [DBG] OS: MacOS
2024-03-12 15:49:37.636 +00:00 [DBG] OS: MacOS
2024-03-12 15:49:37.636 +00:00 [DBG] OS: MacOS
2024-03-12 15:49:37.636 +00:00 [DBG] OS: MacOS
2024-03-12 15:49:37.636 +00:00 [DBG] OS: MacOS
2024-03-12 15:49:37.636 +00:00 [DBG] OS: MacOS
2024-03-12 15:49:37.636 +00:00 [DBG] OS: MacOS
2024-03-12 15:49:37.636 +00:00 [DBG] OS: MacOS
2024-03-12 15:49:37.636 +00:00 [DBG] OS: MacOS
2024-03-12 15:49:37.636 +00:00 [DBG] OS: MacOS
2024-03-12 15:49:37.636 +00:00 [DBG] OS: MacOS
2024-03-12 15:49:37.636 +00:00 [DBG] OS: MacOS
2024-03-12 15:49:37.636 +00:00 [DBG] OS: MacOS
2024-03-12 15:49:37.636 +00:00 [DBG] OS: MacOS
2024-03-12 15:49:37.636 +00:00 [DBG] OS: MacOS
2024-03-12 15:49:37.636 +00:00 [DBG] OS: MacOS
2024-03-12 15:49:37.636 +00:00 [DBG] OS: MacOS
2024-03-12 15:49:37.636 +00:00 [DBG] OS: MacOS
2024-03-12 15:49:37.637 +00:00 [DBG] OS: MacOS
2024-03-12 15:49:37.637 +00:00 [DBG] Metrics data request created
2024-03-12 15:49:37.696 +00:00 [DBG] CloudWatch response received
2024-03-12 15:49:37.697 +00:00 [DBG] CloudWatch response status code: OK
2024-03-12 15:49:37.697 +00:00 [DBG] successfully put metrics to cloudwatch
2024-03-12 15:49:37.697 +00:00 [DBG] Deleting successfully sent batch of metric events
2024-03-12 15:49:37.710 +00:00 [DBG] Checking if table MetricsTable is empty
2024-03-12 15:49:37.710 +00:00 [DBG] is empty: False
2024-03-12 15:49:37.718 +00:00 [DBG] Metrics event batch successfully created, sending metrics
2024-03-12 15:49:37.718 +00:00 [DBG] metrics region already exists in app: eu-central-1
2024-03-12 15:49:37.718 +00:00 [DBG] Sending metrics batch async
2024-03-12 15:49:37.718 +00:00 [DBG] OS: MacOS
2024-03-12 15:49:37.718 +00:00 [DBG] OS: MacOS
2024-03-12 15:49:37.718 +00:00 [DBG] OS: MacOS
2024-03-12 15:49:37.718 +00:00 [DBG] OS: MacOS
2024-03-12 15:49:37.718 +00:00 [DBG] OS: MacOS
2024-03-12 15:49:37.718 +00:00 [DBG] OS: MacOS
2024-03-12 15:49:37.718 +00:00 [DBG] OS: MacOS
2024-03-12 15:49:37.718 +00:00 [DBG] OS: MacOS
2024-03-12 15:49:37.718 +00:00 [DBG] OS: MacOS
2024-03-12 15:49:37.718 +00:00 [DBG] OS: MacOS
2024-03-12 15:49:37.718 +00:00 [DBG] OS: MacOS
2024-03-12 15:49:37.719 +00:00 [DBG] OS: MacOS
2024-03-12 15:49:37.719 +00:00 [DBG] OS: MacOS
2024-03-12 15:49:37.719 +00:00 [DBG] OS: MacOS
2024-03-12 15:49:37.719 +00:00 [DBG] OS: MacOS
2024-03-12 15:49:37.719 +00:00 [DBG] OS: MacOS
2024-03-12 15:49:37.719 +00:00 [DBG] OS: MacOS
2024-03-12 15:49:37.719 +00:00 [DBG] OS: MacOS
2024-03-12 15:49:37.719 +00:00 [DBG] OS: MacOS
2024-03-12 15:49:37.719 +00:00 [DBG] OS: MacOS
2024-03-12 15:49:37.719 +00:00 [DBG] Metrics data request created
2024-03-12 15:49:37.782 +00:00 [DBG] CloudWatch response received
2024-03-12 15:49:37.783 +00:00 [DBG] CloudWatch response status code: OK
2024-03-12 15:49:37.783 +00:00 [DBG] successfully put metrics to cloudwatch
2024-03-12 15:49:37.783 +00:00 [DBG] Deleting successfully sent batch of metric events
2024-03-12 15:49:37.794 +00:00 [DBG] Checking if table MetricsTable is empty
2024-03-12 15:49:37.795 +00:00 [DBG] is empty: False
2024-03-12 15:49:37.801 +00:00 [DBG] Metrics event batch successfully created, sending metrics
2024-03-12 15:49:37.801 +00:00 [DBG] metrics region already exists in app: eu-central-1
2024-03-12 15:49:37.801 +00:00 [DBG] Sending metrics batch async
2024-03-12 15:49:37.801 +00:00 [DBG] OS: MacOS
2024-03-12 15:49:37.801 +00:00 [DBG] OS: MacOS
2024-03-12 15:49:37.801 +00:00 [DBG] OS: MacOS
2024-03-12 15:49:37.801 +00:00 [DBG] OS: MacOS
2024-03-12 15:49:37.802 +00:00 [DBG] OS: MacOS
2024-03-12 15:49:37.802 +00:00 [DBG] OS: MacOS
2024-03-12 15:49:37.802 +00:00 [DBG] OS: MacOS
2024-03-12 15:49:37.802 +00:00 [DBG] OS: MacOS
2024-03-12 15:49:37.802 +00:00 [DBG] OS: MacOS
2024-03-12 15:49:37.802 +00:00 [DBG] OS: MacOS
2024-03-12 15:49:37.802 +00:00 [DBG] OS: MacOS
2024-03-12 15:49:37.802 +00:00 [DBG] OS: MacOS
2024-03-12 15:49:37.802 +00:00 [DBG] OS: MacOS
2024-03-12 15:49:37.802 +00:00 [DBG] OS: MacOS
2024-03-12 15:49:37.802 +00:00 [DBG] OS: MacOS
2024-03-12 15:49:37.802 +00:00 [DBG] OS: MacOS
2024-03-12 15:49:37.802 +00:00 [DBG] OS: MacOS
2024-03-12 15:49:37.802 +00:00 [DBG] OS: MacOS
2024-03-12 15:49:37.802 +00:00 [DBG] OS: MacOS
2024-03-12 15:49:37.802 +00:00 [DBG] OS: MacOS
2024-03-12 15:49:37.802 +00:00 [DBG] Metrics data request created
2024-03-12 15:49:37.866 +00:00 [DBG] CloudWatch response received
2024-03-12 15:49:37.866 +00:00 [DBG] CloudWatch response status code: OK
2024-03-12 15:49:37.866 +00:00 [DBG] successfully put metrics to cloudwatch
2024-03-12 15:49:37.867 +00:00 [DBG] Deleting successfully sent batch of metric events
2024-03-12 15:49:37.904 +00:00 [DBG] Checking if table MetricsTable is empty
2024-03-12 15:49:37.906 +00:00 [DBG] is empty: False
2024-03-12 15:49:37.916 +00:00 [DBG] Metrics event batch successfully created, sending metrics
2024-03-12 15:49:37.917 +00:00 [DBG] metrics region already exists in app: eu-central-1
2024-03-12 15:49:37.917 +00:00 [DBG] Sending metrics batch async
2024-03-12 15:49:37.918 +00:00 [DBG] OS: MacOS
2024-03-12 15:49:37.918 +00:00 [DBG] OS: MacOS
2024-03-12 15:49:37.918 +00:00 [DBG] OS: MacOS
2024-03-12 15:49:37.918 +00:00 [DBG] OS: MacOS
2024-03-12 15:49:37.918 +00:00 [DBG] OS: MacOS
2024-03-12 15:49:37.918 +00:00 [DBG] OS: MacOS
2024-03-12 15:49:37.918 +00:00 [DBG] OS: MacOS
2024-03-12 15:49:37.919 +00:00 [DBG] OS: MacOS
2024-03-12 15:49:37.919 +00:00 [DBG] OS: MacOS
2024-03-12 15:49:37.919 +00:00 [DBG] OS: MacOS
2024-03-12 15:49:37.919 +00:00 [DBG] OS: MacOS
2024-03-12 15:49:37.919 +00:00 [DBG] OS: MacOS
2024-03-12 15:49:37.919 +00:00 [DBG] OS: MacOS
2024-03-12 15:49:37.921 +00:00 [DBG] OS: MacOS
2024-03-12 15:49:37.921 +00:00 [DBG] OS: MacOS
2024-03-12 15:49:37.921 +00:00 [DBG] OS: MacOS
2024-03-12 15:49:37.922 +00:00 [DBG] OS: MacOS
2024-03-12 15:49:37.922 +00:00 [DBG] OS: MacOS
2024-03-12 15:49:37.922 +00:00 [DBG] OS: MacOS
2024-03-12 15:49:37.922 +00:00 [DBG] OS: MacOS
2024-03-12 15:49:37.922 +00:00 [DBG] Metrics data request created
2024-03-12 15:49:37.982 +00:00 [DBG] CloudWatch response received
2024-03-12 15:49:37.983 +00:00 [DBG] CloudWatch response status code: OK
2024-03-12 15:49:37.983 +00:00 [DBG] successfully put metrics to cloudwatch
2024-03-12 15:49:37.983 +00:00 [DBG] Deleting successfully sent batch of metric events
2024-03-12 15:49:37.993 +00:00 [DBG] Checking if table MetricsTable is empty
2024-03-12 15:49:37.994 +00:00 [DBG] is empty: False
2024-03-12 15:49:37.996 +00:00 [DBG] Metrics event batch successfully created, sending metrics
2024-03-12 15:49:37.996 +00:00 [DBG] metrics region already exists in app: eu-central-1
2024-03-12 15:49:37.996 +00:00 [DBG] Sending metrics batch async
2024-03-12 15:49:37.996 +00:00 [DBG] OS: MacOS
2024-03-12 15:49:37.996 +00:00 [DBG] OS: MacOS
2024-03-12 15:49:37.997 +00:00 [DBG] OS: MacOS
2024-03-12 15:49:37.997 +00:00 [DBG] OS: MacOS
2024-03-12 15:49:37.997 +00:00 [DBG] OS: MacOS
2024-03-12 15:49:37.997 +00:00 [DBG] OS: MacOS
2024-03-12 15:49:37.997 +00:00 [DBG] OS: MacOS
2024-03-12 15:49:37.997 +00:00 [DBG] OS: MacOS
2024-03-12 15:49:37.997 +00:00 [DBG] OS: MacOS
2024-03-12 15:49:37.997 +00:00 [DBG] OS: MacOS
2024-03-12 15:49:37.997 +00:00 [DBG] OS: MacOS
2024-03-12 15:49:37.997 +00:00 [DBG] OS: MacOS
2024-03-12 15:49:37.997 +00:00 [DBG] OS: MacOS
2024-03-12 15:49:37.997 +00:00 [DBG] OS: MacOS
2024-03-12 15:49:37.998 +00:00 [DBG] OS: MacOS
2024-03-12 15:49:37.998 +00:00 [DBG] OS: MacOS
2024-03-12 15:49:37.998 +00:00 [DBG] OS: MacOS
2024-03-12 15:49:37.998 +00:00 [DBG] OS: MacOS
2024-03-12 15:49:37.998 +00:00 [DBG] OS: MacOS
2024-03-12 15:49:37.998 +00:00 [DBG] OS: MacOS
2024-03-12 15:49:37.998 +00:00 [DBG] Metrics data request created
2024-03-12 15:49:38.062 +00:00 [DBG] CloudWatch response received
2024-03-12 15:49:38.062 +00:00 [DBG] CloudWatch response status code: OK
2024-03-12 15:49:38.062 +00:00 [DBG] successfully put metrics to cloudwatch
2024-03-12 15:49:38.062 +00:00 [DBG] Deleting successfully sent batch of metric events
2024-03-12 15:49:38.077 +00:00 [DBG] Checking if table MetricsTable is empty
2024-03-12 15:49:38.077 +00:00 [DBG] is empty: False
2024-03-12 15:49:38.081 +00:00 [DBG] Metrics event batch successfully created, sending metrics
2024-03-12 15:49:38.081 +00:00 [DBG] metrics region already exists in app: eu-central-1
2024-03-12 15:49:38.081 +00:00 [DBG] Sending metrics batch async
2024-03-12 15:49:38.081 +00:00 [DBG] OS: MacOS
2024-03-12 15:49:38.081 +00:00 [DBG] OS: MacOS
2024-03-12 15:49:38.081 +00:00 [DBG] OS: MacOS
2024-03-12 15:49:38.081 +00:00 [DBG] OS: MacOS
2024-03-12 15:49:38.081 +00:00 [DBG] OS: MacOS
2024-03-12 15:49:38.081 +00:00 [DBG] OS: MacOS
2024-03-12 15:49:38.081 +00:00 [DBG] OS: MacOS
2024-03-12 15:49:38.081 +00:00 [DBG] OS: MacOS
2024-03-12 15:49:38.081 +00:00 [DBG] OS: MacOS
2024-03-12 15:49:38.081 +00:00 [DBG] OS: MacOS
2024-03-12 15:49:38.081 +00:00 [DBG] OS: MacOS
2024-03-12 15:49:38.082 +00:00 [DBG] OS: MacOS
2024-03-12 15:49:38.082 +00:00 [DBG] OS: MacOS
2024-03-12 15:49:38.082 +00:00 [DBG] OS: MacOS
2024-03-12 15:49:38.082 +00:00 [DBG] OS: MacOS
2024-03-12 15:49:38.082 +00:00 [DBG] OS: MacOS
2024-03-12 15:49:38.082 +00:00 [DBG] OS: MacOS
2024-03-12 15:49:38.082 +00:00 [DBG] OS: MacOS
2024-03-12 15:49:38.082 +00:00 [DBG] OS: MacOS
2024-03-12 15:49:38.082 +00:00 [DBG] OS: MacOS
2024-03-12 15:49:38.082 +00:00 [DBG] Metrics data request created
2024-03-12 15:49:38.142 +00:00 [DBG] CloudWatch response received
2024-03-12 15:49:38.143 +00:00 [DBG] CloudWatch response status code: OK
2024-03-12 15:49:38.143 +00:00 [DBG] successfully put metrics to cloudwatch
2024-03-12 15:49:38.143 +00:00 [DBG] Deleting successfully sent batch of metric events
2024-03-12 15:49:38.158 +00:00 [DBG] Checking if table MetricsTable is empty
2024-03-12 15:49:38.159 +00:00 [DBG] is empty: False
2024-03-12 15:49:38.163 +00:00 [DBG] Metrics event batch successfully created, sending metrics
2024-03-12 15:49:38.163 +00:00 [DBG] metrics region already exists in app: eu-central-1
2024-03-12 15:49:38.163 +00:00 [DBG] Sending metrics batch async
2024-03-12 15:49:38.163 +00:00 [DBG] OS: MacOS
2024-03-12 15:49:38.163 +00:00 [DBG] OS: MacOS
2024-03-12 15:49:38.163 +00:00 [DBG] OS: MacOS
2024-03-12 15:49:38.163 +00:00 [DBG] OS: MacOS
2024-03-12 15:49:38.163 +00:00 [DBG] OS: MacOS
2024-03-12 15:49:38.163 +00:00 [DBG] OS: MacOS
2024-03-12 15:49:38.163 +00:00 [DBG] OS: MacOS
2024-03-12 15:49:38.163 +00:00 [DBG] OS: MacOS
2024-03-12 15:49:38.163 +00:00 [DBG] OS: MacOS
2024-03-12 15:49:38.163 +00:00 [DBG] OS: MacOS
2024-03-12 15:49:38.163 +00:00 [DBG] OS: MacOS
2024-03-12 15:49:38.163 +00:00 [DBG] OS: MacOS
2024-03-12 15:49:38.163 +00:00 [DBG] OS: MacOS
2024-03-12 15:49:38.164 +00:00 [DBG] OS: MacOS
2024-03-12 15:49:38.164 +00:00 [DBG] OS: MacOS
2024-03-12 15:49:38.164 +00:00 [DBG] OS: MacOS
2024-03-12 15:49:38.164 +00:00 [DBG] OS: MacOS
2024-03-12 15:49:38.164 +00:00 [DBG] OS: MacOS
2024-03-12 15:49:38.164 +00:00 [DBG] OS: MacOS
2024-03-12 15:49:38.164 +00:00 [DBG] OS: MacOS
2024-03-12 15:49:38.164 +00:00 [DBG] Metrics data request created
2024-03-12 15:49:38.220 +00:00 [DBG] CloudWatch response received
2024-03-12 15:49:38.221 +00:00 [DBG] CloudWatch response status code: OK
2024-03-12 15:49:38.221 +00:00 [DBG] successfully put metrics to cloudwatch
2024-03-12 15:49:38.221 +00:00 [DBG] Deleting successfully sent batch of metric events
2024-03-12 15:49:38.236 +00:00 [DBG] Checking if table MetricsTable is empty
2024-03-12 15:49:38.236 +00:00 [DBG] is empty: False
2024-03-12 15:49:38.240 +00:00 [DBG] Metrics event batch successfully created, sending metrics
2024-03-12 15:49:38.240 +00:00 [DBG] metrics region already exists in app: eu-central-1
2024-03-12 15:49:38.240 +00:00 [DBG] Sending metrics batch async
2024-03-12 15:49:38.240 +00:00 [DBG] OS: MacOS
2024-03-12 15:49:38.240 +00:00 [DBG] OS: MacOS
2024-03-12 15:49:38.240 +00:00 [DBG] OS: MacOS
2024-03-12 15:49:38.240 +00:00 [DBG] OS: MacOS
2024-03-12 15:49:38.240 +00:00 [DBG] OS: MacOS
2024-03-12 15:49:38.240 +00:00 [DBG] OS: MacOS
2024-03-12 15:49:38.240 +00:00 [DBG] OS: MacOS
2024-03-12 15:49:38.240 +00:00 [DBG] OS: MacOS
2024-03-12 15:49:38.240 +00:00 [DBG] OS: MacOS
2024-03-12 15:49:38.241 +00:00 [DBG] OS: MacOS
2024-03-12 15:49:38.241 +00:00 [DBG] OS: MacOS
2024-03-12 15:49:38.241 +00:00 [DBG] OS: MacOS
2024-03-12 15:49:38.241 +00:00 [DBG] OS: MacOS
2024-03-12 15:49:38.241 +00:00 [DBG] OS: MacOS
2024-03-12 15:49:38.241 +00:00 [DBG] OS: MacOS
2024-03-12 15:49:38.241 +00:00 [DBG] OS: MacOS
2024-03-12 15:49:38.241 +00:00 [DBG] OS: MacOS
2024-03-12 15:49:38.241 +00:00 [DBG] OS: MacOS
2024-03-12 15:49:38.241 +00:00 [DBG] OS: MacOS
2024-03-12 15:49:38.241 +00:00 [DBG] OS: MacOS
2024-03-12 15:49:38.241 +00:00 [DBG] Metrics data request created
2024-03-12 15:49:38.303 +00:00 [DBG] CloudWatch response received
2024-03-12 15:49:38.304 +00:00 [DBG] CloudWatch response status code: OK
2024-03-12 15:49:38.304 +00:00 [DBG] successfully put metrics to cloudwatch
2024-03-12 15:49:38.304 +00:00 [DBG] Deleting successfully sent batch of metric events
2024-03-12 15:49:38.317 +00:00 [DBG] Checking if table MetricsTable is empty
2024-03-12 15:49:38.320 +00:00 [DBG] is empty: False
2024-03-12 15:49:38.323 +00:00 [DBG] Metrics event batch successfully created, sending metrics
2024-03-12 15:49:38.324 +00:00 [DBG] metrics region already exists in app: eu-central-1
2024-03-12 15:49:38.324 +00:00 [DBG] Sending metrics batch async
2024-03-12 15:49:38.324 +00:00 [DBG] OS: MacOS
2024-03-12 15:49:38.324 +00:00 [DBG] OS: MacOS
2024-03-12 15:49:38.324 +00:00 [DBG] OS: MacOS
2024-03-12 15:49:38.324 +00:00 [DBG] OS: MacOS
2024-03-12 15:49:38.324 +00:00 [DBG] OS: MacOS
2024-03-12 15:49:38.324 +00:00 [DBG] OS: MacOS
2024-03-12 15:49:38.324 +00:00 [DBG] OS: MacOS
2024-03-12 15:49:38.324 +00:00 [DBG] OS: MacOS
2024-03-12 15:49:38.324 +00:00 [DBG] OS: MacOS
2024-03-12 15:49:38.324 +00:00 [DBG] OS: MacOS
2024-03-12 15:49:38.325 +00:00 [DBG] OS: MacOS
2024-03-12 15:49:38.325 +00:00 [DBG] OS: MacOS
2024-03-12 15:49:38.325 +00:00 [DBG] OS: MacOS
2024-03-12 15:49:38.325 +00:00 [DBG] OS: MacOS
2024-03-12 15:49:38.325 +00:00 [DBG] OS: MacOS
2024-03-12 15:49:38.325 +00:00 [DBG] OS: MacOS
2024-03-12 15:49:38.325 +00:00 [DBG] OS: MacOS
2024-03-12 15:49:38.325 +00:00 [DBG] OS: MacOS
2024-03-12 15:49:38.325 +00:00 [DBG] OS: MacOS
2024-03-12 15:49:38.325 +00:00 [DBG] OS: MacOS
2024-03-12 15:49:38.325 +00:00 [DBG] Metrics data request created
2024-03-12 15:49:38.388 +00:00 [DBG] CloudWatch response received
2024-03-12 15:49:38.388 +00:00 [DBG] CloudWatch response status code: OK
2024-03-12 15:49:38.388 +00:00 [DBG] successfully put metrics to cloudwatch
2024-03-12 15:49:38.389 +00:00 [DBG] Deleting successfully sent batch of metric events
2024-03-12 15:49:38.400 +00:00 [DBG] Checking if table MetricsTable is empty
2024-03-12 15:49:38.401 +00:00 [DBG] is empty: False
2024-03-12 15:49:38.406 +00:00 [DBG] Metrics event batch successfully created, sending metrics
2024-03-12 15:49:38.406 +00:00 [DBG] metrics region already exists in app: eu-central-1
2024-03-12 15:49:38.406 +00:00 [DBG] Sending metrics batch async
2024-03-12 15:49:38.406 +00:00 [DBG] OS: MacOS
2024-03-12 15:49:38.406 +00:00 [DBG] OS: MacOS
2024-03-12 15:49:38.406 +00:00 [DBG] OS: MacOS
2024-03-12 15:49:38.406 +00:00 [DBG] OS: MacOS
2024-03-12 15:49:38.407 +00:00 [DBG] OS: MacOS
2024-03-12 15:49:38.407 +00:00 [DBG] OS: MacOS
2024-03-12 15:49:38.407 +00:00 [DBG] OS: MacOS
2024-03-12 15:49:38.407 +00:00 [DBG] OS: MacOS
2024-03-12 15:49:38.407 +00:00 [DBG] OS: MacOS
2024-03-12 15:49:38.407 +00:00 [DBG] OS: MacOS
2024-03-12 15:49:38.407 +00:00 [DBG] OS: MacOS
2024-03-12 15:49:38.407 +00:00 [DBG] OS: MacOS
2024-03-12 15:49:38.407 +00:00 [DBG] OS: MacOS
2024-03-12 15:49:38.407 +00:00 [DBG] OS: MacOS
2024-03-12 15:49:38.407 +00:00 [DBG] OS: MacOS
2024-03-12 15:49:38.407 +00:00 [DBG] OS: MacOS
2024-03-12 15:49:38.407 +00:00 [DBG] OS: MacOS
2024-03-12 15:49:38.407 +00:00 [DBG] OS: MacOS
2024-03-12 15:49:38.407 +00:00 [DBG] OS: MacOS
2024-03-12 15:49:38.407 +00:00 [DBG] OS: MacOS
2024-03-12 15:49:38.407 +00:00 [DBG] Metrics data request created
2024-03-12 15:49:38.466 +00:00 [DBG] CloudWatch response received
2024-03-12 15:49:38.467 +00:00 [DBG] CloudWatch response status code: OK
2024-03-12 15:49:38.467 +00:00 [DBG] successfully put metrics to cloudwatch
2024-03-12 15:49:38.467 +00:00 [DBG] Deleting successfully sent batch of metric events
2024-03-12 15:49:38.480 +00:00 [DBG] Checking if table MetricsTable is empty
2024-03-12 15:49:38.481 +00:00 [DBG] is empty: False
2024-03-12 15:49:38.484 +00:00 [DBG] Metrics event batch successfully created, sending metrics
2024-03-12 15:49:38.485 +00:00 [DBG] metrics region already exists in app: eu-central-1
2024-03-12 15:49:38.485 +00:00 [DBG] Sending metrics batch async
2024-03-12 15:49:38.485 +00:00 [DBG] OS: MacOS
2024-03-12 15:49:38.485 +00:00 [DBG] OS: MacOS
2024-03-12 15:49:38.485 +00:00 [DBG] OS: MacOS
2024-03-12 15:49:38.485 +00:00 [DBG] OS: MacOS
2024-03-12 15:49:38.485 +00:00 [DBG] OS: MacOS
2024-03-12 15:49:38.485 +00:00 [DBG] OS: MacOS
2024-03-12 15:49:38.485 +00:00 [DBG] OS: MacOS
2024-03-12 15:49:38.485 +00:00 [DBG] OS: MacOS
2024-03-12 15:49:38.485 +00:00 [DBG] OS: MacOS
2024-03-12 15:49:38.485 +00:00 [DBG] OS: MacOS
2024-03-12 15:49:38.485 +00:00 [DBG] OS: MacOS
2024-03-12 15:49:38.485 +00:00 [DBG] OS: MacOS
2024-03-12 15:49:38.486 +00:00 [DBG] OS: MacOS
2024-03-12 15:49:38.486 +00:00 [DBG] OS: MacOS
2024-03-12 15:49:38.486 +00:00 [DBG] OS: MacOS
2024-03-12 15:49:38.486 +00:00 [DBG] OS: MacOS
2024-03-12 15:49:38.486 +00:00 [DBG] OS: MacOS
2024-03-12 15:49:38.486 +00:00 [DBG] OS: MacOS
2024-03-12 15:49:38.486 +00:00 [DBG] OS: MacOS
2024-03-12 15:49:38.486 +00:00 [DBG] OS: MacOS
2024-03-12 15:49:38.486 +00:00 [DBG] Metrics data request created
2024-03-12 15:49:38.549 +00:00 [DBG] CloudWatch response received
2024-03-12 15:49:38.550 +00:00 [DBG] CloudWatch response status code: OK
2024-03-12 15:49:38.550 +00:00 [DBG] successfully put metrics to cloudwatch
2024-03-12 15:49:38.550 +00:00 [DBG] Deleting successfully sent batch of metric events
2024-03-12 15:49:38.558 +00:00 [DBG] Checking if table MetricsTable is empty
2024-03-12 15:49:38.559 +00:00 [DBG] is empty: False
2024-03-12 15:49:38.561 +00:00 [DBG] Metrics event batch successfully created, sending metrics
2024-03-12 15:49:38.561 +00:00 [DBG] metrics region already exists in app: eu-central-1
2024-03-12 15:49:38.561 +00:00 [DBG] Sending metrics batch async
2024-03-12 15:49:38.561 +00:00 [DBG] OS: MacOS
2024-03-12 15:49:38.561 +00:00 [DBG] OS: MacOS
2024-03-12 15:49:38.561 +00:00 [DBG] OS: MacOS
2024-03-12 15:49:38.561 +00:00 [DBG] OS: MacOS
2024-03-12 15:49:38.561 +00:00 [DBG] OS: MacOS
2024-03-12 15:49:38.561 +00:00 [DBG] OS: MacOS
2024-03-12 15:49:38.561 +00:00 [DBG] OS: MacOS
2024-03-12 15:49:38.562 +00:00 [DBG] OS: MacOS
2024-03-12 15:49:38.562 +00:00 [DBG] OS: MacOS
2024-03-12 15:49:38.562 +00:00 [DBG] OS: MacOS
2024-03-12 15:49:38.562 +00:00 [DBG] OS: MacOS
2024-03-12 15:49:38.562 +00:00 [DBG] OS: MacOS
2024-03-12 15:49:38.562 +00:00 [DBG] OS: MacOS
2024-03-12 15:49:38.562 +00:00 [DBG] OS: MacOS
2024-03-12 15:49:38.562 +00:00 [DBG] OS: MacOS
2024-03-12 15:49:38.567 +00:00 [DBG] OS: MacOS
2024-03-12 15:49:38.568 +00:00 [DBG] OS: MacOS
2024-03-12 15:49:38.568 +00:00 [DBG] OS: MacOS
2024-03-12 15:49:38.568 +00:00 [DBG] OS: MacOS
2024-03-12 15:49:38.568 +00:00 [DBG] OS: MacOS
2024-03-12 15:49:38.568 +00:00 [DBG] Metrics data request created
2024-03-12 15:49:38.630 +00:00 [DBG] CloudWatch response received
2024-03-12 15:49:38.630 +00:00 [DBG] CloudWatch response status code: OK
2024-03-12 15:49:38.630 +00:00 [DBG] successfully put metrics to cloudwatch
2024-03-12 15:49:38.631 +00:00 [DBG] Deleting successfully sent batch of metric events
2024-03-12 15:49:38.647 +00:00 [DBG] Checking if table MetricsTable is empty
2024-03-12 15:49:38.647 +00:00 [DBG] is empty: False
2024-03-12 15:49:38.651 +00:00 [DBG] Metrics event batch successfully created, sending metrics
2024-03-12 15:49:38.652 +00:00 [DBG] metrics region already exists in app: eu-central-1
2024-03-12 15:49:38.652 +00:00 [DBG] Sending metrics batch async
2024-03-12 15:49:38.652 +00:00 [DBG] OS: MacOS
2024-03-12 15:49:38.652 +00:00 [DBG] OS: MacOS
2024-03-12 15:49:38.652 +00:00 [DBG] OS: MacOS
2024-03-12 15:49:38.652 +00:00 [DBG] OS: MacOS
2024-03-12 15:49:38.652 +00:00 [DBG] OS: MacOS
2024-03-12 15:49:38.652 +00:00 [DBG] OS: MacOS
2024-03-12 15:49:38.652 +00:00 [DBG] OS: MacOS
2024-03-12 15:49:38.652 +00:00 [DBG] OS: MacOS
2024-03-12 15:49:38.652 +00:00 [DBG] OS: MacOS
2024-03-12 15:49:38.652 +00:00 [DBG] OS: MacOS
2024-03-12 15:49:38.652 +00:00 [DBG] OS: MacOS
2024-03-12 15:49:38.652 +00:00 [DBG] OS: MacOS
2024-03-12 15:49:38.652 +00:00 [DBG] OS: MacOS
2024-03-12 15:49:38.652 +00:00 [DBG] OS: MacOS
2024-03-12 15:49:38.653 +00:00 [DBG] OS: MacOS
2024-03-12 15:49:38.653 +00:00 [DBG] OS: MacOS
2024-03-12 15:49:38.653 +00:00 [DBG] OS: MacOS
2024-03-12 15:49:38.653 +00:00 [DBG] OS: MacOS
2024-03-12 15:49:38.653 +00:00 [DBG] OS: MacOS
2024-03-12 15:49:38.653 +00:00 [DBG] OS: MacOS
2024-03-12 15:49:38.653 +00:00 [DBG] Metrics data request created
2024-03-12 15:49:38.712 +00:00 [DBG] CloudWatch response received
2024-03-12 15:49:38.716 +00:00 [DBG] CloudWatch response status code: OK
2024-03-12 15:49:38.717 +00:00 [DBG] successfully put metrics to cloudwatch
2024-03-12 15:49:38.717 +00:00 [DBG] Deleting successfully sent batch of metric events
2024-03-12 15:49:38.728 +00:00 [DBG] Checking if table MetricsTable is empty
2024-03-12 15:49:38.728 +00:00 [DBG] is empty: False
2024-03-12 15:49:38.731 +00:00 [DBG] Metrics event batch successfully created, sending metrics
2024-03-12 15:49:38.731 +00:00 [DBG] metrics region already exists in app: eu-central-1
2024-03-12 15:49:38.731 +00:00 [DBG] Sending metrics batch async
2024-03-12 15:49:38.731 +00:00 [DBG] OS: MacOS
2024-03-12 15:49:38.731 +00:00 [DBG] OS: MacOS
2024-03-12 15:49:38.731 +00:00 [DBG] OS: MacOS
2024-03-12 15:49:38.732 +00:00 [DBG] OS: MacOS
2024-03-12 15:49:38.732 +00:00 [DBG] OS: MacOS
2024-03-12 15:49:38.732 +00:00 [DBG] OS: MacOS
2024-03-12 15:49:38.732 +00:00 [DBG] OS: MacOS
2024-03-12 15:49:38.732 +00:00 [DBG] OS: MacOS
2024-03-12 15:49:38.732 +00:00 [DBG] OS: MacOS
2024-03-12 15:49:38.732 +00:00 [DBG] OS: MacOS
2024-03-12 15:49:38.732 +00:00 [DBG] OS: MacOS
2024-03-12 15:49:38.732 +00:00 [DBG] OS: MacOS
2024-03-12 15:49:38.732 +00:00 [DBG] OS: MacOS
2024-03-12 15:49:38.732 +00:00 [DBG] OS: MacOS
2024-03-12 15:49:38.732 +00:00 [DBG] OS: MacOS
2024-03-12 15:49:38.732 +00:00 [DBG] OS: MacOS
2024-03-12 15:49:38.732 +00:00 [DBG] OS: MacOS
2024-03-12 15:49:38.732 +00:00 [DBG] OS: MacOS
2024-03-12 15:49:38.732 +00:00 [DBG] OS: MacOS
2024-03-12 15:49:38.732 +00:00 [DBG] OS: MacOS
2024-03-12 15:49:38.732 +00:00 [DBG] Metrics data request created
2024-03-12 15:49:38.793 +00:00 [DBG] CloudWatch response received
2024-03-12 15:49:38.793 +00:00 [DBG] CloudWatch response status code: OK
2024-03-12 15:49:38.793 +00:00 [DBG] successfully put metrics to cloudwatch
2024-03-12 15:49:38.793 +00:00 [DBG] Deleting successfully sent batch of metric events
2024-03-12 15:49:38.806 +00:00 [DBG] Checking if table MetricsTable is empty
2024-03-12 15:49:38.807 +00:00 [DBG] is empty: False
2024-03-12 15:49:38.811 +00:00 [DBG] Metrics event batch successfully created, sending metrics
2024-03-12 15:49:38.812 +00:00 [DBG] metrics region already exists in app: eu-central-1
2024-03-12 15:49:38.812 +00:00 [DBG] Sending metrics batch async
2024-03-12 15:49:38.812 +00:00 [DBG] OS: MacOS
2024-03-12 15:49:38.812 +00:00 [DBG] OS: MacOS
2024-03-12 15:49:38.812 +00:00 [DBG] OS: MacOS
2024-03-12 15:49:38.812 +00:00 [DBG] OS: MacOS
2024-03-12 15:49:38.812 +00:00 [DBG] OS: MacOS
2024-03-12 15:49:38.812 +00:00 [DBG] OS: MacOS
2024-03-12 15:49:38.812 +00:00 [DBG] OS: MacOS
2024-03-12 15:49:38.812 +00:00 [DBG] OS: MacOS
2024-03-12 15:49:38.812 +00:00 [DBG] OS: MacOS
2024-03-12 15:49:38.812 +00:00 [DBG] OS: MacOS
2024-03-12 15:49:38.812 +00:00 [DBG] OS: MacOS
2024-03-12 15:49:38.812 +00:00 [DBG] OS: MacOS
2024-03-12 15:49:38.812 +00:00 [DBG] OS: MacOS
2024-03-12 15:49:38.812 +00:00 [DBG] OS: MacOS
2024-03-12 15:49:38.812 +00:00 [DBG] OS: MacOS
2024-03-12 15:49:38.812 +00:00 [DBG] OS: MacOS
2024-03-12 15:49:38.812 +00:00 [DBG] OS: MacOS
2024-03-12 15:49:38.812 +00:00 [DBG] OS: MacOS
2024-03-12 15:49:38.812 +00:00 [DBG] OS: MacOS
2024-03-12 15:49:38.812 +00:00 [DBG] OS: MacOS
2024-03-12 15:49:38.812 +00:00 [DBG] Metrics data request created
2024-03-12 15:49:38.888 +00:00 [DBG] CloudWatch response received
2024-03-12 15:49:38.889 +00:00 [DBG] CloudWatch response status code: OK
2024-03-12 15:49:38.889 +00:00 [DBG] successfully put metrics to cloudwatch
2024-03-12 15:49:38.889 +00:00 [DBG] Deleting successfully sent batch of metric events
2024-03-12 15:49:38.900 +00:00 [DBG] Checking if table MetricsTable is empty
2024-03-12 15:49:38.901 +00:00 [DBG] is empty: False
2024-03-12 15:49:38.902 +00:00 [DBG] Metrics event batch successfully created, sending metrics
2024-03-12 15:49:38.902 +00:00 [DBG] metrics region already exists in app: eu-central-1
2024-03-12 15:49:38.903 +00:00 [DBG] Sending metrics batch async
2024-03-12 15:49:38.903 +00:00 [DBG] OS: MacOS
2024-03-12 15:49:38.903 +00:00 [DBG] OS: MacOS
2024-03-12 15:49:38.903 +00:00 [DBG] OS: MacOS
2024-03-12 15:49:38.903 +00:00 [DBG] OS: MacOS
2024-03-12 15:49:38.903 +00:00 [DBG] OS: MacOS
2024-03-12 15:49:38.903 +00:00 [DBG] OS: MacOS
2024-03-12 15:49:38.903 +00:00 [DBG] OS: MacOS
2024-03-12 15:49:38.903 +00:00 [DBG] OS: MacOS
2024-03-12 15:49:38.903 +00:00 [DBG] OS: MacOS
2024-03-12 15:49:38.903 +00:00 [DBG] OS: MacOS
2024-03-12 15:49:38.903 +00:00 [DBG] OS: MacOS
2024-03-12 15:49:38.903 +00:00 [DBG] OS: MacOS
2024-03-12 15:49:38.903 +00:00 [DBG] OS: MacOS
2024-03-12 15:49:38.903 +00:00 [DBG] OS: MacOS
2024-03-12 15:49:38.903 +00:00 [DBG] OS: MacOS
2024-03-12 15:49:38.903 +00:00 [DBG] OS: MacOS
2024-03-12 15:49:38.903 +00:00 [DBG] OS: MacOS
2024-03-12 15:49:38.903 +00:00 [DBG] OS: MacOS
2024-03-12 15:49:38.903 +00:00 [DBG] OS: MacOS
2024-03-12 15:49:38.903 +00:00 [DBG] OS: MacOS
2024-03-12 15:49:38.903 +00:00 [DBG] Metrics data request created
2024-03-12 15:49:38.967 +00:00 [DBG] CloudWatch response received
2024-03-12 15:49:38.968 +00:00 [DBG] CloudWatch response status code: OK
2024-03-12 15:49:38.968 +00:00 [DBG] successfully put metrics to cloudwatch
2024-03-12 15:49:38.968 +00:00 [DBG] Deleting successfully sent batch of metric events
2024-03-12 15:49:38.977 +00:00 [DBG] Checking if table MetricsTable is empty
2024-03-12 15:49:38.978 +00:00 [DBG] is empty: False
2024-03-12 15:49:38.984 +00:00 [DBG] Metrics event batch successfully created, sending metrics
2024-03-12 15:49:38.984 +00:00 [DBG] metrics region already exists in app: eu-central-1
2024-03-12 15:49:38.984 +00:00 [DBG] Sending metrics batch async
2024-03-12 15:49:38.985 +00:00 [DBG] OS: MacOS
2024-03-12 15:49:38.985 +00:00 [DBG] OS: MacOS
2024-03-12 15:49:38.985 +00:00 [DBG] OS: MacOS
2024-03-12 15:49:38.985 +00:00 [DBG] OS: MacOS
2024-03-12 15:49:38.985 +00:00 [DBG] OS: MacOS
2024-03-12 15:49:38.985 +00:00 [DBG] OS: MacOS
2024-03-12 15:49:38.985 +00:00 [DBG] OS: MacOS
2024-03-12 15:49:38.985 +00:00 [DBG] OS: MacOS
2024-03-12 15:49:38.985 +00:00 [DBG] OS: MacOS
2024-03-12 15:49:38.985 +00:00 [DBG] OS: MacOS
2024-03-12 15:49:38.985 +00:00 [DBG] OS: MacOS
2024-03-12 15:49:38.985 +00:00 [DBG] OS: MacOS
2024-03-12 15:49:38.985 +00:00 [DBG] OS: MacOS
2024-03-12 15:49:38.985 +00:00 [DBG] OS: MacOS
2024-03-12 15:49:38.985 +00:00 [DBG] OS: MacOS
2024-03-12 15:49:38.985 +00:00 [DBG] OS: MacOS
2024-03-12 15:49:38.985 +00:00 [DBG] OS: MacOS
2024-03-12 15:49:38.985 +00:00 [DBG] OS: MacOS
2024-03-12 15:49:38.985 +00:00 [DBG] OS: MacOS
2024-03-12 15:49:38.985 +00:00 [DBG] OS: MacOS
2024-03-12 15:49:38.985 +00:00 [DBG] Metrics data request created
2024-03-12 15:49:39.046 +00:00 [DBG] CloudWatch response received
2024-03-12 15:49:39.047 +00:00 [DBG] CloudWatch response status code: OK
2024-03-12 15:49:39.047 +00:00 [DBG] successfully put metrics to cloudwatch
2024-03-12 15:49:39.047 +00:00 [DBG] Deleting successfully sent batch of metric events
2024-03-12 15:49:39.063 +00:00 [DBG] Checking if table MetricsTable is empty
2024-03-12 15:49:39.064 +00:00 [DBG] is empty: False
2024-03-12 15:49:39.070 +00:00 [DBG] Metrics event batch successfully created, sending metrics
2024-03-12 15:49:39.070 +00:00 [DBG] metrics region already exists in app: eu-central-1
2024-03-12 15:49:39.070 +00:00 [DBG] Sending metrics batch async
2024-03-12 15:49:39.071 +00:00 [DBG] OS: MacOS
2024-03-12 15:49:39.071 +00:00 [DBG] OS: MacOS
2024-03-12 15:49:39.071 +00:00 [DBG] OS: MacOS
2024-03-12 15:49:39.071 +00:00 [DBG] OS: MacOS
2024-03-12 15:49:39.071 +00:00 [DBG] OS: MacOS
2024-03-12 15:49:39.071 +00:00 [DBG] OS: MacOS
2024-03-12 15:49:39.071 +00:00 [DBG] OS: MacOS
2024-03-12 15:49:39.071 +00:00 [DBG] OS: MacOS
2024-03-12 15:49:39.071 +00:00 [DBG] OS: MacOS
2024-03-12 15:49:39.071 +00:00 [DBG] OS: MacOS
2024-03-12 15:49:39.071 +00:00 [DBG] OS: MacOS
2024-03-12 15:49:39.071 +00:00 [DBG] OS: MacOS
2024-03-12 15:49:39.071 +00:00 [DBG] OS: MacOS
2024-03-12 15:49:39.071 +00:00 [DBG] OS: MacOS
2024-03-12 15:49:39.071 +00:00 [DBG] OS: MacOS
2024-03-12 15:49:39.071 +00:00 [DBG] OS: MacOS
2024-03-12 15:49:39.071 +00:00 [DBG] OS: MacOS
2024-03-12 15:49:39.071 +00:00 [DBG] OS: MacOS
2024-03-12 15:49:39.071 +00:00 [DBG] OS: MacOS
2024-03-12 15:49:39.071 +00:00 [DBG] OS: MacOS
2024-03-12 15:49:39.071 +00:00 [DBG] Metrics data request created
2024-03-12 15:49:39.135 +00:00 [DBG] CloudWatch response received
2024-03-12 15:49:39.135 +00:00 [DBG] CloudWatch response status code: OK
2024-03-12 15:49:39.135 +00:00 [DBG] successfully put metrics to cloudwatch
2024-03-12 15:49:39.135 +00:00 [DBG] Deleting successfully sent batch of metric events
2024-03-12 15:49:39.152 +00:00 [DBG] Checking if table MetricsTable is empty
2024-03-12 15:49:39.153 +00:00 [DBG] is empty: False
2024-03-12 15:49:39.161 +00:00 [DBG] Metrics event batch successfully created, sending metrics
2024-03-12 15:49:39.161 +00:00 [DBG] metrics region already exists in app: eu-central-1
2024-03-12 15:49:39.161 +00:00 [DBG] Sending metrics batch async
2024-03-12 15:49:39.161 +00:00 [DBG] OS: MacOS
2024-03-12 15:49:39.161 +00:00 [DBG] OS: MacOS
2024-03-12 15:49:39.161 +00:00 [DBG] OS: MacOS
2024-03-12 15:49:39.161 +00:00 [DBG] OS: MacOS
2024-03-12 15:49:39.161 +00:00 [DBG] OS: MacOS
2024-03-12 15:49:39.161 +00:00 [DBG] OS: MacOS
2024-03-12 15:49:39.161 +00:00 [DBG] OS: MacOS
2024-03-12 15:49:39.161 +00:00 [DBG] OS: MacOS
2024-03-12 15:49:39.161 +00:00 [DBG] OS: MacOS
2024-03-12 15:49:39.161 +00:00 [DBG] OS: MacOS
2024-03-12 15:49:39.161 +00:00 [DBG] OS: MacOS
2024-03-12 15:49:39.161 +00:00 [DBG] OS: MacOS
2024-03-12 15:49:39.161 +00:00 [DBG] OS: MacOS
2024-03-12 15:49:39.161 +00:00 [DBG] OS: MacOS
2024-03-12 15:49:39.161 +00:00 [DBG] OS: MacOS
2024-03-12 15:49:39.162 +00:00 [DBG] OS: MacOS
2024-03-12 15:49:39.162 +00:00 [DBG] OS: MacOS
2024-03-12 15:49:39.162 +00:00 [DBG] OS: MacOS
2024-03-12 15:49:39.162 +00:00 [DBG] OS: MacOS
2024-03-12 15:49:39.162 +00:00 [DBG] OS: MacOS
2024-03-12 15:49:39.162 +00:00 [DBG] Metrics data request created
2024-03-12 15:49:39.223 +00:00 [DBG] CloudWatch response received
2024-03-12 15:49:39.224 +00:00 [DBG] CloudWatch response status code: OK
2024-03-12 15:49:39.224 +00:00 [DBG] successfully put metrics to cloudwatch
2024-03-12 15:49:39.224 +00:00 [DBG] Deleting successfully sent batch of metric events
2024-03-12 15:49:39.239 +00:00 [DBG] Checking if table MetricsTable is empty
2024-03-12 15:49:39.240 +00:00 [DBG] is empty: False
2024-03-12 15:49:39.242 +00:00 [DBG] Metrics event batch successfully created, sending metrics
2024-03-12 15:49:39.242 +00:00 [DBG] metrics region already exists in app: eu-central-1
2024-03-12 15:49:39.243 +00:00 [DBG] Sending metrics batch async
2024-03-12 15:49:39.243 +00:00 [DBG] OS: MacOS
2024-03-12 15:49:39.243 +00:00 [DBG] OS: MacOS
2024-03-12 15:49:39.243 +00:00 [DBG] OS: MacOS
2024-03-12 15:49:39.243 +00:00 [DBG] OS: MacOS
2024-03-12 15:49:39.243 +00:00 [DBG] OS: MacOS
2024-03-12 15:49:39.243 +00:00 [DBG] OS: MacOS
2024-03-12 15:49:39.243 +00:00 [DBG] OS: MacOS
2024-03-12 15:49:39.243 +00:00 [DBG] OS: MacOS
2024-03-12 15:49:39.243 +00:00 [DBG] OS: MacOS
2024-03-12 15:49:39.243 +00:00 [DBG] OS: MacOS
2024-03-12 15:49:39.243 +00:00 [DBG] OS: MacOS
2024-03-12 15:49:39.243 +00:00 [DBG] OS: MacOS
2024-03-12 15:49:39.243 +00:00 [DBG] OS: MacOS
2024-03-12 15:49:39.243 +00:00 [DBG] OS: MacOS
2024-03-12 15:49:39.243 +00:00 [DBG] OS: MacOS
2024-03-12 15:49:39.243 +00:00 [DBG] OS: MacOS
2024-03-12 15:49:39.243 +00:00 [DBG] OS: MacOS
2024-03-12 15:49:39.243 +00:00 [DBG] OS: MacOS
2024-03-12 15:49:39.243 +00:00 [DBG] OS: MacOS
2024-03-12 15:49:39.243 +00:00 [DBG] OS: MacOS
2024-03-12 15:49:39.243 +00:00 [DBG] Metrics data request created
2024-03-12 15:49:39.302 +00:00 [DBG] CloudWatch response received
2024-03-12 15:49:39.302 +00:00 [DBG] CloudWatch response status code: OK
2024-03-12 15:49:39.302 +00:00 [DBG] successfully put metrics to cloudwatch
2024-03-12 15:49:39.302 +00:00 [DBG] Deleting successfully sent batch of metric events
2024-03-12 15:49:39.315 +00:00 [DBG] Checking if table MetricsTable is empty
2024-03-12 15:49:39.315 +00:00 [DBG] is empty: False
2024-03-12 15:49:39.318 +00:00 [DBG] Metrics event batch successfully created, sending metrics
2024-03-12 15:49:39.318 +00:00 [DBG] metrics region already exists in app: eu-central-1
2024-03-12 15:49:39.318 +00:00 [DBG] Sending metrics batch async
2024-03-12 15:49:39.318 +00:00 [DBG] OS: MacOS
2024-03-12 15:49:39.319 +00:00 [DBG] OS: MacOS
2024-03-12 15:49:39.319 +00:00 [DBG] OS: MacOS
2024-03-12 15:49:39.319 +00:00 [DBG] OS: MacOS
2024-03-12 15:49:39.319 +00:00 [DBG] OS: MacOS
2024-03-12 15:49:39.319 +00:00 [DBG] OS: MacOS
2024-03-12 15:49:39.319 +00:00 [DBG] OS: MacOS
2024-03-12 15:49:39.319 +00:00 [DBG] OS: MacOS
2024-03-12 15:49:39.319 +00:00 [DBG] OS: MacOS
2024-03-12 15:49:39.319 +00:00 [DBG] OS: MacOS
2024-03-12 15:49:39.319 +00:00 [DBG] OS: MacOS
2024-03-12 15:49:39.319 +00:00 [DBG] OS: MacOS
2024-03-12 15:49:39.319 +00:00 [DBG] OS: MacOS
2024-03-12 15:49:39.319 +00:00 [DBG] OS: MacOS
2024-03-12 15:49:39.319 +00:00 [DBG] OS: MacOS
2024-03-12 15:49:39.319 +00:00 [DBG] OS: MacOS
2024-03-12 15:49:39.319 +00:00 [DBG] OS: MacOS
2024-03-12 15:49:39.319 +00:00 [DBG] OS: MacOS
2024-03-12 15:49:39.319 +00:00 [DBG] OS: MacOS
2024-03-12 15:49:39.319 +00:00 [DBG] OS: MacOS
2024-03-12 15:49:39.319 +00:00 [DBG] Metrics data request created
2024-03-12 15:49:39.380 +00:00 [DBG] CloudWatch response received
2024-03-12 15:49:39.381 +00:00 [DBG] CloudWatch response status code: OK
2024-03-12 15:49:39.381 +00:00 [DBG] successfully put metrics to cloudwatch
2024-03-12 15:49:39.381 +00:00 [DBG] Deleting successfully sent batch of metric events
2024-03-12 15:49:39.408 +00:00 [DBG] Checking if table MetricsTable is empty
2024-03-12 15:49:39.409 +00:00 [DBG] is empty: False
2024-03-12 15:49:39.412 +00:00 [DBG] Metrics event batch successfully created, sending metrics
2024-03-12 15:49:39.412 +00:00 [DBG] metrics region already exists in app: eu-central-1
2024-03-12 15:49:39.412 +00:00 [DBG] Sending metrics batch async
2024-03-12 15:49:39.412 +00:00 [DBG] OS: MacOS
2024-03-12 15:49:39.412 +00:00 [DBG] OS: MacOS
2024-03-12 15:49:39.412 +00:00 [DBG] OS: MacOS
2024-03-12 15:49:39.412 +00:00 [DBG] OS: MacOS
2024-03-12 15:49:39.412 +00:00 [DBG] OS: MacOS
2024-03-12 15:49:39.412 +00:00 [DBG] OS: MacOS
2024-03-12 15:49:39.412 +00:00 [DBG] OS: MacOS
2024-03-12 15:49:39.413 +00:00 [DBG] OS: MacOS
2024-03-12 15:49:39.413 +00:00 [DBG] OS: MacOS
2024-03-12 15:49:39.413 +00:00 [DBG] OS: MacOS
2024-03-12 15:49:39.413 +00:00 [DBG] OS: MacOS
2024-03-12 15:49:39.413 +00:00 [DBG] OS: MacOS
2024-03-12 15:49:39.413 +00:00 [DBG] OS: MacOS
2024-03-12 15:49:39.413 +00:00 [DBG] OS: MacOS
2024-03-12 15:49:39.413 +00:00 [DBG] OS: MacOS
2024-03-12 15:49:39.413 +00:00 [DBG] OS: MacOS
2024-03-12 15:49:39.413 +00:00 [DBG] OS: MacOS
2024-03-12 15:49:39.413 +00:00 [DBG] OS: MacOS
2024-03-12 15:49:39.413 +00:00 [DBG] OS: MacOS
2024-03-12 15:49:39.413 +00:00 [DBG] OS: MacOS
2024-03-12 15:49:39.413 +00:00 [DBG] Metrics data request created
2024-03-12 15:49:39.475 +00:00 [DBG] CloudWatch response received
2024-03-12 15:49:39.476 +00:00 [DBG] CloudWatch response status code: OK
2024-03-12 15:49:39.476 +00:00 [DBG] successfully put metrics to cloudwatch
2024-03-12 15:49:39.476 +00:00 [DBG] Deleting successfully sent batch of metric events
2024-03-12 15:49:39.491 +00:00 [DBG] Checking if table MetricsTable is empty
2024-03-12 15:49:39.492 +00:00 [DBG] is empty: False
2024-03-12 15:49:39.495 +00:00 [DBG] Metrics event batch successfully created, sending metrics
2024-03-12 15:49:39.495 +00:00 [DBG] metrics region already exists in app: eu-central-1
2024-03-12 15:49:39.495 +00:00 [DBG] Sending metrics batch async
2024-03-12 15:49:39.495 +00:00 [DBG] OS: MacOS
2024-03-12 15:49:39.495 +00:00 [DBG] OS: MacOS
2024-03-12 15:49:39.495 +00:00 [DBG] OS: MacOS
2024-03-12 15:49:39.495 +00:00 [DBG] OS: MacOS
2024-03-12 15:49:39.495 +00:00 [DBG] OS: MacOS
2024-03-12 15:49:39.495 +00:00 [DBG] OS: MacOS
2024-03-12 15:49:39.495 +00:00 [DBG] OS: MacOS
2024-03-12 15:49:39.495 +00:00 [DBG] OS: MacOS
2024-03-12 15:49:39.495 +00:00 [DBG] OS: MacOS
2024-03-12 15:49:39.495 +00:00 [DBG] OS: MacOS
2024-03-12 15:49:39.495 +00:00 [DBG] OS: MacOS
2024-03-12 15:49:39.495 +00:00 [DBG] OS: MacOS
2024-03-12 15:49:39.495 +00:00 [DBG] OS: MacOS
2024-03-12 15:49:39.495 +00:00 [DBG] OS: MacOS
2024-03-12 15:49:39.495 +00:00 [DBG] OS: MacOS
2024-03-12 15:49:39.495 +00:00 [DBG] OS: MacOS
2024-03-12 15:49:39.496 +00:00 [DBG] OS: MacOS
2024-03-12 15:49:39.496 +00:00 [DBG] OS: MacOS
2024-03-12 15:49:39.496 +00:00 [DBG] OS: MacOS
2024-03-12 15:49:39.496 +00:00 [DBG] OS: MacOS
2024-03-12 15:49:39.496 +00:00 [DBG] Metrics data request created
2024-03-12 15:49:39.561 +00:00 [DBG] CloudWatch response received
2024-03-12 15:49:39.562 +00:00 [DBG] CloudWatch response status code: OK
2024-03-12 15:49:39.562 +00:00 [DBG] successfully put metrics to cloudwatch
2024-03-12 15:49:39.562 +00:00 [DBG] Deleting successfully sent batch of metric events
2024-03-12 15:49:39.578 +00:00 [DBG] Checking if table MetricsTable is empty
2024-03-12 15:49:39.579 +00:00 [DBG] is empty: False
2024-03-12 15:49:39.583 +00:00 [DBG] Metrics event batch successfully created, sending metrics
2024-03-12 15:49:39.583 +00:00 [DBG] metrics region already exists in app: eu-central-1
2024-03-12 15:49:39.584 +00:00 [DBG] Sending metrics batch async
2024-03-12 15:49:39.584 +00:00 [DBG] OS: MacOS
2024-03-12 15:49:39.584 +00:00 [DBG] OS: MacOS
2024-03-12 15:49:39.584 +00:00 [DBG] OS: MacOS
2024-03-12 15:49:39.584 +00:00 [DBG] OS: MacOS
2024-03-12 15:49:39.584 +00:00 [DBG] OS: MacOS
2024-03-12 15:49:39.584 +00:00 [DBG] OS: MacOS
2024-03-12 15:49:39.584 +00:00 [DBG] OS: MacOS
2024-03-12 15:49:39.584 +00:00 [DBG] OS: MacOS
2024-03-12 15:49:39.584 +00:00 [DBG] OS: MacOS
2024-03-12 15:49:39.584 +00:00 [DBG] OS: MacOS
2024-03-12 15:49:39.584 +00:00 [DBG] OS: MacOS
2024-03-12 15:49:39.584 +00:00 [DBG] OS: MacOS
2024-03-12 15:49:39.584 +00:00 [DBG] OS: MacOS
2024-03-12 15:49:39.584 +00:00 [DBG] OS: MacOS
2024-03-12 15:49:39.584 +00:00 [DBG] OS: MacOS
2024-03-12 15:49:39.584 +00:00 [DBG] OS: MacOS
2024-03-12 15:49:39.584 +00:00 [DBG] OS: MacOS
2024-03-12 15:49:39.584 +00:00 [DBG] OS: MacOS
2024-03-12 15:49:39.584 +00:00 [DBG] OS: MacOS
2024-03-12 15:49:39.584 +00:00 [DBG] OS: MacOS
2024-03-12 15:49:39.584 +00:00 [DBG] Metrics data request created
2024-03-12 15:49:39.650 +00:00 [DBG] CloudWatch response received
2024-03-12 15:49:39.650 +00:00 [DBG] CloudWatch response status code: OK
2024-03-12 15:49:39.650 +00:00 [DBG] successfully put metrics to cloudwatch
2024-03-12 15:49:39.650 +00:00 [DBG] Deleting successfully sent batch of metric events
2024-03-12 15:49:39.664 +00:00 [DBG] Checking if table MetricsTable is empty
2024-03-12 15:49:39.666 +00:00 [DBG] is empty: False
2024-03-12 15:49:39.670 +00:00 [DBG] Metrics event batch successfully created, sending metrics
2024-03-12 15:49:39.670 +00:00 [DBG] metrics region already exists in app: eu-central-1
2024-03-12 15:49:39.670 +00:00 [DBG] Sending metrics batch async
2024-03-12 15:49:39.670 +00:00 [DBG] OS: MacOS
2024-03-12 15:49:39.670 +00:00 [DBG] OS: MacOS
2024-03-12 15:49:39.670 +00:00 [DBG] OS: MacOS
2024-03-12 15:49:39.671 +00:00 [DBG] OS: MacOS
2024-03-12 15:49:39.671 +00:00 [DBG] OS: MacOS
2024-03-12 15:49:39.671 +00:00 [DBG] OS: MacOS
2024-03-12 15:49:39.671 +00:00 [DBG] OS: MacOS
2024-03-12 15:49:39.671 +00:00 [DBG] OS: MacOS
2024-03-12 15:49:39.671 +00:00 [DBG] OS: MacOS
2024-03-12 15:49:39.671 +00:00 [DBG] OS: MacOS
2024-03-12 15:49:39.671 +00:00 [DBG] OS: MacOS
2024-03-12 15:49:39.671 +00:00 [DBG] OS: MacOS
2024-03-12 15:49:39.671 +00:00 [DBG] OS: MacOS
2024-03-12 15:49:39.671 +00:00 [DBG] OS: MacOS
2024-03-12 15:49:39.671 +00:00 [DBG] OS: MacOS
2024-03-12 15:49:39.671 +00:00 [DBG] OS: MacOS
2024-03-12 15:49:39.671 +00:00 [DBG] OS: MacOS
2024-03-12 15:49:39.671 +00:00 [DBG] OS: MacOS
2024-03-12 15:49:39.671 +00:00 [DBG] OS: MacOS
2024-03-12 15:49:39.671 +00:00 [DBG] OS: MacOS
2024-03-12 15:49:39.671 +00:00 [DBG] Metrics data request created
2024-03-12 15:49:39.926 +00:00 [DBG] CloudWatch response received
2024-03-12 15:49:39.926 +00:00 [DBG] CloudWatch response status code: OK
2024-03-12 15:49:39.926 +00:00 [DBG] successfully put metrics to cloudwatch
2024-03-12 15:49:39.927 +00:00 [DBG] Deleting successfully sent batch of metric events
2024-03-12 15:49:39.947 +00:00 [DBG] Checking if table MetricsTable is empty
2024-03-12 15:49:39.948 +00:00 [DBG] is empty: False
2024-03-12 15:49:39.951 +00:00 [DBG] Metrics event batch successfully created, sending metrics
2024-03-12 15:49:39.951 +00:00 [DBG] metrics region already exists in app: eu-central-1
2024-03-12 15:49:39.951 +00:00 [DBG] Sending metrics batch async
2024-03-12 15:49:39.951 +00:00 [DBG] OS: MacOS
2024-03-12 15:49:39.951 +00:00 [DBG] OS: MacOS
2024-03-12 15:49:39.951 +00:00 [DBG] OS: MacOS
2024-03-12 15:49:39.951 +00:00 [DBG] OS: MacOS
2024-03-12 15:49:39.951 +00:00 [DBG] OS: MacOS
2024-03-12 15:49:39.951 +00:00 [DBG] OS: MacOS
2024-03-12 15:49:39.951 +00:00 [DBG] OS: MacOS
2024-03-12 15:49:39.951 +00:00 [DBG] OS: MacOS
2024-03-12 15:49:39.951 +00:00 [DBG] OS: MacOS
2024-03-12 15:49:39.952 +00:00 [DBG] OS: MacOS
2024-03-12 15:49:39.952 +00:00 [DBG] OS: MacOS
2024-03-12 15:49:39.952 +00:00 [DBG] OS: MacOS
2024-03-12 15:49:39.952 +00:00 [DBG] OS: MacOS
2024-03-12 15:49:39.952 +00:00 [DBG] OS: MacOS
2024-03-12 15:49:39.952 +00:00 [DBG] OS: MacOS
2024-03-12 15:49:39.952 +00:00 [DBG] OS: MacOS
2024-03-12 15:49:39.952 +00:00 [DBG] OS: MacOS
2024-03-12 15:49:39.952 +00:00 [DBG] OS: MacOS
2024-03-12 15:49:39.952 +00:00 [DBG] OS: MacOS
2024-03-12 15:49:39.952 +00:00 [DBG] OS: MacOS
2024-03-12 15:49:39.952 +00:00 [DBG] Metrics data request created
2024-03-12 15:49:40.016 +00:00 [DBG] CloudWatch response received
2024-03-12 15:49:40.016 +00:00 [DBG] CloudWatch response status code: OK
2024-03-12 15:49:40.016 +00:00 [DBG] successfully put metrics to cloudwatch
2024-03-12 15:49:40.016 +00:00 [DBG] Deleting successfully sent batch of metric events
2024-03-12 15:49:40.028 +00:00 [DBG] Checking if table MetricsTable is empty
2024-03-12 15:49:40.028 +00:00 [DBG] is empty: False
2024-03-12 15:49:40.044 +00:00 [DBG] Metrics event batch successfully created, sending metrics
2024-03-12 15:49:40.044 +00:00 [DBG] metrics region already exists in app: eu-central-1
2024-03-12 15:49:40.044 +00:00 [DBG] Sending metrics batch async
2024-03-12 15:49:40.044 +00:00 [DBG] OS: MacOS
2024-03-12 15:49:40.044 +00:00 [DBG] OS: MacOS
2024-03-12 15:49:40.044 +00:00 [DBG] OS: MacOS
2024-03-12 15:49:40.044 +00:00 [DBG] OS: MacOS
2024-03-12 15:49:40.044 +00:00 [DBG] OS: MacOS
2024-03-12 15:49:40.044 +00:00 [DBG] OS: MacOS
2024-03-12 15:49:40.044 +00:00 [DBG] OS: MacOS
2024-03-12 15:49:40.044 +00:00 [DBG] OS: MacOS
2024-03-12 15:49:40.044 +00:00 [DBG] OS: MacOS
2024-03-12 15:49:40.044 +00:00 [DBG] OS: MacOS
2024-03-12 15:49:40.044 +00:00 [DBG] OS: MacOS
2024-03-12 15:49:40.044 +00:00 [DBG] OS: MacOS
2024-03-12 15:49:40.044 +00:00 [DBG] OS: MacOS
2024-03-12 15:49:40.044 +00:00 [DBG] OS: MacOS
2024-03-12 15:49:40.044 +00:00 [DBG] OS: MacOS
2024-03-12 15:49:40.044 +00:00 [DBG] OS: MacOS
2024-03-12 15:49:40.044 +00:00 [DBG] OS: MacOS
2024-03-12 15:49:40.044 +00:00 [DBG] OS: MacOS
2024-03-12 15:49:40.044 +00:00 [DBG] OS: MacOS
2024-03-12 15:49:40.044 +00:00 [DBG] OS: MacOS
2024-03-12 15:49:40.044 +00:00 [DBG] Metrics data request created
2024-03-12 15:49:40.353 +00:00 [DBG] CloudWatch response received
2024-03-12 15:49:40.353 +00:00 [DBG] CloudWatch response status code: OK
2024-03-12 15:49:40.353 +00:00 [DBG] successfully put metrics to cloudwatch
2024-03-12 15:49:40.353 +00:00 [DBG] Deleting successfully sent batch of metric events
2024-03-12 15:49:40.368 +00:00 [DBG] Checking if table MetricsTable is empty
2024-03-12 15:49:40.369 +00:00 [DBG] is empty: False
2024-03-12 15:49:40.372 +00:00 [DBG] Metrics event batch successfully created, sending metrics
2024-03-12 15:49:40.372 +00:00 [DBG] metrics region already exists in app: eu-central-1
2024-03-12 15:49:40.372 +00:00 [DBG] Sending metrics batch async
2024-03-12 15:49:40.373 +00:00 [DBG] OS: MacOS
2024-03-12 15:49:40.373 +00:00 [DBG] OS: MacOS
2024-03-12 15:49:40.373 +00:00 [DBG] OS: MacOS
2024-03-12 15:49:40.373 +00:00 [DBG] OS: MacOS
2024-03-12 15:49:40.373 +00:00 [DBG] OS: MacOS
2024-03-12 15:49:40.373 +00:00 [DBG] OS: MacOS
2024-03-12 15:49:40.373 +00:00 [DBG] OS: MacOS
2024-03-12 15:49:40.373 +00:00 [DBG] OS: MacOS
2024-03-12 15:49:40.373 +00:00 [DBG] OS: MacOS
2024-03-12 15:49:40.373 +00:00 [DBG] OS: MacOS
2024-03-12 15:49:40.373 +00:00 [DBG] OS: MacOS
2024-03-12 15:49:40.373 +00:00 [DBG] OS: MacOS
2024-03-12 15:49:40.373 +00:00 [DBG] OS: MacOS
2024-03-12 15:49:40.373 +00:00 [DBG] OS: MacOS
2024-03-12 15:49:40.373 +00:00 [DBG] OS: MacOS
2024-03-12 15:49:40.373 +00:00 [DBG] OS: MacOS
2024-03-12 15:49:40.373 +00:00 [DBG] OS: MacOS
2024-03-12 15:49:40.373 +00:00 [DBG] OS: MacOS
2024-03-12 15:49:40.373 +00:00 [DBG] OS: MacOS
2024-03-12 15:49:40.373 +00:00 [DBG] OS: MacOS
2024-03-12 15:49:40.373 +00:00 [DBG] Metrics data request created
2024-03-12 15:49:40.625 +00:00 [DBG] CloudWatch response received
2024-03-12 15:49:40.625 +00:00 [DBG] CloudWatch response status code: OK
2024-03-12 15:49:40.626 +00:00 [DBG] successfully put metrics to cloudwatch
2024-03-12 15:49:40.626 +00:00 [DBG] Deleting successfully sent batch of metric events
2024-03-12 15:49:40.631 +00:00 [DBG] Checking if table MetricsTable is empty
2024-03-12 15:49:40.631 +00:00 [DBG] is empty: False
2024-03-12 15:49:40.633 +00:00 [DBG] Metrics event batch successfully created, sending metrics
2024-03-12 15:49:40.633 +00:00 [DBG] metrics region already exists in app: eu-central-1
2024-03-12 15:49:40.633 +00:00 [DBG] Sending metrics batch async
2024-03-12 15:49:40.633 +00:00 [DBG] OS: MacOS
2024-03-12 15:49:40.633 +00:00 [DBG] OS: MacOS
2024-03-12 15:49:40.633 +00:00 [DBG] OS: MacOS
2024-03-12 15:49:40.633 +00:00 [DBG] OS: MacOS
2024-03-12 15:49:40.633 +00:00 [DBG] OS: MacOS
2024-03-12 15:49:40.633 +00:00 [DBG] OS: MacOS
2024-03-12 15:49:40.633 +00:00 [DBG] OS: MacOS
2024-03-12 15:49:40.633 +00:00 [DBG] OS: MacOS
2024-03-12 15:49:40.633 +00:00 [DBG] OS: MacOS
2024-03-12 15:49:40.633 +00:00 [DBG] OS: MacOS
2024-03-12 15:49:40.633 +00:00 [DBG] OS: MacOS
2024-03-12 15:49:40.633 +00:00 [DBG] OS: MacOS
2024-03-12 15:49:40.633 +00:00 [DBG] OS: MacOS
2024-03-12 15:49:40.633 +00:00 [DBG] OS: MacOS
2024-03-12 15:49:40.633 +00:00 [DBG] OS: MacOS
2024-03-12 15:49:40.633 +00:00 [DBG] OS: MacOS
2024-03-12 15:49:40.633 +00:00 [DBG] OS: MacOS
2024-03-12 15:49:40.633 +00:00 [DBG] OS: MacOS
2024-03-12 15:49:40.633 +00:00 [DBG] OS: MacOS
2024-03-12 15:49:40.633 +00:00 [DBG] OS: MacOS
2024-03-12 15:49:40.633 +00:00 [DBG] Metrics data request created
2024-03-12 15:49:40.884 +00:00 [DBG] CloudWatch response received
2024-03-12 15:49:40.884 +00:00 [DBG] CloudWatch response status code: OK
2024-03-12 15:49:40.884 +00:00 [DBG] successfully put metrics to cloudwatch
2024-03-12 15:49:40.884 +00:00 [DBG] Deleting successfully sent batch of metric events
2024-03-12 15:49:40.890 +00:00 [DBG] Checking if table MetricsTable is empty
2024-03-12 15:49:40.890 +00:00 [DBG] is empty: False
2024-03-12 15:49:40.891 +00:00 [DBG] Metrics event batch successfully created, sending metrics
2024-03-12 15:49:40.891 +00:00 [DBG] metrics region already exists in app: eu-central-1
2024-03-12 15:49:40.891 +00:00 [DBG] Sending metrics batch async
2024-03-12 15:49:40.891 +00:00 [DBG] OS: MacOS
2024-03-12 15:49:40.891 +00:00 [DBG] OS: MacOS
2024-03-12 15:49:40.891 +00:00 [DBG] OS: MacOS
2024-03-12 15:49:40.892 +00:00 [DBG] OS: MacOS
2024-03-12 15:49:40.892 +00:00 [DBG] OS: MacOS
2024-03-12 15:49:40.892 +00:00 [DBG] OS: MacOS
2024-03-12 15:49:40.892 +00:00 [DBG] OS: MacOS
2024-03-12 15:49:40.892 +00:00 [DBG] OS: MacOS
2024-03-12 15:49:40.892 +00:00 [DBG] OS: MacOS
2024-03-12 15:49:40.892 +00:00 [DBG] OS: MacOS
2024-03-12 15:49:40.892 +00:00 [DBG] OS: MacOS
2024-03-12 15:49:40.892 +00:00 [DBG] OS: MacOS
2024-03-12 15:49:40.892 +00:00 [DBG] OS: MacOS
2024-03-12 15:49:40.892 +00:00 [DBG] OS: MacOS
2024-03-12 15:49:40.892 +00:00 [DBG] OS: MacOS
2024-03-12 15:49:40.892 +00:00 [DBG] OS: MacOS
2024-03-12 15:49:40.892 +00:00 [DBG] OS: MacOS
2024-03-12 15:49:40.892 +00:00 [DBG] OS: MacOS
2024-03-12 15:49:40.892 +00:00 [DBG] OS: MacOS
2024-03-12 15:49:40.892 +00:00 [DBG] OS: MacOS
2024-03-12 15:49:40.892 +00:00 [DBG] Metrics data request created
2024-03-12 15:49:41.215 +00:00 [DBG] CloudWatch response received
2024-03-12 15:49:41.215 +00:00 [DBG] CloudWatch response status code: OK
2024-03-12 15:49:41.215 +00:00 [DBG] successfully put metrics to cloudwatch
2024-03-12 15:49:41.216 +00:00 [DBG] Deleting successfully sent batch of metric events
2024-03-12 15:49:41.229 +00:00 [DBG] Checking if table MetricsTable is empty
2024-03-12 15:49:41.231 +00:00 [DBG] is empty: False
2024-03-12 15:49:41.234 +00:00 [DBG] Metrics event batch successfully created, sending metrics
2024-03-12 15:49:41.234 +00:00 [DBG] metrics region already exists in app: eu-central-1
2024-03-12 15:49:41.234 +00:00 [DBG] Sending metrics batch async
2024-03-12 15:49:41.235 +00:00 [DBG] OS: MacOS
2024-03-12 15:49:41.235 +00:00 [DBG] OS: MacOS
2024-03-12 15:49:41.235 +00:00 [DBG] OS: MacOS
2024-03-12 15:49:41.235 +00:00 [DBG] OS: MacOS
2024-03-12 15:49:41.235 +00:00 [DBG] OS: MacOS
2024-03-12 15:49:41.235 +00:00 [DBG] OS: MacOS
2024-03-12 15:49:41.235 +00:00 [DBG] OS: MacOS
2024-03-12 15:49:41.235 +00:00 [DBG] OS: MacOS
2024-03-12 15:49:41.235 +00:00 [DBG] OS: MacOS
2024-03-12 15:49:41.235 +00:00 [DBG] OS: MacOS
2024-03-12 15:49:41.235 +00:00 [DBG] OS: MacOS
2024-03-12 15:49:41.235 +00:00 [DBG] OS: MacOS
2024-03-12 15:49:41.235 +00:00 [DBG] OS: MacOS
2024-03-12 15:49:41.235 +00:00 [DBG] OS: MacOS
2024-03-12 15:49:41.235 +00:00 [DBG] OS: MacOS
2024-03-12 15:49:41.235 +00:00 [DBG] OS: MacOS
2024-03-12 15:49:41.235 +00:00 [DBG] OS: MacOS
2024-03-12 15:49:41.235 +00:00 [DBG] OS: MacOS
2024-03-12 15:49:41.235 +00:00 [DBG] OS: MacOS
2024-03-12 15:49:41.235 +00:00 [DBG] OS: MacOS
2024-03-12 15:49:41.235 +00:00 [DBG] Metrics data request created
2024-03-12 15:49:41.474 +00:00 [DBG] CloudWatch response received
2024-03-12 15:49:41.475 +00:00 [DBG] CloudWatch response status code: OK
2024-03-12 15:49:41.475 +00:00 [DBG] successfully put metrics to cloudwatch
2024-03-12 15:49:41.475 +00:00 [DBG] Deleting successfully sent batch of metric events
2024-03-12 15:49:41.490 +00:00 [DBG] Checking if table MetricsTable is empty
2024-03-12 15:49:41.490 +00:00 [DBG] is empty: False
2024-03-12 15:49:41.494 +00:00 [DBG] Metrics event batch successfully created, sending metrics
2024-03-12 15:49:41.494 +00:00 [DBG] metrics region already exists in app: eu-central-1
2024-03-12 15:49:41.494 +00:00 [DBG] Sending metrics batch async
2024-03-12 15:49:41.494 +00:00 [DBG] OS: MacOS
2024-03-12 15:49:41.494 +00:00 [DBG] OS: MacOS
2024-03-12 15:49:41.494 +00:00 [DBG] OS: MacOS
2024-03-12 15:49:41.494 +00:00 [DBG] OS: MacOS
2024-03-12 15:49:41.494 +00:00 [DBG] OS: MacOS
2024-03-12 15:49:41.494 +00:00 [DBG] OS: MacOS
2024-03-12 15:49:41.494 +00:00 [DBG] OS: MacOS
2024-03-12 15:49:41.494 +00:00 [DBG] OS: MacOS
2024-03-12 15:49:41.494 +00:00 [DBG] OS: MacOS
2024-03-12 15:49:41.494 +00:00 [DBG] OS: MacOS
2024-03-12 15:49:41.494 +00:00 [DBG] OS: MacOS
2024-03-12 15:49:41.494 +00:00 [DBG] OS: MacOS
2024-03-12 15:49:41.494 +00:00 [DBG] OS: MacOS
2024-03-12 15:49:41.495 +00:00 [DBG] OS: MacOS
2024-03-12 15:49:41.495 +00:00 [DBG] OS: MacOS
2024-03-12 15:49:41.495 +00:00 [DBG] OS: MacOS
2024-03-12 15:49:41.495 +00:00 [DBG] OS: MacOS
2024-03-12 15:49:41.495 +00:00 [DBG] OS: MacOS
2024-03-12 15:49:41.495 +00:00 [DBG] OS: MacOS
2024-03-12 15:49:41.495 +00:00 [DBG] OS: MacOS
2024-03-12 15:49:41.495 +00:00 [DBG] Metrics data request created
2024-03-12 15:49:41.726 +00:00 [DBG] CloudWatch response received
2024-03-12 15:49:41.726 +00:00 [DBG] CloudWatch response status code: OK
2024-03-12 15:49:41.726 +00:00 [DBG] successfully put metrics to cloudwatch
2024-03-12 15:49:41.727 +00:00 [DBG] Deleting successfully sent batch of metric events
2024-03-12 15:49:41.744 +00:00 [DBG] Checking if table MetricsTable is empty
2024-03-12 15:49:41.745 +00:00 [DBG] is empty: False
2024-03-12 15:49:41.748 +00:00 [DBG] Metrics event batch successfully created, sending metrics
2024-03-12 15:49:41.748 +00:00 [DBG] metrics region already exists in app: eu-central-1
2024-03-12 15:49:41.748 +00:00 [DBG] Sending metrics batch async
2024-03-12 15:49:41.748 +00:00 [DBG] OS: MacOS
2024-03-12 15:49:41.749 +00:00 [DBG] OS: MacOS
2024-03-12 15:49:41.749 +00:00 [DBG] OS: MacOS
2024-03-12 15:49:41.749 +00:00 [DBG] OS: MacOS
2024-03-12 15:49:41.749 +00:00 [DBG] OS: MacOS
2024-03-12 15:49:41.749 +00:00 [DBG] OS: MacOS
2024-03-12 15:49:41.749 +00:00 [DBG] OS: MacOS
2024-03-12 15:49:41.749 +00:00 [DBG] OS: MacOS
2024-03-12 15:49:41.749 +00:00 [DBG] OS: MacOS
2024-03-12 15:49:41.749 +00:00 [DBG] OS: MacOS
2024-03-12 15:49:41.749 +00:00 [DBG] OS: MacOS
2024-03-12 15:49:41.749 +00:00 [DBG] OS: MacOS
2024-03-12 15:49:41.749 +00:00 [DBG] OS: MacOS
2024-03-12 15:49:41.749 +00:00 [DBG] OS: MacOS
2024-03-12 15:49:41.749 +00:00 [DBG] OS: MacOS
2024-03-12 15:49:41.749 +00:00 [DBG] OS: MacOS
2024-03-12 15:49:41.749 +00:00 [DBG] OS: MacOS
2024-03-12 15:49:41.749 +00:00 [DBG] OS: MacOS
2024-03-12 15:49:41.749 +00:00 [DBG] OS: MacOS
2024-03-12 15:49:41.749 +00:00 [DBG] OS: MacOS
2024-03-12 15:49:41.749 +00:00 [DBG] Metrics data request created
2024-03-12 15:49:41.987 +00:00 [DBG] CloudWatch response received
2024-03-12 15:49:41.990 +00:00 [DBG] CloudWatch response status code: OK
2024-03-12 15:49:41.991 +00:00 [DBG] successfully put metrics to cloudwatch
2024-03-12 15:49:41.991 +00:00 [DBG] Deleting successfully sent batch of metric events
2024-03-12 15:49:42.007 +00:00 [DBG] Checking if table MetricsTable is empty
2024-03-12 15:49:42.008 +00:00 [DBG] is empty: False
2024-03-12 15:49:42.011 +00:00 [DBG] Metrics event batch successfully created, sending metrics
2024-03-12 15:49:42.011 +00:00 [DBG] metrics region already exists in app: eu-central-1
2024-03-12 15:49:42.011 +00:00 [DBG] Sending metrics batch async
2024-03-12 15:49:42.011 +00:00 [DBG] OS: MacOS
2024-03-12 15:49:42.011 +00:00 [DBG] OS: MacOS
2024-03-12 15:49:42.011 +00:00 [DBG] OS: MacOS
2024-03-12 15:49:42.011 +00:00 [DBG] OS: MacOS
2024-03-12 15:49:42.011 +00:00 [DBG] OS: MacOS
2024-03-12 15:49:42.011 +00:00 [DBG] OS: MacOS
2024-03-12 15:49:42.011 +00:00 [DBG] OS: MacOS
2024-03-12 15:49:42.011 +00:00 [DBG] OS: MacOS
2024-03-12 15:49:42.011 +00:00 [DBG] OS: MacOS
2024-03-12 15:49:42.011 +00:00 [DBG] OS: MacOS
2024-03-12 15:49:42.011 +00:00 [DBG] OS: MacOS
2024-03-12 15:49:42.011 +00:00 [DBG] OS: MacOS
2024-03-12 15:49:42.011 +00:00 [DBG] OS: MacOS
2024-03-12 15:49:42.011 +00:00 [DBG] OS: MacOS
2024-03-12 15:49:42.012 +00:00 [DBG] OS: MacOS
2024-03-12 15:49:42.012 +00:00 [DBG] OS: MacOS
2024-03-12 15:49:42.012 +00:00 [DBG] OS: MacOS
2024-03-12 15:49:42.012 +00:00 [DBG] OS: MacOS
2024-03-12 15:49:42.012 +00:00 [DBG] OS: MacOS
2024-03-12 15:49:42.012 +00:00 [DBG] OS: MacOS
2024-03-12 15:49:42.012 +00:00 [DBG] Metrics data request created
2024-03-12 15:49:42.300 +00:00 [DBG] CloudWatch response received
2024-03-12 15:49:42.301 +00:00 [DBG] CloudWatch response status code: OK
2024-03-12 15:49:42.301 +00:00 [DBG] successfully put metrics to cloudwatch
2024-03-12 15:49:42.301 +00:00 [DBG] Deleting successfully sent batch of metric events
2024-03-12 15:49:42.315 +00:00 [DBG] Checking if table MetricsTable is empty
2024-03-12 15:49:42.316 +00:00 [DBG] is empty: False
2024-03-12 15:49:42.320 +00:00 [DBG] Metrics event batch successfully created, sending metrics
2024-03-12 15:49:42.320 +00:00 [DBG] metrics region already exists in app: eu-central-1
2024-03-12 15:49:42.320 +00:00 [DBG] Sending metrics batch async
2024-03-12 15:49:42.320 +00:00 [DBG] OS: MacOS
2024-03-12 15:49:42.320 +00:00 [DBG] OS: MacOS
2024-03-12 15:49:42.320 +00:00 [DBG] OS: MacOS
2024-03-12 15:49:42.320 +00:00 [DBG] OS: MacOS
2024-03-12 15:49:42.320 +00:00 [DBG] OS: MacOS
2024-03-12 15:49:42.320 +00:00 [DBG] OS: MacOS
2024-03-12 15:49:42.320 +00:00 [DBG] OS: MacOS
2024-03-12 15:49:42.321 +00:00 [DBG] OS: MacOS
2024-03-12 15:49:42.321 +00:00 [DBG] OS: MacOS
2024-03-12 15:49:42.321 +00:00 [DBG] OS: MacOS
2024-03-12 15:49:42.321 +00:00 [DBG] OS: MacOS
2024-03-12 15:49:42.321 +00:00 [DBG] OS: MacOS
2024-03-12 15:49:42.321 +00:00 [DBG] OS: MacOS
2024-03-12 15:49:42.321 +00:00 [DBG] OS: MacOS
2024-03-12 15:49:42.321 +00:00 [DBG] OS: MacOS
2024-03-12 15:49:42.321 +00:00 [DBG] OS: MacOS
2024-03-12 15:49:42.321 +00:00 [DBG] OS: MacOS
2024-03-12 15:49:42.321 +00:00 [DBG] OS: MacOS
2024-03-12 15:49:42.321 +00:00 [DBG] OS: MacOS
2024-03-12 15:49:42.321 +00:00 [DBG] OS: MacOS
2024-03-12 15:49:42.321 +00:00 [DBG] Metrics data request created
2024-03-12 15:49:42.386 +00:00 [DBG] CloudWatch response received
2024-03-12 15:49:42.386 +00:00 [DBG] CloudWatch response status code: OK
2024-03-12 15:49:42.387 +00:00 [DBG] successfully put metrics to cloudwatch
2024-03-12 15:49:42.387 +00:00 [DBG] Deleting successfully sent batch of metric events
2024-03-12 15:49:42.402 +00:00 [DBG] Checking if table MetricsTable is empty
2024-03-12 15:49:42.402 +00:00 [DBG] is empty: False
2024-03-12 15:49:42.408 +00:00 [DBG] Metrics event batch successfully created, sending metrics
2024-03-12 15:49:42.408 +00:00 [DBG] metrics region already exists in app: eu-central-1
2024-03-12 15:49:42.408 +00:00 [DBG] Sending metrics batch async
2024-03-12 15:49:42.408 +00:00 [DBG] OS: MacOS
2024-03-12 15:49:42.408 +00:00 [DBG] OS: MacOS
2024-03-12 15:49:42.408 +00:00 [DBG] OS: MacOS
2024-03-12 15:49:42.408 +00:00 [DBG] OS: MacOS
2024-03-12 15:49:42.408 +00:00 [DBG] OS: MacOS
2024-03-12 15:49:42.408 +00:00 [DBG] OS: MacOS
2024-03-12 15:49:42.408 +00:00 [DBG] OS: MacOS
2024-03-12 15:49:42.408 +00:00 [DBG] OS: MacOS
2024-03-12 15:49:42.408 +00:00 [DBG] OS: MacOS
2024-03-12 15:49:42.408 +00:00 [DBG] OS: MacOS
2024-03-12 15:49:42.409 +00:00 [DBG] OS: MacOS
2024-03-12 15:49:42.409 +00:00 [DBG] OS: MacOS
2024-03-12 15:49:42.409 +00:00 [DBG] OS: MacOS
2024-03-12 15:49:42.409 +00:00 [DBG] OS: MacOS
2024-03-12 15:49:42.409 +00:00 [DBG] OS: MacOS
2024-03-12 15:49:42.409 +00:00 [DBG] OS: MacOS
2024-03-12 15:49:42.409 +00:00 [DBG] OS: MacOS
2024-03-12 15:49:42.409 +00:00 [DBG] OS: MacOS
2024-03-12 15:49:42.409 +00:00 [DBG] OS: MacOS
2024-03-12 15:49:42.409 +00:00 [DBG] OS: MacOS
2024-03-12 15:49:42.409 +00:00 [DBG] Metrics data request created
2024-03-12 15:49:42.658 +00:00 [DBG] CloudWatch response received
2024-03-12 15:49:42.658 +00:00 [DBG] CloudWatch response status code: OK
2024-03-12 15:49:42.659 +00:00 [DBG] successfully put metrics to cloudwatch
2024-03-12 15:49:42.659 +00:00 [DBG] Deleting successfully sent batch of metric events
2024-03-12 15:49:42.674 +00:00 [DBG] Checking if table MetricsTable is empty
2024-03-12 15:49:42.675 +00:00 [DBG] is empty: False
2024-03-12 15:49:42.677 +00:00 [DBG] Metrics event batch successfully created, sending metrics
2024-03-12 15:49:42.678 +00:00 [DBG] metrics region already exists in app: eu-central-1
2024-03-12 15:49:42.678 +00:00 [DBG] Sending metrics batch async
2024-03-12 15:49:42.678 +00:00 [DBG] OS: MacOS
2024-03-12 15:49:42.678 +00:00 [DBG] OS: MacOS
2024-03-12 15:49:42.678 +00:00 [DBG] OS: MacOS
2024-03-12 15:49:42.678 +00:00 [DBG] OS: MacOS
2024-03-12 15:49:42.678 +00:00 [DBG] OS: MacOS
2024-03-12 15:49:42.678 +00:00 [DBG] OS: MacOS
2024-03-12 15:49:42.678 +00:00 [DBG] OS: MacOS
2024-03-12 15:49:42.678 +00:00 [DBG] OS: MacOS
2024-03-12 15:49:42.678 +00:00 [DBG] OS: MacOS
2024-03-12 15:49:42.678 +00:00 [DBG] OS: MacOS
2024-03-12 15:49:42.678 +00:00 [DBG] OS: MacOS
2024-03-12 15:49:42.678 +00:00 [DBG] OS: MacOS
2024-03-12 15:49:42.678 +00:00 [DBG] OS: MacOS
2024-03-12 15:49:42.678 +00:00 [DBG] OS: MacOS
2024-03-12 15:49:42.678 +00:00 [DBG] OS: MacOS
2024-03-12 15:49:42.678 +00:00 [DBG] OS: MacOS
2024-03-12 15:49:42.678 +00:00 [DBG] OS: MacOS
2024-03-12 15:49:42.678 +00:00 [DBG] OS: MacOS
2024-03-12 15:49:42.678 +00:00 [DBG] OS: MacOS
2024-03-12 15:49:42.678 +00:00 [DBG] OS: MacOS
2024-03-12 15:49:42.678 +00:00 [DBG] Metrics data request created
2024-03-12 15:49:42.737 +00:00 [DBG] CloudWatch response received
2024-03-12 15:49:42.737 +00:00 [DBG] CloudWatch response status code: OK
2024-03-12 15:49:42.737 +00:00 [DBG] successfully put metrics to cloudwatch
2024-03-12 15:49:42.738 +00:00 [DBG] Deleting successfully sent batch of metric events
2024-03-12 15:49:42.788 +00:00 [DBG] Checking if table MetricsTable is empty
2024-03-12 15:49:42.788 +00:00 [DBG] is empty: False
2024-03-12 15:49:42.789 +00:00 [DBG] Metrics event batch successfully created, sending metrics
2024-03-12 15:49:42.789 +00:00 [DBG] metrics region already exists in app: eu-central-1
2024-03-12 15:49:42.790 +00:00 [DBG] Sending metrics batch async
2024-03-12 15:49:42.790 +00:00 [DBG] OS: MacOS
2024-03-12 15:49:42.790 +00:00 [DBG] OS: MacOS
2024-03-12 15:49:42.790 +00:00 [DBG] OS: MacOS
2024-03-12 15:49:42.790 +00:00 [DBG] OS: MacOS
2024-03-12 15:49:42.790 +00:00 [DBG] OS: MacOS
2024-03-12 15:49:42.790 +00:00 [DBG] OS: MacOS
2024-03-12 15:49:42.790 +00:00 [DBG] OS: MacOS
2024-03-12 15:49:42.790 +00:00 [DBG] OS: MacOS
2024-03-12 15:49:42.790 +00:00 [DBG] OS: MacOS
2024-03-12 15:49:42.790 +00:00 [DBG] OS: MacOS
2024-03-12 15:49:42.790 +00:00 [DBG] OS: MacOS
2024-03-12 15:49:42.790 +00:00 [DBG] OS: MacOS
2024-03-12 15:49:42.790 +00:00 [DBG] OS: MacOS
2024-03-12 15:49:42.790 +00:00 [DBG] OS: MacOS
2024-03-12 15:49:42.790 +00:00 [DBG] OS: MacOS
2024-03-12 15:49:42.790 +00:00 [DBG] OS: MacOS
2024-03-12 15:49:42.790 +00:00 [DBG] OS: MacOS
2024-03-12 15:49:42.790 +00:00 [DBG] OS: MacOS
2024-03-12 15:49:42.790 +00:00 [DBG] OS: MacOS
2024-03-12 15:49:42.790 +00:00 [DBG] OS: MacOS
2024-03-12 15:49:42.790 +00:00 [DBG] Metrics data request created
2024-03-12 15:49:42.861 +00:00 [DBG] CloudWatch response received
2024-03-12 15:49:42.861 +00:00 [DBG] CloudWatch response status code: OK
2024-03-12 15:49:42.861 +00:00 [DBG] successfully put metrics to cloudwatch
2024-03-12 15:49:42.861 +00:00 [DBG] Deleting successfully sent batch of metric events
2024-03-12 15:49:42.867 +00:00 [DBG] Checking if table MetricsTable is empty
2024-03-12 15:49:42.867 +00:00 [DBG] is empty: False
2024-03-12 15:49:42.868 +00:00 [DBG] Metrics event batch successfully created, sending metrics
2024-03-12 15:49:42.868 +00:00 [DBG] metrics region already exists in app: eu-central-1
2024-03-12 15:49:42.868 +00:00 [DBG] Sending metrics batch async
2024-03-12 15:49:42.868 +00:00 [DBG] OS: MacOS
2024-03-12 15:49:42.868 +00:00 [DBG] OS: MacOS
2024-03-12 15:49:42.868 +00:00 [DBG] OS: MacOS
2024-03-12 15:49:42.868 +00:00 [DBG] OS: MacOS
2024-03-12 15:49:42.868 +00:00 [DBG] OS: MacOS
2024-03-12 15:49:42.868 +00:00 [DBG] OS: MacOS
2024-03-12 15:49:42.868 +00:00 [DBG] OS: MacOS
2024-03-12 15:49:42.868 +00:00 [DBG] OS: MacOS
2024-03-12 15:49:42.869 +00:00 [DBG] OS: MacOS
2024-03-12 15:49:42.869 +00:00 [DBG] OS: MacOS
2024-03-12 15:49:42.869 +00:00 [DBG] OS: MacOS
2024-03-12 15:49:42.869 +00:00 [DBG] OS: MacOS
2024-03-12 15:49:42.869 +00:00 [DBG] OS: MacOS
2024-03-12 15:49:42.869 +00:00 [DBG] OS: MacOS
2024-03-12 15:49:42.869 +00:00 [DBG] OS: MacOS
2024-03-12 15:49:42.869 +00:00 [DBG] OS: MacOS
2024-03-12 15:49:42.869 +00:00 [DBG] OS: MacOS
2024-03-12 15:49:42.869 +00:00 [DBG] OS: MacOS
2024-03-12 15:49:42.869 +00:00 [DBG] OS: MacOS
2024-03-12 15:49:42.869 +00:00 [DBG] OS: MacOS
2024-03-12 15:49:42.869 +00:00 [DBG] Metrics data request created
2024-03-12 15:49:42.925 +00:00 [DBG] CloudWatch response received
2024-03-12 15:49:42.927 +00:00 [DBG] CloudWatch response status code: OK
2024-03-12 15:49:42.928 +00:00 [DBG] successfully put metrics to cloudwatch
2024-03-12 15:49:42.928 +00:00 [DBG] Deleting successfully sent batch of metric events
2024-03-12 15:49:42.941 +00:00 [DBG] Checking if table MetricsTable is empty
2024-03-12 15:49:42.944 +00:00 [DBG] is empty: False
2024-03-12 15:49:42.949 +00:00 [DBG] Metrics event batch successfully created, sending metrics
2024-03-12 15:49:42.949 +00:00 [DBG] metrics region already exists in app: eu-central-1
2024-03-12 15:49:42.949 +00:00 [DBG] Sending metrics batch async
2024-03-12 15:49:42.949 +00:00 [DBG] OS: MacOS
2024-03-12 15:49:42.949 +00:00 [DBG] OS: MacOS
2024-03-12 15:49:42.949 +00:00 [DBG] OS: MacOS
2024-03-12 15:49:42.950 +00:00 [DBG] OS: MacOS
2024-03-12 15:49:42.950 +00:00 [DBG] OS: MacOS
2024-03-12 15:49:42.950 +00:00 [DBG] OS: MacOS
2024-03-12 15:49:42.950 +00:00 [DBG] OS: MacOS
2024-03-12 15:49:42.950 +00:00 [DBG] OS: MacOS
2024-03-12 15:49:42.950 +00:00 [DBG] OS: MacOS
2024-03-12 15:49:42.950 +00:00 [DBG] OS: MacOS
2024-03-12 15:49:42.950 +00:00 [DBG] OS: MacOS
2024-03-12 15:49:42.950 +00:00 [DBG] OS: MacOS
2024-03-12 15:49:42.950 +00:00 [DBG] OS: MacOS
2024-03-12 15:49:42.950 +00:00 [DBG] OS: MacOS
2024-03-12 15:49:42.950 +00:00 [DBG] OS: MacOS
2024-03-12 15:49:42.950 +00:00 [DBG] OS: MacOS
2024-03-12 15:49:42.950 +00:00 [DBG] OS: MacOS
2024-03-12 15:49:42.950 +00:00 [DBG] OS: MacOS
2024-03-12 15:49:42.950 +00:00 [DBG] OS: MacOS
2024-03-12 15:49:42.950 +00:00 [DBG] OS: MacOS
2024-03-12 15:49:42.950 +00:00 [DBG] Metrics data request created
2024-03-12 15:49:43.006 +00:00 [DBG] CloudWatch response received
2024-03-12 15:49:43.006 +00:00 [DBG] CloudWatch response status code: OK
2024-03-12 15:49:43.006 +00:00 [DBG] successfully put metrics to cloudwatch
2024-03-12 15:49:43.006 +00:00 [DBG] Deleting successfully sent batch of metric events
2024-03-12 15:49:43.010 +00:00 [DBG] Checking if table MetricsTable is empty
2024-03-12 15:49:43.011 +00:00 [DBG] is empty: False
2024-03-12 15:49:43.012 +00:00 [DBG] Metrics event batch successfully created, sending metrics
2024-03-12 15:49:43.012 +00:00 [DBG] metrics region already exists in app: eu-central-1
2024-03-12 15:49:43.012 +00:00 [DBG] Sending metrics batch async
2024-03-12 15:49:43.012 +00:00 [DBG] OS: MacOS
2024-03-12 15:49:43.012 +00:00 [DBG] OS: MacOS
2024-03-12 15:49:43.012 +00:00 [DBG] OS: MacOS
2024-03-12 15:49:43.012 +00:00 [DBG] OS: MacOS
2024-03-12 15:49:43.012 +00:00 [DBG] OS: MacOS
2024-03-12 15:49:43.012 +00:00 [DBG] OS: MacOS
2024-03-12 15:49:43.012 +00:00 [DBG] OS: MacOS
2024-03-12 15:49:43.012 +00:00 [DBG] OS: MacOS
2024-03-12 15:49:43.012 +00:00 [DBG] OS: MacOS
2024-03-12 15:49:43.012 +00:00 [DBG] OS: MacOS
2024-03-12 15:49:43.012 +00:00 [DBG] OS: MacOS
2024-03-12 15:49:43.012 +00:00 [DBG] OS: MacOS
2024-03-12 15:49:43.012 +00:00 [DBG] OS: MacOS
2024-03-12 15:49:43.012 +00:00 [DBG] OS: MacOS
2024-03-12 15:49:43.012 +00:00 [DBG] OS: MacOS
2024-03-12 15:49:43.012 +00:00 [DBG] OS: MacOS
2024-03-12 15:49:43.012 +00:00 [DBG] OS: MacOS
2024-03-12 15:49:43.012 +00:00 [DBG] OS: MacOS
2024-03-12 15:49:43.012 +00:00 [DBG] OS: MacOS
2024-03-12 15:49:43.012 +00:00 [DBG] OS: MacOS
2024-03-12 15:49:43.012 +00:00 [DBG] Metrics data request created
2024-03-12 15:49:43.069 +00:00 [DBG] CloudWatch response received
2024-03-12 15:49:43.070 +00:00 [DBG] CloudWatch response status code: OK
2024-03-12 15:49:43.070 +00:00 [DBG] successfully put metrics to cloudwatch
2024-03-12 15:49:43.070 +00:00 [DBG] Deleting successfully sent batch of metric events
2024-03-12 15:49:43.098 +00:00 [DBG] Checking if table MetricsTable is empty
2024-03-12 15:49:43.098 +00:00 [DBG] is empty: False
2024-03-12 15:49:43.099 +00:00 [DBG] Metrics event batch successfully created, sending metrics
2024-03-12 15:49:43.099 +00:00 [DBG] metrics region already exists in app: eu-central-1
2024-03-12 15:49:43.099 +00:00 [DBG] Sending metrics batch async
2024-03-12 15:49:43.099 +00:00 [DBG] OS: MacOS
2024-03-12 15:49:43.099 +00:00 [DBG] OS: MacOS
2024-03-12 15:49:43.099 +00:00 [DBG] OS: MacOS
2024-03-12 15:49:43.099 +00:00 [DBG] OS: MacOS
2024-03-12 15:49:43.099 +00:00 [DBG] OS: MacOS
2024-03-12 15:49:43.099 +00:00 [DBG] OS: MacOS
2024-03-12 15:49:43.099 +00:00 [DBG] OS: MacOS
2024-03-12 15:49:43.099 +00:00 [DBG] OS: MacOS
2024-03-12 15:49:43.099 +00:00 [DBG] OS: MacOS
2024-03-12 15:49:43.099 +00:00 [DBG] OS: MacOS
2024-03-12 15:49:43.099 +00:00 [DBG] OS: MacOS
2024-03-12 15:49:43.099 +00:00 [DBG] OS: MacOS
2024-03-12 15:49:43.099 +00:00 [DBG] OS: MacOS
2024-03-12 15:49:43.099 +00:00 [DBG] OS: MacOS
2024-03-12 15:49:43.099 +00:00 [DBG] OS: MacOS
2024-03-12 15:49:43.099 +00:00 [DBG] OS: MacOS
2024-03-12 15:49:43.099 +00:00 [DBG] OS: MacOS
2024-03-12 15:49:43.100 +00:00 [DBG] OS: MacOS
2024-03-12 15:49:43.100 +00:00 [DBG] OS: MacOS
2024-03-12 15:49:43.100 +00:00 [DBG] OS: MacOS
2024-03-12 15:49:43.100 +00:00 [DBG] Metrics data request created
2024-03-12 15:49:43.155 +00:00 [DBG] CloudWatch response received
2024-03-12 15:49:43.156 +00:00 [DBG] CloudWatch response status code: OK
2024-03-12 15:49:43.156 +00:00 [DBG] successfully put metrics to cloudwatch
2024-03-12 15:49:43.156 +00:00 [DBG] Deleting successfully sent batch of metric events
2024-03-12 15:49:43.167 +00:00 [DBG] Checking if table MetricsTable is empty
2024-03-12 15:49:43.168 +00:00 [DBG] is empty: False
2024-03-12 15:49:43.171 +00:00 [DBG] Metrics event batch successfully created, sending metrics
2024-03-12 15:49:43.171 +00:00 [DBG] metrics region already exists in app: eu-central-1
2024-03-12 15:49:43.171 +00:00 [DBG] Sending metrics batch async
2024-03-12 15:49:43.171 +00:00 [DBG] OS: MacOS
2024-03-12 15:49:43.171 +00:00 [DBG] OS: MacOS
2024-03-12 15:49:43.171 +00:00 [DBG] OS: MacOS
2024-03-12 15:49:43.171 +00:00 [DBG] OS: MacOS
2024-03-12 15:49:43.171 +00:00 [DBG] OS: MacOS
2024-03-12 15:49:43.171 +00:00 [DBG] OS: MacOS
2024-03-12 15:49:43.172 +00:00 [DBG] OS: MacOS
2024-03-12 15:49:43.172 +00:00 [DBG] OS: MacOS
2024-03-12 15:49:43.172 +00:00 [DBG] OS: MacOS
2024-03-12 15:49:43.172 +00:00 [DBG] OS: MacOS
2024-03-12 15:49:43.172 +00:00 [DBG] OS: MacOS
2024-03-12 15:49:43.172 +00:00 [DBG] OS: MacOS
2024-03-12 15:49:43.172 +00:00 [DBG] OS: MacOS
2024-03-12 15:49:43.172 +00:00 [DBG] OS: MacOS
2024-03-12 15:49:43.172 +00:00 [DBG] OS: MacOS
2024-03-12 15:49:43.172 +00:00 [DBG] OS: MacOS
2024-03-12 15:49:43.172 +00:00 [DBG] OS: MacOS
2024-03-12 15:49:43.172 +00:00 [DBG] OS: MacOS
2024-03-12 15:49:43.172 +00:00 [DBG] OS: MacOS
2024-03-12 15:49:43.172 +00:00 [DBG] OS: MacOS
2024-03-12 15:49:43.172 +00:00 [DBG] Metrics data request created
2024-03-12 15:49:43.233 +00:00 [DBG] CloudWatch response received
2024-03-12 15:49:43.233 +00:00 [DBG] CloudWatch response status code: OK
2024-03-12 15:49:43.233 +00:00 [DBG] successfully put metrics to cloudwatch
2024-03-12 15:49:43.235 +00:00 [DBG] Deleting successfully sent batch of metric events
2024-03-12 15:49:43.255 +00:00 [DBG] Checking if table MetricsTable is empty
2024-03-12 15:49:43.261 +00:00 [DBG] is empty: False
2024-03-12 15:49:43.272 +00:00 [DBG] Metrics event batch successfully created, sending metrics
2024-03-12 15:49:43.273 +00:00 [DBG] metrics region already exists in app: eu-central-1
2024-03-12 15:49:43.273 +00:00 [DBG] Sending metrics batch async
2024-03-12 15:49:43.273 +00:00 [DBG] OS: MacOS
2024-03-12 15:49:43.273 +00:00 [DBG] OS: MacOS
2024-03-12 15:49:43.273 +00:00 [DBG] OS: MacOS
2024-03-12 15:49:43.273 +00:00 [DBG] OS: MacOS
2024-03-12 15:49:43.273 +00:00 [DBG] OS: MacOS
2024-03-12 15:49:43.273 +00:00 [DBG] OS: MacOS
2024-03-12 15:49:43.273 +00:00 [DBG] OS: MacOS
2024-03-12 15:49:43.273 +00:00 [DBG] OS: MacOS
2024-03-12 15:49:43.273 +00:00 [DBG] OS: MacOS
2024-03-12 15:49:43.273 +00:00 [DBG] OS: MacOS
2024-03-12 15:49:43.273 +00:00 [DBG] OS: MacOS
2024-03-12 15:49:43.273 +00:00 [DBG] OS: MacOS
2024-03-12 15:49:43.273 +00:00 [DBG] OS: MacOS
2024-03-12 15:49:43.273 +00:00 [DBG] OS: MacOS
2024-03-12 15:49:43.273 +00:00 [DBG] OS: MacOS
2024-03-12 15:49:43.273 +00:00 [DBG] OS: MacOS
2024-03-12 15:49:43.273 +00:00 [DBG] OS: MacOS
2024-03-12 15:49:43.273 +00:00 [DBG] OS: MacOS
2024-03-12 15:49:43.273 +00:00 [DBG] OS: MacOS
2024-03-12 15:49:43.273 +00:00 [DBG] OS: MacOS
2024-03-12 15:49:43.274 +00:00 [DBG] Metrics data request created
2024-03-12 15:49:43.337 +00:00 [DBG] CloudWatch response received
2024-03-12 15:49:43.337 +00:00 [DBG] CloudWatch response status code: OK
2024-03-12 15:49:43.337 +00:00 [DBG] successfully put metrics to cloudwatch
2024-03-12 15:49:43.337 +00:00 [DBG] Deleting successfully sent batch of metric events
2024-03-12 15:49:43.363 +00:00 [DBG] Checking if table MetricsTable is empty
2024-03-12 15:49:43.364 +00:00 [DBG] is empty: False
2024-03-12 15:49:43.367 +00:00 [DBG] Metrics event batch successfully created, sending metrics
2024-03-12 15:49:43.367 +00:00 [DBG] metrics region already exists in app: eu-central-1
2024-03-12 15:49:43.367 +00:00 [DBG] Sending metrics batch async
2024-03-12 15:49:43.368 +00:00 [DBG] OS: MacOS
2024-03-12 15:49:43.368 +00:00 [DBG] OS: MacOS
2024-03-12 15:49:43.368 +00:00 [DBG] OS: MacOS
2024-03-12 15:49:43.368 +00:00 [DBG] OS: MacOS
2024-03-12 15:49:43.368 +00:00 [DBG] OS: MacOS
2024-03-12 15:49:43.368 +00:00 [DBG] OS: MacOS
2024-03-12 15:49:43.368 +00:00 [DBG] OS: MacOS
2024-03-12 15:49:43.368 +00:00 [DBG] OS: MacOS
2024-03-12 15:49:43.368 +00:00 [DBG] OS: MacOS
2024-03-12 15:49:43.368 +00:00 [DBG] OS: MacOS
2024-03-12 15:49:43.368 +00:00 [DBG] OS: MacOS
2024-03-12 15:49:43.368 +00:00 [DBG] OS: MacOS
2024-03-12 15:49:43.368 +00:00 [DBG] OS: MacOS
2024-03-12 15:49:43.368 +00:00 [DBG] OS: MacOS
2024-03-12 15:49:43.368 +00:00 [DBG] OS: MacOS
2024-03-12 15:49:43.368 +00:00 [DBG] OS: MacOS
2024-03-12 15:49:43.368 +00:00 [DBG] OS: MacOS
2024-03-12 15:49:43.368 +00:00 [DBG] OS: MacOS
2024-03-12 15:49:43.368 +00:00 [DBG] OS: MacOS
2024-03-12 15:49:43.368 +00:00 [DBG] OS: MacOS
2024-03-12 15:49:43.368 +00:00 [DBG] Metrics data request created
2024-03-12 15:49:43.434 +00:00 [DBG] CloudWatch response received
2024-03-12 15:49:43.435 +00:00 [DBG] CloudWatch response status code: OK
2024-03-12 15:49:43.435 +00:00 [DBG] successfully put metrics to cloudwatch
2024-03-12 15:49:43.435 +00:00 [DBG] Deleting successfully sent batch of metric events
2024-03-12 15:49:43.444 +00:00 [DBG] Checking if table MetricsTable is empty
2024-03-12 15:49:43.445 +00:00 [DBG] is empty: False
2024-03-12 15:49:43.448 +00:00 [DBG] Metrics event batch successfully created, sending metrics
2024-03-12 15:49:43.448 +00:00 [DBG] metrics region already exists in app: eu-central-1
2024-03-12 15:49:43.448 +00:00 [DBG] Sending metrics batch async
2024-03-12 15:49:43.448 +00:00 [DBG] OS: MacOS
2024-03-12 15:49:43.448 +00:00 [DBG] OS: MacOS
2024-03-12 15:49:43.449 +00:00 [DBG] OS: MacOS
2024-03-12 15:49:43.449 +00:00 [DBG] OS: MacOS
2024-03-12 15:49:43.449 +00:00 [DBG] OS: MacOS
2024-03-12 15:49:43.449 +00:00 [DBG] OS: MacOS
2024-03-12 15:49:43.449 +00:00 [DBG] OS: MacOS
2024-03-12 15:49:43.449 +00:00 [DBG] OS: MacOS
2024-03-12 15:49:43.449 +00:00 [DBG] OS: MacOS
2024-03-12 15:49:43.449 +00:00 [DBG] OS: MacOS
2024-03-12 15:49:43.449 +00:00 [DBG] OS: MacOS
2024-03-12 15:49:43.449 +00:00 [DBG] OS: MacOS
2024-03-12 15:49:43.449 +00:00 [DBG] OS: MacOS
2024-03-12 15:49:43.449 +00:00 [DBG] OS: MacOS
2024-03-12 15:49:43.449 +00:00 [DBG] OS: MacOS
2024-03-12 15:49:43.449 +00:00 [DBG] OS: MacOS
2024-03-12 15:49:43.449 +00:00 [DBG] OS: MacOS
2024-03-12 15:49:43.449 +00:00 [DBG] OS: MacOS
2024-03-12 15:49:43.449 +00:00 [DBG] OS: MacOS
2024-03-12 15:49:43.449 +00:00 [DBG] OS: MacOS
2024-03-12 15:49:43.449 +00:00 [DBG] Metrics data request created
2024-03-12 15:49:43.511 +00:00 [DBG] CloudWatch response received
2024-03-12 15:49:43.511 +00:00 [DBG] CloudWatch response status code: OK
2024-03-12 15:49:43.511 +00:00 [DBG] successfully put metrics to cloudwatch
2024-03-12 15:49:43.511 +00:00 [DBG] Deleting successfully sent batch of metric events
2024-03-12 15:49:43.528 +00:00 [DBG] Checking if table MetricsTable is empty
2024-03-12 15:49:43.529 +00:00 [DBG] is empty: False
2024-03-12 15:49:43.533 +00:00 [DBG] Metrics event batch successfully created, sending metrics
2024-03-12 15:49:43.533 +00:00 [DBG] metrics region already exists in app: eu-central-1
2024-03-12 15:49:43.533 +00:00 [DBG] Sending metrics batch async
2024-03-12 15:49:43.533 +00:00 [DBG] OS: MacOS
2024-03-12 15:49:43.533 +00:00 [DBG] OS: MacOS
2024-03-12 15:49:43.533 +00:00 [DBG] OS: MacOS
2024-03-12 15:49:43.533 +00:00 [DBG] OS: MacOS
2024-03-12 15:49:43.533 +00:00 [DBG] OS: MacOS
2024-03-12 15:49:43.533 +00:00 [DBG] OS: MacOS
2024-03-12 15:49:43.533 +00:00 [DBG] OS: MacOS
2024-03-12 15:49:43.533 +00:00 [DBG] OS: MacOS
2024-03-12 15:49:43.533 +00:00 [DBG] OS: MacOS
2024-03-12 15:49:43.533 +00:00 [DBG] OS: MacOS
2024-03-12 15:49:43.533 +00:00 [DBG] OS: MacOS
2024-03-12 15:49:43.533 +00:00 [DBG] OS: MacOS
2024-03-12 15:49:43.533 +00:00 [DBG] OS: MacOS
2024-03-12 15:49:43.534 +00:00 [DBG] OS: MacOS
2024-03-12 15:49:43.534 +00:00 [DBG] OS: MacOS
2024-03-12 15:49:43.534 +00:00 [DBG] OS: MacOS
2024-03-12 15:49:43.534 +00:00 [DBG] OS: MacOS
2024-03-12 15:49:43.534 +00:00 [DBG] OS: MacOS
2024-03-12 15:49:43.534 +00:00 [DBG] OS: MacOS
2024-03-12 15:49:43.534 +00:00 [DBG] OS: MacOS
2024-03-12 15:49:43.534 +00:00 [DBG] Metrics data request created
2024-03-12 15:49:43.591 +00:00 [DBG] CloudWatch response received
2024-03-12 15:49:43.591 +00:00 [DBG] CloudWatch response status code: OK
2024-03-12 15:49:43.591 +00:00 [DBG] successfully put metrics to cloudwatch
2024-03-12 15:49:43.591 +00:00 [DBG] Deleting successfully sent batch of metric events
2024-03-12 15:49:43.602 +00:00 [DBG] Checking if table MetricsTable is empty
2024-03-12 15:49:43.603 +00:00 [DBG] is empty: False
2024-03-12 15:49:43.605 +00:00 [DBG] Metrics event batch successfully created, sending metrics
2024-03-12 15:49:43.605 +00:00 [DBG] metrics region already exists in app: eu-central-1
2024-03-12 15:49:43.605 +00:00 [DBG] Sending metrics batch async
2024-03-12 15:49:43.605 +00:00 [DBG] OS: MacOS
2024-03-12 15:49:43.605 +00:00 [DBG] OS: MacOS
2024-03-12 15:49:43.605 +00:00 [DBG] OS: MacOS
2024-03-12 15:49:43.606 +00:00 [DBG] OS: MacOS
2024-03-12 15:49:43.606 +00:00 [DBG] OS: MacOS
2024-03-12 15:49:43.606 +00:00 [DBG] OS: MacOS
2024-03-12 15:49:43.606 +00:00 [DBG] OS: MacOS
2024-03-12 15:49:43.606 +00:00 [DBG] OS: MacOS
2024-03-12 15:49:43.606 +00:00 [DBG] OS: MacOS
2024-03-12 15:49:43.606 +00:00 [DBG] OS: MacOS
2024-03-12 15:49:43.606 +00:00 [DBG] OS: MacOS
2024-03-12 15:49:43.607 +00:00 [DBG] OS: MacOS
2024-03-12 15:49:43.607 +00:00 [DBG] OS: MacOS
2024-03-12 15:49:43.607 +00:00 [DBG] OS: MacOS
2024-03-12 15:49:43.607 +00:00 [DBG] OS: MacOS
2024-03-12 15:49:43.607 +00:00 [DBG] OS: MacOS
2024-03-12 15:49:43.607 +00:00 [DBG] OS: MacOS
2024-03-12 15:49:43.607 +00:00 [DBG] OS: MacOS
2024-03-12 15:49:43.607 +00:00 [DBG] OS: MacOS
2024-03-12 15:49:43.608 +00:00 [DBG] OS: MacOS
2024-03-12 15:49:43.608 +00:00 [DBG] Metrics data request created
2024-03-12 15:49:43.669 +00:00 [DBG] CloudWatch response received
2024-03-12 15:49:43.669 +00:00 [DBG] CloudWatch response status code: OK
2024-03-12 15:49:43.669 +00:00 [DBG] successfully put metrics to cloudwatch
2024-03-12 15:49:43.669 +00:00 [DBG] Deleting successfully sent batch of metric events
2024-03-12 15:49:43.681 +00:00 [DBG] Checking if table MetricsTable is empty
2024-03-12 15:49:43.682 +00:00 [DBG] is empty: False
2024-03-12 15:49:43.686 +00:00 [DBG] Metrics event batch successfully created, sending metrics
2024-03-12 15:49:43.686 +00:00 [DBG] metrics region already exists in app: eu-central-1
2024-03-12 15:49:43.686 +00:00 [DBG] Sending metrics batch async
2024-03-12 15:49:43.686 +00:00 [DBG] OS: MacOS
2024-03-12 15:49:43.686 +00:00 [DBG] OS: MacOS
2024-03-12 15:49:43.686 +00:00 [DBG] OS: MacOS
2024-03-12 15:49:43.686 +00:00 [DBG] OS: MacOS
2024-03-12 15:49:43.686 +00:00 [DBG] OS: MacOS
2024-03-12 15:49:43.686 +00:00 [DBG] OS: MacOS
2024-03-12 15:49:43.686 +00:00 [DBG] OS: MacOS
2024-03-12 15:49:43.686 +00:00 [DBG] OS: MacOS
2024-03-12 15:49:43.686 +00:00 [DBG] OS: MacOS
2024-03-12 15:49:43.686 +00:00 [DBG] OS: MacOS
2024-03-12 15:49:43.686 +00:00 [DBG] OS: MacOS
2024-03-12 15:49:43.687 +00:00 [DBG] OS: MacOS
2024-03-12 15:49:43.687 +00:00 [DBG] OS: MacOS
2024-03-12 15:49:43.687 +00:00 [DBG] OS: MacOS
2024-03-12 15:49:43.687 +00:00 [DBG] OS: MacOS
2024-03-12 15:49:43.687 +00:00 [DBG] OS: MacOS
2024-03-12 15:49:43.687 +00:00 [DBG] OS: MacOS
2024-03-12 15:49:43.687 +00:00 [DBG] OS: MacOS
2024-03-12 15:49:43.687 +00:00 [DBG] OS: MacOS
2024-03-12 15:49:43.687 +00:00 [DBG] OS: MacOS
2024-03-12 15:49:43.687 +00:00 [DBG] Metrics data request created
2024-03-12 15:49:43.746 +00:00 [DBG] CloudWatch response received
2024-03-12 15:49:43.747 +00:00 [DBG] CloudWatch response status code: OK
2024-03-12 15:49:43.747 +00:00 [DBG] successfully put metrics to cloudwatch
2024-03-12 15:49:43.747 +00:00 [DBG] Deleting successfully sent batch of metric events
2024-03-12 15:49:43.765 +00:00 [DBG] Checking if table MetricsTable is empty
2024-03-12 15:49:43.765 +00:00 [DBG] is empty: False
2024-03-12 15:49:43.770 +00:00 [DBG] Metrics event batch successfully created, sending metrics
2024-03-12 15:49:43.770 +00:00 [DBG] metrics region already exists in app: eu-central-1
2024-03-12 15:49:43.770 +00:00 [DBG] Sending metrics batch async
2024-03-12 15:49:43.770 +00:00 [DBG] OS: MacOS
2024-03-12 15:49:43.770 +00:00 [DBG] OS: MacOS
2024-03-12 15:49:43.770 +00:00 [DBG] OS: MacOS
2024-03-12 15:49:43.770 +00:00 [DBG] OS: MacOS
2024-03-12 15:49:43.770 +00:00 [DBG] OS: MacOS
2024-03-12 15:49:43.770 +00:00 [DBG] OS: MacOS
2024-03-12 15:49:43.770 +00:00 [DBG] OS: MacOS
2024-03-12 15:49:43.770 +00:00 [DBG] OS: MacOS
2024-03-12 15:49:43.771 +00:00 [DBG] OS: MacOS
2024-03-12 15:49:43.771 +00:00 [DBG] OS: MacOS
2024-03-12 15:49:43.771 +00:00 [DBG] OS: MacOS
2024-03-12 15:49:43.771 +00:00 [DBG] OS: MacOS
2024-03-12 15:49:43.771 +00:00 [DBG] OS: MacOS
2024-03-12 15:49:43.771 +00:00 [DBG] OS: MacOS
2024-03-12 15:49:43.771 +00:00 [DBG] OS: MacOS
2024-03-12 15:49:43.771 +00:00 [DBG] OS: MacOS
2024-03-12 15:49:43.771 +00:00 [DBG] OS: MacOS
2024-03-12 15:49:43.771 +00:00 [DBG] OS: MacOS
2024-03-12 15:49:43.771 +00:00 [DBG] OS: MacOS
2024-03-12 15:49:43.771 +00:00 [DBG] OS: MacOS
2024-03-12 15:49:43.771 +00:00 [DBG] Metrics data request created
2024-03-12 15:49:43.849 +00:00 [DBG] CloudWatch response received
2024-03-12 15:49:43.851 +00:00 [DBG] CloudWatch response status code: OK
2024-03-12 15:49:43.851 +00:00 [DBG] successfully put metrics to cloudwatch
2024-03-12 15:49:43.851 +00:00 [DBG] Deleting successfully sent batch of metric events
2024-03-12 15:49:43.856 +00:00 [DBG] Checking if table MetricsTable is empty
2024-03-12 15:49:43.857 +00:00 [DBG] is empty: False
2024-03-12 15:49:43.858 +00:00 [DBG] Metrics event batch successfully created, sending metrics
2024-03-12 15:49:43.858 +00:00 [DBG] metrics region already exists in app: eu-central-1
2024-03-12 15:49:43.858 +00:00 [DBG] Sending metrics batch async
2024-03-12 15:49:43.858 +00:00 [DBG] OS: MacOS
2024-03-12 15:49:43.858 +00:00 [DBG] OS: MacOS
2024-03-12 15:49:43.858 +00:00 [DBG] OS: MacOS
2024-03-12 15:49:43.858 +00:00 [DBG] OS: MacOS
2024-03-12 15:49:43.858 +00:00 [DBG] OS: MacOS
2024-03-12 15:49:43.858 +00:00 [DBG] OS: MacOS
2024-03-12 15:49:43.858 +00:00 [DBG] OS: MacOS
2024-03-12 15:49:43.858 +00:00 [DBG] OS: MacOS
2024-03-12 15:49:43.858 +00:00 [DBG] OS: MacOS
2024-03-12 15:49:43.858 +00:00 [DBG] OS: MacOS
2024-03-12 15:49:43.858 +00:00 [DBG] OS: MacOS
2024-03-12 15:49:43.858 +00:00 [DBG] OS: MacOS
2024-03-12 15:49:43.858 +00:00 [DBG] OS: MacOS
2024-03-12 15:49:43.858 +00:00 [DBG] OS: MacOS
2024-03-12 15:49:43.858 +00:00 [DBG] OS: MacOS
2024-03-12 15:49:43.858 +00:00 [DBG] OS: MacOS
2024-03-12 15:49:43.858 +00:00 [DBG] OS: MacOS
2024-03-12 15:49:43.858 +00:00 [DBG] OS: MacOS
2024-03-12 15:49:43.858 +00:00 [DBG] OS: MacOS
2024-03-12 15:49:43.858 +00:00 [DBG] OS: MacOS
2024-03-12 15:49:43.858 +00:00 [DBG] Metrics data request created
2024-03-12 15:49:43.916 +00:00 [DBG] CloudWatch response received
2024-03-12 15:49:43.916 +00:00 [DBG] CloudWatch response status code: OK
2024-03-12 15:49:43.916 +00:00 [DBG] successfully put metrics to cloudwatch
2024-03-12 15:49:43.916 +00:00 [DBG] Deleting successfully sent batch of metric events
2024-03-12 15:49:43.928 +00:00 [DBG] Checking if table MetricsTable is empty
2024-03-12 15:49:43.928 +00:00 [DBG] is empty: False
2024-03-12 15:49:43.934 +00:00 [DBG] Metrics event batch successfully created, sending metrics
2024-03-12 15:49:43.934 +00:00 [DBG] metrics region already exists in app: eu-central-1
2024-03-12 15:49:43.934 +00:00 [DBG] Sending metrics batch async
2024-03-12 15:49:43.934 +00:00 [DBG] OS: MacOS
2024-03-12 15:49:43.934 +00:00 [DBG] OS: MacOS
2024-03-12 15:49:43.934 +00:00 [DBG] OS: MacOS
2024-03-12 15:49:43.934 +00:00 [DBG] OS: MacOS
2024-03-12 15:49:43.934 +00:00 [DBG] OS: MacOS
2024-03-12 15:49:43.934 +00:00 [DBG] OS: MacOS
2024-03-12 15:49:43.935 +00:00 [DBG] OS: MacOS
2024-03-12 15:49:43.935 +00:00 [DBG] OS: MacOS
2024-03-12 15:49:43.935 +00:00 [DBG] OS: MacOS
2024-03-12 15:49:43.935 +00:00 [DBG] OS: MacOS
2024-03-12 15:49:43.935 +00:00 [DBG] OS: MacOS
2024-03-12 15:49:43.935 +00:00 [DBG] OS: MacOS
2024-03-12 15:49:43.935 +00:00 [DBG] OS: MacOS
2024-03-12 15:49:43.935 +00:00 [DBG] OS: MacOS
2024-03-12 15:49:43.935 +00:00 [DBG] OS: MacOS
2024-03-12 15:49:43.935 +00:00 [DBG] OS: MacOS
2024-03-12 15:49:43.935 +00:00 [DBG] OS: MacOS
2024-03-12 15:49:43.935 +00:00 [DBG] OS: MacOS
2024-03-12 15:49:43.935 +00:00 [DBG] OS: MacOS
2024-03-12 15:49:43.935 +00:00 [DBG] OS: MacOS
2024-03-12 15:49:43.935 +00:00 [DBG] Metrics data request created
2024-03-12 15:49:43.994 +00:00 [DBG] CloudWatch response received
2024-03-12 15:49:43.994 +00:00 [DBG] CloudWatch response status code: OK
2024-03-12 15:49:43.994 +00:00 [DBG] successfully put metrics to cloudwatch
2024-03-12 15:49:43.994 +00:00 [DBG] Deleting successfully sent batch of metric events
2024-03-12 15:49:44.004 +00:00 [DBG] Checking if table MetricsTable is empty
2024-03-12 15:49:44.005 +00:00 [DBG] is empty: False
2024-03-12 15:49:44.007 +00:00 [DBG] Metrics event batch successfully created, sending metrics
2024-03-12 15:49:44.007 +00:00 [DBG] metrics region already exists in app: eu-central-1
2024-03-12 15:49:44.007 +00:00 [DBG] Sending metrics batch async
2024-03-12 15:49:44.007 +00:00 [DBG] OS: MacOS
2024-03-12 15:49:44.007 +00:00 [DBG] OS: MacOS
2024-03-12 15:49:44.007 +00:00 [DBG] OS: MacOS
2024-03-12 15:49:44.008 +00:00 [DBG] OS: MacOS
2024-03-12 15:49:44.008 +00:00 [DBG] OS: MacOS
2024-03-12 15:49:44.008 +00:00 [DBG] OS: MacOS
2024-03-12 15:49:44.008 +00:00 [DBG] OS: MacOS
2024-03-12 15:49:44.008 +00:00 [DBG] OS: MacOS
2024-03-12 15:49:44.008 +00:00 [DBG] OS: MacOS
2024-03-12 15:49:44.008 +00:00 [DBG] OS: MacOS
2024-03-12 15:49:44.008 +00:00 [DBG] OS: MacOS
2024-03-12 15:49:44.008 +00:00 [DBG] OS: MacOS
2024-03-12 15:49:44.008 +00:00 [DBG] OS: MacOS
2024-03-12 15:49:44.008 +00:00 [DBG] OS: MacOS
2024-03-12 15:49:44.008 +00:00 [DBG] OS: MacOS
2024-03-12 15:49:44.008 +00:00 [DBG] OS: MacOS
2024-03-12 15:49:44.008 +00:00 [DBG] OS: MacOS
2024-03-12 15:49:44.008 +00:00 [DBG] OS: MacOS
2024-03-12 15:49:44.008 +00:00 [DBG] OS: MacOS
2024-03-12 15:49:44.009 +00:00 [DBG] OS: MacOS
2024-03-12 15:49:44.009 +00:00 [DBG] Metrics data request created
2024-03-12 15:49:44.069 +00:00 [DBG] CloudWatch response received
2024-03-12 15:49:44.071 +00:00 [DBG] CloudWatch response status code: OK
2024-03-12 15:49:44.071 +00:00 [DBG] successfully put metrics to cloudwatch
2024-03-12 15:49:44.071 +00:00 [DBG] Deleting successfully sent batch of metric events
2024-03-12 15:49:44.082 +00:00 [DBG] Checking if table MetricsTable is empty
2024-03-12 15:49:44.083 +00:00 [DBG] is empty: False
2024-03-12 15:49:44.089 +00:00 [DBG] Metrics event batch successfully created, sending metrics
2024-03-12 15:49:44.089 +00:00 [DBG] metrics region already exists in app: eu-central-1
2024-03-12 15:49:44.089 +00:00 [DBG] Sending metrics batch async
2024-03-12 15:49:44.090 +00:00 [DBG] OS: MacOS
2024-03-12 15:49:44.090 +00:00 [DBG] OS: MacOS
2024-03-12 15:49:44.090 +00:00 [DBG] OS: MacOS
2024-03-12 15:49:44.090 +00:00 [DBG] OS: MacOS
2024-03-12 15:49:44.090 +00:00 [DBG] OS: MacOS
2024-03-12 15:49:44.090 +00:00 [DBG] OS: MacOS
2024-03-12 15:49:44.090 +00:00 [DBG] OS: MacOS
2024-03-12 15:49:44.090 +00:00 [DBG] OS: MacOS
2024-03-12 15:49:44.090 +00:00 [DBG] OS: MacOS
2024-03-12 15:49:44.090 +00:00 [DBG] OS: MacOS
2024-03-12 15:49:44.090 +00:00 [DBG] OS: MacOS
2024-03-12 15:49:44.090 +00:00 [DBG] OS: MacOS
2024-03-12 15:49:44.090 +00:00 [DBG] OS: MacOS
2024-03-12 15:49:44.090 +00:00 [DBG] OS: MacOS
2024-03-12 15:49:44.090 +00:00 [DBG] OS: MacOS
2024-03-12 15:49:44.091 +00:00 [DBG] OS: MacOS
2024-03-12 15:49:44.091 +00:00 [DBG] OS: MacOS
2024-03-12 15:49:44.091 +00:00 [DBG] OS: MacOS
2024-03-12 15:49:44.091 +00:00 [DBG] OS: MacOS
2024-03-12 15:49:44.091 +00:00 [DBG] OS: MacOS
2024-03-12 15:49:44.091 +00:00 [DBG] Metrics data request created
2024-03-12 15:49:44.154 +00:00 [DBG] CloudWatch response received
2024-03-12 15:49:44.155 +00:00 [DBG] CloudWatch response status code: OK
2024-03-12 15:49:44.155 +00:00 [DBG] successfully put metrics to cloudwatch
2024-03-12 15:49:44.155 +00:00 [DBG] Deleting successfully sent batch of metric events
2024-03-12 15:49:44.170 +00:00 [DBG] Checking if table MetricsTable is empty
2024-03-12 15:49:44.172 +00:00 [DBG] is empty: False
2024-03-12 15:49:44.189 +00:00 [DBG] Metrics event batch successfully created, sending metrics
2024-03-12 15:49:44.189 +00:00 [DBG] metrics region already exists in app: eu-central-1
2024-03-12 15:49:44.189 +00:00 [DBG] Sending metrics batch async
2024-03-12 15:49:44.189 +00:00 [DBG] OS: MacOS
2024-03-12 15:49:44.189 +00:00 [DBG] OS: MacOS
2024-03-12 15:49:44.189 +00:00 [DBG] OS: MacOS
2024-03-12 15:49:44.189 +00:00 [DBG] OS: MacOS
2024-03-12 15:49:44.189 +00:00 [DBG] OS: MacOS
2024-03-12 15:49:44.189 +00:00 [DBG] OS: MacOS
2024-03-12 15:49:44.189 +00:00 [DBG] OS: MacOS
2024-03-12 15:49:44.189 +00:00 [DBG] OS: MacOS
2024-03-12 15:49:44.189 +00:00 [DBG] OS: MacOS
2024-03-12 15:49:44.189 +00:00 [DBG] OS: MacOS
2024-03-12 15:49:44.189 +00:00 [DBG] OS: MacOS
2024-03-12 15:49:44.189 +00:00 [DBG] OS: MacOS
2024-03-12 15:49:44.190 +00:00 [DBG] OS: MacOS
2024-03-12 15:49:44.190 +00:00 [DBG] OS: MacOS
2024-03-12 15:49:44.190 +00:00 [DBG] OS: MacOS
2024-03-12 15:49:44.190 +00:00 [DBG] OS: MacOS
2024-03-12 15:49:44.190 +00:00 [DBG] OS: MacOS
2024-03-12 15:49:44.190 +00:00 [DBG] OS: MacOS
2024-03-12 15:49:44.190 +00:00 [DBG] OS: MacOS
2024-03-12 15:49:44.190 +00:00 [DBG] OS: MacOS
2024-03-12 15:49:44.190 +00:00 [DBG] Metrics data request created
2024-03-12 15:49:44.247 +00:00 [DBG] CloudWatch response received
2024-03-12 15:49:44.247 +00:00 [DBG] CloudWatch response status code: OK
2024-03-12 15:49:44.247 +00:00 [DBG] successfully put metrics to cloudwatch
2024-03-12 15:49:44.247 +00:00 [DBG] Deleting successfully sent batch of metric events
2024-03-12 15:49:44.257 +00:00 [DBG] Checking if table MetricsTable is empty
2024-03-12 15:49:44.257 +00:00 [DBG] is empty: False
2024-03-12 15:49:44.263 +00:00 [DBG] Metrics event batch successfully created, sending metrics
2024-03-12 15:49:44.263 +00:00 [DBG] metrics region already exists in app: eu-central-1
2024-03-12 15:49:44.263 +00:00 [DBG] Sending metrics batch async
2024-03-12 15:49:44.264 +00:00 [DBG] OS: MacOS
2024-03-12 15:49:44.264 +00:00 [DBG] OS: MacOS
2024-03-12 15:49:44.264 +00:00 [DBG] OS: MacOS
2024-03-12 15:49:44.264 +00:00 [DBG] OS: MacOS
2024-03-12 15:49:44.264 +00:00 [DBG] OS: MacOS
2024-03-12 15:49:44.264 +00:00 [DBG] OS: MacOS
2024-03-12 15:49:44.264 +00:00 [DBG] OS: MacOS
2024-03-12 15:49:44.264 +00:00 [DBG] OS: MacOS
2024-03-12 15:49:44.264 +00:00 [DBG] OS: MacOS
2024-03-12 15:49:44.264 +00:00 [DBG] OS: MacOS
2024-03-12 15:49:44.264 +00:00 [DBG] OS: MacOS
2024-03-12 15:49:44.264 +00:00 [DBG] OS: MacOS
2024-03-12 15:49:44.264 +00:00 [DBG] OS: MacOS
2024-03-12 15:49:44.264 +00:00 [DBG] OS: MacOS
2024-03-12 15:49:44.264 +00:00 [DBG] OS: MacOS
2024-03-12 15:49:44.264 +00:00 [DBG] OS: MacOS
2024-03-12 15:49:44.265 +00:00 [DBG] OS: MacOS
2024-03-12 15:49:44.265 +00:00 [DBG] OS: MacOS
2024-03-12 15:49:44.265 +00:00 [DBG] OS: MacOS
2024-03-12 15:49:44.265 +00:00 [DBG] OS: MacOS
2024-03-12 15:49:44.265 +00:00 [DBG] Metrics data request created
2024-03-12 15:49:44.331 +00:00 [DBG] CloudWatch response received
2024-03-12 15:49:44.332 +00:00 [DBG] CloudWatch response status code: OK
2024-03-12 15:49:44.332 +00:00 [DBG] successfully put metrics to cloudwatch
2024-03-12 15:49:44.332 +00:00 [DBG] Deleting successfully sent batch of metric events
2024-03-12 15:49:44.364 +00:00 [DBG] Checking if table MetricsTable is empty
2024-03-12 15:49:44.364 +00:00 [DBG] is empty: False
2024-03-12 15:49:44.366 +00:00 [DBG] Metrics event batch successfully created, sending metrics
2024-03-12 15:49:44.367 +00:00 [DBG] metrics region already exists in app: eu-central-1
2024-03-12 15:49:44.367 +00:00 [DBG] Sending metrics batch async
2024-03-12 15:49:44.367 +00:00 [DBG] OS: MacOS
2024-03-12 15:49:44.367 +00:00 [DBG] OS: MacOS
2024-03-12 15:49:44.367 +00:00 [DBG] OS: MacOS
2024-03-12 15:49:44.367 +00:00 [DBG] OS: MacOS
2024-03-12 15:49:44.367 +00:00 [DBG] OS: MacOS
2024-03-12 15:49:44.367 +00:00 [DBG] OS: MacOS
2024-03-12 15:49:44.367 +00:00 [DBG] OS: MacOS
2024-03-12 15:49:44.367 +00:00 [DBG] OS: MacOS
2024-03-12 15:49:44.367 +00:00 [DBG] OS: MacOS
2024-03-12 15:49:44.367 +00:00 [DBG] OS: MacOS
2024-03-12 15:49:44.367 +00:00 [DBG] OS: MacOS
2024-03-12 15:49:44.367 +00:00 [DBG] OS: MacOS
2024-03-12 15:49:44.367 +00:00 [DBG] OS: MacOS
2024-03-12 15:49:44.367 +00:00 [DBG] OS: MacOS
2024-03-12 15:49:44.367 +00:00 [DBG] OS: MacOS
2024-03-12 15:49:44.367 +00:00 [DBG] OS: MacOS
2024-03-12 15:49:44.367 +00:00 [DBG] OS: MacOS
2024-03-12 15:49:44.367 +00:00 [DBG] OS: MacOS
2024-03-12 15:49:44.367 +00:00 [DBG] OS: MacOS
2024-03-12 15:49:44.367 +00:00 [DBG] OS: MacOS
2024-03-12 15:49:44.367 +00:00 [DBG] Metrics data request created
2024-03-12 15:49:44.424 +00:00 [DBG] CloudWatch response received
2024-03-12 15:49:44.424 +00:00 [DBG] CloudWatch response status code: OK
2024-03-12 15:49:44.424 +00:00 [DBG] successfully put metrics to cloudwatch
2024-03-12 15:49:44.424 +00:00 [DBG] Deleting successfully sent batch of metric events
2024-03-12 15:49:44.439 +00:00 [DBG] Checking if table MetricsTable is empty
2024-03-12 15:49:44.440 +00:00 [DBG] is empty: False
2024-03-12 15:49:44.445 +00:00 [DBG] Metrics event batch successfully created, sending metrics
2024-03-12 15:49:44.445 +00:00 [DBG] metrics region already exists in app: eu-central-1
2024-03-12 15:49:44.446 +00:00 [DBG] Sending metrics batch async
2024-03-12 15:49:44.446 +00:00 [DBG] OS: MacOS
2024-03-12 15:49:44.446 +00:00 [DBG] OS: MacOS
2024-03-12 15:49:44.446 +00:00 [DBG] OS: MacOS
2024-03-12 15:49:44.446 +00:00 [DBG] OS: MacOS
2024-03-12 15:49:44.446 +00:00 [DBG] OS: MacOS
2024-03-12 15:49:44.446 +00:00 [DBG] OS: MacOS
2024-03-12 15:49:44.446 +00:00 [DBG] OS: MacOS
2024-03-12 15:49:44.446 +00:00 [DBG] OS: MacOS
2024-03-12 15:49:44.446 +00:00 [DBG] OS: MacOS
2024-03-12 15:49:44.446 +00:00 [DBG] OS: MacOS
2024-03-12 15:49:44.446 +00:00 [DBG] OS: MacOS
2024-03-12 15:49:44.446 +00:00 [DBG] OS: MacOS
2024-03-12 15:49:44.446 +00:00 [DBG] OS: MacOS
2024-03-12 15:49:44.446 +00:00 [DBG] OS: MacOS
2024-03-12 15:49:44.446 +00:00 [DBG] OS: MacOS
2024-03-12 15:49:44.446 +00:00 [DBG] OS: MacOS
2024-03-12 15:49:44.446 +00:00 [DBG] OS: MacOS
2024-03-12 15:49:44.446 +00:00 [DBG] OS: MacOS
2024-03-12 15:49:44.446 +00:00 [DBG] OS: MacOS
2024-03-12 15:49:44.446 +00:00 [DBG] OS: MacOS
2024-03-12 15:49:44.447 +00:00 [DBG] Metrics data request created
2024-03-12 15:49:44.512 +00:00 [DBG] CloudWatch response received
2024-03-12 15:49:44.512 +00:00 [DBG] CloudWatch response status code: OK
2024-03-12 15:49:44.513 +00:00 [DBG] successfully put metrics to cloudwatch
2024-03-12 15:49:44.513 +00:00 [DBG] Deleting successfully sent batch of metric events
2024-03-12 15:49:44.534 +00:00 [DBG] Checking if table MetricsTable is empty
2024-03-12 15:49:44.535 +00:00 [DBG] is empty: False
2024-03-12 15:49:44.538 +00:00 [DBG] Metrics event batch successfully created, sending metrics
2024-03-12 15:49:44.538 +00:00 [DBG] metrics region already exists in app: eu-central-1
2024-03-12 15:49:44.538 +00:00 [DBG] Sending metrics batch async
2024-03-12 15:49:44.538 +00:00 [DBG] OS: MacOS
2024-03-12 15:49:44.538 +00:00 [DBG] OS: MacOS
2024-03-12 15:49:44.538 +00:00 [DBG] OS: MacOS
2024-03-12 15:49:44.538 +00:00 [DBG] OS: MacOS
2024-03-12 15:49:44.538 +00:00 [DBG] OS: MacOS
2024-03-12 15:49:44.538 +00:00 [DBG] OS: MacOS
2024-03-12 15:49:44.538 +00:00 [DBG] OS: MacOS
2024-03-12 15:49:44.538 +00:00 [DBG] OS: MacOS
2024-03-12 15:49:44.538 +00:00 [DBG] OS: MacOS
2024-03-12 15:49:44.538 +00:00 [DBG] OS: MacOS
2024-03-12 15:49:44.538 +00:00 [DBG] OS: MacOS
2024-03-12 15:49:44.538 +00:00 [DBG] OS: MacOS
2024-03-12 15:49:44.538 +00:00 [DBG] OS: MacOS
2024-03-12 15:49:44.538 +00:00 [DBG] OS: MacOS
2024-03-12 15:49:44.538 +00:00 [DBG] OS: MacOS
2024-03-12 15:49:44.538 +00:00 [DBG] OS: MacOS
2024-03-12 15:49:44.538 +00:00 [DBG] OS: MacOS
2024-03-12 15:49:44.538 +00:00 [DBG] OS: MacOS
2024-03-12 15:49:44.539 +00:00 [DBG] OS: MacOS
2024-03-12 15:49:44.539 +00:00 [DBG] OS: MacOS
2024-03-12 15:49:44.539 +00:00 [DBG] Metrics data request created
2024-03-12 15:49:44.595 +00:00 [DBG] CloudWatch response received
2024-03-12 15:49:44.595 +00:00 [DBG] CloudWatch response status code: OK
2024-03-12 15:49:44.595 +00:00 [DBG] successfully put metrics to cloudwatch
2024-03-12 15:49:44.596 +00:00 [DBG] Deleting successfully sent batch of metric events
2024-03-12 15:49:44.607 +00:00 [DBG] Checking if table MetricsTable is empty
2024-03-12 15:49:44.609 +00:00 [DBG] is empty: False
2024-03-12 15:49:44.612 +00:00 [DBG] Metrics event batch successfully created, sending metrics
2024-03-12 15:49:44.612 +00:00 [DBG] metrics region already exists in app: eu-central-1
2024-03-12 15:49:44.612 +00:00 [DBG] Sending metrics batch async
2024-03-12 15:49:44.612 +00:00 [DBG] OS: MacOS
2024-03-12 15:49:44.612 +00:00 [DBG] OS: MacOS
2024-03-12 15:49:44.612 +00:00 [DBG] OS: MacOS
2024-03-12 15:49:44.613 +00:00 [DBG] OS: MacOS
2024-03-12 15:49:44.613 +00:00 [DBG] OS: MacOS
2024-03-12 15:49:44.613 +00:00 [DBG] OS: MacOS
2024-03-12 15:49:44.613 +00:00 [DBG] OS: MacOS
2024-03-12 15:49:44.613 +00:00 [DBG] OS: MacOS
2024-03-12 15:49:44.613 +00:00 [DBG] OS: MacOS
2024-03-12 15:49:44.613 +00:00 [DBG] OS: MacOS
2024-03-12 15:49:44.613 +00:00 [DBG] OS: MacOS
2024-03-12 15:49:44.613 +00:00 [DBG] OS: MacOS
2024-03-12 15:49:44.613 +00:00 [DBG] OS: MacOS
2024-03-12 15:49:44.613 +00:00 [DBG] OS: MacOS
2024-03-12 15:49:44.613 +00:00 [DBG] OS: MacOS
2024-03-12 15:49:44.613 +00:00 [DBG] OS: MacOS
2024-03-12 15:49:44.613 +00:00 [DBG] OS: MacOS
2024-03-12 15:49:44.613 +00:00 [DBG] OS: MacOS
2024-03-12 15:49:44.613 +00:00 [DBG] OS: MacOS
2024-03-12 15:49:44.613 +00:00 [DBG] OS: MacOS
2024-03-12 15:49:44.613 +00:00 [DBG] Metrics data request created
2024-03-12 15:49:44.673 +00:00 [DBG] CloudWatch response received
2024-03-12 15:49:44.673 +00:00 [DBG] CloudWatch response status code: OK
2024-03-12 15:49:44.674 +00:00 [DBG] successfully put metrics to cloudwatch
2024-03-12 15:49:44.674 +00:00 [DBG] Deleting successfully sent batch of metric events
2024-03-12 15:49:44.691 +00:00 [DBG] Checking if table MetricsTable is empty
2024-03-12 15:49:44.692 +00:00 [DBG] is empty: False
2024-03-12 15:49:44.694 +00:00 [DBG] Metrics event batch successfully created, sending metrics
2024-03-12 15:49:44.694 +00:00 [DBG] metrics region already exists in app: eu-central-1
2024-03-12 15:49:44.694 +00:00 [DBG] Sending metrics batch async
2024-03-12 15:49:44.695 +00:00 [DBG] OS: MacOS
2024-03-12 15:49:44.695 +00:00 [DBG] OS: MacOS
2024-03-12 15:49:44.695 +00:00 [DBG] OS: MacOS
2024-03-12 15:49:44.695 +00:00 [DBG] OS: MacOS
2024-03-12 15:49:44.695 +00:00 [DBG] OS: MacOS
2024-03-12 15:49:44.695 +00:00 [DBG] OS: MacOS
2024-03-12 15:49:44.695 +00:00 [DBG] OS: MacOS
2024-03-12 15:49:44.695 +00:00 [DBG] OS: MacOS
2024-03-12 15:49:44.695 +00:00 [DBG] OS: MacOS
2024-03-12 15:49:44.695 +00:00 [DBG] OS: MacOS
2024-03-12 15:49:44.695 +00:00 [DBG] OS: MacOS
2024-03-12 15:49:44.695 +00:00 [DBG] OS: MacOS
2024-03-12 15:49:44.695 +00:00 [DBG] OS: MacOS
2024-03-12 15:49:44.695 +00:00 [DBG] OS: MacOS
2024-03-12 15:49:44.695 +00:00 [DBG] OS: MacOS
2024-03-12 15:49:44.695 +00:00 [DBG] OS: MacOS
2024-03-12 15:49:44.695 +00:00 [DBG] OS: MacOS
2024-03-12 15:49:44.695 +00:00 [DBG] OS: MacOS
2024-03-12 15:49:44.695 +00:00 [DBG] OS: MacOS
2024-03-12 15:49:44.695 +00:00 [DBG] OS: MacOS
2024-03-12 15:49:44.695 +00:00 [DBG] Metrics data request created
2024-03-12 15:49:44.754 +00:00 [DBG] CloudWatch response received
2024-03-12 15:49:44.754 +00:00 [DBG] CloudWatch response status code: OK
2024-03-12 15:49:44.754 +00:00 [DBG] successfully put metrics to cloudwatch
2024-03-12 15:49:44.754 +00:00 [DBG] Deleting successfully sent batch of metric events
2024-03-12 15:49:44.763 +00:00 [DBG] Checking if table MetricsTable is empty
2024-03-12 15:49:44.763 +00:00 [DBG] is empty: False
2024-03-12 15:49:44.766 +00:00 [DBG] Metrics event batch successfully created, sending metrics
2024-03-12 15:49:44.766 +00:00 [DBG] metrics region already exists in app: eu-central-1
2024-03-12 15:49:44.766 +00:00 [DBG] Sending metrics batch async
2024-03-12 15:49:44.766 +00:00 [DBG] OS: MacOS
2024-03-12 15:49:44.766 +00:00 [DBG] OS: MacOS
2024-03-12 15:49:44.766 +00:00 [DBG] OS: MacOS
2024-03-12 15:49:44.766 +00:00 [DBG] OS: MacOS
2024-03-12 15:49:44.766 +00:00 [DBG] OS: MacOS
2024-03-12 15:49:44.766 +00:00 [DBG] OS: MacOS
2024-03-12 15:49:44.766 +00:00 [DBG] OS: MacOS
2024-03-12 15:49:44.766 +00:00 [DBG] OS: MacOS
2024-03-12 15:49:44.766 +00:00 [DBG] OS: MacOS
2024-03-12 15:49:44.766 +00:00 [DBG] OS: MacOS
2024-03-12 15:49:44.766 +00:00 [DBG] OS: MacOS
2024-03-12 15:49:44.767 +00:00 [DBG] OS: MacOS
2024-03-12 15:49:44.767 +00:00 [DBG] OS: MacOS
2024-03-12 15:49:44.767 +00:00 [DBG] OS: MacOS
2024-03-12 15:49:44.767 +00:00 [DBG] OS: MacOS
2024-03-12 15:49:44.767 +00:00 [DBG] OS: MacOS
2024-03-12 15:49:44.767 +00:00 [DBG] OS: MacOS
2024-03-12 15:49:44.767 +00:00 [DBG] OS: MacOS
2024-03-12 15:49:44.767 +00:00 [DBG] OS: MacOS
2024-03-12 15:49:44.767 +00:00 [DBG] OS: MacOS
2024-03-12 15:49:44.767 +00:00 [DBG] Metrics data request created
2024-03-12 15:49:44.831 +00:00 [DBG] CloudWatch response received
2024-03-12 15:49:44.832 +00:00 [DBG] CloudWatch response status code: OK
2024-03-12 15:49:44.832 +00:00 [DBG] successfully put metrics to cloudwatch
2024-03-12 15:49:44.832 +00:00 [DBG] Deleting successfully sent batch of metric events
2024-03-12 15:49:44.860 +00:00 [DBG] Checking if table MetricsTable is empty
2024-03-12 15:49:44.861 +00:00 [DBG] is empty: False
2024-03-12 15:49:44.862 +00:00 [DBG] Metrics event batch successfully created, sending metrics
2024-03-12 15:49:44.862 +00:00 [DBG] metrics region already exists in app: eu-central-1
2024-03-12 15:49:44.862 +00:00 [DBG] Sending metrics batch async
2024-03-12 15:49:44.862 +00:00 [DBG] OS: MacOS
2024-03-12 15:49:44.862 +00:00 [DBG] OS: MacOS
2024-03-12 15:49:44.862 +00:00 [DBG] OS: MacOS
2024-03-12 15:49:44.862 +00:00 [DBG] OS: MacOS
2024-03-12 15:49:44.862 +00:00 [DBG] OS: MacOS
2024-03-12 15:49:44.862 +00:00 [DBG] OS: MacOS
2024-03-12 15:49:44.862 +00:00 [DBG] OS: MacOS
2024-03-12 15:49:44.862 +00:00 [DBG] OS: MacOS
2024-03-12 15:49:44.862 +00:00 [DBG] OS: MacOS
2024-03-12 15:49:44.862 +00:00 [DBG] OS: MacOS
2024-03-12 15:49:44.862 +00:00 [DBG] OS: MacOS
2024-03-12 15:49:44.862 +00:00 [DBG] OS: MacOS
2024-03-12 15:49:44.862 +00:00 [DBG] OS: MacOS
2024-03-12 15:49:44.862 +00:00 [DBG] OS: MacOS
2024-03-12 15:49:44.862 +00:00 [DBG] OS: MacOS
2024-03-12 15:49:44.862 +00:00 [DBG] OS: MacOS
2024-03-12 15:49:44.862 +00:00 [DBG] OS: MacOS
2024-03-12 15:49:44.862 +00:00 [DBG] OS: MacOS
2024-03-12 15:49:44.862 +00:00 [DBG] OS: MacOS
2024-03-12 15:49:44.862 +00:00 [DBG] OS: MacOS
2024-03-12 15:49:44.863 +00:00 [DBG] Metrics data request created
2024-03-12 15:49:44.920 +00:00 [DBG] CloudWatch response received
2024-03-12 15:49:44.920 +00:00 [DBG] CloudWatch response status code: OK
2024-03-12 15:49:44.920 +00:00 [DBG] successfully put metrics to cloudwatch
2024-03-12 15:49:44.921 +00:00 [DBG] Deleting successfully sent batch of metric events
2024-03-12 15:49:44.929 +00:00 [DBG] Checking if table MetricsTable is empty
2024-03-12 15:49:44.930 +00:00 [DBG] is empty: False
2024-03-12 15:49:44.932 +00:00 [DBG] Metrics event batch successfully created, sending metrics
2024-03-12 15:49:44.933 +00:00 [DBG] metrics region already exists in app: eu-central-1
2024-03-12 15:49:44.933 +00:00 [DBG] Sending metrics batch async
2024-03-12 15:49:44.933 +00:00 [DBG] OS: MacOS
2024-03-12 15:49:44.933 +00:00 [DBG] OS: MacOS
2024-03-12 15:49:44.933 +00:00 [DBG] OS: MacOS
2024-03-12 15:49:44.933 +00:00 [DBG] OS: MacOS
2024-03-12 15:49:44.933 +00:00 [DBG] OS: MacOS
2024-03-12 15:49:44.933 +00:00 [DBG] OS: MacOS
2024-03-12 15:49:44.933 +00:00 [DBG] OS: MacOS
2024-03-12 15:49:44.933 +00:00 [DBG] OS: MacOS
2024-03-12 15:49:44.933 +00:00 [DBG] OS: MacOS
2024-03-12 15:49:44.933 +00:00 [DBG] OS: MacOS
2024-03-12 15:49:44.933 +00:00 [DBG] OS: MacOS
2024-03-12 15:49:44.934 +00:00 [DBG] OS: MacOS
2024-03-12 15:49:44.934 +00:00 [DBG] OS: MacOS
2024-03-12 15:49:44.934 +00:00 [DBG] OS: MacOS
2024-03-12 15:49:44.934 +00:00 [DBG] OS: MacOS
2024-03-12 15:49:44.934 +00:00 [DBG] OS: MacOS
2024-03-12 15:49:44.934 +00:00 [DBG] OS: MacOS
2024-03-12 15:49:44.934 +00:00 [DBG] OS: MacOS
2024-03-12 15:49:44.934 +00:00 [DBG] OS: MacOS
2024-03-12 15:49:44.934 +00:00 [DBG] OS: MacOS
2024-03-12 15:49:44.934 +00:00 [DBG] Metrics data request created
2024-03-12 15:49:44.991 +00:00 [DBG] CloudWatch response received
2024-03-12 15:49:44.992 +00:00 [DBG] CloudWatch response status code: OK
2024-03-12 15:49:44.992 +00:00 [DBG] successfully put metrics to cloudwatch
2024-03-12 15:49:44.992 +00:00 [DBG] Deleting successfully sent batch of metric events
2024-03-12 15:49:45.004 +00:00 [DBG] Checking if table MetricsTable is empty
2024-03-12 15:49:45.005 +00:00 [DBG] is empty: False
2024-03-12 15:49:45.012 +00:00 [DBG] Metrics event batch successfully created, sending metrics
2024-03-12 15:49:45.012 +00:00 [DBG] metrics region already exists in app: eu-central-1
2024-03-12 15:49:45.012 +00:00 [DBG] Sending metrics batch async
2024-03-12 15:49:45.013 +00:00 [DBG] OS: MacOS
2024-03-12 15:49:45.013 +00:00 [DBG] OS: MacOS
2024-03-12 15:49:45.013 +00:00 [DBG] OS: MacOS
2024-03-12 15:49:45.013 +00:00 [DBG] OS: MacOS
2024-03-12 15:49:45.013 +00:00 [DBG] OS: MacOS
2024-03-12 15:49:45.013 +00:00 [DBG] OS: MacOS
2024-03-12 15:49:45.013 +00:00 [DBG] OS: MacOS
2024-03-12 15:49:45.013 +00:00 [DBG] OS: MacOS
2024-03-12 15:49:45.013 +00:00 [DBG] OS: MacOS
2024-03-12 15:49:45.013 +00:00 [DBG] OS: MacOS
2024-03-12 15:49:45.013 +00:00 [DBG] OS: MacOS
2024-03-12 15:49:45.013 +00:00 [DBG] OS: MacOS
2024-03-12 15:49:45.013 +00:00 [DBG] OS: MacOS
2024-03-12 15:49:45.013 +00:00 [DBG] OS: MacOS
2024-03-12 15:49:45.013 +00:00 [DBG] OS: MacOS
2024-03-12 15:49:45.013 +00:00 [DBG] OS: MacOS
2024-03-12 15:49:45.013 +00:00 [DBG] OS: MacOS
2024-03-12 15:49:45.013 +00:00 [DBG] OS: MacOS
2024-03-12 15:49:45.013 +00:00 [DBG] OS: MacOS
2024-03-12 15:49:45.013 +00:00 [DBG] OS: MacOS
2024-03-12 15:49:45.014 +00:00 [DBG] Metrics data request created
2024-03-12 15:49:45.075 +00:00 [DBG] CloudWatch response received
2024-03-12 15:49:45.076 +00:00 [DBG] CloudWatch response status code: OK
2024-03-12 15:49:45.076 +00:00 [DBG] successfully put metrics to cloudwatch
2024-03-12 15:49:45.076 +00:00 [DBG] Deleting successfully sent batch of metric events
2024-03-12 15:49:45.091 +00:00 [DBG] Checking if table MetricsTable is empty
2024-03-12 15:49:45.094 +00:00 [DBG] is empty: False
2024-03-12 15:49:45.098 +00:00 [DBG] Metrics event batch successfully created, sending metrics
2024-03-12 15:49:45.098 +00:00 [DBG] metrics region already exists in app: eu-central-1
2024-03-12 15:49:45.098 +00:00 [DBG] Sending metrics batch async
2024-03-12 15:49:45.098 +00:00 [DBG] OS: MacOS
2024-03-12 15:49:45.099 +00:00 [DBG] OS: MacOS
2024-03-12 15:49:45.099 +00:00 [DBG] OS: MacOS
2024-03-12 15:49:45.099 +00:00 [DBG] OS: MacOS
2024-03-12 15:49:45.099 +00:00 [DBG] OS: MacOS
2024-03-12 15:49:45.099 +00:00 [DBG] OS: MacOS
2024-03-12 15:49:45.099 +00:00 [DBG] OS: MacOS
2024-03-12 15:49:45.099 +00:00 [DBG] OS: MacOS
2024-03-12 15:49:45.099 +00:00 [DBG] OS: MacOS
2024-03-12 15:49:45.099 +00:00 [DBG] OS: MacOS
2024-03-12 15:49:45.099 +00:00 [DBG] OS: MacOS
2024-03-12 15:49:45.099 +00:00 [DBG] OS: MacOS
2024-03-12 15:49:45.099 +00:00 [DBG] OS: MacOS
2024-03-12 15:49:45.099 +00:00 [DBG] OS: MacOS
2024-03-12 15:49:45.099 +00:00 [DBG] OS: MacOS
2024-03-12 15:49:45.099 +00:00 [DBG] OS: MacOS
2024-03-12 15:49:45.099 +00:00 [DBG] OS: MacOS
2024-03-12 15:49:45.099 +00:00 [DBG] OS: MacOS
2024-03-12 15:49:45.099 +00:00 [DBG] OS: MacOS
2024-03-12 15:49:45.099 +00:00 [DBG] OS: MacOS
2024-03-12 15:49:45.099 +00:00 [DBG] Metrics data request created
2024-03-12 15:49:45.160 +00:00 [DBG] CloudWatch response received
2024-03-12 15:49:45.160 +00:00 [DBG] CloudWatch response status code: OK
2024-03-12 15:49:45.160 +00:00 [DBG] successfully put metrics to cloudwatch
2024-03-12 15:49:45.160 +00:00 [DBG] Deleting successfully sent batch of metric events
2024-03-12 15:49:45.185 +00:00 [DBG] Checking if table MetricsTable is empty
2024-03-12 15:49:45.186 +00:00 [DBG] is empty: False
2024-03-12 15:49:45.190 +00:00 [DBG] Metrics event batch successfully created, sending metrics
2024-03-12 15:49:45.190 +00:00 [DBG] metrics region already exists in app: eu-central-1
2024-03-12 15:49:45.190 +00:00 [DBG] Sending metrics batch async
2024-03-12 15:49:45.190 +00:00 [DBG] OS: MacOS
2024-03-12 15:49:45.190 +00:00 [DBG] OS: MacOS
2024-03-12 15:49:45.190 +00:00 [DBG] OS: MacOS
2024-03-12 15:49:45.190 +00:00 [DBG] OS: MacOS
2024-03-12 15:49:45.190 +00:00 [DBG] OS: MacOS
2024-03-12 15:49:45.190 +00:00 [DBG] OS: MacOS
2024-03-12 15:49:45.190 +00:00 [DBG] OS: MacOS
2024-03-12 15:49:45.190 +00:00 [DBG] OS: MacOS
2024-03-12 15:49:45.190 +00:00 [DBG] OS: MacOS
2024-03-12 15:49:45.190 +00:00 [DBG] OS: MacOS
2024-03-12 15:49:45.190 +00:00 [DBG] OS: MacOS
2024-03-12 15:49:45.191 +00:00 [DBG] OS: MacOS
2024-03-12 15:49:45.191 +00:00 [DBG] OS: MacOS
2024-03-12 15:49:45.191 +00:00 [DBG] OS: MacOS
2024-03-12 15:49:45.191 +00:00 [DBG] OS: MacOS
2024-03-12 15:49:45.191 +00:00 [DBG] OS: MacOS
2024-03-12 15:49:45.191 +00:00 [DBG] OS: MacOS
2024-03-12 15:49:45.191 +00:00 [DBG] OS: MacOS
2024-03-12 15:49:45.191 +00:00 [DBG] OS: MacOS
2024-03-12 15:49:45.191 +00:00 [DBG] OS: MacOS
2024-03-12 15:49:45.191 +00:00 [DBG] Metrics data request created
2024-03-12 15:49:45.249 +00:00 [DBG] CloudWatch response received
2024-03-12 15:49:45.249 +00:00 [DBG] CloudWatch response status code: OK
2024-03-12 15:49:45.249 +00:00 [DBG] successfully put metrics to cloudwatch
2024-03-12 15:49:45.249 +00:00 [DBG] Deleting successfully sent batch of metric events
2024-03-12 15:49:45.263 +00:00 [DBG] Checking if table MetricsTable is empty
2024-03-12 15:49:45.264 +00:00 [DBG] is empty: False
2024-03-12 15:49:45.267 +00:00 [DBG] Metrics event batch successfully created, sending metrics
2024-03-12 15:49:45.267 +00:00 [DBG] metrics region already exists in app: eu-central-1
2024-03-12 15:49:45.267 +00:00 [DBG] Sending metrics batch async
2024-03-12 15:49:45.267 +00:00 [DBG] OS: MacOS
2024-03-12 15:49:45.267 +00:00 [DBG] OS: MacOS
2024-03-12 15:49:45.267 +00:00 [DBG] OS: MacOS
2024-03-12 15:49:45.267 +00:00 [DBG] OS: MacOS
2024-03-12 15:49:45.267 +00:00 [DBG] OS: MacOS
2024-03-12 15:49:45.268 +00:00 [DBG] OS: MacOS
2024-03-12 15:49:45.268 +00:00 [DBG] OS: MacOS
2024-03-12 15:49:45.268 +00:00 [DBG] OS: MacOS
2024-03-12 15:49:45.268 +00:00 [DBG] OS: MacOS
2024-03-12 15:49:45.268 +00:00 [DBG] OS: MacOS
2024-03-12 15:49:45.268 +00:00 [DBG] OS: MacOS
2024-03-12 15:49:45.268 +00:00 [DBG] OS: MacOS
2024-03-12 15:49:45.268 +00:00 [DBG] OS: MacOS
2024-03-12 15:49:45.268 +00:00 [DBG] OS: MacOS
2024-03-12 15:49:45.268 +00:00 [DBG] OS: MacOS
2024-03-12 15:49:45.268 +00:00 [DBG] OS: MacOS
2024-03-12 15:49:45.268 +00:00 [DBG] OS: MacOS
2024-03-12 15:49:45.268 +00:00 [DBG] OS: MacOS
2024-03-12 15:49:45.268 +00:00 [DBG] OS: MacOS
2024-03-12 15:49:45.268 +00:00 [DBG] OS: MacOS
2024-03-12 15:49:45.268 +00:00 [DBG] Metrics data request created
2024-03-12 15:49:45.331 +00:00 [DBG] CloudWatch response received
2024-03-12 15:49:45.331 +00:00 [DBG] CloudWatch response status code: OK
2024-03-12 15:49:45.331 +00:00 [DBG] successfully put metrics to cloudwatch
2024-03-12 15:49:45.331 +00:00 [DBG] Deleting successfully sent batch of metric events
2024-03-12 15:49:45.342 +00:00 [DBG] Checking if table MetricsTable is empty
2024-03-12 15:49:45.343 +00:00 [DBG] is empty: False
2024-03-12 15:49:45.346 +00:00 [DBG] Metrics event batch successfully created, sending metrics
2024-03-12 15:49:45.346 +00:00 [DBG] metrics region already exists in app: eu-central-1
2024-03-12 15:49:45.346 +00:00 [DBG] Sending metrics batch async
2024-03-12 15:49:45.347 +00:00 [DBG] OS: MacOS
2024-03-12 15:49:45.347 +00:00 [DBG] OS: MacOS
2024-03-12 15:49:45.347 +00:00 [DBG] OS: MacOS
2024-03-12 15:49:45.348 +00:00 [DBG] OS: MacOS
2024-03-12 15:49:45.349 +00:00 [DBG] OS: MacOS
2024-03-12 15:49:45.349 +00:00 [DBG] OS: MacOS
2024-03-12 15:49:45.349 +00:00 [DBG] OS: MacOS
2024-03-12 15:49:45.349 +00:00 [DBG] OS: MacOS
2024-03-12 15:49:45.349 +00:00 [DBG] OS: MacOS
2024-03-12 15:49:45.349 +00:00 [DBG] OS: MacOS
2024-03-12 15:49:45.349 +00:00 [DBG] OS: MacOS
2024-03-12 15:49:45.349 +00:00 [DBG] OS: MacOS
2024-03-12 15:49:45.349 +00:00 [DBG] OS: MacOS
2024-03-12 15:49:45.349 +00:00 [DBG] OS: MacOS
2024-03-12 15:49:45.349 +00:00 [DBG] OS: MacOS
2024-03-12 15:49:45.349 +00:00 [DBG] OS: MacOS
2024-03-12 15:49:45.349 +00:00 [DBG] OS: MacOS
2024-03-12 15:49:45.349 +00:00 [DBG] OS: MacOS
2024-03-12 15:49:45.349 +00:00 [DBG] OS: MacOS
2024-03-12 15:49:45.349 +00:00 [DBG] OS: MacOS
2024-03-12 15:49:45.349 +00:00 [DBG] Metrics data request created
2024-03-12 15:49:45.408 +00:00 [DBG] CloudWatch response received
2024-03-12 15:49:45.408 +00:00 [DBG] CloudWatch response status code: OK
2024-03-12 15:49:45.408 +00:00 [DBG] successfully put metrics to cloudwatch
2024-03-12 15:49:45.409 +00:00 [DBG] Deleting successfully sent batch of metric events
2024-03-12 15:49:45.429 +00:00 [DBG] Checking if table MetricsTable is empty
2024-03-12 15:49:45.429 +00:00 [DBG] is empty: False
2024-03-12 15:49:45.431 +00:00 [DBG] Metrics event batch successfully created, sending metrics
2024-03-12 15:49:45.431 +00:00 [DBG] metrics region already exists in app: eu-central-1
2024-03-12 15:49:45.431 +00:00 [DBG] Sending metrics batch async
2024-03-12 15:49:45.431 +00:00 [DBG] OS: MacOS
2024-03-12 15:49:45.431 +00:00 [DBG] OS: MacOS
2024-03-12 15:49:45.431 +00:00 [DBG] OS: MacOS
2024-03-12 15:49:45.431 +00:00 [DBG] OS: MacOS
2024-03-12 15:49:45.431 +00:00 [DBG] OS: MacOS
2024-03-12 15:49:45.431 +00:00 [DBG] OS: MacOS
2024-03-12 15:49:45.431 +00:00 [DBG] OS: MacOS
2024-03-12 15:49:45.431 +00:00 [DBG] OS: MacOS
2024-03-12 15:49:45.431 +00:00 [DBG] OS: MacOS
2024-03-12 15:49:45.431 +00:00 [DBG] OS: MacOS
2024-03-12 15:49:45.431 +00:00 [DBG] OS: MacOS
2024-03-12 15:49:45.431 +00:00 [DBG] OS: MacOS
2024-03-12 15:49:45.431 +00:00 [DBG] OS: MacOS
2024-03-12 15:49:45.431 +00:00 [DBG] OS: MacOS
2024-03-12 15:49:45.431 +00:00 [DBG] OS: MacOS
2024-03-12 15:49:45.431 +00:00 [DBG] OS: MacOS
2024-03-12 15:49:45.431 +00:00 [DBG] OS: MacOS
2024-03-12 15:49:45.431 +00:00 [DBG] OS: MacOS
2024-03-12 15:49:45.431 +00:00 [DBG] OS: MacOS
2024-03-12 15:49:45.431 +00:00 [DBG] OS: MacOS
2024-03-12 15:49:45.431 +00:00 [DBG] Metrics data request created
2024-03-12 15:49:45.490 +00:00 [DBG] CloudWatch response received
2024-03-12 15:49:45.490 +00:00 [DBG] CloudWatch response status code: OK
2024-03-12 15:49:45.490 +00:00 [DBG] successfully put metrics to cloudwatch
2024-03-12 15:49:45.490 +00:00 [DBG] Deleting successfully sent batch of metric events
2024-03-12 15:49:45.501 +00:00 [DBG] Checking if table MetricsTable is empty
2024-03-12 15:49:45.502 +00:00 [DBG] is empty: False
2024-03-12 15:49:45.505 +00:00 [DBG] Metrics event batch successfully created, sending metrics
2024-03-12 15:49:45.505 +00:00 [DBG] metrics region already exists in app: eu-central-1
2024-03-12 15:49:45.505 +00:00 [DBG] Sending metrics batch async
2024-03-12 15:49:45.505 +00:00 [DBG] OS: MacOS
2024-03-12 15:49:45.505 +00:00 [DBG] OS: MacOS
2024-03-12 15:49:45.506 +00:00 [DBG] OS: MacOS
2024-03-12 15:49:45.506 +00:00 [DBG] OS: MacOS
2024-03-12 15:49:45.506 +00:00 [DBG] OS: MacOS
2024-03-12 15:49:45.506 +00:00 [DBG] OS: MacOS
2024-03-12 15:49:45.506 +00:00 [DBG] OS: MacOS
2024-03-12 15:49:45.506 +00:00 [DBG] OS: MacOS
2024-03-12 15:49:45.506 +00:00 [DBG] OS: MacOS
2024-03-12 15:49:45.506 +00:00 [DBG] OS: MacOS
2024-03-12 15:49:45.506 +00:00 [DBG] OS: MacOS
2024-03-12 15:49:45.506 +00:00 [DBG] OS: MacOS
2024-03-12 15:49:45.506 +00:00 [DBG] OS: MacOS
2024-03-12 15:49:45.506 +00:00 [DBG] OS: MacOS
2024-03-12 15:49:45.506 +00:00 [DBG] OS: MacOS
2024-03-12 15:49:45.506 +00:00 [DBG] OS: MacOS
2024-03-12 15:49:45.506 +00:00 [DBG] OS: MacOS
2024-03-12 15:49:45.506 +00:00 [DBG] OS: MacOS
2024-03-12 15:49:45.506 +00:00 [DBG] OS: MacOS
2024-03-12 15:49:45.506 +00:00 [DBG] OS: MacOS
2024-03-12 15:49:45.506 +00:00 [DBG] Metrics data request created
2024-03-12 15:49:45.569 +00:00 [DBG] CloudWatch response received
2024-03-12 15:49:45.569 +00:00 [DBG] CloudWatch response status code: OK
2024-03-12 15:49:45.569 +00:00 [DBG] successfully put metrics to cloudwatch
2024-03-12 15:49:45.570 +00:00 [DBG] Deleting successfully sent batch of metric events
2024-03-12 15:49:45.585 +00:00 [DBG] Checking if table MetricsTable is empty
2024-03-12 15:49:45.585 +00:00 [DBG] is empty: False
2024-03-12 15:49:45.588 +00:00 [DBG] Metrics event batch successfully created, sending metrics
2024-03-12 15:49:45.588 +00:00 [DBG] metrics region already exists in app: eu-central-1
2024-03-12 15:49:45.589 +00:00 [DBG] Sending metrics batch async
2024-03-12 15:49:45.589 +00:00 [DBG] OS: MacOS
2024-03-12 15:49:45.589 +00:00 [DBG] OS: MacOS
2024-03-12 15:49:45.589 +00:00 [DBG] OS: MacOS
2024-03-12 15:49:45.589 +00:00 [DBG] OS: MacOS
2024-03-12 15:49:45.589 +00:00 [DBG] OS: MacOS
2024-03-12 15:49:45.589 +00:00 [DBG] OS: MacOS
2024-03-12 15:49:45.589 +00:00 [DBG] OS: MacOS
2024-03-12 15:49:45.589 +00:00 [DBG] OS: MacOS
2024-03-12 15:49:45.589 +00:00 [DBG] OS: MacOS
2024-03-12 15:49:45.589 +00:00 [DBG] OS: MacOS
2024-03-12 15:49:45.589 +00:00 [DBG] OS: MacOS
2024-03-12 15:49:45.589 +00:00 [DBG] OS: MacOS
2024-03-12 15:49:45.589 +00:00 [DBG] OS: MacOS
2024-03-12 15:49:45.589 +00:00 [DBG] OS: MacOS
2024-03-12 15:49:45.589 +00:00 [DBG] OS: MacOS
2024-03-12 15:49:45.589 +00:00 [DBG] OS: MacOS
2024-03-12 15:49:45.589 +00:00 [DBG] OS: MacOS
2024-03-12 15:49:45.589 +00:00 [DBG] OS: MacOS
2024-03-12 15:49:45.589 +00:00 [DBG] OS: MacOS
2024-03-12 15:49:45.589 +00:00 [DBG] OS: MacOS
2024-03-12 15:49:45.590 +00:00 [DBG] Metrics data request created
2024-03-12 15:49:45.645 +00:00 [DBG] CloudWatch response received
2024-03-12 15:49:45.646 +00:00 [DBG] CloudWatch response status code: OK
2024-03-12 15:49:45.646 +00:00 [DBG] successfully put metrics to cloudwatch
2024-03-12 15:49:45.646 +00:00 [DBG] Deleting successfully sent batch of metric events
2024-03-12 15:49:45.658 +00:00 [DBG] Checking if table MetricsTable is empty
2024-03-12 15:49:45.658 +00:00 [DBG] is empty: False
2024-03-12 15:49:45.661 +00:00 [DBG] Metrics event batch successfully created, sending metrics
2024-03-12 15:49:45.661 +00:00 [DBG] metrics region already exists in app: eu-central-1
2024-03-12 15:49:45.661 +00:00 [DBG] Sending metrics batch async
2024-03-12 15:49:45.661 +00:00 [DBG] OS: MacOS
2024-03-12 15:49:45.661 +00:00 [DBG] OS: MacOS
2024-03-12 15:49:45.661 +00:00 [DBG] OS: MacOS
2024-03-12 15:49:45.661 +00:00 [DBG] OS: MacOS
2024-03-12 15:49:45.661 +00:00 [DBG] OS: MacOS
2024-03-12 15:49:45.661 +00:00 [DBG] OS: MacOS
2024-03-12 15:49:45.661 +00:00 [DBG] OS: MacOS
2024-03-12 15:49:45.661 +00:00 [DBG] OS: MacOS
2024-03-12 15:49:45.661 +00:00 [DBG] OS: MacOS
2024-03-12 15:49:45.661 +00:00 [DBG] OS: MacOS
2024-03-12 15:49:45.662 +00:00 [DBG] OS: MacOS
2024-03-12 15:49:45.662 +00:00 [DBG] OS: MacOS
2024-03-12 15:49:45.662 +00:00 [DBG] OS: MacOS
2024-03-12 15:49:45.662 +00:00 [DBG] OS: MacOS
2024-03-12 15:49:45.662 +00:00 [DBG] OS: MacOS
2024-03-12 15:49:45.662 +00:00 [DBG] OS: MacOS
2024-03-12 15:49:45.662 +00:00 [DBG] OS: MacOS
2024-03-12 15:49:45.662 +00:00 [DBG] OS: MacOS
2024-03-12 15:49:45.662 +00:00 [DBG] OS: MacOS
2024-03-12 15:49:45.662 +00:00 [DBG] OS: MacOS
2024-03-12 15:49:45.662 +00:00 [DBG] Metrics data request created
2024-03-12 15:49:45.721 +00:00 [DBG] CloudWatch response received
2024-03-12 15:49:45.722 +00:00 [DBG] CloudWatch response status code: OK
2024-03-12 15:49:45.722 +00:00 [DBG] successfully put metrics to cloudwatch
2024-03-12 15:49:45.722 +00:00 [DBG] Deleting successfully sent batch of metric events
2024-03-12 15:49:45.732 +00:00 [DBG] Checking if table MetricsTable is empty
2024-03-12 15:49:45.733 +00:00 [DBG] is empty: False
2024-03-12 15:49:45.736 +00:00 [DBG] Metrics event batch successfully created, sending metrics
2024-03-12 15:49:45.737 +00:00 [DBG] metrics region already exists in app: eu-central-1
2024-03-12 15:49:45.737 +00:00 [DBG] Sending metrics batch async
2024-03-12 15:49:45.737 +00:00 [DBG] OS: MacOS
2024-03-12 15:49:45.737 +00:00 [DBG] OS: MacOS
2024-03-12 15:49:45.737 +00:00 [DBG] OS: MacOS
2024-03-12 15:49:45.737 +00:00 [DBG] OS: MacOS
2024-03-12 15:49:45.737 +00:00 [DBG] OS: MacOS
2024-03-12 15:49:45.737 +00:00 [DBG] OS: MacOS
2024-03-12 15:49:45.737 +00:00 [DBG] OS: MacOS
2024-03-12 15:49:45.737 +00:00 [DBG] OS: MacOS
2024-03-12 15:49:45.737 +00:00 [DBG] OS: MacOS
2024-03-12 15:49:45.737 +00:00 [DBG] OS: MacOS
2024-03-12 15:49:45.737 +00:00 [DBG] OS: MacOS
2024-03-12 15:49:45.737 +00:00 [DBG] OS: MacOS
2024-03-12 15:49:45.737 +00:00 [DBG] OS: MacOS
2024-03-12 15:49:45.737 +00:00 [DBG] OS: MacOS
2024-03-12 15:49:45.738 +00:00 [DBG] OS: MacOS
2024-03-12 15:49:45.739 +00:00 [DBG] OS: MacOS
2024-03-12 15:49:45.739 +00:00 [DBG] OS: MacOS
2024-03-12 15:49:45.739 +00:00 [DBG] OS: MacOS
2024-03-12 15:49:45.739 +00:00 [DBG] OS: MacOS
2024-03-12 15:49:45.739 +00:00 [DBG] OS: MacOS
2024-03-12 15:49:45.739 +00:00 [DBG] Metrics data request created
2024-03-12 15:49:45.798 +00:00 [DBG] CloudWatch response received
2024-03-12 15:49:45.798 +00:00 [DBG] CloudWatch response status code: OK
2024-03-12 15:49:45.798 +00:00 [DBG] successfully put metrics to cloudwatch
2024-03-12 15:49:45.798 +00:00 [DBG] Deleting successfully sent batch of metric events
2024-03-12 15:49:45.813 +00:00 [DBG] Checking if table MetricsTable is empty
2024-03-12 15:49:45.815 +00:00 [DBG] is empty: False
2024-03-12 15:49:45.819 +00:00 [DBG] Metrics event batch successfully created, sending metrics
2024-03-12 15:49:45.820 +00:00 [DBG] metrics region already exists in app: eu-central-1
2024-03-12 15:49:45.820 +00:00 [DBG] Sending metrics batch async
2024-03-12 15:49:45.820 +00:00 [DBG] OS: MacOS
2024-03-12 15:49:45.820 +00:00 [DBG] OS: MacOS
2024-03-12 15:49:45.820 +00:00 [DBG] OS: MacOS
2024-03-12 15:49:45.820 +00:00 [DBG] OS: MacOS
2024-03-12 15:49:45.820 +00:00 [DBG] OS: MacOS
2024-03-12 15:49:45.820 +00:00 [DBG] OS: MacOS
2024-03-12 15:49:45.820 +00:00 [DBG] OS: MacOS
2024-03-12 15:49:45.820 +00:00 [DBG] OS: MacOS
2024-03-12 15:49:45.820 +00:00 [DBG] OS: MacOS
2024-03-12 15:49:45.820 +00:00 [DBG] OS: MacOS
2024-03-12 15:49:45.820 +00:00 [DBG] OS: MacOS
2024-03-12 15:49:45.820 +00:00 [DBG] OS: MacOS
2024-03-12 15:49:45.820 +00:00 [DBG] OS: MacOS
2024-03-12 15:49:45.820 +00:00 [DBG] OS: MacOS
2024-03-12 15:49:45.820 +00:00 [DBG] OS: MacOS
2024-03-12 15:49:45.820 +00:00 [DBG] OS: MacOS
2024-03-12 15:49:45.820 +00:00 [DBG] OS: MacOS
2024-03-12 15:49:45.820 +00:00 [DBG] OS: MacOS
2024-03-12 15:49:45.820 +00:00 [DBG] OS: MacOS
2024-03-12 15:49:45.821 +00:00 [DBG] OS: MacOS
2024-03-12 15:49:45.821 +00:00 [DBG] Metrics data request created
2024-03-12 15:49:45.880 +00:00 [DBG] CloudWatch response received
2024-03-12 15:49:45.880 +00:00 [DBG] CloudWatch response status code: OK
2024-03-12 15:49:45.880 +00:00 [DBG] successfully put metrics to cloudwatch
2024-03-12 15:49:45.880 +00:00 [DBG] Deleting successfully sent batch of metric events
2024-03-12 15:49:45.898 +00:00 [DBG] Checking if table MetricsTable is empty
2024-03-12 15:49:45.898 +00:00 [DBG] is empty: False
2024-03-12 15:49:45.904 +00:00 [DBG] Metrics event batch successfully created, sending metrics
2024-03-12 15:49:45.904 +00:00 [DBG] metrics region already exists in app: eu-central-1
2024-03-12 15:49:45.904 +00:00 [DBG] Sending metrics batch async
2024-03-12 15:49:45.905 +00:00 [DBG] OS: MacOS
2024-03-12 15:49:45.905 +00:00 [DBG] OS: MacOS
2024-03-12 15:49:45.905 +00:00 [DBG] OS: MacOS
2024-03-12 15:49:45.905 +00:00 [DBG] OS: MacOS
2024-03-12 15:49:45.905 +00:00 [DBG] OS: MacOS
2024-03-12 15:49:45.905 +00:00 [DBG] OS: MacOS
2024-03-12 15:49:45.905 +00:00 [DBG] OS: MacOS
2024-03-12 15:49:45.905 +00:00 [DBG] OS: MacOS
2024-03-12 15:49:45.905 +00:00 [DBG] OS: MacOS
2024-03-12 15:49:45.905 +00:00 [DBG] OS: MacOS
2024-03-12 15:49:45.905 +00:00 [DBG] OS: MacOS
2024-03-12 15:49:45.905 +00:00 [DBG] OS: MacOS
2024-03-12 15:49:45.905 +00:00 [DBG] OS: MacOS
2024-03-12 15:49:45.905 +00:00 [DBG] OS: MacOS
2024-03-12 15:49:45.905 +00:00 [DBG] OS: MacOS
2024-03-12 15:49:45.905 +00:00 [DBG] OS: MacOS
2024-03-12 15:49:45.905 +00:00 [DBG] OS: MacOS
2024-03-12 15:49:45.905 +00:00 [DBG] OS: MacOS
2024-03-12 15:49:45.905 +00:00 [DBG] OS: MacOS
2024-03-12 15:49:45.905 +00:00 [DBG] OS: MacOS
2024-03-12 15:49:45.905 +00:00 [DBG] Metrics data request created
2024-03-12 15:49:45.975 +00:00 [DBG] CloudWatch response received
2024-03-12 15:49:45.976 +00:00 [DBG] CloudWatch response status code: OK
2024-03-12 15:49:45.976 +00:00 [DBG] successfully put metrics to cloudwatch
2024-03-12 15:49:45.976 +00:00 [DBG] Deleting successfully sent batch of metric events
2024-03-12 15:49:45.987 +00:00 [DBG] Checking if table MetricsTable is empty
2024-03-12 15:49:45.989 +00:00 [DBG] is empty: False
2024-03-12 15:49:45.993 +00:00 [DBG] Metrics event batch successfully created, sending metrics
2024-03-12 15:49:45.994 +00:00 [DBG] metrics region already exists in app: eu-central-1
2024-03-12 15:49:45.994 +00:00 [DBG] Sending metrics batch async
2024-03-12 15:49:45.994 +00:00 [DBG] OS: MacOS
2024-03-12 15:49:45.994 +00:00 [DBG] OS: MacOS
2024-03-12 15:49:45.994 +00:00 [DBG] OS: MacOS
2024-03-12 15:49:45.994 +00:00 [DBG] OS: MacOS
2024-03-12 15:49:45.994 +00:00 [DBG] OS: MacOS
2024-03-12 15:49:45.994 +00:00 [DBG] OS: MacOS
2024-03-12 15:49:45.994 +00:00 [DBG] OS: MacOS
2024-03-12 15:49:45.994 +00:00 [DBG] OS: MacOS
2024-03-12 15:49:45.994 +00:00 [DBG] OS: MacOS
2024-03-12 15:49:45.994 +00:00 [DBG] OS: MacOS
2024-03-12 15:49:45.994 +00:00 [DBG] OS: MacOS
2024-03-12 15:49:45.994 +00:00 [DBG] OS: MacOS
2024-03-12 15:49:45.995 +00:00 [DBG] OS: MacOS
2024-03-12 15:49:45.995 +00:00 [DBG] OS: MacOS
2024-03-12 15:49:45.995 +00:00 [DBG] OS: MacOS
2024-03-12 15:49:45.995 +00:00 [DBG] OS: MacOS
2024-03-12 15:49:45.995 +00:00 [DBG] OS: MacOS
2024-03-12 15:49:45.995 +00:00 [DBG] OS: MacOS
2024-03-12 15:49:45.995 +00:00 [DBG] OS: MacOS
2024-03-12 15:49:45.995 +00:00 [DBG] OS: MacOS
2024-03-12 15:49:45.995 +00:00 [DBG] Metrics data request created
2024-03-12 15:49:46.059 +00:00 [DBG] CloudWatch response received
2024-03-12 15:49:46.060 +00:00 [DBG] CloudWatch response status code: OK
2024-03-12 15:49:46.061 +00:00 [DBG] successfully put metrics to cloudwatch
2024-03-12 15:49:46.061 +00:00 [DBG] Deleting successfully sent batch of metric events
2024-03-12 15:49:46.080 +00:00 [DBG] Checking if table MetricsTable is empty
2024-03-12 15:49:46.081 +00:00 [DBG] is empty: False
2024-03-12 15:49:46.086 +00:00 [DBG] Metrics event batch successfully created, sending metrics
2024-03-12 15:49:46.086 +00:00 [DBG] metrics region already exists in app: eu-central-1
2024-03-12 15:49:46.087 +00:00 [DBG] Sending metrics batch async
2024-03-12 15:49:46.087 +00:00 [DBG] OS: MacOS
2024-03-12 15:49:46.087 +00:00 [DBG] OS: MacOS
2024-03-12 15:49:46.087 +00:00 [DBG] OS: MacOS
2024-03-12 15:49:46.087 +00:00 [DBG] OS: MacOS
2024-03-12 15:49:46.087 +00:00 [DBG] OS: MacOS
2024-03-12 15:49:46.087 +00:00 [DBG] OS: MacOS
2024-03-12 15:49:46.087 +00:00 [DBG] OS: MacOS
2024-03-12 15:49:46.087 +00:00 [DBG] OS: MacOS
2024-03-12 15:49:46.087 +00:00 [DBG] OS: MacOS
2024-03-12 15:49:46.087 +00:00 [DBG] OS: MacOS
2024-03-12 15:49:46.087 +00:00 [DBG] OS: MacOS
2024-03-12 15:49:46.087 +00:00 [DBG] OS: MacOS
2024-03-12 15:49:46.087 +00:00 [DBG] OS: MacOS
2024-03-12 15:49:46.087 +00:00 [DBG] OS: MacOS
2024-03-12 15:49:46.087 +00:00 [DBG] OS: MacOS
2024-03-12 15:49:46.087 +00:00 [DBG] OS: MacOS
2024-03-12 15:49:46.087 +00:00 [DBG] OS: MacOS
2024-03-12 15:49:46.087 +00:00 [DBG] OS: MacOS
2024-03-12 15:49:46.087 +00:00 [DBG] OS: MacOS
2024-03-12 15:49:46.088 +00:00 [DBG] OS: MacOS
2024-03-12 15:49:46.088 +00:00 [DBG] Metrics data request created
2024-03-12 15:49:46.152 +00:00 [DBG] CloudWatch response received
2024-03-12 15:49:46.153 +00:00 [DBG] CloudWatch response status code: OK
2024-03-12 15:49:46.153 +00:00 [DBG] successfully put metrics to cloudwatch
2024-03-12 15:49:46.153 +00:00 [DBG] Deleting successfully sent batch of metric events
2024-03-12 15:49:46.170 +00:00 [DBG] Checking if table MetricsTable is empty
2024-03-12 15:49:46.171 +00:00 [DBG] is empty: False
2024-03-12 15:49:46.173 +00:00 [DBG] Metrics event batch successfully created, sending metrics
2024-03-12 15:49:46.173 +00:00 [DBG] metrics region already exists in app: eu-central-1
2024-03-12 15:49:46.173 +00:00 [DBG] Sending metrics batch async
2024-03-12 15:49:46.173 +00:00 [DBG] OS: MacOS
2024-03-12 15:49:46.173 +00:00 [DBG] OS: MacOS
2024-03-12 15:49:46.173 +00:00 [DBG] OS: MacOS
2024-03-12 15:49:46.173 +00:00 [DBG] OS: MacOS
2024-03-12 15:49:46.173 +00:00 [DBG] OS: MacOS
2024-03-12 15:49:46.173 +00:00 [DBG] OS: MacOS
2024-03-12 15:49:46.173 +00:00 [DBG] OS: MacOS
2024-03-12 15:49:46.173 +00:00 [DBG] OS: MacOS
2024-03-12 15:49:46.173 +00:00 [DBG] OS: MacOS
2024-03-12 15:49:46.173 +00:00 [DBG] OS: MacOS
2024-03-12 15:49:46.173 +00:00 [DBG] OS: MacOS
2024-03-12 15:49:46.173 +00:00 [DBG] OS: MacOS
2024-03-12 15:49:46.173 +00:00 [DBG] OS: MacOS
2024-03-12 15:49:46.173 +00:00 [DBG] OS: MacOS
2024-03-12 15:49:46.173 +00:00 [DBG] OS: MacOS
2024-03-12 15:49:46.173 +00:00 [DBG] OS: MacOS
2024-03-12 15:49:46.173 +00:00 [DBG] OS: MacOS
2024-03-12 15:49:46.173 +00:00 [DBG] OS: MacOS
2024-03-12 15:49:46.173 +00:00 [DBG] OS: MacOS
2024-03-12 15:49:46.173 +00:00 [DBG] OS: MacOS
2024-03-12 15:49:46.174 +00:00 [DBG] Metrics data request created
2024-03-12 15:49:46.234 +00:00 [DBG] CloudWatch response received
2024-03-12 15:49:46.234 +00:00 [DBG] CloudWatch response status code: OK
2024-03-12 15:49:46.234 +00:00 [DBG] successfully put metrics to cloudwatch
2024-03-12 15:49:46.234 +00:00 [DBG] Deleting successfully sent batch of metric events
2024-03-12 15:49:46.251 +00:00 [DBG] Checking if table MetricsTable is empty
2024-03-12 15:49:46.252 +00:00 [DBG] is empty: False
2024-03-12 15:49:46.261 +00:00 [DBG] Metrics event batch successfully created, sending metrics
2024-03-12 15:49:46.261 +00:00 [DBG] metrics region already exists in app: eu-central-1
2024-03-12 15:49:46.261 +00:00 [DBG] Sending metrics batch async
2024-03-12 15:49:46.262 +00:00 [DBG] OS: MacOS
2024-03-12 15:49:46.262 +00:00 [DBG] OS: MacOS
2024-03-12 15:49:46.268 +00:00 [DBG] OS: MacOS
2024-03-12 15:49:46.268 +00:00 [DBG] OS: MacOS
2024-03-12 15:49:46.268 +00:00 [DBG] OS: MacOS
2024-03-12 15:49:46.268 +00:00 [DBG] OS: MacOS
2024-03-12 15:49:46.268 +00:00 [DBG] OS: MacOS
2024-03-12 15:49:46.268 +00:00 [DBG] OS: MacOS
2024-03-12 15:49:46.268 +00:00 [DBG] OS: MacOS
2024-03-12 15:49:46.268 +00:00 [DBG] OS: MacOS
2024-03-12 15:49:46.268 +00:00 [DBG] OS: MacOS
2024-03-12 15:49:46.268 +00:00 [DBG] OS: MacOS
2024-03-12 15:49:46.268 +00:00 [DBG] OS: MacOS
2024-03-12 15:49:46.268 +00:00 [DBG] OS: MacOS
2024-03-12 15:49:46.269 +00:00 [DBG] OS: MacOS
2024-03-12 15:49:46.269 +00:00 [DBG] OS: MacOS
2024-03-12 15:49:46.269 +00:00 [DBG] OS: MacOS
2024-03-12 15:49:46.269 +00:00 [DBG] OS: MacOS
2024-03-12 15:49:46.269 +00:00 [DBG] OS: MacOS
2024-03-12 15:49:46.269 +00:00 [DBG] OS: MacOS
2024-03-12 15:49:46.269 +00:00 [DBG] Metrics data request created
2024-03-12 15:49:46.333 +00:00 [DBG] CloudWatch response received
2024-03-12 15:49:46.334 +00:00 [DBG] CloudWatch response status code: OK
2024-03-12 15:49:46.334 +00:00 [DBG] successfully put metrics to cloudwatch
2024-03-12 15:49:46.334 +00:00 [DBG] Deleting successfully sent batch of metric events
2024-03-12 15:49:46.341 +00:00 [DBG] Checking if table MetricsTable is empty
2024-03-12 15:49:46.341 +00:00 [DBG] is empty: False
2024-03-12 15:49:46.344 +00:00 [DBG] Metrics event batch successfully created, sending metrics
2024-03-12 15:49:46.344 +00:00 [DBG] metrics region already exists in app: eu-central-1
2024-03-12 15:49:46.345 +00:00 [DBG] Sending metrics batch async
2024-03-12 15:49:46.345 +00:00 [DBG] OS: MacOS
2024-03-12 15:49:46.345 +00:00 [DBG] OS: MacOS
2024-03-12 15:49:46.345 +00:00 [DBG] OS: MacOS
2024-03-12 15:49:46.345 +00:00 [DBG] OS: MacOS
2024-03-12 15:49:46.345 +00:00 [DBG] OS: MacOS
2024-03-12 15:49:46.345 +00:00 [DBG] OS: MacOS
2024-03-12 15:49:46.345 +00:00 [DBG] OS: MacOS
2024-03-12 15:49:46.345 +00:00 [DBG] OS: MacOS
2024-03-12 15:49:46.345 +00:00 [DBG] OS: MacOS
2024-03-12 15:49:46.345 +00:00 [DBG] OS: MacOS
2024-03-12 15:49:46.345 +00:00 [DBG] OS: MacOS
2024-03-12 15:49:46.345 +00:00 [DBG] OS: MacOS
2024-03-12 15:49:46.345 +00:00 [DBG] OS: MacOS
2024-03-12 15:49:46.345 +00:00 [DBG] OS: MacOS
2024-03-12 15:49:46.345 +00:00 [DBG] OS: MacOS
2024-03-12 15:49:46.346 +00:00 [DBG] OS: MacOS
2024-03-12 15:49:46.346 +00:00 [DBG] OS: MacOS
2024-03-12 15:49:46.346 +00:00 [DBG] OS: MacOS
2024-03-12 15:49:46.346 +00:00 [DBG] OS: MacOS
2024-03-12 15:49:46.346 +00:00 [DBG] OS: MacOS
2024-03-12 15:49:46.346 +00:00 [DBG] Metrics data request created
2024-03-12 15:49:46.409 +00:00 [DBG] CloudWatch response received
2024-03-12 15:49:46.409 +00:00 [DBG] CloudWatch response status code: OK
2024-03-12 15:49:46.409 +00:00 [DBG] successfully put metrics to cloudwatch
2024-03-12 15:49:46.409 +00:00 [DBG] Deleting successfully sent batch of metric events
2024-03-12 15:49:46.417 +00:00 [DBG] Checking if table MetricsTable is empty
2024-03-12 15:49:46.417 +00:00 [DBG] is empty: False
2024-03-12 15:49:46.420 +00:00 [DBG] Metrics event batch successfully created, sending metrics
2024-03-12 15:49:46.420 +00:00 [DBG] metrics region already exists in app: eu-central-1
2024-03-12 15:49:46.420 +00:00 [DBG] Sending metrics batch async
2024-03-12 15:49:46.420 +00:00 [DBG] OS: MacOS
2024-03-12 15:49:46.420 +00:00 [DBG] OS: MacOS
2024-03-12 15:49:46.420 +00:00 [DBG] OS: MacOS
2024-03-12 15:49:46.420 +00:00 [DBG] OS: MacOS
2024-03-12 15:49:46.420 +00:00 [DBG] OS: MacOS
2024-03-12 15:49:46.420 +00:00 [DBG] OS: MacOS
2024-03-12 15:49:46.420 +00:00 [DBG] OS: MacOS
2024-03-12 15:49:46.420 +00:00 [DBG] OS: MacOS
2024-03-12 15:49:46.420 +00:00 [DBG] OS: MacOS
2024-03-12 15:49:46.420 +00:00 [DBG] OS: MacOS
2024-03-12 15:49:46.420 +00:00 [DBG] OS: MacOS
2024-03-12 15:49:46.420 +00:00 [DBG] OS: MacOS
2024-03-12 15:49:46.420 +00:00 [DBG] OS: MacOS
2024-03-12 15:49:46.420 +00:00 [DBG] OS: MacOS
2024-03-12 15:49:46.420 +00:00 [DBG] OS: MacOS
2024-03-12 15:49:46.420 +00:00 [DBG] OS: MacOS
2024-03-12 15:49:46.420 +00:00 [DBG] OS: MacOS
2024-03-12 15:49:46.421 +00:00 [DBG] OS: MacOS
2024-03-12 15:49:46.421 +00:00 [DBG] OS: MacOS
2024-03-12 15:49:46.421 +00:00 [DBG] OS: MacOS
2024-03-12 15:49:46.421 +00:00 [DBG] Metrics data request created
2024-03-12 15:49:46.477 +00:00 [DBG] CloudWatch response received
2024-03-12 15:49:46.477 +00:00 [DBG] CloudWatch response status code: OK
2024-03-12 15:49:46.477 +00:00 [DBG] successfully put metrics to cloudwatch
2024-03-12 15:49:46.477 +00:00 [DBG] Deleting successfully sent batch of metric events
2024-03-12 15:49:46.484 +00:00 [DBG] Checking if table MetricsTable is empty
2024-03-12 15:49:46.484 +00:00 [DBG] is empty: False
2024-03-12 15:49:46.487 +00:00 [DBG] Metrics event batch successfully created, sending metrics
2024-03-12 15:49:46.487 +00:00 [DBG] metrics region already exists in app: eu-central-1
2024-03-12 15:49:46.487 +00:00 [DBG] Sending metrics batch async
2024-03-12 15:49:46.487 +00:00 [DBG] OS: MacOS
2024-03-12 15:49:46.488 +00:00 [DBG] OS: MacOS
2024-03-12 15:49:46.488 +00:00 [DBG] OS: MacOS
2024-03-12 15:49:46.488 +00:00 [DBG] OS: MacOS
2024-03-12 15:49:46.488 +00:00 [DBG] OS: MacOS
2024-03-12 15:49:46.488 +00:00 [DBG] OS: MacOS
2024-03-12 15:49:46.488 +00:00 [DBG] OS: MacOS
2024-03-12 15:49:46.488 +00:00 [DBG] OS: MacOS
2024-03-12 15:49:46.488 +00:00 [DBG] OS: MacOS
2024-03-12 15:49:46.488 +00:00 [DBG] OS: MacOS
2024-03-12 15:49:46.488 +00:00 [DBG] OS: MacOS
2024-03-12 15:49:46.488 +00:00 [DBG] OS: MacOS
2024-03-12 15:49:46.488 +00:00 [DBG] OS: MacOS
2024-03-12 15:49:46.488 +00:00 [DBG] OS: MacOS
2024-03-12 15:49:46.488 +00:00 [DBG] OS: MacOS
2024-03-12 15:49:46.489 +00:00 [DBG] OS: MacOS
2024-03-12 15:49:46.489 +00:00 [DBG] OS: MacOS
2024-03-12 15:49:46.489 +00:00 [DBG] OS: MacOS
2024-03-12 15:49:46.489 +00:00 [DBG] OS: MacOS
2024-03-12 15:49:46.490 +00:00 [DBG] OS: MacOS
2024-03-12 15:49:46.490 +00:00 [DBG] Metrics data request created
2024-03-12 15:49:46.548 +00:00 [DBG] CloudWatch response received
2024-03-12 15:49:46.548 +00:00 [DBG] CloudWatch response status code: OK
2024-03-12 15:49:46.548 +00:00 [DBG] successfully put metrics to cloudwatch
2024-03-12 15:49:46.548 +00:00 [DBG] Deleting successfully sent batch of metric events
2024-03-12 15:49:46.554 +00:00 [DBG] Checking if table MetricsTable is empty
2024-03-12 15:49:46.555 +00:00 [DBG] is empty: False
2024-03-12 15:49:46.557 +00:00 [DBG] Metrics event batch successfully created, sending metrics
2024-03-12 15:49:46.557 +00:00 [DBG] metrics region already exists in app: eu-central-1
2024-03-12 15:49:46.557 +00:00 [DBG] Sending metrics batch async
2024-03-12 15:49:46.558 +00:00 [DBG] OS: MacOS
2024-03-12 15:49:46.558 +00:00 [DBG] OS: MacOS
2024-03-12 15:49:46.558 +00:00 [DBG] OS: MacOS
2024-03-12 15:49:46.558 +00:00 [DBG] OS: MacOS
2024-03-12 15:49:46.558 +00:00 [DBG] OS: MacOS
2024-03-12 15:49:46.558 +00:00 [DBG] OS: MacOS
2024-03-12 15:49:46.558 +00:00 [DBG] OS: MacOS
2024-03-12 15:49:46.558 +00:00 [DBG] OS: MacOS
2024-03-12 15:49:46.558 +00:00 [DBG] OS: MacOS
2024-03-12 15:49:46.558 +00:00 [DBG] OS: MacOS
2024-03-12 15:49:46.558 +00:00 [DBG] OS: MacOS
2024-03-12 15:49:46.558 +00:00 [DBG] OS: MacOS
2024-03-12 15:49:46.558 +00:00 [DBG] OS: MacOS
2024-03-12 15:49:46.558 +00:00 [DBG] OS: MacOS
2024-03-12 15:49:46.558 +00:00 [DBG] OS: MacOS
2024-03-12 15:49:46.558 +00:00 [DBG] OS: MacOS
2024-03-12 15:49:46.558 +00:00 [DBG] OS: MacOS
2024-03-12 15:49:46.558 +00:00 [DBG] OS: MacOS
2024-03-12 15:49:46.558 +00:00 [DBG] OS: MacOS
2024-03-12 15:49:46.558 +00:00 [DBG] OS: MacOS
2024-03-12 15:49:46.558 +00:00 [DBG] Metrics data request created
2024-03-12 15:49:46.612 +00:00 [DBG] CloudWatch response received
2024-03-12 15:49:46.612 +00:00 [DBG] CloudWatch response status code: OK
2024-03-12 15:49:46.612 +00:00 [DBG] successfully put metrics to cloudwatch
2024-03-12 15:49:46.612 +00:00 [DBG] Deleting successfully sent batch of metric events
2024-03-12 15:49:46.622 +00:00 [DBG] Checking if table MetricsTable is empty
2024-03-12 15:49:46.623 +00:00 [DBG] is empty: False
2024-03-12 15:49:46.625 +00:00 [DBG] Metrics event batch successfully created, sending metrics
2024-03-12 15:49:46.626 +00:00 [DBG] metrics region already exists in app: eu-central-1
2024-03-12 15:49:46.626 +00:00 [DBG] Sending metrics batch async
2024-03-12 15:49:46.626 +00:00 [DBG] OS: MacOS
2024-03-12 15:49:46.626 +00:00 [DBG] OS: MacOS
2024-03-12 15:49:46.626 +00:00 [DBG] OS: MacOS
2024-03-12 15:49:46.626 +00:00 [DBG] OS: MacOS
2024-03-12 15:49:46.626 +00:00 [DBG] OS: MacOS
2024-03-12 15:49:46.626 +00:00 [DBG] OS: MacOS
2024-03-12 15:49:46.626 +00:00 [DBG] OS: MacOS
2024-03-12 15:49:46.626 +00:00 [DBG] OS: MacOS
2024-03-12 15:49:46.626 +00:00 [DBG] OS: MacOS
2024-03-12 15:49:46.626 +00:00 [DBG] OS: MacOS
2024-03-12 15:49:46.626 +00:00 [DBG] OS: MacOS
2024-03-12 15:49:46.626 +00:00 [DBG] OS: MacOS
2024-03-12 15:49:46.626 +00:00 [DBG] OS: MacOS
2024-03-12 15:49:46.626 +00:00 [DBG] OS: MacOS
2024-03-12 15:49:46.626 +00:00 [DBG] OS: MacOS
2024-03-12 15:49:46.626 +00:00 [DBG] OS: MacOS
2024-03-12 15:49:46.626 +00:00 [DBG] OS: MacOS
2024-03-12 15:49:46.626 +00:00 [DBG] OS: MacOS
2024-03-12 15:49:46.626 +00:00 [DBG] OS: MacOS
2024-03-12 15:49:46.626 +00:00 [DBG] OS: MacOS
2024-03-12 15:49:46.626 +00:00 [DBG] Metrics data request created
2024-03-12 15:49:46.693 +00:00 [DBG] CloudWatch response received
2024-03-12 15:49:46.694 +00:00 [DBG] CloudWatch response status code: OK
2024-03-12 15:49:46.694 +00:00 [DBG] successfully put metrics to cloudwatch
2024-03-12 15:49:46.694 +00:00 [DBG] Deleting successfully sent batch of metric events
2024-03-12 15:49:46.705 +00:00 [DBG] Checking if table MetricsTable is empty
2024-03-12 15:49:46.706 +00:00 [DBG] is empty: False
2024-03-12 15:49:46.709 +00:00 [DBG] Metrics event batch successfully created, sending metrics
2024-03-12 15:49:46.709 +00:00 [DBG] metrics region already exists in app: eu-central-1
2024-03-12 15:49:46.709 +00:00 [DBG] Sending metrics batch async
2024-03-12 15:49:46.709 +00:00 [DBG] OS: MacOS
2024-03-12 15:49:46.709 +00:00 [DBG] OS: MacOS
2024-03-12 15:49:46.709 +00:00 [DBG] OS: MacOS
2024-03-12 15:49:46.709 +00:00 [DBG] OS: MacOS
2024-03-12 15:49:46.709 +00:00 [DBG] OS: MacOS
2024-03-12 15:49:46.709 +00:00 [DBG] OS: MacOS
2024-03-12 15:49:46.709 +00:00 [DBG] OS: MacOS
2024-03-12 15:49:46.709 +00:00 [DBG] OS: MacOS
2024-03-12 15:49:46.709 +00:00 [DBG] OS: MacOS
2024-03-12 15:49:46.709 +00:00 [DBG] OS: MacOS
2024-03-12 15:49:46.709 +00:00 [DBG] OS: MacOS
2024-03-12 15:49:46.709 +00:00 [DBG] OS: MacOS
2024-03-12 15:49:46.709 +00:00 [DBG] OS: MacOS
2024-03-12 15:49:46.709 +00:00 [DBG] OS: MacOS
2024-03-12 15:49:46.709 +00:00 [DBG] OS: MacOS
2024-03-12 15:49:46.709 +00:00 [DBG] OS: MacOS
2024-03-12 15:49:46.709 +00:00 [DBG] OS: MacOS
2024-03-12 15:49:46.710 +00:00 [DBG] OS: MacOS
2024-03-12 15:49:46.710 +00:00 [DBG] OS: MacOS
2024-03-12 15:49:46.710 +00:00 [DBG] OS: MacOS
2024-03-12 15:49:46.710 +00:00 [DBG] Metrics data request created
2024-03-12 15:49:46.773 +00:00 [DBG] CloudWatch response received
2024-03-12 15:49:46.773 +00:00 [DBG] CloudWatch response status code: OK
2024-03-12 15:49:46.774 +00:00 [DBG] successfully put metrics to cloudwatch
2024-03-12 15:49:46.774 +00:00 [DBG] Deleting successfully sent batch of metric events
2024-03-12 15:49:46.786 +00:00 [DBG] Checking if table MetricsTable is empty
2024-03-12 15:49:46.787 +00:00 [DBG] is empty: False
2024-03-12 15:49:46.793 +00:00 [DBG] Metrics event batch successfully created, sending metrics
2024-03-12 15:49:46.793 +00:00 [DBG] metrics region already exists in app: eu-central-1
2024-03-12 15:49:46.793 +00:00 [DBG] Sending metrics batch async
2024-03-12 15:49:46.793 +00:00 [DBG] OS: MacOS
2024-03-12 15:49:46.793 +00:00 [DBG] OS: MacOS
2024-03-12 15:49:46.793 +00:00 [DBG] OS: MacOS
2024-03-12 15:49:46.794 +00:00 [DBG] OS: MacOS
2024-03-12 15:49:46.794 +00:00 [DBG] OS: MacOS
2024-03-12 15:49:46.794 +00:00 [DBG] OS: MacOS
2024-03-12 15:49:46.794 +00:00 [DBG] OS: MacOS
2024-03-12 15:49:46.794 +00:00 [DBG] OS: MacOS
2024-03-12 15:49:46.794 +00:00 [DBG] OS: MacOS
2024-03-12 15:49:46.794 +00:00 [DBG] OS: MacOS
2024-03-12 15:49:46.794 +00:00 [DBG] OS: MacOS
2024-03-12 15:49:46.794 +00:00 [DBG] OS: MacOS
2024-03-12 15:49:46.794 +00:00 [DBG] OS: MacOS
2024-03-12 15:49:46.794 +00:00 [DBG] OS: MacOS
2024-03-12 15:49:46.794 +00:00 [DBG] OS: MacOS
2024-03-12 15:49:46.794 +00:00 [DBG] OS: MacOS
2024-03-12 15:49:46.794 +00:00 [DBG] OS: MacOS
2024-03-12 15:49:46.794 +00:00 [DBG] OS: MacOS
2024-03-12 15:49:46.794 +00:00 [DBG] OS: MacOS
2024-03-12 15:49:46.794 +00:00 [DBG] OS: MacOS
2024-03-12 15:49:46.794 +00:00 [DBG] Metrics data request created
2024-03-12 15:49:46.860 +00:00 [DBG] CloudWatch response received
2024-03-12 15:49:46.860 +00:00 [DBG] CloudWatch response status code: OK
2024-03-12 15:49:46.860 +00:00 [DBG] successfully put metrics to cloudwatch
2024-03-12 15:49:46.860 +00:00 [DBG] Deleting successfully sent batch of metric events
2024-03-12 15:49:46.875 +00:00 [DBG] Checking if table MetricsTable is empty
2024-03-12 15:49:46.876 +00:00 [DBG] is empty: False
2024-03-12 15:49:46.878 +00:00 [DBG] Metrics event batch successfully created, sending metrics
2024-03-12 15:49:46.879 +00:00 [DBG] metrics region already exists in app: eu-central-1
2024-03-12 15:49:46.879 +00:00 [DBG] Sending metrics batch async
2024-03-12 15:49:46.879 +00:00 [DBG] OS: MacOS
2024-03-12 15:49:46.879 +00:00 [DBG] OS: MacOS
2024-03-12 15:49:46.879 +00:00 [DBG] OS: MacOS
2024-03-12 15:49:46.879 +00:00 [DBG] OS: MacOS
2024-03-12 15:49:46.879 +00:00 [DBG] OS: MacOS
2024-03-12 15:49:46.879 +00:00 [DBG] OS: MacOS
2024-03-12 15:49:46.879 +00:00 [DBG] OS: MacOS
2024-03-12 15:49:46.879 +00:00 [DBG] OS: MacOS
2024-03-12 15:49:46.879 +00:00 [DBG] OS: MacOS
2024-03-12 15:49:46.879 +00:00 [DBG] OS: MacOS
2024-03-12 15:49:46.880 +00:00 [DBG] OS: MacOS
2024-03-12 15:49:46.880 +00:00 [DBG] OS: MacOS
2024-03-12 15:49:46.880 +00:00 [DBG] OS: MacOS
2024-03-12 15:49:46.880 +00:00 [DBG] OS: MacOS
2024-03-12 15:49:46.880 +00:00 [DBG] OS: MacOS
2024-03-12 15:49:46.880 +00:00 [DBG] OS: MacOS
2024-03-12 15:49:46.880 +00:00 [DBG] OS: MacOS
2024-03-12 15:49:46.880 +00:00 [DBG] OS: MacOS
2024-03-12 15:49:46.880 +00:00 [DBG] OS: MacOS
2024-03-12 15:49:46.880 +00:00 [DBG] OS: MacOS
2024-03-12 15:49:46.880 +00:00 [DBG] Metrics data request created
2024-03-12 15:49:46.945 +00:00 [DBG] CloudWatch response received
2024-03-12 15:49:46.945 +00:00 [DBG] CloudWatch response status code: OK
2024-03-12 15:49:46.946 +00:00 [DBG] successfully put metrics to cloudwatch
2024-03-12 15:49:46.946 +00:00 [DBG] Deleting successfully sent batch of metric events
2024-03-12 15:49:46.965 +00:00 [DBG] Checking if table MetricsTable is empty
2024-03-12 15:49:46.965 +00:00 [DBG] is empty: False
2024-03-12 15:49:46.968 +00:00 [DBG] Metrics event batch successfully created, sending metrics
2024-03-12 15:49:46.968 +00:00 [DBG] metrics region already exists in app: eu-central-1
2024-03-12 15:49:46.968 +00:00 [DBG] Sending metrics batch async
2024-03-12 15:49:46.968 +00:00 [DBG] OS: MacOS
2024-03-12 15:49:46.968 +00:00 [DBG] OS: MacOS
2024-03-12 15:49:46.968 +00:00 [DBG] OS: MacOS
2024-03-12 15:49:46.968 +00:00 [DBG] OS: MacOS
2024-03-12 15:49:46.968 +00:00 [DBG] OS: MacOS
2024-03-12 15:49:46.968 +00:00 [DBG] OS: MacOS
2024-03-12 15:49:46.968 +00:00 [DBG] OS: MacOS
2024-03-12 15:49:46.968 +00:00 [DBG] OS: MacOS
2024-03-12 15:49:46.968 +00:00 [DBG] OS: MacOS
2024-03-12 15:49:46.968 +00:00 [DBG] OS: MacOS
2024-03-12 15:49:46.968 +00:00 [DBG] OS: MacOS
2024-03-12 15:49:46.968 +00:00 [DBG] OS: MacOS
2024-03-12 15:49:46.968 +00:00 [DBG] OS: MacOS
2024-03-12 15:49:46.968 +00:00 [DBG] OS: MacOS
2024-03-12 15:49:46.968 +00:00 [DBG] OS: MacOS
2024-03-12 15:49:46.968 +00:00 [DBG] OS: MacOS
2024-03-12 15:49:46.968 +00:00 [DBG] OS: MacOS
2024-03-12 15:49:46.968 +00:00 [DBG] OS: MacOS
2024-03-12 15:49:46.969 +00:00 [DBG] OS: MacOS
2024-03-12 15:49:46.969 +00:00 [DBG] OS: MacOS
2024-03-12 15:49:46.969 +00:00 [DBG] Metrics data request created
2024-03-12 15:49:47.023 +00:00 [DBG] CloudWatch response received
2024-03-12 15:49:47.024 +00:00 [DBG] CloudWatch response status code: OK
2024-03-12 15:49:47.024 +00:00 [DBG] successfully put metrics to cloudwatch
2024-03-12 15:49:47.024 +00:00 [DBG] Deleting successfully sent batch of metric events
2024-03-12 15:49:47.036 +00:00 [DBG] Checking if table MetricsTable is empty
2024-03-12 15:49:47.037 +00:00 [DBG] is empty: False
2024-03-12 15:49:47.040 +00:00 [DBG] Metrics event batch successfully created, sending metrics
2024-03-12 15:49:47.040 +00:00 [DBG] metrics region already exists in app: eu-central-1
2024-03-12 15:49:47.040 +00:00 [DBG] Sending metrics batch async
2024-03-12 15:49:47.040 +00:00 [DBG] OS: MacOS
2024-03-12 15:49:47.040 +00:00 [DBG] OS: MacOS
2024-03-12 15:49:47.040 +00:00 [DBG] OS: MacOS
2024-03-12 15:49:47.041 +00:00 [DBG] OS: MacOS
2024-03-12 15:49:47.041 +00:00 [DBG] OS: MacOS
2024-03-12 15:49:47.041 +00:00 [DBG] OS: MacOS
2024-03-12 15:49:47.041 +00:00 [DBG] OS: MacOS
2024-03-12 15:49:47.041 +00:00 [DBG] OS: MacOS
2024-03-12 15:49:47.041 +00:00 [DBG] OS: MacOS
2024-03-12 15:49:47.041 +00:00 [DBG] OS: MacOS
2024-03-12 15:49:47.041 +00:00 [DBG] OS: MacOS
2024-03-12 15:49:47.041 +00:00 [DBG] OS: MacOS
2024-03-12 15:49:47.041 +00:00 [DBG] OS: MacOS
2024-03-12 15:49:47.041 +00:00 [DBG] OS: MacOS
2024-03-12 15:49:47.041 +00:00 [DBG] OS: MacOS
2024-03-12 15:49:47.041 +00:00 [DBG] OS: MacOS
2024-03-12 15:49:47.041 +00:00 [DBG] OS: MacOS
2024-03-12 15:49:47.041 +00:00 [DBG] OS: MacOS
2024-03-12 15:49:47.041 +00:00 [DBG] OS: MacOS
2024-03-12 15:49:47.041 +00:00 [DBG] OS: MacOS
2024-03-12 15:49:47.041 +00:00 [DBG] Metrics data request created
2024-03-12 15:49:47.100 +00:00 [DBG] CloudWatch response received
2024-03-12 15:49:47.100 +00:00 [DBG] CloudWatch response status code: OK
2024-03-12 15:49:47.100 +00:00 [DBG] successfully put metrics to cloudwatch
2024-03-12 15:49:47.100 +00:00 [DBG] Deleting successfully sent batch of metric events
2024-03-12 15:49:47.107 +00:00 [DBG] Checking if table MetricsTable is empty
2024-03-12 15:49:47.107 +00:00 [DBG] is empty: True
2024-03-12 15:49:47.107 +00:00 [DBG] Finished sending batches of metrics to cloudwatch.
2024-03-12 16:49:29.165 +00:00 [DBG] Sending Metrics batches
2024-03-12 16:49:29.191 +00:00 [DBG] Checking if table MetricsTable is empty
2024-03-12 16:49:29.192 +00:00 [DBG] is empty: True
2024-03-12 16:49:29.193 +00:00 [DBG] Finished sending batches of metrics to cloudwatch.
2024-03-12 16:49:29.193 +00:00 [DBG] Sending Analytics Batches
2024-03-12 16:49:29.197 +00:00 [DBG] Checking if table AnalyticsTable is empty
2024-03-12 16:49:29.198 +00:00 [DBG] is empty: True
2024-03-12 16:49:29.198 +00:00 [DBG] Finished sending batches of analytics to pinpoint.
2024-03-12 17:49:29.256 +00:00 [DBG] Sending Metrics batches
2024-03-12 17:49:29.282 +00:00 [DBG] Checking if table MetricsTable is empty
2024-03-12 17:49:29.285 +00:00 [DBG] is empty: True
2024-03-12 17:49:29.285 +00:00 [DBG] Finished sending batches of metrics to cloudwatch.
2024-03-12 17:49:29.285 +00:00 [DBG] Sending Analytics Batches
2024-03-12 17:49:29.289 +00:00 [DBG] Checking if table AnalyticsTable is empty
2024-03-12 17:49:29.291 +00:00 [DBG] is empty: True
2024-03-12 17:49:29.291 +00:00 [DBG] Finished sending batches of analytics to pinpoint.
2024-03-12 18:49:29.347 +00:00 [DBG] Sending Metrics batches
2024-03-12 18:49:29.467 +00:00 [DBG] Checking if table MetricsTable is empty
2024-03-12 18:49:29.468 +00:00 [DBG] is empty: True
2024-03-12 18:49:29.468 +00:00 [DBG] Finished sending batches of metrics to cloudwatch.
2024-03-12 18:49:29.469 +00:00 [DBG] Sending Analytics Batches
2024-03-12 18:49:29.472 +00:00 [DBG] Checking if table AnalyticsTable is empty
2024-03-12 18:49:29.474 +00:00 [DBG] is empty: True
2024-03-12 18:49:29.474 +00:00 [DBG] Finished sending batches of analytics to pinpoint.
2024-03-12 19:49:29.485 +00:00 [DBG] Sending Metrics batches
2024-03-12 19:49:29.493 +00:00 [DBG] Checking if table MetricsTable is empty
2024-03-12 19:49:29.493 +00:00 [DBG] is empty: True
2024-03-12 19:49:29.493 +00:00 [DBG] Finished sending batches of metrics to cloudwatch.
2024-03-12 19:49:29.494 +00:00 [DBG] Sending Analytics Batches
2024-03-12 19:49:29.496 +00:00 [DBG] Checking if table AnalyticsTable is empty
2024-03-12 19:49:29.496 +00:00 [DBG] is empty: True
2024-03-12 19:49:29.496 +00:00 [DBG] Finished sending batches of analytics to pinpoint.
2024-03-12 20:47:08.462 +00:00 [DBG] System will sleep. Connection state: Disconnected
2024-03-12 20:51:04.303 +00:00 [DBG] Sending Metrics batches
2024-03-12 20:51:04.320 +00:00 [DBG] Checking if table MetricsTable is empty
2024-03-12 20:51:04.322 +00:00 [DBG] is empty: True
2024-03-12 20:51:04.322 +00:00 [DBG] Finished sending batches of metrics to cloudwatch.
2024-03-12 20:51:04.322 +00:00 [DBG] Sending Analytics Batches
2024-03-12 20:51:04.326 +00:00 [DBG] Checking if table AnalyticsTable is empty
2024-03-12 20:51:04.327 +00:00 [DBG] is empty: True
2024-03-12 20:51:04.327 +00:00 [DBG] Finished sending batches of analytics to pinpoint.
2024-03-12 22:00:06.683 +00:00 [DBG] System did wake. Connection state: Disconnected
2024-03-12 22:00:06.684 +00:00 [DBG] System will sleep. Connection state: Disconnected
