2024-03-01 18:33:23.342 +00:00 [DBG] >LOG:1709318003,D,MANAGEMENT: CMD 'echo on'
2024-03-01 18:33:23.352 +00:00 [DBG] >LOG:1709318003,D,MANAGEMENT: CMD ''
2024-03-01 18:33:23.400 +00:00 [DBG] >LOG:1709318003,,Control Channel: TLSv1.2, cipher TLSv1/SSLv3 ECDHE-RSA-AES256-GCM-SHA384, 2048 bit RSA
2024-03-01 18:33:23.400 +00:00 [DBG] >LOG:1709318003,I,[server] Peer Connection Initiated with [AF_INET]18.192.157.207:443
2024-03-01 18:33:24.666 +00:00 [DBG] >LOG:1709318004,,MANAGEMENT: >STATE:1709318004,GET_CONFIG,,,,,,
2024-03-01 18:33:24.668 +00:00 [DBG] >LOG:1709318004,,SENT CONTROL [server]: 'PUSH_REQUEST' (status=1)
2024-03-01 18:33:27.527 +00:00 [DBG] >LOG:1709318004,,PUSH: Received control message: 'PUSH_REPLY,route 172.31.0.0 255.255.0.0,route-gateway 10.0.0.129,topology subnet,ping 1,ping-restart 20,echo,ifconfig 10.0.0.130 255.255.255.224,peer-id 0,cipher AES-256-GCM'
2024-03-01 18:33:27.530 +00:00 [DBG] >LOG:1709318004,,OPTIONS IMPORT: timers and/or timeouts modified
2024-03-01 18:33:27.530 +00:00 [DBG] >LOG:1709318004,,OPTIONS IMPORT: --ifconfig/up options modified
2024-03-01 18:33:27.530 +00:00 [DBG] >LOG:1709318004,,OPTIONS IMPORT: route options modified
2024-03-01 18:33:27.530 +00:00 [DBG] >LOG:1709318004,,OPTIONS IMPORT: route-related options modified
2024-03-01 18:33:27.531 +00:00 [DBG] >LOG:1709318004,,OPTIONS IMPORT: peer-id set
2024-03-01 18:33:27.531 +00:00 [DBG] >LOG:1709318004,,OPTIONS IMPORT: adjusting link_mtu to 1624
2024-03-01 18:33:27.531 +00:00 [DBG] >LOG:1709318004,,OPTIONS IMPORT: data channel crypto options modified
2024-03-01 18:33:27.531 +00:00 [DBG] >LOG:1709318004,,Outgoing Data Channel: Cipher 'AES-256-GCM' initialized with 256 bit key
2024-03-01 18:33:27.531 +00:00 [DBG] >LOG:1709318004,,Incoming Data Channel: Cipher 'AES-256-GCM' initialized with 256 bit key
2024-03-01 18:33:27.531 +00:00 [DBG] >LOG:1709318004,,ROUTE_GATEWAY 192.168.1.1/255.255.255.0 IFACE=en0 HWADDR=bc:d0:74:79:6b:44
2024-03-01 18:33:27.531 +00:00 [DBG] >LOG:1709318004,,Opening utun (connect(AF_SYS_CONTROL)): Resource busy (errno=16)
2024-03-01 18:33:27.531 +00:00 [DBG] >LOG:1709318004,,Opening utun (connect(AF_SYS_CONTROL)): Resource busy (errno=16)
2024-03-01 18:33:27.531 +00:00 [DBG] >LOG:1709318004,,Opening utun (connect(AF_SYS_CONTROL)): Resource busy (errno=16)
2024-03-01 18:33:27.531 +00:00 [DBG] >LOG:1709318004,,Opening utun (connect(AF_SYS_CONTROL)): Resource busy (errno=16)
2024-03-01 18:33:27.531 +00:00 [DBG] >LOG:1709318004,,Opening utun (connect(AF_SYS_CONTROL)): Resource busy (errno=16)
2024-03-01 18:33:27.531 +00:00 [DBG] >LOG:1709318004,,Opening utun (connect(AF_SYS_CONTROL)): Resource busy (errno=16)
2024-03-01 18:33:27.531 +00:00 [DBG] >LOG:1709318004,,Opening utun (connect(AF_SYS_CONTROL)): Resource busy (errno=16)
2024-03-01 18:33:27.531 +00:00 [DBG] >LOG:1709318004,I,Opened utun device utun7
2024-03-01 18:33:27.531 +00:00 [DBG] >LOG:1709318004,D,do_ifconfig, tt->did_ifconfig_ipv6_setup=0
2024-03-01 18:33:27.531 +00:00 [DBG] >LOG:1709318004,,MANAGEMENT: >STATE:1709318004,ASSIGN_IP,,10.0.0.130,,,,
2024-03-01 18:33:27.531 +00:00 [DBG] >LOG:1709318004,I,/sbin/ifconfig utun7 delete
2024-03-01 18:33:27.531 +00:00 [DBG] >LOG:1709318004,I,NOTE: Tried to delete pre-existing tun/tap instance -- No Problem if failure
2024-03-01 18:33:27.531 +00:00 [DBG] >LOG:1709318004,I,/sbin/ifconfig utun7 10.0.0.130 10.0.0.130 netmask 255.255.255.224 mtu 1500 up
2024-03-01 18:33:27.531 +00:00 [DBG] >LOG:1709318004,,/sbin/route add -net 10.0.0.128 10.0.0.130 255.255.255.224
2024-03-01 18:33:27.531 +00:00 [DBG] >LOG:1709318004,I,/Applications/AWS VPN Client/AWS VPN Client.app/Contents/Resources/openvpn/client.up utun7 1500 1552 10.0.0.130 255.255.255.224 init
2024-03-01 18:33:27.531 +00:00 [DBG] >LOG:1709318007,,MANAGEMENT: >STATE:1709318007,ADD_ROUTES,,,,,,
2024-03-01 18:33:27.531 +00:00 [DBG] >LOG:1709318007,,/sbin/route add -net 172.31.0.0 10.0.0.129 255.255.0.0
2024-03-01 18:33:27.532 +00:00 [DBG] >LOG:1709318007,W,WARNING: this configuration may cache passwords in memory -- use the auth-nocache option to prevent this
2024-03-01 18:33:27.532 +00:00 [DBG] >LOG:1709318007,I,Initialization Sequence Completed
2024-03-01 18:33:27.532 +00:00 [DBG] >LOG:1709318007,,MANAGEMENT: >STATE:1709318007,CONNECTED,SUCCESS,10.0.0.130,18.192.157.207,443,,
2024-03-01 18:39:05.835 +00:00 [DBG] >LOG:1709318345,D,MANAGEMENT: CMD 'status'
2024-03-01 18:39:06.409 +00:00 [DBG] >LOG:1709318346,D,MANAGEMENT: CMD 'status'
2024-03-01 18:39:06.932 +00:00 [DBG] >LOG:1709318346,D,MANAGEMENT: CMD 'status'
2024-03-01 18:39:07.590 +00:00 [DBG] >LOG:1709318347,D,MANAGEMENT: CMD 'status'
2024-03-01 18:39:08.182 +00:00 [DBG] >LOG:1709318348,D,MANAGEMENT: CMD 'status'
2024-03-01 18:39:08.699 +00:00 [DBG] >LOG:1709318348,D,MANAGEMENT: CMD 'status'
2024-03-01 18:39:09.351 +00:00 [DBG] >LOG:1709318349,D,MANAGEMENT: CMD 'status'
2024-03-01 18:39:09.984 +00:00 [DBG] >LOG:1709318349,D,MANAGEMENT: CMD 'status'
2024-03-01 18:39:10.504 +00:00 [DBG] >LOG:1709318350,D,MANAGEMENT: CMD 'status'
2024-03-01 18:39:11.085 +00:00 [DBG] >LOG:1709318351,D,MANAGEMENT: CMD 'status'
2024-03-01 18:39:11.681 +00:00 [DBG] >LOG:1709318351,D,MANAGEMENT: CMD 'status'
2024-03-01 18:39:12.228 +00:00 [DBG] >LOG:1709318352,D,MANAGEMENT: CMD 'status'
2024-03-01 18:39:12.832 +00:00 [DBG] >LOG:1709318352,D,MANAGEMENT: CMD 'status'
2024-03-01 18:39:13.452 +00:00 [DBG] >LOG:1709318353,D,MANAGEMENT: CMD 'status'
2024-03-01 18:39:14.162 +00:00 [DBG] >LOG:1709318354,D,MANAGEMENT: CMD 'status'
2024-03-01 18:51:43.008 +00:00 [DBG] >LOG:1709319065,N,Connection reset command was pushed by server ('')
2024-03-01 18:51:43.179 +00:00 [DBG] >LOG:1709319065,,/sbin/route delete -net 172.31.0.0 10.0.0.129 255.255.0.0
2024-03-01 18:51:43.179 +00:00 [DBG] >LOG:1709319065,,Closing TUN/TAP interface
2024-03-01 18:51:43.179 +00:00 [DBG] >LOG:1709319066,I,/Applications/AWS VPN Client/AWS VPN Client.app/Contents/Resources/openvpn/client.down utun7 1500 1552 10.0.0.130 255.255.255.224 init
2024-03-01 18:51:43.439 +00:00 [DBG] >LOG:1709319077,I,SIGUSR1[soft,server-pushed-connection-reset] received, process restarting
2024-03-01 18:51:43.439 +00:00 [DBG] >LOG:1709319077,,MANAGEMENT: >STATE:1709319077,RECONNECTING,server-pushed-connection-reset,,,,,
2024-03-01 18:51:44.009 +00:00 [DBG] >LOG:1709319077,,Restart pause, 5 second(s)
2024-03-01 18:51:44.009 +00:00 [DBG] >LOG:1709319082,W,NOTE: the current --script-security setting may allow this configuration to call user-defined scripts
2024-03-01 18:51:44.010 +00:00 [DBG] >LOG:1709319082,I,TCP/UDP: Preserving recently used remote address: [AF_INET]18.192.157.207:443
2024-03-01 18:51:44.010 +00:00 [DBG] >LOG:1709319082,,Socket Buffers: R=[786896->786896] S=[9216->9216]
2024-03-01 18:51:44.010 +00:00 [DBG] >LOG:1709319082,I,UDP link local: (not bound)
2024-03-01 18:51:44.010 +00:00 [DBG] >LOG:1709319082,I,UDP link remote: [AF_INET]18.192.157.207:443
2024-03-01 18:51:44.010 +00:00 [DBG] >LOG:1709319082,,MANAGEMENT: >STATE:1709319082,WAIT,,,,,,
2024-03-01 18:51:44.010 +00:00 [DBG] >LOG:1709319082,,MANAGEMENT: >STATE:1709319082,AUTH,,,,,,
2024-03-01 18:51:44.010 +00:00 [DBG] >LOG:1709319082,,TLS: Initial packet from [AF_INET]18.192.157.207:443, sid=7789165d cf9b4b75
2024-03-01 18:51:44.010 +00:00 [DBG] >LOG:1709319082,,VERIFY OK: depth=1, CN=ishchenkogv
2024-03-01 18:51:44.010 +00:00 [DBG] >LOG:1709319082,,VERIFY KU OK
2024-03-01 18:51:44.010 +00:00 [DBG] >LOG:1709319082,,Validating certificate extended key usage
2024-03-01 18:51:44.011 +00:00 [DBG] >LOG:1709319082,,++ Certificate has EKU (str) TLS Web Server Authentication, expects TLS Web Server Authentication
2024-03-01 18:51:44.011 +00:00 [DBG] >LOG:1709319082,,VERIFY EKU OK
2024-03-01 18:51:44.011 +00:00 [DBG] >LOG:1709319082,,VERIFY X509NAME OK: CN=server
2024-03-01 18:51:44.011 +00:00 [DBG] >LOG:1709319082,,VERIFY OK: depth=0, CN=server
2024-03-01 18:51:44.011 +00:00 [DBG] >LOG:1709319082,,Control Channel: TLSv1.2, cipher TLSv1/SSLv3 ECDHE-RSA-AES256-GCM-SHA384, 2048 bit RSA
2024-03-01 18:51:44.011 +00:00 [DBG] >LOG:1709319082,I,[server] Peer Connection Initiated with [AF_INET]18.192.157.207:443
2024-03-01 18:51:44.012 +00:00 [DBG] >LOG:1709319083,,MANAGEMENT: >STATE:1709319083,GET_CONFIG,,,,,,
2024-03-01 18:51:44.012 +00:00 [DBG] >LOG:1709319083,,SENT CONTROL [server]: 'PUSH_REQUEST' (status=1)
2024-03-01 18:51:44.012 +00:00 [DBG] >LOG:1709319089,,SENT CONTROL [server]: 'PUSH_REQUEST' (status=1)
2024-03-01 18:51:44.012 +00:00 [DBG] >LOG:1709319089,,PUSH: Received control message: 'PUSH_REPLY,route 172.31.0.0 255.255.0.0,route-gateway 10.0.0.129,topology subnet,ping 1,ping-restart 20,echo,ifconfig 10.0.0.130 255.255.255.224,peer-id 0,cipher AES-256-GCM'
2024-03-01 18:51:44.013 +00:00 [DBG] >LOG:1709319089,,OPTIONS IMPORT: timers and/or timeouts modified
2024-03-01 18:51:44.013 +00:00 [DBG] >LOG:1709319089,,OPTIONS IMPORT: --ifconfig/up options modified
2024-03-01 18:51:44.013 +00:00 [DBG] >LOG:1709319089,,OPTIONS IMPORT: route options modified
2024-03-01 18:51:44.013 +00:00 [DBG] >LOG:1709319089,,OPTIONS IMPORT: route-related options modified
2024-03-01 18:51:44.013 +00:00 [DBG] >LOG:1709319089,,OPTIONS IMPORT: peer-id set
2024-03-01 18:51:44.013 +00:00 [DBG] >LOG:1709319089,,OPTIONS IMPORT: adjusting link_mtu to 1624
2024-03-01 18:51:44.013 +00:00 [DBG] >LOG:1709319089,,OPTIONS IMPORT: data channel crypto options modified
2024-03-01 18:51:44.013 +00:00 [DBG] >LOG:1709319089,,Outgoing Data Channel: Cipher 'AES-256-GCM' initialized with 256 bit key
2024-03-01 18:51:44.013 +00:00 [DBG] >LOG:1709319089,,Incoming Data Channel: Cipher 'AES-256-GCM' initialized with 256 bit key
2024-03-01 18:51:44.013 +00:00 [DBG] >LOG:1709319089,,ROUTE_GATEWAY 192.168.1.1/255.255.255.0 IFACE=en0 HWADDR=bc:d0:74:79:6b:44
2024-03-01 18:51:44.013 +00:00 [DBG] >LOG:1709319089,,Opening utun (connect(AF_SYS_CONTROL)): Resource busy (errno=16)
2024-03-01 18:51:44.013 +00:00 [DBG] >LOG:1709319089,,Opening utun (connect(AF_SYS_CONTROL)): Resource busy (errno=16)
2024-03-01 18:51:44.013 +00:00 [DBG] >LOG:1709319089,,Opening utun (connect(AF_SYS_CONTROL)): Resource busy (errno=16)
2024-03-01 18:51:44.013 +00:00 [DBG] >LOG:1709319089,,Opening utun (connect(AF_SYS_CONTROL)): Resource busy (errno=16)
2024-03-01 18:51:44.014 +00:00 [DBG] >LOG:1709319089,,Opening utun (connect(AF_SYS_CONTROL)): Resource busy (errno=16)
2024-03-01 18:51:44.014 +00:00 [DBG] >LOG:1709319089,,Opening utun (connect(AF_SYS_CONTROL)): Resource busy (errno=16)
2024-03-01 18:51:44.014 +00:00 [DBG] >LOG:1709319089,,Opening utun (connect(AF_SYS_CONTROL)): Resource busy (errno=16)
2024-03-01 18:51:44.014 +00:00 [DBG] >LOG:1709319089,I,Opened utun device utun7
2024-03-01 18:51:44.014 +00:00 [DBG] >LOG:1709319089,D,do_ifconfig, tt->did_ifconfig_ipv6_setup=0
2024-03-01 18:51:44.014 +00:00 [DBG] >LOG:1709319089,,MANAGEMENT: >STATE:1709319089,ASSIGN_IP,,10.0.0.130,,,,
2024-03-01 18:51:44.014 +00:00 [DBG] >LOG:1709319089,I,/sbin/ifconfig utun7 delete
2024-03-01 18:51:44.014 +00:00 [DBG] >LOG:1709319089,I,NOTE: Tried to delete pre-existing tun/tap instance -- No Problem if failure
2024-03-01 18:51:44.014 +00:00 [DBG] >LOG:1709319089,I,/sbin/ifconfig utun7 10.0.0.130 10.0.0.130 netmask 255.255.255.224 mtu 1500 up
2024-03-01 18:51:44.014 +00:00 [DBG] >LOG:1709319089,,/sbin/route add -net 10.0.0.128 10.0.0.130 255.255.255.224
2024-03-01 18:51:44.014 +00:00 [DBG] >LOG:1709319090,I,/Applications/AWS VPN Client/AWS VPN Client.app/Contents/Resources/openvpn/client.up utun7 1500 1552 10.0.0.130 255.255.255.224 init
2024-03-01 18:51:44.014 +00:00 [DBG] >LOG:1709319103,,MANAGEMENT: >STATE:1709319103,ADD_ROUTES,,,,,,
2024-03-01 18:51:44.014 +00:00 [DBG] >LOG:1709319103,,/sbin/route add -net 172.31.0.0 10.0.0.129 255.255.0.0
2024-03-01 18:51:44.014 +00:00 [DBG] >LOG:1709319103,I,Initialization Sequence Completed
2024-03-01 18:51:44.014 +00:00 [DBG] >LOG:1709319103,,MANAGEMENT: >STATE:1709319103,CONNECTED,SUCCESS,10.0.0.130,18.192.157.207,443,,
2024-03-01 18:51:44.047 +00:00 [DBG] >LOG:1709319104,D,MANAGEMENT: CMD 'status'
2024-03-01 18:51:44.553 +00:00 [DBG] >LOG:1709319104,D,MANAGEMENT: CMD 'status'
2024-03-01 18:51:45.056 +00:00 [DBG] >LOG:1709319105,D,MANAGEMENT: CMD 'status'
2024-03-01 18:51:45.559 +00:00 [DBG] >LOG:1709319105,D,MANAGEMENT: CMD 'status'
2024-03-01 18:51:46.064 +00:00 [DBG] >LOG:1709319106,D,MANAGEMENT: CMD 'status'
2024-03-01 18:51:46.572 +00:00 [DBG] >LOG:1709319106,D,MANAGEMENT: CMD 'status'
2024-03-01 18:51:47.076 +00:00 [DBG] >LOG:1709319107,D,MANAGEMENT: CMD 'status'
2024-03-01 18:51:47.585 +00:00 [DBG] >LOG:1709319107,D,MANAGEMENT: CMD 'status'
2024-03-01 18:51:48.089 +00:00 [DBG] >LOG:1709319108,D,MANAGEMENT: CMD 'status'
2024-03-01 18:51:48.592 +00:00 [DBG] >LOG:1709319108,D,MANAGEMENT: CMD 'status'
2024-03-01 18:51:49.096 +00:00 [DBG] >LOG:1709319109,D,MANAGEMENT: CMD 'status'
2024-03-01 18:51:49.600 +00:00 [DBG] >LOG:1709319109,D,MANAGEMENT: CMD 'status'
2024-03-01 18:51:50.104 +00:00 [DBG] >LOG:1709319110,D,MANAGEMENT: CMD 'status'
2024-03-01 18:51:50.609 +00:00 [DBG] >LOG:1709319110,D,MANAGEMENT: CMD 'status'
2024-03-01 18:51:51.115 +00:00 [DBG] >LOG:1709319111,D,MANAGEMENT: CMD 'status'
2024-03-01 18:51:51.620 +00:00 [DBG] >LOG:1709319111,D,MANAGEMENT: CMD 'status'
2024-03-01 18:51:52.127 +00:00 [DBG] >LOG:1709319112,D,MANAGEMENT: CMD 'status'
2024-03-01 18:51:52.631 +00:00 [DBG] >LOG:1709319112,D,MANAGEMENT: CMD 'status'
2024-03-01 18:51:53.137 +00:00 [DBG] >LOG:1709319113,D,MANAGEMENT: CMD 'status'
2024-03-01 18:51:53.643 +00:00 [DBG] >LOG:1709319113,D,MANAGEMENT: CMD 'status'
2024-03-01 18:51:54.161 +00:00 [DBG] >LOG:1709319114,D,MANAGEMENT: CMD 'status'
2024-03-01 18:51:54.669 +00:00 [DBG] >LOG:1709319114,D,MANAGEMENT: CMD 'status'
2024-03-01 18:51:55.174 +00:00 [DBG] >LOG:1709319115,D,MANAGEMENT: CMD 'status'
2024-03-01 18:51:55.685 +00:00 [DBG] >LOG:1709319115,D,MANAGEMENT: CMD 'status'
2024-03-01 18:51:56.189 +00:00 [DBG] >LOG:1709319116,D,MANAGEMENT: CMD 'status'
2024-03-01 18:51:56.696 +00:00 [DBG] >LOG:1709319116,D,MANAGEMENT: CMD 'status'
2024-03-01 18:51:57.205 +00:00 [DBG] >LOG:1709319117,D,MANAGEMENT: CMD 'status'
2024-03-01 18:51:57.714 +00:00 [DBG] >LOG:1709319117,D,MANAGEMENT: CMD 'status'
2024-03-01 18:51:58.222 +00:00 [DBG] >LOG:1709319118,D,MANAGEMENT: CMD 'status'
2024-03-01 18:51:58.726 +00:00 [DBG] >LOG:1709319118,D,MANAGEMENT: CMD 'status'
2024-03-01 18:51:59.233 +00:00 [DBG] >LOG:1709319119,D,MANAGEMENT: CMD 'status'
2024-03-01 18:51:59.738 +00:00 [DBG] >LOG:1709319119,D,MANAGEMENT: CMD 'status'
2024-03-01 18:52:00.248 +00:00 [DBG] >LOG:1709319120,D,MANAGEMENT: CMD 'status'
2024-03-01 18:52:00.762 +00:00 [DBG] >LOG:1709319120,D,MANAGEMENT: CMD 'status'
2024-03-01 18:52:01.272 +00:00 [DBG] >LOG:1709319121,D,MANAGEMENT: CMD 'status'
2024-03-01 18:52:01.779 +00:00 [DBG] >LOG:1709319121,D,MANAGEMENT: CMD 'status'
2024-03-01 18:52:02.286 +00:00 [DBG] >LOG:1709319122,D,MANAGEMENT: CMD 'status'
2024-03-01 18:52:02.801 +00:00 [DBG] >LOG:1709319122,D,MANAGEMENT: CMD 'status'
2024-03-01 18:52:03.306 +00:00 [DBG] >LOG:1709319123,D,MANAGEMENT: CMD 'status'
2024-03-01 18:52:03.822 +00:00 [DBG] >LOG:1709319123,D,MANAGEMENT: CMD 'status'
2024-03-01 18:52:04.344 +00:00 [DBG] >LOG:1709319124,D,MANAGEMENT: CMD 'status'
2024-03-01 18:52:04.858 +00:00 [DBG] >LOG:1709319124,D,MANAGEMENT: CMD 'status'
2024-03-01 18:52:05.368 +00:00 [DBG] >LOG:1709319125,D,MANAGEMENT: CMD 'status'
2024-03-01 18:52:05.873 +00:00 [DBG] >LOG:1709319125,D,MANAGEMENT: CMD 'status'
2024-03-01 18:52:06.381 +00:00 [DBG] >LOG:1709319126,D,MANAGEMENT: CMD 'status'
2024-03-01 18:52:06.898 +00:00 [DBG] >LOG:1709319126,D,MANAGEMENT: CMD 'status'
2024-03-01 18:52:07.406 +00:00 [DBG] >LOG:1709319127,D,MANAGEMENT: CMD 'status'
2024-03-01 18:52:07.910 +00:00 [DBG] >LOG:1709319127,D,MANAGEMENT: CMD 'status'
2024-03-01 18:52:08.419 +00:00 [DBG] >LOG:1709319128,D,MANAGEMENT: CMD 'status'
2024-03-01 18:52:08.924 +00:00 [DBG] >LOG:1709319128,D,MANAGEMENT: CMD 'status'
2024-03-01 18:52:09.427 +00:00 [DBG] >LOG:1709319129,D,MANAGEMENT: CMD 'status'
2024-03-01 18:52:09.940 +00:00 [DBG] >LOG:1709319129,D,MANAGEMENT: CMD 'status'
2024-03-01 18:52:10.448 +00:00 [DBG] >LOG:1709319130,D,MANAGEMENT: CMD 'status'
2024-03-01 18:52:10.958 +00:00 [DBG] >LOG:1709319130,D,MANAGEMENT: CMD 'status'
2024-03-01 18:52:11.488 +00:00 [DBG] >LOG:1709319131,D,MANAGEMENT: CMD 'status'
2024-03-01 18:52:12.014 +00:00 [DBG] >LOG:1709319132,D,MANAGEMENT: CMD 'status'
2024-03-01 18:52:12.518 +00:00 [DBG] >LOG:1709319132,D,MANAGEMENT: CMD 'status'
2024-03-01 18:52:13.023 +00:00 [DBG] >LOG:1709319133,D,MANAGEMENT: CMD 'status'
2024-03-01 18:52:13.532 +00:00 [DBG] >LOG:1709319133,D,MANAGEMENT: CMD 'status'
2024-03-01 18:52:14.042 +00:00 [DBG] >LOG:1709319134,D,MANAGEMENT: CMD 'status'
2024-03-01 18:52:14.552 +00:00 [DBG] >LOG:1709319134,D,MANAGEMENT: CMD 'status'
2024-03-01 18:52:15.056 +00:00 [DBG] >LOG:1709319135,D,MANAGEMENT: CMD 'status'
2024-03-01 18:52:15.566 +00:00 [DBG] >LOG:1709319135,D,MANAGEMENT: CMD 'status'
2024-03-01 18:52:16.075 +00:00 [DBG] >LOG:1709319136,D,MANAGEMENT: CMD 'status'
2024-03-01 18:52:16.588 +00:00 [DBG] >LOG:1709319136,D,MANAGEMENT: CMD 'status'
2024-03-01 18:52:17.093 +00:00 [DBG] >LOG:1709319137,D,MANAGEMENT: CMD 'status'
2024-03-01 18:52:17.600 +00:00 [DBG] >LOG:1709319137,D,MANAGEMENT: CMD 'status'
2024-03-01 18:52:18.106 +00:00 [DBG] >LOG:1709319138,D,MANAGEMENT: CMD 'status'
2024-03-01 18:52:18.614 +00:00 [DBG] >LOG:1709319138,D,MANAGEMENT: CMD 'status'
2024-03-01 18:52:19.120 +00:00 [DBG] >LOG:1709319139,D,MANAGEMENT: CMD 'status'
2024-03-01 18:52:19.628 +00:00 [DBG] >LOG:1709319139,D,MANAGEMENT: CMD 'status'
2024-03-01 18:52:20.133 +00:00 [DBG] >LOG:1709319140,D,MANAGEMENT: CMD 'status'
2024-03-01 18:52:20.643 +00:00 [DBG] >LOG:1709319140,D,MANAGEMENT: CMD 'status'
2024-03-01 18:52:21.154 +00:00 [DBG] >LOG:1709319141,D,MANAGEMENT: CMD 'status'
2024-03-01 18:52:21.662 +00:00 [DBG] >LOG:1709319141,D,MANAGEMENT: CMD 'status'
2024-03-01 18:52:22.167 +00:00 [DBG] >LOG:1709319142,D,MANAGEMENT: CMD 'status'
2024-03-01 18:52:22.672 +00:00 [DBG] >LOG:1709319142,D,MANAGEMENT: CMD 'status'
2024-03-01 18:52:23.179 +00:00 [DBG] >LOG:1709319143,D,MANAGEMENT: CMD 'status'
2024-03-01 18:52:23.684 +00:00 [DBG] >LOG:1709319143,D,MANAGEMENT: CMD 'status'
2024-03-01 18:52:24.189 +00:00 [DBG] >LOG:1709319144,D,MANAGEMENT: CMD 'status'
2024-03-01 18:52:24.700 +00:00 [DBG] >LOG:1709319144,D,MANAGEMENT: CMD 'status'
2024-03-01 18:52:25.207 +00:00 [DBG] >LOG:1709319145,D,MANAGEMENT: CMD 'status'
2024-03-01 18:52:25.724 +00:00 [DBG] >LOG:1709319145,D,MANAGEMENT: CMD 'status'
2024-03-01 18:52:26.235 +00:00 [DBG] >LOG:1709319146,D,MANAGEMENT: CMD 'status'
2024-03-01 18:52:26.742 +00:00 [DBG] >LOG:1709319146,D,MANAGEMENT: CMD 'status'
2024-03-01 18:52:27.246 +00:00 [DBG] >LOG:1709319147,D,MANAGEMENT: CMD 'status'
2024-03-01 18:52:27.755 +00:00 [DBG] >LOG:1709319147,D,MANAGEMENT: CMD 'status'
2024-03-01 18:52:28.262 +00:00 [DBG] >LOG:1709319148,D,MANAGEMENT: CMD 'status'
2024-03-01 18:52:28.767 +00:00 [DBG] >LOG:1709319148,D,MANAGEMENT: CMD 'status'
2024-03-01 18:52:29.272 +00:00 [DBG] >LOG:1709319149,D,MANAGEMENT: CMD 'status'
2024-03-01 18:52:29.776 +00:00 [DBG] >LOG:1709319149,D,MANAGEMENT: CMD 'status'
2024-03-01 18:52:30.294 +00:00 [DBG] >LOG:1709319150,D,MANAGEMENT: CMD 'status'
2024-03-01 18:52:30.797 +00:00 [DBG] >LOG:1709319150,D,MANAGEMENT: CMD 'status'
2024-03-01 18:52:31.303 +00:00 [DBG] >LOG:1709319151,D,MANAGEMENT: CMD 'status'
2024-03-01 18:52:31.811 +00:00 [DBG] >LOG:1709319151,D,MANAGEMENT: CMD 'status'
2024-03-01 18:52:32.319 +00:00 [DBG] >LOG:1709319152,D,MANAGEMENT: CMD 'status'
2024-03-01 18:52:32.824 +00:00 [DBG] >LOG:1709319152,D,MANAGEMENT: CMD 'status'
2024-03-01 18:52:33.329 +00:00 [DBG] >LOG:1709319153,D,MANAGEMENT: CMD 'status'
2024-03-01 18:52:33.836 +00:00 [DBG] >LOG:1709319153,D,MANAGEMENT: CMD 'status'
2024-03-01 18:52:34.345 +00:00 [DBG] >LOG:1709319154,D,MANAGEMENT: CMD 'status'
2024-03-01 18:52:34.863 +00:00 [DBG] >LOG:1709319154,D,MANAGEMENT: CMD 'status'
2024-03-01 18:52:35.381 +00:00 [DBG] >LOG:1709319155,D,MANAGEMENT: CMD 'status'
2024-03-01 18:52:35.908 +00:00 [DBG] >LOG:1709319155,D,MANAGEMENT: CMD 'status'
2024-03-01 18:52:36.411 +00:00 [DBG] >LOG:1709319156,D,MANAGEMENT: CMD 'status'
2024-03-01 18:52:36.914 +00:00 [DBG] >LOG:1709319156,D,MANAGEMENT: CMD 'status'
2024-03-01 18:52:37.424 +00:00 [DBG] >LOG:1709319157,D,MANAGEMENT: CMD 'status'
2024-03-01 18:52:37.933 +00:00 [DBG] >LOG:1709319157,D,MANAGEMENT: CMD 'status'
2024-03-01 18:52:38.443 +00:00 [DBG] >LOG:1709319158,D,MANAGEMENT: CMD 'status'
2024-03-01 18:52:38.950 +00:00 [DBG] >LOG:1709319158,D,MANAGEMENT: CMD 'status'
2024-03-01 18:52:39.453 +00:00 [DBG] >LOG:1709319159,D,MANAGEMENT: CMD 'status'
2024-03-01 18:52:39.959 +00:00 [DBG] >LOG:1709319159,D,MANAGEMENT: CMD 'status'
2024-03-01 18:52:40.468 +00:00 [DBG] >LOG:1709319160,D,MANAGEMENT: CMD 'status'
2024-03-01 18:52:41.011 +00:00 [DBG] >LOG:1709319161,D,MANAGEMENT: CMD 'status'
2024-03-01 18:52:41.520 +00:00 [DBG] >LOG:1709319161,D,MANAGEMENT: CMD 'status'
2024-03-01 18:52:42.026 +00:00 [DBG] >LOG:1709319162,D,MANAGEMENT: CMD 'status'
2024-03-01 18:52:42.534 +00:00 [DBG] >LOG:1709319162,D,MANAGEMENT: CMD 'status'
2024-03-01 18:52:43.044 +00:00 [DBG] >LOG:1709319163,D,MANAGEMENT: CMD 'status'
2024-03-01 18:52:43.549 +00:00 [DBG] >LOG:1709319163,D,MANAGEMENT: CMD 'status'
2024-03-01 18:52:44.053 +00:00 [DBG] >LOG:1709319164,D,MANAGEMENT: CMD 'status'
2024-03-01 18:52:44.562 +00:00 [DBG] >LOG:1709319164,D,MANAGEMENT: CMD 'status'
2024-03-01 18:52:45.074 +00:00 [DBG] >LOG:1709319165,D,MANAGEMENT: CMD 'status'
2024-03-01 18:52:45.583 +00:00 [DBG] >LOG:1709319165,D,MANAGEMENT: CMD 'status'
2024-03-01 18:52:46.093 +00:00 [DBG] >LOG:1709319166,D,MANAGEMENT: CMD 'status'
2024-03-01 18:52:46.599 +00:00 [DBG] >LOG:1709319166,D,MANAGEMENT: CMD 'status'
2024-03-01 18:52:47.109 +00:00 [DBG] >LOG:1709319167,D,MANAGEMENT: CMD 'status'
2024-03-01 18:52:47.617 +00:00 [DBG] >LOG:1709319167,D,MANAGEMENT: CMD 'status'
2024-03-01 18:52:48.124 +00:00 [DBG] >LOG:1709319168,D,MANAGEMENT: CMD 'status'
2024-03-01 18:52:48.634 +00:00 [DBG] >LOG:1709319168,D,MANAGEMENT: CMD 'status'
2024-03-01 18:52:49.151 +00:00 [DBG] >LOG:1709319169,D,MANAGEMENT: CMD 'status'
2024-03-01 18:52:49.660 +00:00 [DBG] >LOG:1709319169,D,MANAGEMENT: CMD 'status'
2024-03-01 18:52:50.169 +00:00 [DBG] >LOG:1709319170,D,MANAGEMENT: CMD 'status'
2024-03-01 18:52:50.687 +00:00 [DBG] >LOG:1709319170,D,MANAGEMENT: CMD 'status'
2024-03-01 18:52:51.221 +00:00 [DBG] >LOG:1709319171,D,MANAGEMENT: CMD 'status'
2024-03-01 18:52:51.741 +00:00 [DBG] >LOG:1709319171,D,MANAGEMENT: CMD 'status'
2024-03-01 18:52:52.253 +00:00 [DBG] >LOG:1709319172,D,MANAGEMENT: CMD 'status'
2024-03-01 18:52:52.761 +00:00 [DBG] >LOG:1709319172,D,MANAGEMENT: CMD 'status'
2024-03-01 18:52:53.271 +00:00 [DBG] >LOG:1709319173,D,MANAGEMENT: CMD 'status'
2024-03-01 18:52:53.776 +00:00 [DBG] >LOG:1709319173,D,MANAGEMENT: CMD 'status'
2024-03-01 18:52:54.289 +00:00 [DBG] >LOG:1709319174,D,MANAGEMENT: CMD 'status'
2024-03-01 18:52:54.796 +00:00 [DBG] >LOG:1709319174,D,MANAGEMENT: CMD 'status'
2024-03-01 18:52:55.314 +00:00 [DBG] >LOG:1709319175,D,MANAGEMENT: CMD 'status'
2024-03-01 18:52:55.828 +00:00 [DBG] >LOG:1709319175,D,MANAGEMENT: CMD 'status'
2024-03-01 18:52:56.332 +00:00 [DBG] >LOG:1709319176,D,MANAGEMENT: CMD 'status'
2024-03-01 18:52:56.845 +00:00 [DBG] >LOG:1709319176,D,MANAGEMENT: CMD 'status'
2024-03-01 18:52:57.366 +00:00 [DBG] >LOG:1709319177,D,MANAGEMENT: CMD 'status'
2024-03-01 18:52:57.876 +00:00 [DBG] >LOG:1709319177,D,MANAGEMENT: CMD 'status'
2024-03-01 18:52:58.387 +00:00 [DBG] >LOG:1709319178,D,MANAGEMENT: CMD 'status'
2024-03-01 18:52:58.893 +00:00 [DBG] >LOG:1709319178,D,MANAGEMENT: CMD 'status'
2024-03-01 18:52:59.423 +00:00 [DBG] >LOG:1709319179,D,MANAGEMENT: CMD 'status'
2024-03-01 18:52:59.938 +00:00 [DBG] >LOG:1709319179,D,MANAGEMENT: CMD 'status'
2024-03-01 18:53:00.448 +00:00 [DBG] >LOG:1709319180,D,MANAGEMENT: CMD 'status'
2024-03-01 18:53:00.958 +00:00 [DBG] >LOG:1709319180,D,MANAGEMENT: CMD 'status'
2024-03-01 18:53:01.466 +00:00 [DBG] >LOG:1709319181,D,MANAGEMENT: CMD 'status'
2024-03-01 18:53:01.978 +00:00 [DBG] >LOG:1709319181,D,MANAGEMENT: CMD 'status'
2024-03-01 18:53:02.500 +00:00 [DBG] >LOG:1709319182,D,MANAGEMENT: CMD 'status'
2024-03-01 18:53:03.006 +00:00 [DBG] >LOG:1709319183,D,MANAGEMENT: CMD 'status'
2024-03-01 18:53:03.517 +00:00 [DBG] >LOG:1709319183,D,MANAGEMENT: CMD 'status'
2024-03-01 18:53:04.028 +00:00 [DBG] >LOG:1709319184,D,MANAGEMENT: CMD 'status'
2024-03-01 18:53:04.539 +00:00 [DBG] >LOG:1709319184,D,MANAGEMENT: CMD 'status'
2024-03-01 18:53:05.047 +00:00 [DBG] >LOG:1709319185,D,MANAGEMENT: CMD 'status'
2024-03-01 18:53:05.552 +00:00 [DBG] >LOG:1709319185,D,MANAGEMENT: CMD 'status'
2024-03-01 18:53:06.063 +00:00 [DBG] >LOG:1709319186,D,MANAGEMENT: CMD 'status'
2024-03-01 18:53:06.574 +00:00 [DBG] >LOG:1709319186,D,MANAGEMENT: CMD 'status'
2024-03-01 18:53:07.079 +00:00 [DBG] >LOG:1709319187,D,MANAGEMENT: CMD 'status'
2024-03-01 18:53:07.590 +00:00 [DBG] >LOG:1709319187,D,MANAGEMENT: CMD 'status'
2024-03-01 18:53:08.097 +00:00 [DBG] >LOG:1709319188,D,MANAGEMENT: CMD 'status'
2024-03-01 18:53:08.608 +00:00 [DBG] >LOG:1709319188,D,MANAGEMENT: CMD 'status'
2024-03-01 18:53:09.120 +00:00 [DBG] >LOG:1709319189,D,MANAGEMENT: CMD 'status'
2024-03-01 18:53:09.626 +00:00 [DBG] >LOG:1709319189,D,MANAGEMENT: CMD 'status'
2024-03-01 18:53:10.130 +00:00 [DBG] >LOG:1709319190,D,MANAGEMENT: CMD 'status'
2024-03-01 18:53:10.641 +00:00 [DBG] >LOG:1709319190,D,MANAGEMENT: CMD 'status'
2024-03-01 18:53:11.154 +00:00 [DBG] >LOG:1709319191,D,MANAGEMENT: CMD 'status'
2024-03-01 18:53:11.663 +00:00 [DBG] >LOG:1709319191,D,MANAGEMENT: CMD 'status'
2024-03-01 18:53:12.185 +00:00 [DBG] >LOG:1709319192,D,MANAGEMENT: CMD 'status'
2024-03-01 18:53:12.697 +00:00 [DBG] >LOG:1709319192,D,MANAGEMENT: CMD 'status'
2024-03-01 18:53:13.208 +00:00 [DBG] >LOG:1709319193,D,MANAGEMENT: CMD 'status'
2024-03-01 18:53:13.720 +00:00 [DBG] >LOG:1709319193,D,MANAGEMENT: CMD 'status'
2024-03-01 18:53:14.243 +00:00 [DBG] >LOG:1709319194,D,MANAGEMENT: CMD 'status'
2024-03-01 18:53:14.747 +00:00 [DBG] >LOG:1709319194,D,MANAGEMENT: CMD 'status'
2024-03-01 18:53:15.254 +00:00 [DBG] >LOG:1709319195,D,MANAGEMENT: CMD 'status'
2024-03-01 18:53:15.761 +00:00 [DBG] >LOG:1709319195,D,MANAGEMENT: CMD 'status'
2024-03-01 18:53:16.271 +00:00 [DBG] >LOG:1709319196,D,MANAGEMENT: CMD 'status'
2024-03-01 18:53:16.779 +00:00 [DBG] >LOG:1709319196,D,MANAGEMENT: CMD 'status'
2024-03-01 18:53:17.293 +00:00 [DBG] >LOG:1709319197,D,MANAGEMENT: CMD 'status'
2024-03-01 18:53:17.810 +00:00 [DBG] >LOG:1709319197,D,MANAGEMENT: CMD 'status'
2024-03-01 18:53:18.321 +00:00 [DBG] >LOG:1709319198,D,MANAGEMENT: CMD 'status'
2024-03-01 18:53:18.843 +00:00 [DBG] >LOG:1709319198,D,MANAGEMENT: CMD 'status'
2024-03-01 18:53:19.355 +00:00 [DBG] >LOG:1709319199,D,MANAGEMENT: CMD 'status'
2024-03-01 18:53:19.868 +00:00 [DBG] >LOG:1709319199,D,MANAGEMENT: CMD 'status'
2024-03-01 18:53:20.378 +00:00 [DBG] >LOG:1709319200,D,MANAGEMENT: CMD 'status'
2024-03-01 18:53:20.896 +00:00 [DBG] >LOG:1709319200,D,MANAGEMENT: CMD 'status'
2024-03-01 18:53:21.410 +00:00 [DBG] >LOG:1709319201,D,MANAGEMENT: CMD 'status'
2024-03-01 18:53:21.916 +00:00 [DBG] >LOG:1709319201,D,MANAGEMENT: CMD 'status'
2024-03-01 18:53:22.425 +00:00 [DBG] >LOG:1709319202,D,MANAGEMENT: CMD 'status'
2024-03-01 18:53:22.935 +00:00 [DBG] >LOG:1709319202,D,MANAGEMENT: CMD 'status'
2024-03-01 18:53:23.460 +00:00 [DBG] >LOG:1709319203,D,MANAGEMENT: CMD 'status'
2024-03-01 18:53:23.972 +00:00 [DBG] >LOG:1709319203,D,MANAGEMENT: CMD 'status'
2024-03-01 18:53:24.483 +00:00 [DBG] >LOG:1709319204,D,MANAGEMENT: CMD 'status'
2024-03-01 18:53:24.992 +00:00 [DBG] >LOG:1709319204,D,MANAGEMENT: CMD 'status'
2024-03-01 18:53:25.506 +00:00 [DBG] >LOG:1709319205,D,MANAGEMENT: CMD 'status'
2024-03-01 18:53:26.017 +00:00 [DBG] >LOG:1709319206,D,MANAGEMENT: CMD 'status'
2024-03-01 18:53:26.532 +00:00 [DBG] >LOG:1709319206,D,MANAGEMENT: CMD 'status'
2024-03-01 18:53:27.042 +00:00 [DBG] >LOG:1709319207,D,MANAGEMENT: CMD 'status'
2024-03-01 18:53:27.552 +00:00 [DBG] >LOG:1709319207,D,MANAGEMENT: CMD 'status'
2024-03-01 18:53:28.060 +00:00 [DBG] >LOG:1709319208,D,MANAGEMENT: CMD 'status'
2024-03-01 18:53:28.568 +00:00 [DBG] >LOG:1709319208,D,MANAGEMENT: CMD 'status'
2024-03-01 18:53:29.083 +00:00 [DBG] >LOG:1709319209,D,MANAGEMENT: CMD 'status'
2024-03-01 18:53:29.597 +00:00 [DBG] >LOG:1709319209,D,MANAGEMENT: CMD 'status'
2024-03-01 18:53:30.111 +00:00 [DBG] >LOG:1709319210,D,MANAGEMENT: CMD 'status'
2024-03-01 18:53:30.640 +00:00 [DBG] >LOG:1709319210,D,MANAGEMENT: CMD 'status'
2024-03-01 18:53:31.150 +00:00 [DBG] >LOG:1709319211,D,MANAGEMENT: CMD 'status'
2024-03-01 18:53:31.659 +00:00 [DBG] >LOG:1709319211,D,MANAGEMENT: CMD 'status'
2024-03-01 18:53:32.167 +00:00 [DBG] >LOG:1709319212,D,MANAGEMENT: CMD 'status'
2024-03-01 18:53:32.683 +00:00 [DBG] >LOG:1709319212,D,MANAGEMENT: CMD 'status'
2024-03-01 18:53:33.193 +00:00 [DBG] >LOG:1709319213,D,MANAGEMENT: CMD 'status'
2024-03-01 18:53:33.702 +00:00 [DBG] >LOG:1709319213,D,MANAGEMENT: CMD 'status'
2024-03-01 18:53:34.210 +00:00 [DBG] >LOG:1709319214,D,MANAGEMENT: CMD 'status'
2024-03-01 18:53:34.719 +00:00 [DBG] >LOG:1709319214,D,MANAGEMENT: CMD 'status'
2024-03-01 18:53:35.226 +00:00 [DBG] >LOG:1709319215,D,MANAGEMENT: CMD 'status'
2024-03-01 18:53:35.734 +00:00 [DBG] >LOG:1709319215,D,MANAGEMENT: CMD 'status'
2024-03-01 18:53:36.245 +00:00 [DBG] >LOG:1709319216,D,MANAGEMENT: CMD 'status'
2024-03-01 18:53:36.782 +00:00 [DBG] >LOG:1709319216,D,MANAGEMENT: CMD 'status'
2024-03-01 18:53:37.292 +00:00 [DBG] >LOG:1709319217,D,MANAGEMENT: CMD 'status'
2024-03-01 18:53:37.802 +00:00 [DBG] >LOG:1709319217,D,MANAGEMENT: CMD 'status'
2024-03-01 18:53:38.349 +00:00 [DBG] >LOG:1709319218,D,MANAGEMENT: CMD 'status'
2024-03-01 18:53:38.860 +00:00 [DBG] >LOG:1709319218,D,MANAGEMENT: CMD 'status'
2024-03-01 18:53:39.378 +00:00 [DBG] >LOG:1709319219,D,MANAGEMENT: CMD 'status'
2024-03-01 18:53:39.882 +00:00 [DBG] >LOG:1709319219,D,MANAGEMENT: CMD 'status'
2024-03-01 18:53:40.389 +00:00 [DBG] >LOG:1709319220,D,MANAGEMENT: CMD 'status'
2024-03-01 18:53:40.901 +00:00 [DBG] >LOG:1709319220,D,MANAGEMENT: CMD 'status'
2024-03-01 18:53:41.417 +00:00 [DBG] >LOG:1709319221,D,MANAGEMENT: CMD 'status'
2024-03-01 18:53:41.926 +00:00 [DBG] >LOG:1709319221,D,MANAGEMENT: CMD 'status'
2024-03-01 18:53:42.441 +00:00 [DBG] >LOG:1709319222,D,MANAGEMENT: CMD 'status'
2024-03-01 18:53:42.960 +00:00 [DBG] >LOG:1709319222,D,MANAGEMENT: CMD 'status'
2024-03-01 18:53:43.484 +00:00 [DBG] >LOG:1709319223,D,MANAGEMENT: CMD 'status'
2024-03-01 18:53:44.071 +00:00 [DBG] >LOG:1709319224,D,MANAGEMENT: CMD 'status'
2024-03-01 18:53:44.765 +00:00 [DBG] >LOG:1709319224,D,MANAGEMENT: CMD 'status'
2024-03-01 18:53:45.384 +00:00 [DBG] >LOG:1709319225,D,MANAGEMENT: CMD 'status'
2024-03-01 18:53:46.422 +00:00 [DBG] >LOG:1709319226,D,MANAGEMENT: CMD 'status'
2024-03-01 18:53:47.551 +00:00 [DBG] >LOG:1709319227,D,MANAGEMENT: CMD 'status'
2024-03-01 18:53:48.251 +00:00 [DBG] >LOG:1709319228,D,MANAGEMENT: CMD 'status'
2024-03-01 18:53:48.821 +00:00 [DBG] >LOG:1709319228,D,MANAGEMENT: CMD 'status'
2024-03-01 18:53:57.319 +00:00 [DBG] >LOG:1709319230,D,MANAGEMENT: CMD 'status'
2024-03-01 18:53:57.781 +00:00 [DBG] >LOG:1709319237,D,MANAGEMENT: CMD 'status'
2024-03-01 18:54:07.801 +00:00 [DBG] >LOG:1709319238,D,MANAGEMENT: CMD 'status'
2024-03-01 18:54:09.274 +00:00 [DBG] >LOG:1709319246,D,MANAGEMENT: CMD 'status'
2024-03-01 18:54:09.303 +00:00 [DBG] >LOG:1709319249,D,MANAGEMENT: CMD 'status'
2024-03-01 18:54:15.099 +00:00 [DBG] >LOG:1709319251,D,MANAGEMENT: CMD 'status'
2024-03-01 18:54:15.872 +00:00 [DBG] >LOG:1709319255,D,MANAGEMENT: CMD 'status'
2024-03-01 18:54:17.551 +00:00 [DBG] >LOG:1709319256,D,MANAGEMENT: CMD 'status'
2024-03-01 18:54:18.844 +00:00 [DBG] >LOG:1709319258,D,MANAGEMENT: CMD 'status'
2024-03-01 18:54:19.420 +00:00 [DBG] >LOG:1709319259,D,MANAGEMENT: CMD 'status'
2024-03-01 18:54:27.322 +00:00 [DBG] >LOG:1709319260,D,MANAGEMENT: CMD 'status'
2024-03-01 18:54:27.858 +00:00 [DBG] >LOG:1709319261,D,MANAGEMENT: CMD 'status'
2024-03-01 18:54:27.861 +00:00 [DBG] >LOG:1709319267,D,MANAGEMENT: CMD 'status'
2024-03-01 18:54:28.508 +00:00 [DBG] >LOG:1709319268,D,MANAGEMENT: CMD 'status'
2024-03-01 18:54:29.042 +00:00 [DBG] >LOG:1709319269,D,MANAGEMENT: CMD 'status'
2024-03-01 18:54:29.830 +00:00 [DBG] >LOG:1709319269,D,MANAGEMENT: CMD 'status'
2024-03-01 18:54:30.740 +00:00 [DBG] >LOG:1709319270,D,MANAGEMENT: CMD 'status'
2024-03-01 18:54:33.260 +00:00 [DBG] >LOG:1709319272,D,MANAGEMENT: CMD 'status'
2024-03-01 18:54:33.810 +00:00 [DBG] >LOG:1709319273,D,MANAGEMENT: CMD 'status'
2024-03-01 18:54:34.404 +00:00 [DBG] >LOG:1709319274,D,MANAGEMENT: CMD 'status'
2024-03-01 18:54:34.975 +00:00 [DBG] >LOG:1709319274,D,MANAGEMENT: CMD 'status'
2024-03-01 18:54:35.779 +00:00 [DBG] >LOG:1709319275,D,MANAGEMENT: CMD 'status'
2024-03-01 18:54:36.284 +00:00 [DBG] >LOG:1709319276,D,MANAGEMENT: CMD 'status'
2024-03-01 18:54:36.804 +00:00 [DBG] >LOG:1709319276,D,MANAGEMENT: CMD 'status'
2024-03-01 18:54:37.409 +00:00 [DBG] >LOG:1709319277,D,MANAGEMENT: CMD 'status'
2024-03-01 18:54:37.914 +00:00 [DBG] >LOG:1709319277,D,MANAGEMENT: CMD 'status'
2024-03-01 18:54:40.007 +00:00 [DBG] >LOG:1709319280,D,MANAGEMENT: CMD 'status'
2024-03-01 18:54:40.517 +00:00 [DBG] >LOG:1709319280,D,MANAGEMENT: CMD 'status'
2024-03-01 18:54:41.116 +00:00 [DBG] >LOG:1709319281,D,MANAGEMENT: CMD 'status'
2024-03-01 18:54:41.670 +00:00 [DBG] >LOG:1709319281,D,MANAGEMENT: CMD 'status'
2024-03-01 18:54:42.200 +00:00 [DBG] >LOG:1709319282,D,MANAGEMENT: CMD 'status'
2024-03-01 18:54:42.719 +00:00 [DBG] >LOG:1709319282,D,MANAGEMENT: CMD 'status'
2024-03-01 18:54:43.420 +00:00 [DBG] >LOG:1709319283,D,MANAGEMENT: CMD 'status'
2024-03-01 18:54:43.926 +00:00 [DBG] >LOG:1709319283,D,MANAGEMENT: CMD 'status'
2024-03-01 18:55:45.595 +00:00 [DBG] >LOG:1709319345,N,Connection reset command was pushed by server ('')
2024-03-01 18:55:45.597 +00:00 [DBG] >LOG:1709319345,,/sbin/route delete -net 172.31.0.0 10.0.0.129 255.255.0.0
2024-03-01 18:55:45.625 +00:00 [DBG] >LOG:1709319345,,Closing TUN/TAP interface
2024-03-01 18:55:45.627 +00:00 [DBG] >LOG:1709319345,I,/Applications/AWS VPN Client/AWS VPN Client.app/Contents/Resources/openvpn/client.down utun7 1500 1552 10.0.0.130 255.255.255.224 init
2024-03-01 18:55:46.966 +00:00 [DBG] >LOG:1709319346,I,SIGUSR1[soft,server-pushed-connection-reset] received, process restarting
2024-03-01 18:55:46.966 +00:00 [DBG] >LOG:1709319346,,MANAGEMENT: >STATE:1709319346,RECONNECTING,server-pushed-connection-reset,,,,,
2024-03-01 18:55:46.997 +00:00 [DBG] >LOG:1709319346,,Restart pause, 5 second(s)
2024-03-01 18:55:51.161 +00:00 [DBG] >LOG:1709319351,W,NOTE: the current --script-security setting may allow this configuration to call user-defined scripts
2024-03-01 18:55:51.174 +00:00 [DBG] >LOG:1709319351,I,TCP/UDP: Preserving recently used remote address: [AF_INET]18.192.157.207:443
2024-03-01 18:55:51.176 +00:00 [DBG] >LOG:1709319351,,Socket Buffers: R=[786896->786896] S=[9216->9216]
2024-03-01 18:55:51.178 +00:00 [DBG] >LOG:1709319351,I,UDP link local: (not bound)
2024-03-01 18:55:51.179 +00:00 [DBG] >LOG:1709319351,I,UDP link remote: [AF_INET]18.192.157.207:443
2024-03-01 18:55:51.179 +00:00 [DBG] >LOG:1709319351,,MANAGEMENT: >STATE:1709319351,WAIT,,,,,,
2024-03-01 18:55:51.230 +00:00 [DBG] >LOG:1709319351,,MANAGEMENT: >STATE:1709319351,AUTH,,,,,,
2024-03-01 18:55:51.236 +00:00 [DBG] >LOG:1709319351,,TLS: Initial packet from [AF_INET]18.192.157.207:443, sid=f503163f f8bb19d0
2024-03-01 18:55:51.288 +00:00 [DBG] >LOG:1709319351,,VERIFY OK: depth=1, CN=ishchenkogv
2024-03-01 18:55:51.289 +00:00 [DBG] >LOG:1709319351,,VERIFY KU OK
2024-03-01 18:55:51.291 +00:00 [DBG] >LOG:1709319351,,Validating certificate extended key usage
2024-03-01 18:55:51.293 +00:00 [DBG] >LOG:1709319351,,++ Certificate has EKU (str) TLS Web Server Authentication, expects TLS Web Server Authentication
2024-03-01 18:55:51.294 +00:00 [DBG] >LOG:1709319351,,VERIFY EKU OK
2024-03-01 18:55:51.294 +00:00 [DBG] >LOG:1709319351,,VERIFY X509NAME OK: CN=server
2024-03-01 18:55:51.294 +00:00 [DBG] >LOG:1709319351,,VERIFY OK: depth=0, CN=server
2024-03-01 18:55:51.412 +00:00 [DBG] >LOG:1709319351,,Control Channel: TLSv1.2, cipher TLSv1/SSLv3 ECDHE-RSA-AES256-GCM-SHA384, 2048 bit RSA
2024-03-01 18:55:51.414 +00:00 [DBG] >LOG:1709319351,I,[server] Peer Connection Initiated with [AF_INET]18.192.157.207:443
2024-03-01 18:55:52.506 +00:00 [DBG] >LOG:1709319352,,MANAGEMENT: >STATE:1709319352,GET_CONFIG,,,,,,
2024-03-01 18:55:52.511 +00:00 [DBG] >LOG:1709319352,,SENT CONTROL [server]: 'PUSH_REQUEST' (status=1)
2024-03-01 18:55:52.562 +00:00 [DBG] >LOG:1709319352,,PUSH: Received control message: 'PUSH_REPLY,route 172.31.0.0 255.255.0.0,route-gateway 10.0.0.161,topology subnet,ping 1,ping-restart 20,echo,ifconfig 10.0.0.162 255.255.255.224,peer-id 0,cipher AES-256-GCM'
2024-03-01 18:55:52.572 +00:00 [DBG] >LOG:1709319352,,OPTIONS IMPORT: timers and/or timeouts modified
2024-03-01 18:55:52.572 +00:00 [DBG] >LOG:1709319352,,OPTIONS IMPORT: --ifconfig/up options modified
2024-03-01 18:55:52.572 +00:00 [DBG] >LOG:1709319352,,OPTIONS IMPORT: route options modified
2024-03-01 18:55:52.572 +00:00 [DBG] >LOG:1709319352,,OPTIONS IMPORT: route-related options modified
2024-03-01 18:55:52.572 +00:00 [DBG] >LOG:1709319352,,OPTIONS IMPORT: peer-id set
2024-03-01 18:55:52.572 +00:00 [DBG] >LOG:1709319352,,OPTIONS IMPORT: adjusting link_mtu to 1624
2024-03-01 18:55:52.572 +00:00 [DBG] >LOG:1709319352,,OPTIONS IMPORT: data channel crypto options modified
2024-03-01 18:55:52.575 +00:00 [DBG] >LOG:1709319352,,Outgoing Data Channel: Cipher 'AES-256-GCM' initialized with 256 bit key
2024-03-01 18:55:52.575 +00:00 [DBG] >LOG:1709319352,,Incoming Data Channel: Cipher 'AES-256-GCM' initialized with 256 bit key
2024-03-01 18:55:52.575 +00:00 [DBG] >LOG:1709319352,,ROUTE_GATEWAY 192.168.1.1/255.255.255.0 IFACE=en0 HWADDR=bc:d0:74:79:6b:44
2024-03-01 18:55:52.576 +00:00 [DBG] >LOG:1709319352,,Opening utun (connect(AF_SYS_CONTROL)): Resource busy (errno=16)
2024-03-01 18:55:52.576 +00:00 [DBG] >LOG:1709319352,,Opening utun (connect(AF_SYS_CONTROL)): Resource busy (errno=16)
2024-03-01 18:55:52.576 +00:00 [DBG] >LOG:1709319352,,Opening utun (connect(AF_SYS_CONTROL)): Resource busy (errno=16)
2024-03-01 18:55:52.584 +00:00 [DBG] >LOG:1709319352,,Opening utun (connect(AF_SYS_CONTROL)): Resource busy (errno=16)
2024-03-01 18:55:52.586 +00:00 [DBG] >LOG:1709319352,,Opening utun (connect(AF_SYS_CONTROL)): Resource busy (errno=16)
2024-03-01 18:55:52.596 +00:00 [DBG] >LOG:1709319352,,Opening utun (connect(AF_SYS_CONTROL)): Resource busy (errno=16)
2024-03-01 18:55:52.596 +00:00 [DBG] >LOG:1709319352,,Opening utun (connect(AF_SYS_CONTROL)): Resource busy (errno=16)
2024-03-01 18:55:52.616 +00:00 [DBG] >LOG:1709319352,I,Opened utun device utun7
2024-03-01 18:55:52.618 +00:00 [DBG] >LOG:1709319352,D,do_ifconfig, tt->did_ifconfig_ipv6_setup=0
2024-03-01 18:55:52.619 +00:00 [DBG] >LOG:1709319352,,MANAGEMENT: >STATE:1709319352,ASSIGN_IP,,10.0.0.162,,,,
2024-03-01 18:55:52.620 +00:00 [DBG] >LOG:1709319352,I,/sbin/ifconfig utun7 delete
2024-03-01 18:55:52.671 +00:00 [DBG] >LOG:1709319352,I,NOTE: Tried to delete pre-existing tun/tap instance -- No Problem if failure
2024-03-01 18:55:52.674 +00:00 [DBG] >LOG:1709319352,I,/sbin/ifconfig utun7 10.0.0.162 10.0.0.162 netmask 255.255.255.224 mtu 1500 up
2024-03-01 18:55:52.678 +00:00 [DBG] >LOG:1709319352,,/sbin/route add -net 10.0.0.160 10.0.0.162 255.255.255.224
2024-03-01 18:55:52.698 +00:00 [DBG] >LOG:1709319352,I,/Applications/AWS VPN Client/AWS VPN Client.app/Contents/Resources/openvpn/client.up utun7 1500 1552 10.0.0.162 255.255.255.224 init
2024-03-01 18:55:55.149 +00:00 [DBG] >LOG:1709319355,,MANAGEMENT: >STATE:1709319355,ADD_ROUTES,,,,,,
2024-03-01 18:55:55.150 +00:00 [DBG] >LOG:1709319355,,/sbin/route add -net 172.31.0.0 10.0.0.161 255.255.0.0
2024-03-01 18:55:55.156 +00:00 [DBG] >LOG:1709319355,I,Initialization Sequence Completed
2024-03-01 18:55:55.157 +00:00 [DBG] >LOG:1709319355,,MANAGEMENT: >STATE:1709319355,CONNECTED,SUCCESS,10.0.0.162,18.192.157.207,443,,
2024-03-01 18:55:56.218 +00:00 [DBG] >LOG:1709319355,D,MANAGEMENT: CMD 'status'
2024-03-01 18:55:56.221 +00:00 [DBG] >LOG:1709319356,D,MANAGEMENT: CMD 'status'
2024-03-01 18:55:56.723 +00:00 [DBG] >LOG:1709319356,D,MANAGEMENT: CMD 'status'
2024-03-01 18:55:57.229 +00:00 [DBG] >LOG:1709319357,D,MANAGEMENT: CMD 'status'
2024-03-01 18:55:57.739 +00:00 [DBG] >LOG:1709319357,D,MANAGEMENT: CMD 'status'
2024-03-01 18:55:58.246 +00:00 [DBG] >LOG:1709319358,D,MANAGEMENT: CMD 'status'
2024-03-01 18:55:58.759 +00:00 [DBG] >LOG:1709319358,D,MANAGEMENT: CMD 'status'
2024-03-01 18:55:59.268 +00:00 [DBG] >LOG:1709319359,D,MANAGEMENT: CMD 'status'
2024-03-01 18:55:59.779 +00:00 [DBG] >LOG:1709319359,D,MANAGEMENT: CMD 'status'
2024-03-01 18:56:00.284 +00:00 [DBG] >LOG:1709319360,D,MANAGEMENT: CMD 'status'
2024-03-01 18:56:00.787 +00:00 [DBG] >LOG:1709319360,D,MANAGEMENT: CMD 'status'
2024-03-01 18:56:01.298 +00:00 [DBG] >LOG:1709319361,D,MANAGEMENT: CMD 'status'
2024-03-01 18:56:01.807 +00:00 [DBG] >LOG:1709319361,D,MANAGEMENT: CMD 'status'
2024-03-01 18:56:02.333 +00:00 [DBG] >LOG:1709319362,D,MANAGEMENT: CMD 'status'
2024-03-01 18:56:02.846 +00:00 [DBG] >LOG:1709319362,D,MANAGEMENT: CMD 'status'
2024-03-01 18:56:03.385 +00:00 [DBG] >LOG:1709319363,D,MANAGEMENT: CMD 'status'
2024-03-01 18:56:03.890 +00:00 [DBG] >LOG:1709319363,D,MANAGEMENT: CMD 'status'
2024-03-01 18:56:04.396 +00:00 [DBG] >LOG:1709319364,D,MANAGEMENT: CMD 'status'
2024-03-01 18:56:04.902 +00:00 [DBG] >LOG:1709319364,D,MANAGEMENT: CMD 'status'
2024-03-01 18:56:05.408 +00:00 [DBG] >LOG:1709319365,D,MANAGEMENT: CMD 'status'
2024-03-01 18:56:05.917 +00:00 [DBG] >LOG:1709319365,D,MANAGEMENT: CMD 'status'
2024-03-01 18:56:06.433 +00:00 [DBG] >LOG:1709319366,D,MANAGEMENT: CMD 'status'
2024-03-01 18:56:06.942 +00:00 [DBG] >LOG:1709319366,D,MANAGEMENT: CMD 'status'
2024-03-01 18:56:07.447 +00:00 [DBG] >LOG:1709319367,D,MANAGEMENT: CMD 'status'
2024-03-01 18:56:07.952 +00:00 [DBG] >LOG:1709319367,D,MANAGEMENT: CMD 'status'
2024-03-01 18:56:08.484 +00:00 [DBG] >LOG:1709319368,D,MANAGEMENT: CMD 'status'
2024-03-01 18:56:08.987 +00:00 [DBG] >LOG:1709319368,D,MANAGEMENT: CMD 'status'
2024-03-01 18:56:09.495 +00:00 [DBG] >LOG:1709319369,D,MANAGEMENT: CMD 'status'
2024-03-01 18:56:10.005 +00:00 [DBG] >LOG:1709319370,D,MANAGEMENT: CMD 'status'
2024-03-01 18:56:10.519 +00:00 [DBG] >LOG:1709319370,D,MANAGEMENT: CMD 'status'
2024-03-01 18:56:11.023 +00:00 [DBG] >LOG:1709319371,D,MANAGEMENT: CMD 'status'
2024-03-01 18:56:11.528 +00:00 [DBG] >LOG:1709319371,D,MANAGEMENT: CMD 'status'
2024-03-01 18:56:12.038 +00:00 [DBG] >LOG:1709319372,D,MANAGEMENT: CMD 'status'
2024-03-01 18:56:12.553 +00:00 [DBG] >LOG:1709319372,D,MANAGEMENT: CMD 'status'
2024-03-01 18:56:13.076 +00:00 [DBG] >LOG:1709319373,D,MANAGEMENT: CMD 'status'
2024-03-01 18:56:13.585 +00:00 [DBG] >LOG:1709319373,D,MANAGEMENT: CMD 'status'
2024-03-01 18:56:14.089 +00:00 [DBG] >LOG:1709319374,D,MANAGEMENT: CMD 'status'
2024-03-01 18:56:14.595 +00:00 [DBG] >LOG:1709319374,D,MANAGEMENT: CMD 'status'
2024-03-01 18:56:15.104 +00:00 [DBG] >LOG:1709319375,D,MANAGEMENT: CMD 'status'
2024-03-01 18:56:15.657 +00:00 [DBG] >LOG:1709319375,D,MANAGEMENT: CMD 'status'
2024-03-01 18:56:16.164 +00:00 [DBG] >LOG:1709319376,D,MANAGEMENT: CMD 'status'
2024-03-01 18:56:16.677 +00:00 [DBG] >LOG:1709319376,D,MANAGEMENT: CMD 'status'
2024-03-01 18:56:17.191 +00:00 [DBG] >LOG:1709319377,D,MANAGEMENT: CMD 'status'
2024-03-01 18:56:17.701 +00:00 [DBG] >LOG:1709319377,D,MANAGEMENT: CMD 'status'
2024-03-01 18:56:18.209 +00:00 [DBG] >LOG:1709319378,D,MANAGEMENT: CMD 'status'
2024-03-01 18:56:18.729 +00:00 [DBG] >LOG:1709319378,D,MANAGEMENT: CMD 'status'
2024-03-01 18:56:19.241 +00:00 [DBG] >LOG:1709319379,D,MANAGEMENT: CMD 'status'
2024-03-01 18:56:19.747 +00:00 [DBG] >LOG:1709319379,D,MANAGEMENT: CMD 'status'
2024-03-01 18:56:20.253 +00:00 [DBG] >LOG:1709319380,D,MANAGEMENT: CMD 'status'
2024-03-01 18:56:20.774 +00:00 [DBG] >LOG:1709319380,D,MANAGEMENT: CMD 'status'
2024-03-01 18:56:21.284 +00:00 [DBG] >LOG:1709319381,D,MANAGEMENT: CMD 'status'
2024-03-01 18:56:21.791 +00:00 [DBG] >LOG:1709319381,D,MANAGEMENT: CMD 'status'
2024-03-01 18:56:22.299 +00:00 [DBG] >LOG:1709319382,D,MANAGEMENT: CMD 'status'
2024-03-01 18:56:22.812 +00:00 [DBG] >LOG:1709319382,D,MANAGEMENT: CMD 'status'
2024-03-01 18:56:23.326 +00:00 [DBG] >LOG:1709319383,D,MANAGEMENT: CMD 'status'
2024-03-01 18:56:23.845 +00:00 [DBG] >LOG:1709319383,D,MANAGEMENT: CMD 'status'
2024-03-01 18:56:24.357 +00:00 [DBG] >LOG:1709319384,D,MANAGEMENT: CMD 'status'
2024-03-01 18:56:24.862 +00:00 [DBG] >LOG:1709319384,D,MANAGEMENT: CMD 'status'
2024-03-01 18:56:25.366 +00:00 [DBG] >LOG:1709319385,D,MANAGEMENT: CMD 'status'
2024-03-01 18:56:25.871 +00:00 [DBG] >LOG:1709319385,D,MANAGEMENT: CMD 'status'
2024-03-01 18:56:26.378 +00:00 [DBG] >LOG:1709319386,D,MANAGEMENT: CMD 'status'
2024-03-01 18:56:26.887 +00:00 [DBG] >LOG:1709319386,D,MANAGEMENT: CMD 'status'
2024-03-01 18:56:27.394 +00:00 [DBG] >LOG:1709319387,D,MANAGEMENT: CMD 'status'
2024-03-01 18:56:27.904 +00:00 [DBG] >LOG:1709319387,D,MANAGEMENT: CMD 'status'
2024-03-01 18:56:28.409 +00:00 [DBG] >LOG:1709319388,D,MANAGEMENT: CMD 'status'
2024-03-01 18:56:28.917 +00:00 [DBG] >LOG:1709319388,D,MANAGEMENT: CMD 'status'
2024-03-01 18:56:29.424 +00:00 [DBG] >LOG:1709319389,D,MANAGEMENT: CMD 'status'
2024-03-01 18:56:29.931 +00:00 [DBG] >LOG:1709319389,D,MANAGEMENT: CMD 'status'
2024-03-01 18:56:30.437 +00:00 [DBG] >LOG:1709319390,D,MANAGEMENT: CMD 'status'
2024-03-01 18:56:30.943 +00:00 [DBG] >LOG:1709319390,D,MANAGEMENT: CMD 'status'
2024-03-01 18:56:31.452 +00:00 [DBG] >LOG:1709319391,D,MANAGEMENT: CMD 'status'
2024-03-01 18:56:31.957 +00:00 [DBG] >LOG:1709319391,D,MANAGEMENT: CMD 'status'
2024-03-01 18:56:32.466 +00:00 [DBG] >LOG:1709319392,D,MANAGEMENT: CMD 'status'
2024-03-01 18:56:32.973 +00:00 [DBG] >LOG:1709319392,D,MANAGEMENT: CMD 'status'
2024-03-01 18:56:33.480 +00:00 [DBG] >LOG:1709319393,D,MANAGEMENT: CMD 'status'
2024-03-01 18:56:33.990 +00:00 [DBG] >LOG:1709319393,D,MANAGEMENT: CMD 'status'
2024-03-01 18:56:34.503 +00:00 [DBG] >LOG:1709319394,D,MANAGEMENT: CMD 'status'
2024-03-01 18:56:35.009 +00:00 [DBG] >LOG:1709319395,D,MANAGEMENT: CMD 'status'
2024-03-01 18:56:35.513 +00:00 [DBG] >LOG:1709319395,D,MANAGEMENT: CMD 'status'
2024-03-01 18:56:36.025 +00:00 [DBG] >LOG:1709319396,D,MANAGEMENT: CMD 'status'
2024-03-01 18:56:36.546 +00:00 [DBG] >LOG:1709319396,D,MANAGEMENT: CMD 'status'
2024-03-01 18:56:37.054 +00:00 [DBG] >LOG:1709319397,D,MANAGEMENT: CMD 'status'
2024-03-01 18:56:37.562 +00:00 [DBG] >LOG:1709319397,D,MANAGEMENT: CMD 'status'
2024-03-01 18:56:38.078 +00:00 [DBG] >LOG:1709319398,D,MANAGEMENT: CMD 'status'
2024-03-01 18:56:38.583 +00:00 [DBG] >LOG:1709319398,D,MANAGEMENT: CMD 'status'
2024-03-01 18:56:39.087 +00:00 [DBG] >LOG:1709319399,D,MANAGEMENT: CMD 'status'
2024-03-01 18:56:39.594 +00:00 [DBG] >LOG:1709319399,D,MANAGEMENT: CMD 'status'
2024-03-01 18:56:40.113 +00:00 [DBG] >LOG:1709319400,D,MANAGEMENT: CMD 'status'
2024-03-01 18:56:40.627 +00:00 [DBG] >LOG:1709319400,D,MANAGEMENT: CMD 'status'
2024-03-01 18:56:41.139 +00:00 [DBG] >LOG:1709319401,D,MANAGEMENT: CMD 'status'
2024-03-01 18:56:41.647 +00:00 [DBG] >LOG:1709319401,D,MANAGEMENT: CMD 'status'
2024-03-01 18:56:42.159 +00:00 [DBG] >LOG:1709319402,D,MANAGEMENT: CMD 'status'
2024-03-01 18:56:42.669 +00:00 [DBG] >LOG:1709319402,D,MANAGEMENT: CMD 'status'
2024-03-01 18:56:43.176 +00:00 [DBG] >LOG:1709319403,D,MANAGEMENT: CMD 'status'
2024-03-01 18:56:43.681 +00:00 [DBG] >LOG:1709319403,D,MANAGEMENT: CMD 'status'
2024-03-01 18:56:44.195 +00:00 [DBG] >LOG:1709319404,D,MANAGEMENT: CMD 'status'
2024-03-01 18:56:44.730 +00:00 [DBG] >LOG:1709319404,D,MANAGEMENT: CMD 'status'
2024-03-01 18:56:45.236 +00:00 [DBG] >LOG:1709319405,D,MANAGEMENT: CMD 'status'
2024-03-01 18:56:45.745 +00:00 [DBG] >LOG:1709319405,D,MANAGEMENT: CMD 'status'
2024-03-01 18:56:46.248 +00:00 [DBG] >LOG:1709319406,D,MANAGEMENT: CMD 'status'
2024-03-01 18:56:46.757 +00:00 [DBG] >LOG:1709319406,D,MANAGEMENT: CMD 'status'
2024-03-01 18:56:47.263 +00:00 [DBG] >LOG:1709319407,D,MANAGEMENT: CMD 'status'
2024-03-01 18:56:47.771 +00:00 [DBG] >LOG:1709319407,D,MANAGEMENT: CMD 'status'
2024-03-01 18:56:48.285 +00:00 [DBG] >LOG:1709319408,D,MANAGEMENT: CMD 'status'
2024-03-01 18:56:48.792 +00:00 [DBG] >LOG:1709319408,D,MANAGEMENT: CMD 'status'
2024-03-01 18:56:49.308 +00:00 [DBG] >LOG:1709319409,D,MANAGEMENT: CMD 'status'
2024-03-01 18:56:49.811 +00:00 [DBG] >LOG:1709319409,D,MANAGEMENT: CMD 'status'
2024-03-01 18:56:50.325 +00:00 [DBG] >LOG:1709319410,D,MANAGEMENT: CMD 'status'
2024-03-01 18:56:50.832 +00:00 [DBG] >LOG:1709319410,D,MANAGEMENT: CMD 'status'
2024-03-01 18:56:51.367 +00:00 [DBG] >LOG:1709319411,D,MANAGEMENT: CMD 'status'
2024-03-01 18:56:51.891 +00:00 [DBG] >LOG:1709319411,D,MANAGEMENT: CMD 'status'
2024-03-01 18:56:52.403 +00:00 [DBG] >LOG:1709319412,D,MANAGEMENT: CMD 'status'
2024-03-01 18:56:52.909 +00:00 [DBG] >LOG:1709319412,D,MANAGEMENT: CMD 'status'
2024-03-01 18:56:53.415 +00:00 [DBG] >LOG:1709319413,D,MANAGEMENT: CMD 'status'
2024-03-01 18:56:53.934 +00:00 [DBG] >LOG:1709319413,D,MANAGEMENT: CMD 'status'
2024-03-01 18:56:54.441 +00:00 [DBG] >LOG:1709319414,D,MANAGEMENT: CMD 'status'
2024-03-01 18:56:54.950 +00:00 [DBG] >LOG:1709319414,D,MANAGEMENT: CMD 'status'
2024-03-01 18:56:55.458 +00:00 [DBG] >LOG:1709319415,D,MANAGEMENT: CMD 'status'
2024-03-01 18:56:55.964 +00:00 [DBG] >LOG:1709319415,D,MANAGEMENT: CMD 'status'
2024-03-01 18:56:56.469 +00:00 [DBG] >LOG:1709319416,D,MANAGEMENT: CMD 'status'
2024-03-01 18:56:56.982 +00:00 [DBG] >LOG:1709319416,D,MANAGEMENT: CMD 'status'
2024-03-01 18:56:57.489 +00:00 [DBG] >LOG:1709319417,D,MANAGEMENT: CMD 'status'
2024-03-01 18:56:58.001 +00:00 [DBG] >LOG:1709319417,D,MANAGEMENT: CMD 'status'
2024-03-01 18:56:58.512 +00:00 [DBG] >LOG:1709319418,D,MANAGEMENT: CMD 'status'
2024-03-01 18:56:59.024 +00:00 [DBG] >LOG:1709319419,D,MANAGEMENT: CMD 'status'
2024-03-01 18:56:59.536 +00:00 [DBG] >LOG:1709319419,D,MANAGEMENT: CMD 'status'
2024-03-01 18:57:00.041 +00:00 [DBG] >LOG:1709319420,D,MANAGEMENT: CMD 'status'
2024-03-01 18:57:00.547 +00:00 [DBG] >LOG:1709319420,D,MANAGEMENT: CMD 'status'
2024-03-01 18:57:01.059 +00:00 [DBG] >LOG:1709319421,D,MANAGEMENT: CMD 'status'
2024-03-01 18:57:01.565 +00:00 [DBG] >LOG:1709319421,D,MANAGEMENT: CMD 'status'
2024-03-01 18:57:02.091 +00:00 [DBG] >LOG:1709319422,D,MANAGEMENT: CMD 'status'
2024-03-01 18:57:02.599 +00:00 [DBG] >LOG:1709319422,D,MANAGEMENT: CMD 'status'
2024-03-01 18:57:03.103 +00:00 [DBG] >LOG:1709319423,D,MANAGEMENT: CMD 'status'
2024-03-01 18:57:03.608 +00:00 [DBG] >LOG:1709319423,D,MANAGEMENT: CMD 'status'
2024-03-01 18:57:04.119 +00:00 [DBG] >LOG:1709319424,D,MANAGEMENT: CMD 'status'
2024-03-01 18:57:04.627 +00:00 [DBG] >LOG:1709319424,D,MANAGEMENT: CMD 'status'
2024-03-01 18:57:05.138 +00:00 [DBG] >LOG:1709319425,D,MANAGEMENT: CMD 'status'
2024-03-01 18:57:05.647 +00:00 [DBG] >LOG:1709319425,D,MANAGEMENT: CMD 'status'
2024-03-01 18:57:06.153 +00:00 [DBG] >LOG:1709319426,D,MANAGEMENT: CMD 'status'
2024-03-01 18:57:06.666 +00:00 [DBG] >LOG:1709319426,D,MANAGEMENT: CMD 'status'
2024-03-01 18:57:07.175 +00:00 [DBG] >LOG:1709319427,D,MANAGEMENT: CMD 'status'
2024-03-01 18:57:07.682 +00:00 [DBG] >LOG:1709319427,D,MANAGEMENT: CMD 'status'
2024-03-01 18:57:08.195 +00:00 [DBG] >LOG:1709319428,D,MANAGEMENT: CMD 'status'
2024-03-01 18:57:08.731 +00:00 [DBG] >LOG:1709319428,D,MANAGEMENT: CMD 'status'
2024-03-01 18:57:09.241 +00:00 [DBG] >LOG:1709319429,D,MANAGEMENT: CMD 'status'
2024-03-01 18:57:09.746 +00:00 [DBG] >LOG:1709319429,D,MANAGEMENT: CMD 'status'
2024-03-01 18:57:10.251 +00:00 [DBG] >LOG:1709319430,D,MANAGEMENT: CMD 'status'
2024-03-01 18:57:10.759 +00:00 [DBG] >LOG:1709319430,D,MANAGEMENT: CMD 'status'
2024-03-01 18:57:11.264 +00:00 [DBG] >LOG:1709319431,D,MANAGEMENT: CMD 'status'
2024-03-01 18:57:11.774 +00:00 [DBG] >LOG:1709319431,D,MANAGEMENT: CMD 'status'
2024-03-01 18:57:12.291 +00:00 [DBG] >LOG:1709319432,D,MANAGEMENT: CMD 'status'
2024-03-01 18:57:12.803 +00:00 [DBG] >LOG:1709319432,D,MANAGEMENT: CMD 'status'
2024-03-01 18:57:13.308 +00:00 [DBG] >LOG:1709319433,D,MANAGEMENT: CMD 'status'
2024-03-01 18:57:13.816 +00:00 [DBG] >LOG:1709319433,D,MANAGEMENT: CMD 'status'
2024-03-01 18:57:14.322 +00:00 [DBG] >LOG:1709319434,D,MANAGEMENT: CMD 'status'
2024-03-01 18:57:14.829 +00:00 [DBG] >LOG:1709319434,D,MANAGEMENT: CMD 'status'
2024-03-01 18:57:15.338 +00:00 [DBG] >LOG:1709319435,D,MANAGEMENT: CMD 'status'
2024-03-01 18:57:15.854 +00:00 [DBG] >LOG:1709319435,D,MANAGEMENT: CMD 'status'
2024-03-01 18:57:16.369 +00:00 [DBG] >LOG:1709319436,D,MANAGEMENT: CMD 'status'
2024-03-01 18:57:16.880 +00:00 [DBG] >LOG:1709319436,D,MANAGEMENT: CMD 'status'
2024-03-01 18:57:17.389 +00:00 [DBG] >LOG:1709319437,D,MANAGEMENT: CMD 'status'
2024-03-01 18:57:17.908 +00:00 [DBG] >LOG:1709319437,D,MANAGEMENT: CMD 'status'
2024-03-01 18:57:18.418 +00:00 [DBG] >LOG:1709319438,D,MANAGEMENT: CMD 'status'
2024-03-01 18:57:18.930 +00:00 [DBG] >LOG:1709319438,D,MANAGEMENT: CMD 'status'
2024-03-01 18:57:19.522 +00:00 [DBG] >LOG:1709319439,D,MANAGEMENT: CMD 'status'
2024-03-01 18:57:20.078 +00:00 [DBG] >LOG:1709319440,D,MANAGEMENT: CMD 'status'
2024-03-01 18:57:20.588 +00:00 [DBG] >LOG:1709319440,D,MANAGEMENT: CMD 'status'
2024-03-01 18:57:21.133 +00:00 [DBG] >LOG:1709319441,D,MANAGEMENT: CMD 'status'
2024-03-01 18:57:21.645 +00:00 [DBG] >LOG:1709319441,D,MANAGEMENT: CMD 'status'
2024-03-01 18:57:22.171 +00:00 [DBG] >LOG:1709319442,D,MANAGEMENT: CMD 'status'
2024-03-01 18:57:22.687 +00:00 [DBG] >LOG:1709319442,D,MANAGEMENT: CMD 'status'
2024-03-01 18:57:23.201 +00:00 [DBG] >LOG:1709319443,D,MANAGEMENT: CMD 'status'
2024-03-01 18:57:23.709 +00:00 [DBG] >LOG:1709319443,D,MANAGEMENT: CMD 'status'
2024-03-01 18:57:24.281 +00:00 [DBG] >LOG:1709319444,D,MANAGEMENT: CMD 'status'
2024-03-01 18:57:24.805 +00:00 [DBG] >LOG:1709319444,D,MANAGEMENT: CMD 'status'
2024-03-01 18:57:25.312 +00:00 [DBG] >LOG:1709319445,D,MANAGEMENT: CMD 'status'
2024-03-01 18:57:25.627 +00:00 [DBG] >LOG:1709319445,N,Connection reset command was pushed by server ('')
2024-03-01 18:57:25.628 +00:00 [DBG] >LOG:1709319445,,/sbin/route delete -net 172.31.0.0 10.0.0.161 255.255.0.0
2024-03-01 18:57:25.709 +00:00 [DBG] >LOG:1709319445,,Closing TUN/TAP interface
2024-03-01 18:57:25.709 +00:00 [DBG] >LOG:1709319445,I,/Applications/AWS VPN Client/AWS VPN Client.app/Contents/Resources/openvpn/client.down utun7 1500 1552 10.0.0.162 255.255.255.224 init
2024-03-01 18:57:27.140 +00:00 [DBG] >LOG:1709319447,I,SIGUSR1[soft,server-pushed-connection-reset] received, process restarting
2024-03-01 18:57:27.140 +00:00 [DBG] >LOG:1709319447,,MANAGEMENT: >STATE:1709319447,RECONNECTING,server-pushed-connection-reset,,,,,
2024-03-01 18:57:27.419 +00:00 [DBG] >LOG:1709319447,,Restart pause, 5 second(s)
2024-03-01 18:57:27.419 +00:00 [DBG] >LOG:1709319447,D,MANAGEMENT: CMD 'status'
2024-03-01 18:57:27.420 +00:00 [DBG] >LOG:1709319447,D,MANAGEMENT: CMD 'status'
2024-03-01 18:57:27.924 +00:00 [DBG] >LOG:1709319447,D,MANAGEMENT: CMD 'status'
2024-03-01 18:57:28.435 +00:00 [DBG] >LOG:1709319448,D,MANAGEMENT: CMD 'status'
2024-03-01 18:57:28.942 +00:00 [DBG] >LOG:1709319448,D,MANAGEMENT: CMD 'status'
2024-03-01 18:57:29.447 +00:00 [DBG] >LOG:1709319449,D,MANAGEMENT: CMD 'status'
2024-03-01 18:57:29.953 +00:00 [DBG] >LOG:1709319449,D,MANAGEMENT: CMD 'status'
2024-03-01 18:57:30.462 +00:00 [DBG] >LOG:1709319450,D,MANAGEMENT: CMD 'status'
2024-03-01 18:57:30.974 +00:00 [DBG] >LOG:1709319450,D,MANAGEMENT: CMD 'status'
2024-03-01 18:57:31.485 +00:00 [DBG] >LOG:1709319451,D,MANAGEMENT: CMD 'status'
2024-03-01 18:57:31.996 +00:00 [DBG] >LOG:1709319451,D,MANAGEMENT: CMD 'status'
2024-03-01 18:57:32.503 +00:00 [DBG] >LOG:1709319452,D,MANAGEMENT: CMD 'status'
2024-03-01 18:57:32.506 +00:00 [DBG] >LOG:1709319452,W,NOTE: the current --script-security setting may allow this configuration to call user-defined scripts
2024-03-01 18:57:32.506 +00:00 [DBG] >LOG:1709319452,I,TCP/UDP: Preserving recently used remote address: [AF_INET]18.192.157.207:443
2024-03-01 18:57:32.506 +00:00 [DBG] >LOG:1709319452,,Socket Buffers: R=[786896->786896] S=[9216->9216]
2024-03-01 18:57:32.506 +00:00 [DBG] >LOG:1709319452,I,UDP link local: (not bound)
2024-03-01 18:57:32.506 +00:00 [DBG] >LOG:1709319452,I,UDP link remote: [AF_INET]18.192.157.207:443
2024-03-01 18:57:32.506 +00:00 [DBG] >LOG:1709319452,,MANAGEMENT: >STATE:1709319452,WAIT,,,,,,
2024-03-01 18:57:32.563 +00:00 [DBG] >LOG:1709319452,,MANAGEMENT: >STATE:1709319452,AUTH,,,,,,
2024-03-01 18:57:32.563 +00:00 [DBG] >LOG:1709319452,,TLS: Initial packet from [AF_INET]18.192.157.207:443, sid=88de6b7a 621161cd
2024-03-01 18:57:32.633 +00:00 [DBG] >LOG:1709319452,,VERIFY OK: depth=1, CN=ishchenkogv
2024-03-01 18:57:32.634 +00:00 [DBG] >LOG:1709319452,,VERIFY KU OK
2024-03-01 18:57:32.634 +00:00 [DBG] >LOG:1709319452,,Validating certificate extended key usage
2024-03-01 18:57:32.634 +00:00 [DBG] >LOG:1709319452,,++ Certificate has EKU (str) TLS Web Server Authentication, expects TLS Web Server Authentication
2024-03-01 18:57:32.634 +00:00 [DBG] >LOG:1709319452,,VERIFY EKU OK
2024-03-01 18:57:32.634 +00:00 [DBG] >LOG:1709319452,,VERIFY X509NAME OK: CN=server
2024-03-01 18:57:32.634 +00:00 [DBG] >LOG:1709319452,,VERIFY OK: depth=0, CN=server
2024-03-01 18:57:32.742 +00:00 [DBG] >LOG:1709319452,,Control Channel: TLSv1.2, cipher TLSv1/SSLv3 ECDHE-RSA-AES256-GCM-SHA384, 2048 bit RSA
2024-03-01 18:57:32.742 +00:00 [DBG] >LOG:1709319452,I,[server] Peer Connection Initiated with [AF_INET]18.192.157.207:443
2024-03-01 18:57:33.006 +00:00 [DBG] >LOG:1709319453,D,MANAGEMENT: CMD 'status'
2024-03-01 18:57:33.010 +00:00 [DBG] >LOG:1709319453,,MANAGEMENT: >STATE:1709319453,GET_CONFIG,,,,,,
2024-03-01 18:57:33.011 +00:00 [DBG] >LOG:1709319453,,SENT CONTROL [server]: 'PUSH_REQUEST' (status=1)
2024-03-01 18:57:35.587 +00:00 [DBG] >LOG:1709319453,,PUSH: Received control message: 'PUSH_REPLY,route 172.31.0.0 255.255.0.0,route-gateway 10.0.0.161,topology subnet,ping 1,ping-restart 20,echo,ifconfig 10.0.0.162 255.255.255.224,peer-id 0,cipher AES-256-GCM'
2024-03-01 18:57:35.588 +00:00 [DBG] >LOG:1709319453,,OPTIONS IMPORT: timers and/or timeouts modified
2024-03-01 18:57:35.588 +00:00 [DBG] >LOG:1709319453,,OPTIONS IMPORT: --ifconfig/up options modified
2024-03-01 18:57:35.588 +00:00 [DBG] >LOG:1709319453,,OPTIONS IMPORT: route options modified
2024-03-01 18:57:35.588 +00:00 [DBG] >LOG:1709319453,,OPTIONS IMPORT: route-related options modified
2024-03-01 18:57:35.588 +00:00 [DBG] >LOG:1709319453,,OPTIONS IMPORT: peer-id set
2024-03-01 18:57:35.588 +00:00 [DBG] >LOG:1709319453,,OPTIONS IMPORT: adjusting link_mtu to 1624
2024-03-01 18:57:35.588 +00:00 [DBG] >LOG:1709319453,,OPTIONS IMPORT: data channel crypto options modified
2024-03-01 18:57:35.588 +00:00 [DBG] >LOG:1709319453,,Outgoing Data Channel: Cipher 'AES-256-GCM' initialized with 256 bit key
2024-03-01 18:57:35.589 +00:00 [DBG] >LOG:1709319453,,Incoming Data Channel: Cipher 'AES-256-GCM' initialized with 256 bit key
2024-03-01 18:57:35.589 +00:00 [DBG] >LOG:1709319453,,ROUTE_GATEWAY 192.168.1.1/255.255.255.0 IFACE=en0 HWADDR=bc:d0:74:79:6b:44
2024-03-01 18:57:35.589 +00:00 [DBG] >LOG:1709319453,,Opening utun (connect(AF_SYS_CONTROL)): Resource busy (errno=16)
2024-03-01 18:57:35.589 +00:00 [DBG] >LOG:1709319453,,Opening utun (connect(AF_SYS_CONTROL)): Resource busy (errno=16)
2024-03-01 18:57:35.589 +00:00 [DBG] >LOG:1709319453,,Opening utun (connect(AF_SYS_CONTROL)): Resource busy (errno=16)
2024-03-01 18:57:35.589 +00:00 [DBG] >LOG:1709319453,,Opening utun (connect(AF_SYS_CONTROL)): Resource busy (errno=16)
2024-03-01 18:57:35.589 +00:00 [DBG] >LOG:1709319453,,Opening utun (connect(AF_SYS_CONTROL)): Resource busy (errno=16)
2024-03-01 18:57:35.590 +00:00 [DBG] >LOG:1709319453,,Opening utun (connect(AF_SYS_CONTROL)): Resource busy (errno=16)
2024-03-01 18:57:35.590 +00:00 [DBG] >LOG:1709319453,,Opening utun (connect(AF_SYS_CONTROL)): Resource busy (errno=16)
2024-03-01 18:57:35.590 +00:00 [DBG] >LOG:1709319453,I,Opened utun device utun7
2024-03-01 18:57:35.590 +00:00 [DBG] >LOG:1709319453,D,do_ifconfig, tt->did_ifconfig_ipv6_setup=0
2024-03-01 18:57:35.590 +00:00 [DBG] >LOG:1709319453,,MANAGEMENT: >STATE:1709319453,ASSIGN_IP,,10.0.0.162,,,,
2024-03-01 18:57:35.590 +00:00 [DBG] >LOG:1709319453,I,/sbin/ifconfig utun7 delete
2024-03-01 18:57:35.590 +00:00 [DBG] >LOG:1709319453,I,NOTE: Tried to delete pre-existing tun/tap instance -- No Problem if failure
2024-03-01 18:57:35.590 +00:00 [DBG] >LOG:1709319453,I,/sbin/ifconfig utun7 10.0.0.162 10.0.0.162 netmask 255.255.255.224 mtu 1500 up
2024-03-01 18:57:35.591 +00:00 [DBG] >LOG:1709319453,,/sbin/route add -net 10.0.0.160 10.0.0.162 255.255.255.224
2024-03-01 18:57:35.591 +00:00 [DBG] >LOG:1709319453,I,/Applications/AWS VPN Client/AWS VPN Client.app/Contents/Resources/openvpn/client.up utun7 1500 1552 10.0.0.162 255.255.255.224 init
2024-03-01 18:57:35.591 +00:00 [DBG] >LOG:1709319455,,MANAGEMENT: >STATE:1709319455,ADD_ROUTES,,,,,,
2024-03-01 18:57:35.591 +00:00 [DBG] >LOG:1709319455,,/sbin/route add -net 172.31.0.0 10.0.0.161 255.255.0.0
2024-03-01 18:57:35.591 +00:00 [DBG] >LOG:1709319455,I,Initialization Sequence Completed
2024-03-01 18:57:35.591 +00:00 [DBG] >LOG:1709319455,,MANAGEMENT: >STATE:1709319455,CONNECTED,SUCCESS,10.0.0.162,18.192.157.207,443,,
2024-03-01 18:57:37.631 +00:00 [DBG] >LOG:1709319455,D,MANAGEMENT: CMD 'status'
2024-03-01 18:57:37.637 +00:00 [DBG] >LOG:1709319455,D,MANAGEMENT: CMD 'status'
2024-03-01 18:57:37.639 +00:00 [DBG] >LOG:1709319455,D,MANAGEMENT: CMD 'status'
2024-03-01 18:57:37.641 +00:00 [DBG] >LOG:1709319455,N,Connection reset command was pushed by server ('')
2024-03-01 18:57:37.641 +00:00 [DBG] >LOG:1709319455,,/sbin/route delete -net 172.31.0.0 10.0.0.161 255.255.0.0
2024-03-01 18:57:37.641 +00:00 [DBG] >LOG:1709319455,,Closing TUN/TAP interface
2024-03-01 18:57:37.641 +00:00 [DBG] >LOG:1709319455,I,/Applications/AWS VPN Client/AWS VPN Client.app/Contents/Resources/openvpn/client.down utun7 1500 1552 10.0.0.162 255.255.255.224 init
2024-03-01 18:57:37.642 +00:00 [DBG] >LOG:1709319456,I,SIGUSR1[soft,server-pushed-connection-reset] received, process restarting
2024-03-01 18:57:37.642 +00:00 [DBG] >LOG:1709319456,,MANAGEMENT: >STATE:1709319456,RECONNECTING,server-pushed-connection-reset,,,,,
2024-03-01 18:57:37.670 +00:00 [DBG] >LOG:1709319456,,Restart pause, 5 second(s)
2024-03-01 18:57:37.670 +00:00 [DBG] >LOG:1709319456,D,MANAGEMENT: CMD 'status'
2024-03-01 18:57:37.671 +00:00 [DBG] >LOG:1709319457,D,MANAGEMENT: CMD 'status'
2024-03-01 18:57:38.143 +00:00 [DBG] >LOG:1709319458,D,MANAGEMENT: CMD 'status'
2024-03-01 18:57:38.663 +00:00 [DBG] >LOG:1709319458,D,MANAGEMENT: CMD 'status'
2024-03-01 18:57:39.204 +00:00 [DBG] >LOG:1709319459,D,MANAGEMENT: CMD 'status'
2024-03-01 18:57:39.739 +00:00 [DBG] >LOG:1709319459,D,MANAGEMENT: CMD 'status'
2024-03-01 18:57:40.298 +00:00 [DBG] >LOG:1709319460,D,MANAGEMENT: CMD 'status'
2024-03-01 18:57:40.808 +00:00 [DBG] >LOG:1709319460,D,MANAGEMENT: CMD 'status'
2024-03-01 18:57:41.434 +00:00 [DBG] >LOG:1709319461,D,MANAGEMENT: CMD 'status'
2024-03-01 18:57:41.461 +00:00 [DBG] >LOG:1709319461,W,NOTE: the current --script-security setting may allow this configuration to call user-defined scripts
2024-03-01 18:57:41.461 +00:00 [DBG] >LOG:1709319461,I,TCP/UDP: Preserving recently used remote address: [AF_INET]18.192.157.207:443
2024-03-01 18:57:41.461 +00:00 [DBG] >LOG:1709319461,,Socket Buffers: R=[786896->786896] S=[9216->9216]
2024-03-01 18:57:41.461 +00:00 [DBG] >LOG:1709319461,I,UDP link local: (not bound)
2024-03-01 18:57:41.461 +00:00 [DBG] >LOG:1709319461,I,UDP link remote: [AF_INET]18.192.157.207:443
2024-03-01 18:57:41.461 +00:00 [DBG] >LOG:1709319461,,MANAGEMENT: >STATE:1709319461,WAIT,,,,,,
2024-03-01 18:57:41.536 +00:00 [DBG] >LOG:1709319461,,MANAGEMENT: >STATE:1709319461,AUTH,,,,,,
2024-03-01 18:57:41.537 +00:00 [DBG] >LOG:1709319461,,TLS: Initial packet from [AF_INET]18.192.157.207:443, sid=9f1e0a99 c41d0800
2024-03-01 18:57:41.663 +00:00 [DBG] >LOG:1709319461,,VERIFY OK: depth=1, CN=ishchenkogv
2024-03-01 18:57:41.666 +00:00 [DBG] >LOG:1709319461,,VERIFY KU OK
2024-03-01 18:57:41.666 +00:00 [DBG] >LOG:1709319461,,Validating certificate extended key usage
2024-03-01 18:57:41.666 +00:00 [DBG] >LOG:1709319461,,++ Certificate has EKU (str) TLS Web Server Authentication, expects TLS Web Server Authentication
2024-03-01 18:57:41.666 +00:00 [DBG] >LOG:1709319461,,VERIFY EKU OK
2024-03-01 18:57:41.666 +00:00 [DBG] >LOG:1709319461,,VERIFY X509NAME OK: CN=server
2024-03-01 18:57:41.680 +00:00 [DBG] >LOG:1709319461,,VERIFY OK: depth=0, CN=server
2024-03-01 18:57:41.804 +00:00 [DBG] >LOG:1709319461,,Control Channel: TLSv1.2, cipher TLSv1/SSLv3 ECDHE-RSA-AES256-GCM-SHA384, 2048 bit RSA
2024-03-01 18:57:41.804 +00:00 [DBG] >LOG:1709319461,I,[server] Peer Connection Initiated with [AF_INET]18.192.157.207:443
2024-03-01 18:57:41.956 +00:00 [DBG] >LOG:1709319461,D,MANAGEMENT: CMD 'status'
2024-03-01 18:57:42.487 +00:00 [DBG] >LOG:1709319462,D,MANAGEMENT: CMD 'status'
2024-03-01 18:57:42.496 +00:00 [DBG] >LOG:1709319462,,MANAGEMENT: >STATE:1709319462,GET_CONFIG,,,,,,
2024-03-01 18:57:42.497 +00:00 [DBG] >LOG:1709319462,,SENT CONTROL [server]: 'PUSH_REQUEST' (status=1)
2024-03-01 18:57:54.401 +00:00 [DBG] >LOG:1709319462,,PUSH: Received control message: 'PUSH_REPLY,route 172.31.0.0 255.255.0.0,route-gateway 10.0.0.161,topology subnet,ping 1,ping-restart 20,echo,ifconfig 10.0.0.162 255.255.255.224,peer-id 0,cipher AES-256-GCM'
2024-03-01 18:57:54.402 +00:00 [DBG] >LOG:1709319462,,OPTIONS IMPORT: timers and/or timeouts modified
2024-03-01 18:57:54.402 +00:00 [DBG] >LOG:1709319462,,OPTIONS IMPORT: --ifconfig/up options modified
2024-03-01 18:57:54.402 +00:00 [DBG] >LOG:1709319462,,OPTIONS IMPORT: route options modified
2024-03-01 18:57:54.402 +00:00 [DBG] >LOG:1709319462,,OPTIONS IMPORT: route-related options modified
2024-03-01 18:57:54.402 +00:00 [DBG] >LOG:1709319462,,OPTIONS IMPORT: peer-id set
2024-03-01 18:57:54.403 +00:00 [DBG] >LOG:1709319462,,OPTIONS IMPORT: adjusting link_mtu to 1624
2024-03-01 18:57:54.403 +00:00 [DBG] >LOG:1709319462,,OPTIONS IMPORT: data channel crypto options modified
2024-03-01 18:57:54.403 +00:00 [DBG] >LOG:1709319462,,Outgoing Data Channel: Cipher 'AES-256-GCM' initialized with 256 bit key
2024-03-01 18:57:54.403 +00:00 [DBG] >LOG:1709319462,,Incoming Data Channel: Cipher 'AES-256-GCM' initialized with 256 bit key
2024-03-01 18:57:54.403 +00:00 [DBG] >LOG:1709319462,,ROUTE_GATEWAY 192.168.1.1/255.255.255.0 IFACE=en0 HWADDR=bc:d0:74:79:6b:44
2024-03-01 18:57:54.403 +00:00 [DBG] >LOG:1709319462,,Opening utun (connect(AF_SYS_CONTROL)): Resource busy (errno=16)
2024-03-01 18:57:54.403 +00:00 [DBG] >LOG:1709319462,,Opening utun (connect(AF_SYS_CONTROL)): Resource busy (errno=16)
2024-03-01 18:57:54.403 +00:00 [DBG] >LOG:1709319462,,Opening utun (connect(AF_SYS_CONTROL)): Resource busy (errno=16)
2024-03-01 18:57:54.403 +00:00 [DBG] >LOG:1709319462,,Opening utun (connect(AF_SYS_CONTROL)): Resource busy (errno=16)
2024-03-01 18:57:54.403 +00:00 [DBG] >LOG:1709319462,,Opening utun (connect(AF_SYS_CONTROL)): Resource busy (errno=16)
2024-03-01 18:57:54.403 +00:00 [DBG] >LOG:1709319462,,Opening utun (connect(AF_SYS_CONTROL)): Resource busy (errno=16)
2024-03-01 18:57:54.403 +00:00 [DBG] >LOG:1709319462,,Opening utun (connect(AF_SYS_CONTROL)): Resource busy (errno=16)
2024-03-01 18:57:54.404 +00:00 [DBG] >LOG:1709319462,I,Opened utun device utun7
2024-03-01 18:57:54.404 +00:00 [DBG] >LOG:1709319462,D,do_ifconfig, tt->did_ifconfig_ipv6_setup=0
2024-03-01 18:57:54.404 +00:00 [DBG] >LOG:1709319462,,MANAGEMENT: >STATE:1709319462,ASSIGN_IP,,10.0.0.162,,,,
2024-03-01 18:57:54.404 +00:00 [DBG] >LOG:1709319462,I,/sbin/ifconfig utun7 delete
2024-03-01 18:57:54.404 +00:00 [DBG] >LOG:1709319462,I,NOTE: Tried to delete pre-existing tun/tap instance -- No Problem if failure
2024-03-01 18:57:54.404 +00:00 [DBG] >LOG:1709319462,I,/sbin/ifconfig utun7 10.0.0.162 10.0.0.162 netmask 255.255.255.224 mtu 1500 up
2024-03-01 18:57:54.404 +00:00 [DBG] >LOG:1709319463,,/sbin/route add -net 10.0.0.160 10.0.0.162 255.255.255.224
2024-03-01 18:57:54.404 +00:00 [DBG] >LOG:1709319463,I,/Applications/AWS VPN Client/AWS VPN Client.app/Contents/Resources/openvpn/client.up utun7 1500 1552 10.0.0.162 255.255.255.224 init
2024-03-01 18:57:54.404 +00:00 [DBG] >LOG:1709319474,,MANAGEMENT: >STATE:1709319474,ADD_ROUTES,,,,,,
2024-03-01 18:57:54.404 +00:00 [DBG] >LOG:1709319474,,/sbin/route add -net 172.31.0.0 10.0.0.161 255.255.0.0
2024-03-01 18:57:54.404 +00:00 [DBG] >LOG:1709319474,I,Initialization Sequence Completed
2024-03-01 18:57:54.405 +00:00 [DBG] >LOG:1709319474,,MANAGEMENT: >STATE:1709319474,CONNECTED,SUCCESS,10.0.0.162,18.192.157.207,443,,
2024-03-01 18:57:56.477 +00:00 [DBG] >LOG:1709319474,D,MANAGEMENT: CMD 'status'
2024-03-01 18:57:56.488 +00:00 [DBG] >LOG:1709319474,D,MANAGEMENT: CMD 'status'
2024-03-01 18:57:56.494 +00:00 [DBG] >LOG:1709319474,D,MANAGEMENT: CMD 'status'
2024-03-01 18:57:56.495 +00:00 [DBG] >LOG:1709319474,D,MANAGEMENT: CMD 'status'
2024-03-01 18:57:56.496 +00:00 [DBG] >LOG:1709319474,D,MANAGEMENT: CMD 'status'
2024-03-01 18:57:56.498 +00:00 [DBG] >LOG:1709319474,D,MANAGEMENT: CMD 'status'
2024-03-01 18:57:56.499 +00:00 [DBG] >LOG:1709319474,D,MANAGEMENT: CMD 'status'
2024-03-01 18:57:56.500 +00:00 [DBG] >LOG:1709319474,D,MANAGEMENT: CMD 'status'
2024-03-01 18:57:56.501 +00:00 [DBG] >LOG:1709319474,D,MANAGEMENT: CMD 'status'
2024-03-01 18:57:56.501 +00:00 [DBG] >LOG:1709319474,D,MANAGEMENT: CMD 'status'
2024-03-01 18:57:56.502 +00:00 [DBG] >LOG:1709319474,D,MANAGEMENT: CMD 'status'
2024-03-01 18:57:56.502 +00:00 [DBG] >LOG:1709319474,D,MANAGEMENT: CMD 'status'
2024-03-01 18:57:56.505 +00:00 [DBG] >LOG:1709319475,D,MANAGEMENT: CMD 'status'
2024-03-01 18:57:56.505 +00:00 [DBG] >LOG:1709319476,D,MANAGEMENT: CMD 'status'
2024-03-01 18:57:56.991 +00:00 [DBG] >LOG:1709319476,D,MANAGEMENT: CMD 'status'
2024-03-01 18:57:57.528 +00:00 [DBG] >LOG:1709319477,D,MANAGEMENT: CMD 'status'
2024-03-01 18:57:58.058 +00:00 [DBG] >LOG:1709319478,D,MANAGEMENT: CMD 'status'
2024-03-01 18:57:58.562 +00:00 [DBG] >LOG:1709319478,D,MANAGEMENT: CMD 'status'
2024-03-01 18:57:59.089 +00:00 [DBG] >LOG:1709319479,D,MANAGEMENT: CMD 'status'
2024-03-01 18:57:59.779 +00:00 [DBG] >LOG:1709319479,D,MANAGEMENT: CMD 'status'
2024-03-01 18:58:00.321 +00:00 [DBG] >LOG:1709319480,D,MANAGEMENT: CMD 'status'
2024-03-01 18:58:00.828 +00:00 [DBG] >LOG:1709319480,D,MANAGEMENT: CMD 'status'
2024-03-01 18:58:01.425 +00:00 [DBG] >LOG:1709319481,D,MANAGEMENT: CMD 'status'
2024-03-01 18:58:01.936 +00:00 [DBG] >LOG:1709319481,D,MANAGEMENT: CMD 'status'
2024-03-01 18:58:02.835 +00:00 [DBG] >LOG:1709319482,D,MANAGEMENT: CMD 'status'
2024-03-01 18:58:03.409 +00:00 [DBG] >LOG:1709319483,D,MANAGEMENT: CMD 'status'
2024-03-01 18:58:03.925 +00:00 [DBG] >LOG:1709319483,D,MANAGEMENT: CMD 'status'
2024-03-01 18:58:04.442 +00:00 [DBG] >LOG:1709319484,D,MANAGEMENT: CMD 'status'
2024-03-01 18:58:04.955 +00:00 [DBG] >LOG:1709319484,D,MANAGEMENT: CMD 'status'
2024-03-01 18:58:05.465 +00:00 [DBG] >LOG:1709319485,D,MANAGEMENT: CMD 'status'
2024-03-01 18:58:06.018 +00:00 [DBG] >LOG:1709319486,D,MANAGEMENT: CMD 'status'
2024-03-01 18:58:06.528 +00:00 [DBG] >LOG:1709319486,D,MANAGEMENT: CMD 'status'
2024-03-01 18:58:07.058 +00:00 [DBG] >LOG:1709319487,D,MANAGEMENT: CMD 'status'
2024-03-01 18:58:07.604 +00:00 [DBG] >LOG:1709319487,D,MANAGEMENT: CMD 'status'
2024-03-01 18:58:08.149 +00:00 [DBG] >LOG:1709319488,D,MANAGEMENT: CMD 'status'
2024-03-01 18:58:08.703 +00:00 [DBG] >LOG:1709319488,D,MANAGEMENT: CMD 'status'
2024-03-01 18:58:09.228 +00:00 [DBG] >LOG:1709319489,D,MANAGEMENT: CMD 'status'
2024-03-01 18:58:09.886 +00:00 [DBG] >LOG:1709319489,D,MANAGEMENT: CMD 'status'
2024-03-01 18:58:10.490 +00:00 [DBG] >LOG:1709319490,D,MANAGEMENT: CMD 'status'
2024-03-01 18:58:11.017 +00:00 [DBG] >LOG:1709319491,D,MANAGEMENT: CMD 'status'
2024-03-01 18:58:11.561 +00:00 [DBG] >LOG:1709319491,D,MANAGEMENT: CMD 'status'
2024-03-01 18:58:12.177 +00:00 [DBG] >LOG:1709319492,D,MANAGEMENT: CMD 'status'
2024-03-01 18:58:12.701 +00:00 [DBG] >LOG:1709319492,D,MANAGEMENT: CMD 'status'
2024-03-01 18:58:13.299 +00:00 [DBG] >LOG:1709319493,D,MANAGEMENT: CMD 'status'
2024-03-01 18:58:13.966 +00:00 [DBG] >LOG:1709319493,D,MANAGEMENT: CMD 'status'
2024-03-01 18:58:14.538 +00:00 [DBG] >LOG:1709319494,D,MANAGEMENT: CMD 'status'
2024-03-01 18:58:15.160 +00:00 [DBG] >LOG:1709319495,D,MANAGEMENT: CMD 'status'
2024-03-01 18:58:15.796 +00:00 [DBG] >LOG:1709319495,D,MANAGEMENT: CMD 'status'
2024-03-01 18:58:16.304 +00:00 [DBG] >LOG:1709319496,D,MANAGEMENT: CMD 'status'
2024-03-01 18:58:16.958 +00:00 [DBG] >LOG:1709319496,D,MANAGEMENT: CMD 'status'
2024-03-01 18:58:17.499 +00:00 [DBG] >LOG:1709319497,D,MANAGEMENT: CMD 'status'
2024-03-01 18:58:18.065 +00:00 [DBG] >LOG:1709319498,D,MANAGEMENT: CMD 'status'
2024-03-01 18:58:18.602 +00:00 [DBG] >LOG:1709319498,D,MANAGEMENT: CMD 'status'
2024-03-01 18:58:19.114 +00:00 [DBG] >LOG:1709319499,D,MANAGEMENT: CMD 'status'
2024-03-01 18:58:19.933 +00:00 [DBG] >LOG:1709319499,D,MANAGEMENT: CMD 'status'
2024-03-01 18:58:20.538 +00:00 [DBG] >LOG:1709319500,D,MANAGEMENT: CMD 'status'
2024-03-01 18:58:21.060 +00:00 [DBG] >LOG:1709319501,D,MANAGEMENT: CMD 'status'
2024-03-01 18:58:21.734 +00:00 [DBG] >LOG:1709319501,D,MANAGEMENT: CMD 'status'
2024-03-01 18:58:22.289 +00:00 [DBG] >LOG:1709319502,D,MANAGEMENT: CMD 'status'
2024-03-01 18:58:22.832 +00:00 [DBG] >LOG:1709319502,D,MANAGEMENT: CMD 'status'
2024-03-01 18:58:23.476 +00:00 [DBG] >LOG:1709319503,D,MANAGEMENT: CMD 'status'
2024-03-01 18:58:24.058 +00:00 [DBG] >LOG:1709319504,D,MANAGEMENT: CMD 'status'
2024-03-01 18:58:24.639 +00:00 [DBG] >LOG:1709319504,D,MANAGEMENT: CMD 'status'
2024-03-01 18:58:25.213 +00:00 [DBG] >LOG:1709319505,D,MANAGEMENT: CMD 'status'
2024-03-01 18:58:25.753 +00:00 [DBG] >LOG:1709319505,D,MANAGEMENT: CMD 'status'
2024-03-01 18:58:26.313 +00:00 [DBG] >LOG:1709319506,D,MANAGEMENT: CMD 'status'
2024-03-01 18:58:26.827 +00:00 [DBG] >LOG:1709319506,D,MANAGEMENT: CMD 'status'
2024-03-01 18:58:27.371 +00:00 [DBG] >LOG:1709319507,D,MANAGEMENT: CMD 'status'
2024-03-01 18:58:28.031 +00:00 [DBG] >LOG:1709319508,D,MANAGEMENT: CMD 'status'
2024-03-01 18:58:28.585 +00:00 [DBG] >LOG:1709319508,D,MANAGEMENT: CMD 'status'
2024-03-01 18:58:29.119 +00:00 [DBG] >LOG:1709319509,D,MANAGEMENT: CMD 'status'
2024-03-01 18:58:29.737 +00:00 [DBG] >LOG:1709319509,D,MANAGEMENT: CMD 'status'
2024-03-01 18:58:30.249 +00:00 [DBG] >LOG:1709319510,D,MANAGEMENT: CMD 'status'
2024-03-01 18:58:30.797 +00:00 [DBG] >LOG:1709319510,D,MANAGEMENT: CMD 'status'
2024-03-01 18:58:31.317 +00:00 [DBG] >LOG:1709319511,D,MANAGEMENT: CMD 'status'
2024-03-01 18:58:32.149 +00:00 [DBG] >LOG:1709319512,D,MANAGEMENT: CMD 'status'
2024-03-01 18:58:32.778 +00:00 [DBG] >LOG:1709319512,D,MANAGEMENT: CMD 'status'
2024-03-01 18:58:33.321 +00:00 [DBG] >LOG:1709319513,D,MANAGEMENT: CMD 'status'
2024-03-01 18:58:33.901 +00:00 [DBG] >LOG:1709319513,D,MANAGEMENT: CMD 'status'
2024-03-01 18:58:34.419 +00:00 [DBG] >LOG:1709319514,D,MANAGEMENT: CMD 'status'
2024-03-01 18:58:34.937 +00:00 [DBG] >LOG:1709319514,D,MANAGEMENT: CMD 'status'
2024-03-01 18:58:35.466 +00:00 [DBG] >LOG:1709319515,D,MANAGEMENT: CMD 'status'
2024-03-01 18:58:36.017 +00:00 [DBG] >LOG:1709319516,D,MANAGEMENT: CMD 'status'
2024-03-01 18:58:36.536 +00:00 [DBG] >LOG:1709319516,D,MANAGEMENT: CMD 'status'
2024-03-01 18:58:37.050 +00:00 [DBG] >LOG:1709319517,D,MANAGEMENT: CMD 'status'
2024-03-01 18:58:37.592 +00:00 [DBG] >LOG:1709319517,D,MANAGEMENT: CMD 'status'
2024-03-01 18:58:38.195 +00:00 [DBG] >LOG:1709319518,D,MANAGEMENT: CMD 'status'
2024-03-01 18:58:38.752 +00:00 [DBG] >LOG:1709319518,D,MANAGEMENT: CMD 'status'
2024-03-01 18:58:39.290 +00:00 [DBG] >LOG:1709319519,D,MANAGEMENT: CMD 'status'
2024-03-01 18:58:40.025 +00:00 [DBG] >LOG:1709319519,D,MANAGEMENT: CMD 'status'
2024-03-01 18:58:40.561 +00:00 [DBG] >LOG:1709319520,D,MANAGEMENT: CMD 'status'
2024-03-01 18:58:41.165 +00:00 [DBG] >LOG:1709319521,D,MANAGEMENT: CMD 'status'
2024-03-01 18:58:41.789 +00:00 [DBG] >LOG:1709319521,D,MANAGEMENT: CMD 'status'
2024-03-01 18:58:44.743 +00:00 [DBG] >LOG:1709319522,D,MANAGEMENT: CMD 'status'
2024-03-01 18:58:45.073 +00:00 [DBG] >LOG:1709319524,D,MANAGEMENT: CMD 'status'
2024-03-01 18:58:45.500 +00:00 [DBG] >LOG:1709319525,D,MANAGEMENT: CMD 'status'
2024-03-01 18:58:46.497 +00:00 [DBG] >LOG:1709319526,D,MANAGEMENT: CMD 'status'
2024-03-01 18:58:47.094 +00:00 [DBG] >LOG:1709319527,D,MANAGEMENT: CMD 'status'
2024-03-01 18:58:47.604 +00:00 [DBG] >LOG:1709319527,D,MANAGEMENT: CMD 'status'
2024-03-01 18:58:48.672 +00:00 [DBG] >LOG:1709319528,D,MANAGEMENT: CMD 'status'
2024-03-01 18:58:54.815 +00:00 [DBG] >LOG:1709319530,D,MANAGEMENT: CMD 'status'
2024-03-01 18:58:59.291 +00:00 [DBG] >LOG:1709319534,D,MANAGEMENT: CMD 'status'
2024-03-01 18:59:05.360 +00:00 [DBG] >LOG:1709319539,D,MANAGEMENT: CMD 'status'
2024-03-01 18:59:05.864 +00:00 [DBG] >LOG:1709319545,D,MANAGEMENT: CMD 'status'
2024-03-01 18:59:06.637 +00:00 [DBG] >LOG:1709319546,D,MANAGEMENT: CMD 'status'
2024-03-01 18:59:35.155 +00:00 [DBG] >LOG:1709319553,D,MANAGEMENT: CMD 'status'
2024-03-01 18:59:35.899 +00:00 [DBG] >LOG:1709319572,D,MANAGEMENT: CMD 'status'
2024-03-01 18:59:35.918 +00:00 [DBG] >LOG:1709319575,D,MANAGEMENT: CMD 'status'
2024-03-01 18:59:36.843 +00:00 [DBG] >LOG:1709319576,D,MANAGEMENT: CMD 'status'
2024-03-01 18:59:37.516 +00:00 [DBG] >LOG:1709319577,D,MANAGEMENT: CMD 'status'
2024-03-01 18:59:38.389 +00:00 [DBG] >LOG:1709319578,D,MANAGEMENT: CMD 'status'
2024-03-01 18:59:38.996 +00:00 [DBG] >LOG:1709319578,D,MANAGEMENT: CMD 'status'
2024-03-01 18:59:39.617 +00:00 [DBG] >LOG:1709319579,D,MANAGEMENT: CMD 'status'
2024-03-01 18:59:42.297 +00:00 [DBG] >LOG:1709319581,D,MANAGEMENT: CMD 'status'
2024-03-01 18:59:43.514 +00:00 [DBG] >LOG:1709319583,D,MANAGEMENT: CMD 'status'
2024-03-01 18:59:44.153 +00:00 [DBG] >LOG:1709319584,D,MANAGEMENT: CMD 'status'
2024-03-01 18:59:45.354 +00:00 [DBG] >LOG:1709319584,D,MANAGEMENT: CMD 'status'
2024-03-01 18:59:47.655 +00:00 [DBG] >LOG:1709319587,D,MANAGEMENT: CMD 'status'
2024-03-01 18:59:48.591 +00:00 [DBG] >LOG:1709319588,D,MANAGEMENT: CMD 'status'
2024-03-01 18:59:49.124 +00:00 [DBG] >LOG:1709319589,D,MANAGEMENT: CMD 'status'
2024-03-01 18:59:49.647 +00:00 [DBG] >LOG:1709319589,D,MANAGEMENT: CMD 'status'
2024-03-01 18:59:50.202 +00:00 [DBG] >LOG:1709319590,D,MANAGEMENT: CMD 'status'
2024-03-01 18:59:50.736 +00:00 [DBG] >LOG:1709319590,D,MANAGEMENT: CMD 'status'
2024-03-01 18:59:51.296 +00:00 [DBG] >LOG:1709319591,D,MANAGEMENT: CMD 'status'
2024-03-01 18:59:51.807 +00:00 [DBG] >LOG:1709319591,D,MANAGEMENT: CMD 'status'
2024-03-01 18:59:52.319 +00:00 [DBG] >LOG:1709319592,D,MANAGEMENT: CMD 'status'
2024-03-01 18:59:52.824 +00:00 [DBG] >LOG:1709319592,D,MANAGEMENT: CMD 'status'
2024-03-01 18:59:53.331 +00:00 [DBG] >LOG:1709319593,D,MANAGEMENT: CMD 'status'
2024-03-01 18:59:53.839 +00:00 [DBG] >LOG:1709319593,D,MANAGEMENT: CMD 'status'
2024-03-01 18:59:54.349 +00:00 [DBG] >LOG:1709319594,D,MANAGEMENT: CMD 'status'
2024-03-01 18:59:54.862 +00:00 [DBG] >LOG:1709319594,D,MANAGEMENT: CMD 'status'
2024-03-01 18:59:55.380 +00:00 [DBG] >LOG:1709319595,D,MANAGEMENT: CMD 'status'
2024-03-01 18:59:55.894 +00:00 [DBG] >LOG:1709319595,D,MANAGEMENT: CMD 'status'
2024-03-01 18:59:56.405 +00:00 [DBG] >LOG:1709319596,D,MANAGEMENT: CMD 'status'
2024-03-01 18:59:56.920 +00:00 [DBG] >LOG:1709319596,D,MANAGEMENT: CMD 'status'
2024-03-01 18:59:57.430 +00:00 [DBG] >LOG:1709319597,D,MANAGEMENT: CMD 'status'
2024-03-01 18:59:57.941 +00:00 [DBG] >LOG:1709319597,D,MANAGEMENT: CMD 'status'
2024-03-01 18:59:58.447 +00:00 [DBG] >LOG:1709319598,D,MANAGEMENT: CMD 'status'
2024-03-01 18:59:58.953 +00:00 [DBG] >LOG:1709319598,D,MANAGEMENT: CMD 'status'
2024-03-01 18:59:59.469 +00:00 [DBG] >LOG:1709319599,D,MANAGEMENT: CMD 'status'
2024-03-01 18:59:59.985 +00:00 [DBG] >LOG:1709319599,D,MANAGEMENT: CMD 'status'
2024-03-01 19:00:00.492 +00:00 [DBG] >LOG:1709319600,D,MANAGEMENT: CMD 'status'
2024-03-01 19:00:01.000 +00:00 [DBG] >LOG:1709319600,D,MANAGEMENT: CMD 'status'
2024-03-01 19:00:01.508 +00:00 [DBG] >LOG:1709319601,D,MANAGEMENT: CMD 'status'
2024-03-01 19:00:02.016 +00:00 [DBG] >LOG:1709319602,D,MANAGEMENT: CMD 'status'
2024-03-01 19:00:02.520 +00:00 [DBG] >LOG:1709319602,D,MANAGEMENT: CMD 'status'
2024-03-01 19:00:03.031 +00:00 [DBG] >LOG:1709319603,D,MANAGEMENT: CMD 'status'
2024-03-01 19:00:03.543 +00:00 [DBG] >LOG:1709319603,D,MANAGEMENT: CMD 'status'
2024-03-01 19:00:04.049 +00:00 [DBG] >LOG:1709319604,D,MANAGEMENT: CMD 'status'
2024-03-01 19:00:04.554 +00:00 [DBG] >LOG:1709319604,D,MANAGEMENT: CMD 'status'
2024-03-01 19:00:05.059 +00:00 [DBG] >LOG:1709319605,D,MANAGEMENT: CMD 'status'
2024-03-01 19:00:05.564 +00:00 [DBG] >LOG:1709319605,D,MANAGEMENT: CMD 'status'
2024-03-01 19:00:06.072 +00:00 [DBG] >LOG:1709319606,D,MANAGEMENT: CMD 'status'
2024-03-01 19:00:06.617 +00:00 [DBG] >LOG:1709319606,D,MANAGEMENT: CMD 'status'
2024-03-01 19:00:07.136 +00:00 [DBG] >LOG:1709319607,D,MANAGEMENT: CMD 'status'
2024-03-01 19:00:07.649 +00:00 [DBG] >LOG:1709319607,D,MANAGEMENT: CMD 'status'
2024-03-01 19:00:08.162 +00:00 [DBG] >LOG:1709319608,D,MANAGEMENT: CMD 'status'
2024-03-01 19:00:08.668 +00:00 [DBG] >LOG:1709319608,D,MANAGEMENT: CMD 'status'
2024-03-01 19:00:09.176 +00:00 [DBG] >LOG:1709319609,D,MANAGEMENT: CMD 'status'
2024-03-01 19:00:09.687 +00:00 [DBG] >LOG:1709319609,D,MANAGEMENT: CMD 'status'
2024-03-01 19:00:10.208 +00:00 [DBG] >LOG:1709319610,D,MANAGEMENT: CMD 'status'
2024-03-01 19:00:10.719 +00:00 [DBG] >LOG:1709319610,D,MANAGEMENT: CMD 'status'
2024-03-01 19:00:11.228 +00:00 [DBG] >LOG:1709319611,D,MANAGEMENT: CMD 'status'
2024-03-01 19:00:11.734 +00:00 [DBG] >LOG:1709319611,D,MANAGEMENT: CMD 'status'
2024-03-01 19:00:12.240 +00:00 [DBG] >LOG:1709319612,D,MANAGEMENT: CMD 'status'
2024-03-01 19:00:12.750 +00:00 [DBG] >LOG:1709319612,D,MANAGEMENT: CMD 'status'
2024-03-01 19:00:13.262 +00:00 [DBG] >LOG:1709319613,D,MANAGEMENT: CMD 'status'
2024-03-01 19:00:13.769 +00:00 [DBG] >LOG:1709319613,D,MANAGEMENT: CMD 'status'
2024-03-01 19:00:14.278 +00:00 [DBG] >LOG:1709319614,D,MANAGEMENT: CMD 'status'
2024-03-01 19:00:14.793 +00:00 [DBG] >LOG:1709319614,D,MANAGEMENT: CMD 'status'
2024-03-01 19:00:15.306 +00:00 [DBG] >LOG:1709319615,D,MANAGEMENT: CMD 'status'
2024-03-01 19:00:15.814 +00:00 [DBG] >LOG:1709319615,D,MANAGEMENT: CMD 'status'
2024-03-01 19:00:16.343 +00:00 [DBG] >LOG:1709319616,D,MANAGEMENT: CMD 'status'
2024-03-01 19:00:16.848 +00:00 [DBG] >LOG:1709319616,D,MANAGEMENT: CMD 'status'
2024-03-01 19:00:17.360 +00:00 [DBG] >LOG:1709319617,D,MANAGEMENT: CMD 'status'
2024-03-01 19:00:17.864 +00:00 [DBG] >LOG:1709319617,D,MANAGEMENT: CMD 'status'
2024-03-01 19:00:18.373 +00:00 [DBG] >LOG:1709319618,D,MANAGEMENT: CMD 'status'
2024-03-01 19:00:18.895 +00:00 [DBG] >LOG:1709319618,D,MANAGEMENT: CMD 'status'
2024-03-01 19:00:19.431 +00:00 [DBG] >LOG:1709319619,D,MANAGEMENT: CMD 'status'
2024-03-01 19:00:19.940 +00:00 [DBG] >LOG:1709319619,D,MANAGEMENT: CMD 'status'
2024-03-01 19:00:20.462 +00:00 [DBG] >LOG:1709319620,D,MANAGEMENT: CMD 'status'
2024-03-01 19:00:20.974 +00:00 [DBG] >LOG:1709319620,D,MANAGEMENT: CMD 'status'
2024-03-01 19:00:21.482 +00:00 [DBG] >LOG:1709319621,D,MANAGEMENT: CMD 'status'
2024-03-01 19:00:21.991 +00:00 [DBG] >LOG:1709319621,D,MANAGEMENT: CMD 'status'
2024-03-01 19:00:22.503 +00:00 [DBG] >LOG:1709319622,D,MANAGEMENT: CMD 'status'
2024-03-01 19:00:23.011 +00:00 [DBG] >LOG:1709319623,D,MANAGEMENT: CMD 'status'
2024-03-01 19:00:23.523 +00:00 [DBG] >LOG:1709319623,D,MANAGEMENT: CMD 'status'
2024-03-01 19:00:24.033 +00:00 [DBG] >LOG:1709319624,D,MANAGEMENT: CMD 'status'
2024-03-01 19:00:24.543 +00:00 [DBG] >LOG:1709319624,D,MANAGEMENT: CMD 'status'
2024-03-01 19:00:25.050 +00:00 [DBG] >LOG:1709319625,D,MANAGEMENT: CMD 'status'
2024-03-01 19:00:25.560 +00:00 [DBG] >LOG:1709319625,D,MANAGEMENT: CMD 'status'
2024-03-01 19:00:26.080 +00:00 [DBG] >LOG:1709319626,D,MANAGEMENT: CMD 'status'
2024-03-01 19:00:26.592 +00:00 [DBG] >LOG:1709319626,D,MANAGEMENT: CMD 'status'
2024-03-01 19:00:27.120 +00:00 [DBG] >LOG:1709319627,D,MANAGEMENT: CMD 'status'
2024-03-01 19:00:27.654 +00:00 [DBG] >LOG:1709319627,D,MANAGEMENT: CMD 'status'
2024-03-01 19:00:28.161 +00:00 [DBG] >LOG:1709319628,D,MANAGEMENT: CMD 'status'
2024-03-01 19:00:28.673 +00:00 [DBG] >LOG:1709319628,D,MANAGEMENT: CMD 'status'
2024-03-01 19:00:29.183 +00:00 [DBG] >LOG:1709319629,D,MANAGEMENT: CMD 'status'
2024-03-01 19:00:29.745 +00:00 [DBG] >LOG:1709319629,D,MANAGEMENT: CMD 'status'
2024-03-01 19:00:30.249 +00:00 [DBG] >LOG:1709319630,D,MANAGEMENT: CMD 'status'
2024-03-01 19:00:30.766 +00:00 [DBG] >LOG:1709319630,D,MANAGEMENT: CMD 'status'
2024-03-01 19:00:31.288 +00:00 [DBG] >LOG:1709319631,D,MANAGEMENT: CMD 'status'
2024-03-01 19:00:31.817 +00:00 [DBG] >LOG:1709319631,D,MANAGEMENT: CMD 'status'
2024-03-01 19:00:32.322 +00:00 [DBG] >LOG:1709319632,D,MANAGEMENT: CMD 'status'
2024-03-01 19:00:32.832 +00:00 [DBG] >LOG:1709319632,D,MANAGEMENT: CMD 'status'
2024-03-01 19:00:33.340 +00:00 [DBG] >LOG:1709319633,D,MANAGEMENT: CMD 'status'
2024-03-01 19:00:33.846 +00:00 [DBG] >LOG:1709319633,D,MANAGEMENT: CMD 'status'
2024-03-01 19:00:34.353 +00:00 [DBG] >LOG:1709319634,D,MANAGEMENT: CMD 'status'
2024-03-01 19:00:34.858 +00:00 [DBG] >LOG:1709319634,D,MANAGEMENT: CMD 'status'
2024-03-01 19:00:35.369 +00:00 [DBG] >LOG:1709319635,D,MANAGEMENT: CMD 'status'
2024-03-01 19:00:35.876 +00:00 [DBG] >LOG:1709319635,D,MANAGEMENT: CMD 'status'
2024-03-01 19:00:36.383 +00:00 [DBG] >LOG:1709319636,D,MANAGEMENT: CMD 'status'
2024-03-01 19:00:36.889 +00:00 [DBG] >LOG:1709319636,D,MANAGEMENT: CMD 'status'
2024-03-01 19:00:37.408 +00:00 [DBG] >LOG:1709319637,D,MANAGEMENT: CMD 'status'
2024-03-01 19:00:37.915 +00:00 [DBG] >LOG:1709319637,D,MANAGEMENT: CMD 'status'
2024-03-01 19:00:38.431 +00:00 [DBG] >LOG:1709319638,D,MANAGEMENT: CMD 'status'
2024-03-01 19:00:38.940 +00:00 [DBG] >LOG:1709319638,D,MANAGEMENT: CMD 'status'
2024-03-01 19:00:39.459 +00:00 [DBG] >LOG:1709319639,D,MANAGEMENT: CMD 'status'
2024-03-01 19:00:39.965 +00:00 [DBG] >LOG:1709319639,D,MANAGEMENT: CMD 'status'
2024-03-01 19:00:40.469 +00:00 [DBG] >LOG:1709319640,D,MANAGEMENT: CMD 'status'
2024-03-01 19:00:40.976 +00:00 [DBG] >LOG:1709319640,D,MANAGEMENT: CMD 'status'
2024-03-01 19:00:41.489 +00:00 [DBG] >LOG:1709319641,D,MANAGEMENT: CMD 'status'
2024-03-01 19:00:42.013 +00:00 [DBG] >LOG:1709319642,D,MANAGEMENT: CMD 'status'
2024-03-01 19:00:42.528 +00:00 [DBG] >LOG:1709319642,D,MANAGEMENT: CMD 'status'
2024-03-01 19:00:43.050 +00:00 [DBG] >LOG:1709319643,D,MANAGEMENT: CMD 'status'
2024-03-01 19:00:43.554 +00:00 [DBG] >LOG:1709319643,D,MANAGEMENT: CMD 'status'
2024-03-01 19:00:44.062 +00:00 [DBG] >LOG:1709319644,D,MANAGEMENT: CMD 'status'
2024-03-01 19:00:44.567 +00:00 [DBG] >LOG:1709319644,D,MANAGEMENT: CMD 'status'
2024-03-01 19:00:45.076 +00:00 [DBG] >LOG:1709319645,D,MANAGEMENT: CMD 'status'
2024-03-01 19:00:45.580 +00:00 [DBG] >LOG:1709319645,D,MANAGEMENT: CMD 'status'
2024-03-01 19:00:46.096 +00:00 [DBG] >LOG:1709319646,D,MANAGEMENT: CMD 'status'
2024-03-01 19:00:46.626 +00:00 [DBG] >LOG:1709319646,D,MANAGEMENT: CMD 'status'
2024-03-01 19:00:47.135 +00:00 [DBG] >LOG:1709319647,D,MANAGEMENT: CMD 'status'
2024-03-01 19:00:47.643 +00:00 [DBG] >LOG:1709319647,D,MANAGEMENT: CMD 'status'
2024-03-01 19:00:48.152 +00:00 [DBG] >LOG:1709319648,D,MANAGEMENT: CMD 'status'
2024-03-01 19:00:48.661 +00:00 [DBG] >LOG:1709319648,D,MANAGEMENT: CMD 'status'
2024-03-01 19:00:49.170 +00:00 [DBG] >LOG:1709319649,D,MANAGEMENT: CMD 'status'
2024-03-01 19:00:49.676 +00:00 [DBG] >LOG:1709319649,D,MANAGEMENT: CMD 'status'
2024-03-01 19:00:50.187 +00:00 [DBG] >LOG:1709319650,D,MANAGEMENT: CMD 'status'
2024-03-01 19:00:50.697 +00:00 [DBG] >LOG:1709319650,D,MANAGEMENT: CMD 'status'
2024-03-01 19:00:51.210 +00:00 [DBG] >LOG:1709319651,D,MANAGEMENT: CMD 'status'
2024-03-01 19:00:51.722 +00:00 [DBG] >LOG:1709319651,D,MANAGEMENT: CMD 'status'
2024-03-01 19:00:52.234 +00:00 [DBG] >LOG:1709319652,D,MANAGEMENT: CMD 'status'
2024-03-01 19:00:52.741 +00:00 [DBG] >LOG:1709319652,D,MANAGEMENT: CMD 'status'
2024-03-01 19:00:53.266 +00:00 [DBG] >LOG:1709319653,D,MANAGEMENT: CMD 'status'
2024-03-01 19:00:53.773 +00:00 [DBG] >LOG:1709319653,D,MANAGEMENT: CMD 'status'
2024-03-01 19:00:54.283 +00:00 [DBG] >LOG:1709319654,D,MANAGEMENT: CMD 'status'
2024-03-01 19:00:54.789 +00:00 [DBG] >LOG:1709319654,D,MANAGEMENT: CMD 'status'
2024-03-01 19:00:55.298 +00:00 [DBG] >LOG:1709319655,D,MANAGEMENT: CMD 'status'
2024-03-01 19:00:55.810 +00:00 [DBG] >LOG:1709319655,D,MANAGEMENT: CMD 'status'
2024-03-01 19:00:56.320 +00:00 [DBG] >LOG:1709319656,D,MANAGEMENT: CMD 'status'
2024-03-01 19:00:56.837 +00:00 [DBG] >LOG:1709319656,D,MANAGEMENT: CMD 'status'
2024-03-01 19:00:57.357 +00:00 [DBG] >LOG:1709319657,D,MANAGEMENT: CMD 'status'
2024-03-01 19:00:57.867 +00:00 [DBG] >LOG:1709319657,D,MANAGEMENT: CMD 'status'
2024-03-01 19:00:58.399 +00:00 [DBG] >LOG:1709319658,D,MANAGEMENT: CMD 'status'
2024-03-01 19:00:58.914 +00:00 [DBG] >LOG:1709319658,D,MANAGEMENT: CMD 'status'
2024-03-01 19:00:59.422 +00:00 [DBG] >LOG:1709319659,D,MANAGEMENT: CMD 'status'
2024-03-01 19:00:59.934 +00:00 [DBG] >LOG:1709319659,D,MANAGEMENT: CMD 'status'
2024-03-01 19:01:00.453 +00:00 [DBG] >LOG:1709319660,D,MANAGEMENT: CMD 'status'
2024-03-01 19:01:00.975 +00:00 [DBG] >LOG:1709319660,D,MANAGEMENT: CMD 'status'
2024-03-01 19:01:01.501 +00:00 [DBG] >LOG:1709319661,D,MANAGEMENT: CMD 'status'
2024-03-01 19:01:02.025 +00:00 [DBG] >LOG:1709319662,D,MANAGEMENT: CMD 'status'
2024-03-01 19:01:02.548 +00:00 [DBG] >LOG:1709319662,D,MANAGEMENT: CMD 'status'
2024-03-01 19:01:03.066 +00:00 [DBG] >LOG:1709319663,D,MANAGEMENT: CMD 'status'
2024-03-01 19:01:03.575 +00:00 [DBG] >LOG:1709319663,D,MANAGEMENT: CMD 'status'
2024-03-01 19:01:04.086 +00:00 [DBG] >LOG:1709319664,D,MANAGEMENT: CMD 'status'
2024-03-01 19:01:04.596 +00:00 [DBG] >LOG:1709319664,D,MANAGEMENT: CMD 'status'
2024-03-01 19:01:05.136 +00:00 [DBG] >LOG:1709319665,D,MANAGEMENT: CMD 'status'
2024-03-01 19:01:05.642 +00:00 [DBG] >LOG:1709319665,D,MANAGEMENT: CMD 'status'
2024-03-01 19:01:06.148 +00:00 [DBG] >LOG:1709319666,D,MANAGEMENT: CMD 'status'
2024-03-01 19:01:06.655 +00:00 [DBG] >LOG:1709319666,D,MANAGEMENT: CMD 'status'
2024-03-01 19:01:07.162 +00:00 [DBG] >LOG:1709319667,D,MANAGEMENT: CMD 'status'
2024-03-01 19:01:07.672 +00:00 [DBG] >LOG:1709319667,D,MANAGEMENT: CMD 'status'
2024-03-01 19:01:08.186 +00:00 [DBG] >LOG:1709319668,D,MANAGEMENT: CMD 'status'
2024-03-01 19:01:08.696 +00:00 [DBG] >LOG:1709319668,D,MANAGEMENT: CMD 'status'
2024-03-01 19:01:09.206 +00:00 [DBG] >LOG:1709319669,D,MANAGEMENT: CMD 'status'
2024-03-01 19:01:09.725 +00:00 [DBG] >LOG:1709319669,D,MANAGEMENT: CMD 'status'
2024-03-01 19:01:10.254 +00:00 [DBG] >LOG:1709319670,D,MANAGEMENT: CMD 'status'
2024-03-01 19:01:10.759 +00:00 [DBG] >LOG:1709319670,D,MANAGEMENT: CMD 'status'
2024-03-01 19:01:11.268 +00:00 [DBG] >LOG:1709319671,D,MANAGEMENT: CMD 'status'
2024-03-01 19:01:11.779 +00:00 [DBG] >LOG:1709319671,D,MANAGEMENT: CMD 'status'
2024-03-01 19:01:12.309 +00:00 [DBG] >LOG:1709319672,D,MANAGEMENT: CMD 'status'
2024-03-01 19:01:12.815 +00:00 [DBG] >LOG:1709319672,D,MANAGEMENT: CMD 'status'
2024-03-01 19:01:13.321 +00:00 [DBG] >LOG:1709319673,D,MANAGEMENT: CMD 'status'
2024-03-01 19:01:13.829 +00:00 [DBG] >LOG:1709319673,D,MANAGEMENT: CMD 'status'
2024-03-01 19:01:14.345 +00:00 [DBG] >LOG:1709319674,D,MANAGEMENT: CMD 'status'
2024-03-01 19:01:14.853 +00:00 [DBG] >LOG:1709319674,D,MANAGEMENT: CMD 'status'
2024-03-01 19:01:15.363 +00:00 [DBG] >LOG:1709319675,D,MANAGEMENT: CMD 'status'
2024-03-01 19:01:15.874 +00:00 [DBG] >LOG:1709319675,D,MANAGEMENT: CMD 'status'
2024-03-01 19:01:16.386 +00:00 [DBG] >LOG:1709319676,D,MANAGEMENT: CMD 'status'
2024-03-01 19:01:16.901 +00:00 [DBG] >LOG:1709319676,D,MANAGEMENT: CMD 'status'
2024-03-01 19:01:17.408 +00:00 [DBG] >LOG:1709319677,D,MANAGEMENT: CMD 'status'
2024-03-01 19:01:17.914 +00:00 [DBG] >LOG:1709319677,D,MANAGEMENT: CMD 'status'
2024-03-01 19:01:18.421 +00:00 [DBG] >LOG:1709319678,D,MANAGEMENT: CMD 'status'
2024-03-01 19:01:18.925 +00:00 [DBG] >LOG:1709319678,D,MANAGEMENT: CMD 'status'
2024-03-01 19:01:19.431 +00:00 [DBG] >LOG:1709319679,D,MANAGEMENT: CMD 'status'
2024-03-01 19:01:19.937 +00:00 [DBG] >LOG:1709319679,D,MANAGEMENT: CMD 'status'
2024-03-01 19:01:20.446 +00:00 [DBG] >LOG:1709319680,D,MANAGEMENT: CMD 'status'
2024-03-01 19:01:20.951 +00:00 [DBG] >LOG:1709319680,D,MANAGEMENT: CMD 'status'
2024-03-01 19:01:21.462 +00:00 [DBG] >LOG:1709319681,D,MANAGEMENT: CMD 'status'
2024-03-01 19:01:21.970 +00:00 [DBG] >LOG:1709319681,D,MANAGEMENT: CMD 'status'
2024-03-01 19:01:22.475 +00:00 [DBG] >LOG:1709319682,D,MANAGEMENT: CMD 'status'
2024-03-01 19:01:22.992 +00:00 [DBG] >LOG:1709319682,D,MANAGEMENT: CMD 'status'
2024-03-01 19:01:23.504 +00:00 [DBG] >LOG:1709319683,D,MANAGEMENT: CMD 'status'
2024-03-01 19:01:24.015 +00:00 [DBG] >LOG:1709319684,D,MANAGEMENT: CMD 'status'
2024-03-01 19:01:24.522 +00:00 [DBG] >LOG:1709319684,D,MANAGEMENT: CMD 'status'
2024-03-01 19:01:25.031 +00:00 [DBG] >LOG:1709319685,D,MANAGEMENT: CMD 'status'
2024-03-01 19:01:25.570 +00:00 [DBG] >LOG:1709319685,D,MANAGEMENT: CMD 'status'
2024-03-01 19:01:26.084 +00:00 [DBG] >LOG:1709319686,D,MANAGEMENT: CMD 'status'
2024-03-01 19:01:26.596 +00:00 [DBG] >LOG:1709319686,D,MANAGEMENT: CMD 'status'
2024-03-01 19:01:27.117 +00:00 [DBG] >LOG:1709319687,D,MANAGEMENT: CMD 'status'
2024-03-01 19:01:27.627 +00:00 [DBG] >LOG:1709319687,D,MANAGEMENT: CMD 'status'
2024-03-01 19:01:28.151 +00:00 [DBG] >LOG:1709319688,D,MANAGEMENT: CMD 'status'
2024-03-01 19:01:28.665 +00:00 [DBG] >LOG:1709319688,D,MANAGEMENT: CMD 'status'
2024-03-01 19:01:29.169 +00:00 [DBG] >LOG:1709319689,D,MANAGEMENT: CMD 'status'
2024-03-01 19:01:29.678 +00:00 [DBG] >LOG:1709319689,D,MANAGEMENT: CMD 'status'
2024-03-01 19:01:30.185 +00:00 [DBG] >LOG:1709319690,D,MANAGEMENT: CMD 'status'
2024-03-01 19:01:30.692 +00:00 [DBG] >LOG:1709319690,D,MANAGEMENT: CMD 'status'
2024-03-01 19:01:31.197 +00:00 [DBG] >LOG:1709319691,D,MANAGEMENT: CMD 'status'
2024-03-01 19:01:31.706 +00:00 [DBG] >LOG:1709319691,D,MANAGEMENT: CMD 'status'
2024-03-01 19:01:32.216 +00:00 [DBG] >LOG:1709319692,D,MANAGEMENT: CMD 'status'
2024-03-01 19:01:32.725 +00:00 [DBG] >LOG:1709319692,D,MANAGEMENT: CMD 'status'
2024-03-01 19:01:33.237 +00:00 [DBG] >LOG:1709319693,D,MANAGEMENT: CMD 'status'
2024-03-01 19:01:33.745 +00:00 [DBG] >LOG:1709319693,D,MANAGEMENT: CMD 'status'
2024-03-01 19:01:34.262 +00:00 [DBG] >LOG:1709319694,D,MANAGEMENT: CMD 'status'
2024-03-01 19:01:34.768 +00:00 [DBG] >LOG:1709319694,D,MANAGEMENT: CMD 'status'
2024-03-01 19:01:35.279 +00:00 [DBG] >LOG:1709319695,D,MANAGEMENT: CMD 'status'
2024-03-01 19:01:35.788 +00:00 [DBG] >LOG:1709319695,D,MANAGEMENT: CMD 'status'
2024-03-01 19:01:36.297 +00:00 [DBG] >LOG:1709319696,D,MANAGEMENT: CMD 'status'
2024-03-01 19:01:36.810 +00:00 [DBG] >LOG:1709319696,D,MANAGEMENT: CMD 'status'
2024-03-01 19:01:37.318 +00:00 [DBG] >LOG:1709319697,D,MANAGEMENT: CMD 'status'
2024-03-01 19:01:37.827 +00:00 [DBG] >LOG:1709319697,D,MANAGEMENT: CMD 'status'
2024-03-01 19:01:38.340 +00:00 [DBG] >LOG:1709319698,D,MANAGEMENT: CMD 'status'
2024-03-01 19:01:38.848 +00:00 [DBG] >LOG:1709319698,D,MANAGEMENT: CMD 'status'
2024-03-01 19:01:39.359 +00:00 [DBG] >LOG:1709319699,D,MANAGEMENT: CMD 'status'
2024-03-01 19:01:39.867 +00:00 [DBG] >LOG:1709319699,D,MANAGEMENT: CMD 'status'
2024-03-01 19:01:40.375 +00:00 [DBG] >LOG:1709319700,D,MANAGEMENT: CMD 'status'
2024-03-01 19:01:40.881 +00:00 [DBG] >LOG:1709319700,D,MANAGEMENT: CMD 'status'
2024-03-01 19:01:41.392 +00:00 [DBG] >LOG:1709319701,D,MANAGEMENT: CMD 'status'
2024-03-01 19:01:41.900 +00:00 [DBG] >LOG:1709319701,D,MANAGEMENT: CMD 'status'
2024-03-01 19:01:42.406 +00:00 [DBG] >LOG:1709319702,D,MANAGEMENT: CMD 'status'
2024-03-01 19:01:42.912 +00:00 [DBG] >LOG:1709319702,D,MANAGEMENT: CMD 'status'
2024-03-01 19:01:43.422 +00:00 [DBG] >LOG:1709319703,D,MANAGEMENT: CMD 'status'
2024-03-01 19:01:43.932 +00:00 [DBG] >LOG:1709319703,D,MANAGEMENT: CMD 'status'
2024-03-01 19:01:44.437 +00:00 [DBG] >LOG:1709319704,D,MANAGEMENT: CMD 'status'
2024-03-01 19:01:44.943 +00:00 [DBG] >LOG:1709319704,D,MANAGEMENT: CMD 'status'
2024-03-01 19:01:45.456 +00:00 [DBG] >LOG:1709319705,D,MANAGEMENT: CMD 'status'
2024-03-01 19:01:45.966 +00:00 [DBG] >LOG:1709319705,D,MANAGEMENT: CMD 'status'
2024-03-01 19:01:46.476 +00:00 [DBG] >LOG:1709319706,D,MANAGEMENT: CMD 'status'
2024-03-01 19:01:47.007 +00:00 [DBG] >LOG:1709319706,D,MANAGEMENT: CMD 'status'
2024-03-01 19:01:47.541 +00:00 [DBG] >LOG:1709319707,D,MANAGEMENT: CMD 'status'
2024-03-01 19:01:48.056 +00:00 [DBG] >LOG:1709319708,D,MANAGEMENT: CMD 'status'
2024-03-01 19:01:48.563 +00:00 [DBG] >LOG:1709319708,D,MANAGEMENT: CMD 'status'
2024-03-01 19:01:49.067 +00:00 [DBG] >LOG:1709319709,D,MANAGEMENT: CMD 'status'
2024-03-01 19:01:49.748 +00:00 [DBG] >LOG:1709319709,D,MANAGEMENT: CMD 'status'
2024-03-01 19:01:53.777 +00:00 [DBG] >LOG:1709319711,D,MANAGEMENT: CMD 'status'
2024-03-01 19:01:53.997 +00:00 [DBG] >LOG:1709319713,D,MANAGEMENT: CMD 'status'
2024-03-01 19:01:54.854 +00:00 [DBG] >LOG:1709319714,D,MANAGEMENT: CMD 'status'
2024-03-01 19:01:55.397 +00:00 [DBG] >LOG:1709319715,D,MANAGEMENT: CMD 'status'
2024-03-01 19:01:55.910 +00:00 [DBG] >LOG:1709319715,D,MANAGEMENT: CMD 'status'
2024-03-01 19:01:56.468 +00:00 [DBG] >LOG:1709319716,D,MANAGEMENT: CMD 'status'
2024-03-01 19:01:57.112 +00:00 [DBG] >LOG:1709319717,D,MANAGEMENT: CMD 'status'
2024-03-01 19:01:57.627 +00:00 [DBG] >LOG:1709319717,D,MANAGEMENT: CMD 'status'
2024-03-01 19:01:58.199 +00:00 [DBG] >LOG:1709319718,D,MANAGEMENT: CMD 'status'
2024-03-01 19:01:58.825 +00:00 [DBG] >LOG:1709319718,D,MANAGEMENT: CMD 'status'
2024-03-01 19:01:59.574 +00:00 [DBG] >LOG:1709319719,D,MANAGEMENT: CMD 'status'
2024-03-01 19:02:04.582 +00:00 [DBG] >LOG:1709319720,D,MANAGEMENT: CMD 'status'
2024-03-01 19:02:08.001 +00:00 [DBG] >LOG:1709319726,D,MANAGEMENT: CMD 'status'
2024-03-01 19:02:26.337 +00:00 [DBG] >LOG:1709319729,D,MANAGEMENT: CMD 'status'
2024-03-01 19:02:26.720 +00:00 [DBG] >LOG:1709319743,D,MANAGEMENT: CMD 'status'
2024-03-01 19:02:26.814 +00:00 [DBG] >LOG:1709319746,D,MANAGEMENT: CMD 'status'
2024-03-01 19:02:27.402 +00:00 [DBG] >LOG:1709319747,D,MANAGEMENT: CMD 'status'
2024-03-01 19:02:28.725 +00:00 [DBG] >LOG:1709319748,D,MANAGEMENT: CMD 'status'
2024-03-01 19:02:31.890 +00:00 [DBG] >LOG:1709319749,D,MANAGEMENT: CMD 'status'
2024-03-01 19:02:37.285 +00:00 [DBG] >LOG:1709319757,D,MANAGEMENT: CMD 'status'
2024-03-01 19:02:37.883 +00:00 [DBG] >LOG:1709319757,D,MANAGEMENT: CMD 'status'
2024-03-01 19:02:38.657 +00:00 [DBG] >LOG:1709319758,D,MANAGEMENT: CMD 'status'
2024-03-01 19:02:39.183 +00:00 [DBG] >LOG:1709319759,D,MANAGEMENT: CMD 'status'
2024-03-01 19:02:40.785 +00:00 [DBG] >LOG:1709319760,D,MANAGEMENT: CMD 'status'
2024-03-01 19:02:43.607 +00:00 [DBG] >LOG:1709319763,D,MANAGEMENT: CMD 'status'
2024-03-01 19:02:45.467 +00:00 [DBG] >LOG:1709319764,D,MANAGEMENT: CMD 'status'
2024-03-01 19:02:48.268 +00:00 [DBG] >LOG:1709319767,D,MANAGEMENT: CMD 'status'
2024-03-01 19:02:49.052 +00:00 [DBG] >LOG:1709319769,D,MANAGEMENT: CMD 'status'
2024-03-01 19:03:06.784 +00:00 [DBG] >LOG:1709319770,D,MANAGEMENT: CMD 'status'
2024-03-01 19:03:24.519 +00:00 [DBG] >LOG:1709319785,D,MANAGEMENT: CMD 'status'
2024-03-01 19:03:26.409 +00:00 [DBG] >LOG:1709319790,D,MANAGEMENT: CMD 'status'
2024-03-01 19:03:31.646 +00:00 [DBG] >LOG:1709319802,D,MANAGEMENT: CMD 'status'
2024-03-01 19:03:31.799 +00:00 [DBG] >LOG:1709319806,D,MANAGEMENT: CMD 'status'
2024-03-01 19:03:43.137 +00:00 [DBG] >LOG:1709319811,D,MANAGEMENT: CMD 'status'
2024-03-01 19:03:43.220 +00:00 [DBG] >LOG:1709319815,D,MANAGEMENT: CMD 'status'
2024-03-01 19:03:43.291 +00:00 [DBG] >LOG:1709319823,D,MANAGEMENT: CMD 'status'
2024-03-01 19:03:43.692 +00:00 [DBG] >LOG:1709319823,D,MANAGEMENT: CMD 'status'
2024-03-01 19:03:44.201 +00:00 [DBG] >LOG:1709319824,D,MANAGEMENT: CMD 'status'
2024-03-01 19:03:44.708 +00:00 [DBG] >LOG:1709319824,D,MANAGEMENT: CMD 'status'
2024-03-01 19:03:45.212 +00:00 [DBG] >LOG:1709319825,D,MANAGEMENT: CMD 'status'
2024-03-01 19:03:45.717 +00:00 [DBG] >LOG:1709319825,D,MANAGEMENT: CMD 'status'
2024-03-01 19:03:46.222 +00:00 [DBG] >LOG:1709319826,D,MANAGEMENT: CMD 'status'
2024-03-01 19:03:46.726 +00:00 [DBG] >LOG:1709319826,D,MANAGEMENT: CMD 'status'
2024-03-01 19:03:47.287 +00:00 [DBG] >LOG:1709319827,D,MANAGEMENT: CMD 'status'
2024-03-01 19:03:47.798 +00:00 [DBG] >LOG:1709319827,D,MANAGEMENT: CMD 'status'
2024-03-01 19:03:48.358 +00:00 [DBG] >LOG:1709319828,D,MANAGEMENT: CMD 'status'
2024-03-01 19:03:48.871 +00:00 [DBG] >LOG:1709319828,D,MANAGEMENT: CMD 'status'
2024-03-01 19:03:49.385 +00:00 [DBG] >LOG:1709319829,D,MANAGEMENT: CMD 'status'
2024-03-01 19:03:49.905 +00:00 [DBG] >LOG:1709319829,D,MANAGEMENT: CMD 'status'
2024-03-01 19:03:50.428 +00:00 [DBG] >LOG:1709319830,D,MANAGEMENT: CMD 'status'
2024-03-01 19:03:50.967 +00:00 [DBG] >LOG:1709319830,D,MANAGEMENT: CMD 'status'
2024-03-01 19:03:51.476 +00:00 [DBG] >LOG:1709319831,D,MANAGEMENT: CMD 'status'
2024-03-01 19:03:51.989 +00:00 [DBG] >LOG:1709319831,D,MANAGEMENT: CMD 'status'
2024-03-01 19:03:52.494 +00:00 [DBG] >LOG:1709319832,D,MANAGEMENT: CMD 'status'
2024-03-01 19:03:53.002 +00:00 [DBG] >LOG:1709319832,D,MANAGEMENT: CMD 'status'
2024-03-01 19:03:53.517 +00:00 [DBG] >LOG:1709319833,D,MANAGEMENT: CMD 'status'
2024-03-01 19:03:54.026 +00:00 [DBG] >LOG:1709319834,D,MANAGEMENT: CMD 'status'
2024-03-01 19:03:54.540 +00:00 [DBG] >LOG:1709319834,D,MANAGEMENT: CMD 'status'
2024-03-01 19:03:55.050 +00:00 [DBG] >LOG:1709319835,D,MANAGEMENT: CMD 'status'
2024-03-01 19:03:55.557 +00:00 [DBG] >LOG:1709319835,D,MANAGEMENT: CMD 'status'
2024-03-01 19:03:56.068 +00:00 [DBG] >LOG:1709319836,D,MANAGEMENT: CMD 'status'
2024-03-01 19:03:56.577 +00:00 [DBG] >LOG:1709319836,D,MANAGEMENT: CMD 'status'
2024-03-01 19:03:57.085 +00:00 [DBG] >LOG:1709319837,D,MANAGEMENT: CMD 'status'
2024-03-01 19:03:57.600 +00:00 [DBG] >LOG:1709319837,D,MANAGEMENT: CMD 'status'
2024-03-01 19:03:58.109 +00:00 [DBG] >LOG:1709319838,D,MANAGEMENT: CMD 'status'
2024-03-01 19:03:58.618 +00:00 [DBG] >LOG:1709319838,D,MANAGEMENT: CMD 'status'
2024-03-01 19:03:59.129 +00:00 [DBG] >LOG:1709319839,D,MANAGEMENT: CMD 'status'
2024-03-01 19:03:59.641 +00:00 [DBG] >LOG:1709319839,D,MANAGEMENT: CMD 'status'
2024-03-01 19:04:00.150 +00:00 [DBG] >LOG:1709319840,D,MANAGEMENT: CMD 'status'
2024-03-01 19:04:00.660 +00:00 [DBG] >LOG:1709319840,D,MANAGEMENT: CMD 'status'
2024-03-01 19:04:01.167 +00:00 [DBG] >LOG:1709319841,D,MANAGEMENT: CMD 'status'
2024-03-01 19:04:01.678 +00:00 [DBG] >LOG:1709319841,D,MANAGEMENT: CMD 'status'
2024-03-01 19:04:02.189 +00:00 [DBG] >LOG:1709319842,D,MANAGEMENT: CMD 'status'
2024-03-01 19:04:02.699 +00:00 [DBG] >LOG:1709319842,D,MANAGEMENT: CMD 'status'
2024-03-01 19:04:03.213 +00:00 [DBG] >LOG:1709319843,D,MANAGEMENT: CMD 'status'
2024-03-01 19:04:03.726 +00:00 [DBG] >LOG:1709319843,D,MANAGEMENT: CMD 'status'
2024-03-01 19:04:04.241 +00:00 [DBG] >LOG:1709319844,D,MANAGEMENT: CMD 'status'
2024-03-01 19:04:04.752 +00:00 [DBG] >LOG:1709319844,D,MANAGEMENT: CMD 'status'
2024-03-01 19:04:05.275 +00:00 [DBG] >LOG:1709319845,D,MANAGEMENT: CMD 'status'
2024-03-01 19:04:05.785 +00:00 [DBG] >LOG:1709319845,D,MANAGEMENT: CMD 'status'
2024-03-01 19:04:06.294 +00:00 [DBG] >LOG:1709319846,D,MANAGEMENT: CMD 'status'
2024-03-01 19:04:06.806 +00:00 [DBG] >LOG:1709319846,D,MANAGEMENT: CMD 'status'
2024-03-01 19:04:07.318 +00:00 [DBG] >LOG:1709319847,D,MANAGEMENT: CMD 'status'
2024-03-01 19:04:07.832 +00:00 [DBG] >LOG:1709319847,D,MANAGEMENT: CMD 'status'
2024-03-01 19:04:08.344 +00:00 [DBG] >LOG:1709319848,D,MANAGEMENT: CMD 'status'
2024-03-01 19:04:08.865 +00:00 [DBG] >LOG:1709319848,D,MANAGEMENT: CMD 'status'
2024-03-01 19:04:09.388 +00:00 [DBG] >LOG:1709319849,D,MANAGEMENT: CMD 'status'
2024-03-01 19:04:09.894 +00:00 [DBG] >LOG:1709319849,D,MANAGEMENT: CMD 'status'
2024-03-01 19:04:10.404 +00:00 [DBG] >LOG:1709319850,D,MANAGEMENT: CMD 'status'
2024-03-01 19:04:10.912 +00:00 [DBG] >LOG:1709319850,D,MANAGEMENT: CMD 'status'
2024-03-01 19:04:11.419 +00:00 [DBG] >LOG:1709319851,D,MANAGEMENT: CMD 'status'
2024-03-01 19:04:11.937 +00:00 [DBG] >LOG:1709319851,D,MANAGEMENT: CMD 'status'
2024-03-01 19:04:12.449 +00:00 [DBG] >LOG:1709319852,D,MANAGEMENT: CMD 'status'
2024-03-01 19:04:12.954 +00:00 [DBG] >LOG:1709319852,D,MANAGEMENT: CMD 'status'
2024-03-01 19:04:13.460 +00:00 [DBG] >LOG:1709319853,D,MANAGEMENT: CMD 'status'
2024-03-01 19:04:13.969 +00:00 [DBG] >LOG:1709319853,D,MANAGEMENT: CMD 'status'
2024-03-01 19:04:14.485 +00:00 [DBG] >LOG:1709319854,D,MANAGEMENT: CMD 'status'
2024-03-01 19:04:14.992 +00:00 [DBG] >LOG:1709319854,D,MANAGEMENT: CMD 'status'
2024-03-01 19:04:15.501 +00:00 [DBG] >LOG:1709319855,D,MANAGEMENT: CMD 'status'
2024-03-01 19:04:16.009 +00:00 [DBG] >LOG:1709319856,D,MANAGEMENT: CMD 'status'
2024-03-01 19:04:16.517 +00:00 [DBG] >LOG:1709319856,D,MANAGEMENT: CMD 'status'
2024-03-01 19:04:17.025 +00:00 [DBG] >LOG:1709319857,D,MANAGEMENT: CMD 'status'
2024-03-01 19:04:17.533 +00:00 [DBG] >LOG:1709319857,D,MANAGEMENT: CMD 'status'
2024-03-01 19:04:18.041 +00:00 [DBG] >LOG:1709319858,D,MANAGEMENT: CMD 'status'
2024-03-01 19:04:18.552 +00:00 [DBG] >LOG:1709319858,D,MANAGEMENT: CMD 'status'
2024-03-01 19:04:19.082 +00:00 [DBG] >LOG:1709319859,D,MANAGEMENT: CMD 'status'
2024-03-01 19:04:19.587 +00:00 [DBG] >LOG:1709319859,D,MANAGEMENT: CMD 'status'
2024-03-01 19:04:20.096 +00:00 [DBG] >LOG:1709319860,D,MANAGEMENT: CMD 'status'
2024-03-01 19:04:20.610 +00:00 [DBG] >LOG:1709319860,D,MANAGEMENT: CMD 'status'
2024-03-01 19:04:21.119 +00:00 [DBG] >LOG:1709319861,D,MANAGEMENT: CMD 'status'
2024-03-01 19:04:21.627 +00:00 [DBG] >LOG:1709319861,D,MANAGEMENT: CMD 'status'
2024-03-01 19:04:22.143 +00:00 [DBG] >LOG:1709319862,D,MANAGEMENT: CMD 'status'
2024-03-01 19:04:22.657 +00:00 [DBG] >LOG:1709319862,D,MANAGEMENT: CMD 'status'
2024-03-01 19:04:23.163 +00:00 [DBG] >LOG:1709319863,D,MANAGEMENT: CMD 'status'
2024-03-01 19:04:23.672 +00:00 [DBG] >LOG:1709319863,D,MANAGEMENT: CMD 'status'
2024-03-01 19:04:24.185 +00:00 [DBG] >LOG:1709319864,D,MANAGEMENT: CMD 'status'
2024-03-01 19:04:24.695 +00:00 [DBG] >LOG:1709319864,D,MANAGEMENT: CMD 'status'
2024-03-01 19:04:25.206 +00:00 [DBG] >LOG:1709319865,D,MANAGEMENT: CMD 'status'
2024-03-01 19:04:25.716 +00:00 [DBG] >LOG:1709319865,D,MANAGEMENT: CMD 'status'
2024-03-01 19:04:26.242 +00:00 [DBG] >LOG:1709319866,D,MANAGEMENT: CMD 'status'
2024-03-01 19:04:26.751 +00:00 [DBG] >LOG:1709319866,D,MANAGEMENT: CMD 'status'
2024-03-01 19:04:27.269 +00:00 [DBG] >LOG:1709319867,D,MANAGEMENT: CMD 'status'
2024-03-01 19:04:27.788 +00:00 [DBG] >LOG:1709319867,D,MANAGEMENT: CMD 'status'
2024-03-01 19:04:28.294 +00:00 [DBG] >LOG:1709319868,D,MANAGEMENT: CMD 'status'
2024-03-01 19:04:28.807 +00:00 [DBG] >LOG:1709319868,D,MANAGEMENT: CMD 'status'
2024-03-01 19:04:29.319 +00:00 [DBG] >LOG:1709319869,D,MANAGEMENT: CMD 'status'
2024-03-01 19:04:29.847 +00:00 [DBG] >LOG:1709319869,D,MANAGEMENT: CMD 'status'
2024-03-01 19:04:30.360 +00:00 [DBG] >LOG:1709319870,D,MANAGEMENT: CMD 'status'
2024-03-01 19:04:30.870 +00:00 [DBG] >LOG:1709319870,D,MANAGEMENT: CMD 'status'
2024-03-01 19:04:31.407 +00:00 [DBG] >LOG:1709319871,D,MANAGEMENT: CMD 'status'
2024-03-01 19:04:31.918 +00:00 [DBG] >LOG:1709319871,D,MANAGEMENT: CMD 'status'
2024-03-01 19:04:32.432 +00:00 [DBG] >LOG:1709319872,D,MANAGEMENT: CMD 'status'
2024-03-01 19:04:32.952 +00:00 [DBG] >LOG:1709319872,D,MANAGEMENT: CMD 'status'
2024-03-01 19:04:33.463 +00:00 [DBG] >LOG:1709319873,D,MANAGEMENT: CMD 'status'
2024-03-01 19:04:33.970 +00:00 [DBG] >LOG:1709319873,D,MANAGEMENT: CMD 'status'
2024-03-01 19:04:34.478 +00:00 [DBG] >LOG:1709319874,D,MANAGEMENT: CMD 'status'
2024-03-01 19:04:34.989 +00:00 [DBG] >LOG:1709319874,D,MANAGEMENT: CMD 'status'
2024-03-01 19:04:35.500 +00:00 [DBG] >LOG:1709319875,D,MANAGEMENT: CMD 'status'
2024-03-01 19:04:36.013 +00:00 [DBG] >LOG:1709319876,D,MANAGEMENT: CMD 'status'
2024-03-01 19:04:36.522 +00:00 [DBG] >LOG:1709319876,D,MANAGEMENT: CMD 'status'
2024-03-01 19:04:37.031 +00:00 [DBG] >LOG:1709319877,D,MANAGEMENT: CMD 'status'
2024-03-01 19:04:37.538 +00:00 [DBG] >LOG:1709319877,D,MANAGEMENT: CMD 'status'
2024-03-01 19:04:38.048 +00:00 [DBG] >LOG:1709319878,D,MANAGEMENT: CMD 'status'
2024-03-01 19:04:38.555 +00:00 [DBG] >LOG:1709319878,D,MANAGEMENT: CMD 'status'
2024-03-01 19:04:39.074 +00:00 [DBG] >LOG:1709319879,D,MANAGEMENT: CMD 'status'
2024-03-01 19:04:39.590 +00:00 [DBG] >LOG:1709319879,D,MANAGEMENT: CMD 'status'
2024-03-01 19:04:40.109 +00:00 [DBG] >LOG:1709319880,D,MANAGEMENT: CMD 'status'
2024-03-01 19:04:40.622 +00:00 [DBG] >LOG:1709319880,D,MANAGEMENT: CMD 'status'
2024-03-01 19:04:41.130 +00:00 [DBG] >LOG:1709319881,D,MANAGEMENT: CMD 'status'
2024-03-01 19:04:41.636 +00:00 [DBG] >LOG:1709319881,D,MANAGEMENT: CMD 'status'
2024-03-01 19:04:42.146 +00:00 [DBG] >LOG:1709319882,D,MANAGEMENT: CMD 'status'
2024-03-01 19:04:42.660 +00:00 [DBG] >LOG:1709319882,D,MANAGEMENT: CMD 'status'
2024-03-01 19:04:43.192 +00:00 [DBG] >LOG:1709319883,D,MANAGEMENT: CMD 'status'
2024-03-01 19:04:43.715 +00:00 [DBG] >LOG:1709319883,D,MANAGEMENT: CMD 'status'
2024-03-01 19:04:44.224 +00:00 [DBG] >LOG:1709319884,D,MANAGEMENT: CMD 'status'
2024-03-01 19:04:44.732 +00:00 [DBG] >LOG:1709319884,D,MANAGEMENT: CMD 'status'
2024-03-01 19:04:45.292 +00:00 [DBG] >LOG:1709319885,D,MANAGEMENT: CMD 'status'
2024-03-01 19:04:45.801 +00:00 [DBG] >LOG:1709319885,D,MANAGEMENT: CMD 'status'
2024-03-01 19:04:46.309 +00:00 [DBG] >LOG:1709319886,D,MANAGEMENT: CMD 'status'
2024-03-01 19:04:46.812 +00:00 [DBG] >LOG:1709319886,D,MANAGEMENT: CMD 'status'
2024-03-01 19:04:47.319 +00:00 [DBG] >LOG:1709319887,D,MANAGEMENT: CMD 'status'
2024-03-01 19:04:47.825 +00:00 [DBG] >LOG:1709319887,D,MANAGEMENT: CMD 'status'
2024-03-01 19:04:48.334 +00:00 [DBG] >LOG:1709319888,D,MANAGEMENT: CMD 'status'
2024-03-01 19:04:48.847 +00:00 [DBG] >LOG:1709319888,D,MANAGEMENT: CMD 'status'
2024-03-01 19:04:49.359 +00:00 [DBG] >LOG:1709319889,D,MANAGEMENT: CMD 'status'
2024-03-01 19:04:49.893 +00:00 [DBG] >LOG:1709319889,D,MANAGEMENT: CMD 'status'
2024-03-01 19:04:50.410 +00:00 [DBG] >LOG:1709319890,D,MANAGEMENT: CMD 'status'
2024-03-01 19:04:50.918 +00:00 [DBG] >LOG:1709319890,D,MANAGEMENT: CMD 'status'
2024-03-01 19:04:51.427 +00:00 [DBG] >LOG:1709319891,D,MANAGEMENT: CMD 'status'
2024-03-01 19:04:51.967 +00:00 [DBG] >LOG:1709319891,D,MANAGEMENT: CMD 'status'
2024-03-01 19:04:52.476 +00:00 [DBG] >LOG:1709319892,D,MANAGEMENT: CMD 'status'
2024-03-01 19:04:52.984 +00:00 [DBG] >LOG:1709319892,D,MANAGEMENT: CMD 'status'
2024-03-01 19:04:53.492 +00:00 [DBG] >LOG:1709319893,D,MANAGEMENT: CMD 'status'
2024-03-01 19:04:54.001 +00:00 [DBG] >LOG:1709319893,D,MANAGEMENT: CMD 'status'
2024-03-01 19:04:54.508 +00:00 [DBG] >LOG:1709319894,D,MANAGEMENT: CMD 'status'
2024-03-01 19:04:55.039 +00:00 [DBG] >LOG:1709319895,D,MANAGEMENT: CMD 'status'
2024-03-01 19:04:55.566 +00:00 [DBG] >LOG:1709319895,D,MANAGEMENT: CMD 'status'
2024-03-01 19:04:56.081 +00:00 [DBG] >LOG:1709319896,D,MANAGEMENT: CMD 'status'
2024-03-01 19:04:56.604 +00:00 [DBG] >LOG:1709319896,D,MANAGEMENT: CMD 'status'
2024-03-01 19:04:57.121 +00:00 [DBG] >LOG:1709319897,D,MANAGEMENT: CMD 'status'
2024-03-01 19:04:57.627 +00:00 [DBG] >LOG:1709319897,D,MANAGEMENT: CMD 'status'
2024-03-01 19:04:58.136 +00:00 [DBG] >LOG:1709319898,D,MANAGEMENT: CMD 'status'
2024-03-01 19:04:58.649 +00:00 [DBG] >LOG:1709319898,D,MANAGEMENT: CMD 'status'
2024-03-01 19:04:59.159 +00:00 [DBG] >LOG:1709319899,D,MANAGEMENT: CMD 'status'
2024-03-01 19:04:59.688 +00:00 [DBG] >LOG:1709319899,D,MANAGEMENT: CMD 'status'
2024-03-01 19:05:00.246 +00:00 [DBG] >LOG:1709319900,D,MANAGEMENT: CMD 'status'
2024-03-01 19:05:00.761 +00:00 [DBG] >LOG:1709319900,D,MANAGEMENT: CMD 'status'
2024-03-01 19:05:01.288 +00:00 [DBG] >LOG:1709319901,D,MANAGEMENT: CMD 'status'
2024-03-01 19:05:01.794 +00:00 [DBG] >LOG:1709319901,D,MANAGEMENT: CMD 'status'
2024-03-01 19:05:02.305 +00:00 [DBG] >LOG:1709319902,D,MANAGEMENT: CMD 'status'
2024-03-01 19:05:02.811 +00:00 [DBG] >LOG:1709319902,D,MANAGEMENT: CMD 'status'
2024-03-01 19:05:03.332 +00:00 [DBG] >LOG:1709319903,D,MANAGEMENT: CMD 'status'
2024-03-01 19:05:03.867 +00:00 [DBG] >LOG:1709319903,D,MANAGEMENT: CMD 'status'
2024-03-01 19:05:04.383 +00:00 [DBG] >LOG:1709319904,D,MANAGEMENT: CMD 'status'
2024-03-01 19:05:04.892 +00:00 [DBG] >LOG:1709319904,D,MANAGEMENT: CMD 'status'
2024-03-01 19:05:05.399 +00:00 [DBG] >LOG:1709319905,D,MANAGEMENT: CMD 'status'
2024-03-01 19:05:05.908 +00:00 [DBG] >LOG:1709319905,D,MANAGEMENT: CMD 'status'
2024-03-01 19:05:06.415 +00:00 [DBG] >LOG:1709319906,D,MANAGEMENT: CMD 'status'
2024-03-01 19:05:06.929 +00:00 [DBG] >LOG:1709319906,D,MANAGEMENT: CMD 'status'
2024-03-01 19:05:07.437 +00:00 [DBG] >LOG:1709319907,D,MANAGEMENT: CMD 'status'
2024-03-01 19:05:07.947 +00:00 [DBG] >LOG:1709319907,D,MANAGEMENT: CMD 'status'
2024-03-01 19:05:08.455 +00:00 [DBG] >LOG:1709319908,D,MANAGEMENT: CMD 'status'
2024-03-01 19:05:08.964 +00:00 [DBG] >LOG:1709319908,D,MANAGEMENT: CMD 'status'
2024-03-01 19:05:09.559 +00:00 [DBG] >LOG:1709319909,D,MANAGEMENT: CMD 'status'
2024-03-01 19:05:10.086 +00:00 [DBG] >LOG:1709319910,D,MANAGEMENT: CMD 'status'
2024-03-01 19:05:10.596 +00:00 [DBG] >LOG:1709319910,D,MANAGEMENT: CMD 'status'
2024-03-01 19:05:11.134 +00:00 [DBG] >LOG:1709319911,D,MANAGEMENT: CMD 'status'
2024-03-01 19:05:11.641 +00:00 [DBG] >LOG:1709319911,D,MANAGEMENT: CMD 'status'
2024-03-01 19:05:12.162 +00:00 [DBG] >LOG:1709319912,D,MANAGEMENT: CMD 'status'
2024-03-01 19:05:12.668 +00:00 [DBG] >LOG:1709319912,D,MANAGEMENT: CMD 'status'
2024-03-01 19:05:13.185 +00:00 [DBG] >LOG:1709319913,D,MANAGEMENT: CMD 'status'
2024-03-01 19:05:13.692 +00:00 [DBG] >LOG:1709319913,D,MANAGEMENT: CMD 'status'
2024-03-01 19:05:14.202 +00:00 [DBG] >LOG:1709319914,D,MANAGEMENT: CMD 'status'
2024-03-01 19:05:14.713 +00:00 [DBG] >LOG:1709319914,D,MANAGEMENT: CMD 'status'
2024-03-01 19:05:15.232 +00:00 [DBG] >LOG:1709319915,D,MANAGEMENT: CMD 'status'
2024-03-01 19:05:15.740 +00:00 [DBG] >LOG:1709319915,D,MANAGEMENT: CMD 'status'
2024-03-01 19:05:16.259 +00:00 [DBG] >LOG:1709319916,D,MANAGEMENT: CMD 'status'
2024-03-01 19:05:16.769 +00:00 [DBG] >LOG:1709319916,D,MANAGEMENT: CMD 'status'
2024-03-01 19:05:17.276 +00:00 [DBG] >LOG:1709319917,D,MANAGEMENT: CMD 'status'
2024-03-01 19:05:17.785 +00:00 [DBG] >LOG:1709319917,D,MANAGEMENT: CMD 'status'
2024-03-01 19:05:18.297 +00:00 [DBG] >LOG:1709319918,D,MANAGEMENT: CMD 'status'
2024-03-01 19:05:18.811 +00:00 [DBG] >LOG:1709319918,D,MANAGEMENT: CMD 'status'
2024-03-01 19:05:19.323 +00:00 [DBG] >LOG:1709319919,D,MANAGEMENT: CMD 'status'
2024-03-01 19:05:19.830 +00:00 [DBG] >LOG:1709319919,D,MANAGEMENT: CMD 'status'
2024-03-01 19:05:20.345 +00:00 [DBG] >LOG:1709319920,D,MANAGEMENT: CMD 'status'
2024-03-01 19:05:20.867 +00:00 [DBG] >LOG:1709319920,D,MANAGEMENT: CMD 'status'
2024-03-01 19:05:21.379 +00:00 [DBG] >LOG:1709319921,D,MANAGEMENT: CMD 'status'
2024-03-01 19:05:21.898 +00:00 [DBG] >LOG:1709319921,D,MANAGEMENT: CMD 'status'
2024-03-01 19:05:22.422 +00:00 [DBG] >LOG:1709319922,D,MANAGEMENT: CMD 'status'
2024-03-01 19:05:22.934 +00:00 [DBG] >LOG:1709319922,D,MANAGEMENT: CMD 'status'
2024-03-01 19:05:23.445 +00:00 [DBG] >LOG:1709319923,D,MANAGEMENT: CMD 'status'
2024-03-01 19:05:23.953 +00:00 [DBG] >LOG:1709319923,D,MANAGEMENT: CMD 'status'
2024-03-01 19:05:24.464 +00:00 [DBG] >LOG:1709319924,D,MANAGEMENT: CMD 'status'
2024-03-01 19:05:24.972 +00:00 [DBG] >LOG:1709319924,D,MANAGEMENT: CMD 'status'
2024-03-01 19:05:25.481 +00:00 [DBG] >LOG:1709319925,D,MANAGEMENT: CMD 'status'
2024-03-01 19:05:25.990 +00:00 [DBG] >LOG:1709319925,D,MANAGEMENT: CMD 'status'
2024-03-01 19:05:26.501 +00:00 [DBG] >LOG:1709319926,D,MANAGEMENT: CMD 'status'
2024-03-01 19:05:27.011 +00:00 [DBG] >LOG:1709319927,D,MANAGEMENT: CMD 'status'
2024-03-01 19:05:27.527 +00:00 [DBG] >LOG:1709319927,D,MANAGEMENT: CMD 'status'
2024-03-01 19:05:28.046 +00:00 [DBG] >LOG:1709319928,D,MANAGEMENT: CMD 'status'
2024-03-01 19:05:28.551 +00:00 [DBG] >LOG:1709319928,D,MANAGEMENT: CMD 'status'
2024-03-01 19:05:29.059 +00:00 [DBG] >LOG:1709319929,D,MANAGEMENT: CMD 'status'
2024-03-01 19:05:29.580 +00:00 [DBG] >LOG:1709319929,D,MANAGEMENT: CMD 'status'
2024-03-01 19:05:30.095 +00:00 [DBG] >LOG:1709319930,D,MANAGEMENT: CMD 'status'
2024-03-01 19:05:30.609 +00:00 [DBG] >LOG:1709319930,D,MANAGEMENT: CMD 'status'
2024-03-01 19:05:31.138 +00:00 [DBG] >LOG:1709319931,D,MANAGEMENT: CMD 'status'
2024-03-01 19:05:31.650 +00:00 [DBG] >LOG:1709319931,D,MANAGEMENT: CMD 'status'
2024-03-01 19:05:32.162 +00:00 [DBG] >LOG:1709319932,D,MANAGEMENT: CMD 'status'
2024-03-01 19:05:32.687 +00:00 [DBG] >LOG:1709319932,D,MANAGEMENT: CMD 'status'
2024-03-01 19:05:33.198 +00:00 [DBG] >LOG:1709319933,D,MANAGEMENT: CMD 'status'
2024-03-01 19:05:33.708 +00:00 [DBG] >LOG:1709319933,D,MANAGEMENT: CMD 'status'
2024-03-01 19:05:34.252 +00:00 [DBG] >LOG:1709319934,D,MANAGEMENT: CMD 'status'
2024-03-01 19:05:34.786 +00:00 [DBG] >LOG:1709319934,D,MANAGEMENT: CMD 'status'
2024-03-01 19:05:35.300 +00:00 [DBG] >LOG:1709319935,D,MANAGEMENT: CMD 'status'
2024-03-01 19:05:35.811 +00:00 [DBG] >LOG:1709319935,D,MANAGEMENT: CMD 'status'
2024-03-01 19:05:36.323 +00:00 [DBG] >LOG:1709319936,D,MANAGEMENT: CMD 'status'
2024-03-01 19:05:36.840 +00:00 [DBG] >LOG:1709319936,D,MANAGEMENT: CMD 'status'
2024-03-01 19:05:37.351 +00:00 [DBG] >LOG:1709319937,D,MANAGEMENT: CMD 'status'
2024-03-01 19:05:37.891 +00:00 [DBG] >LOG:1709319937,D,MANAGEMENT: CMD 'status'
2024-03-01 19:05:38.405 +00:00 [DBG] >LOG:1709319938,D,MANAGEMENT: CMD 'status'
2024-03-01 19:05:38.914 +00:00 [DBG] >LOG:1709319938,D,MANAGEMENT: CMD 'status'
2024-03-01 19:05:39.428 +00:00 [DBG] >LOG:1709319939,D,MANAGEMENT: CMD 'status'
2024-03-01 19:05:39.950 +00:00 [DBG] >LOG:1709319939,D,MANAGEMENT: CMD 'status'
2024-03-01 19:05:40.465 +00:00 [DBG] >LOG:1709319940,D,MANAGEMENT: CMD 'status'
2024-03-01 19:05:40.978 +00:00 [DBG] >LOG:1709319940,D,MANAGEMENT: CMD 'status'
2024-03-01 19:05:41.487 +00:00 [DBG] >LOG:1709319941,D,MANAGEMENT: CMD 'status'
2024-03-01 19:05:41.995 +00:00 [DBG] >LOG:1709319941,D,MANAGEMENT: CMD 'status'
2024-03-01 19:05:42.500 +00:00 [DBG] >LOG:1709319942,D,MANAGEMENT: CMD 'status'
2024-03-01 19:05:43.007 +00:00 [DBG] >LOG:1709319943,D,MANAGEMENT: CMD 'status'
2024-03-01 19:05:43.614 +00:00 [DBG] >LOG:1709319943,D,MANAGEMENT: CMD 'status'
2024-03-01 19:05:44.151 +00:00 [DBG] >LOG:1709319944,D,MANAGEMENT: CMD 'status'
2024-03-01 19:05:45.324 +00:00 [DBG] >LOG:1709319944,D,MANAGEMENT: CMD 'status'
2024-03-01 19:05:45.904 +00:00 [DBG] >LOG:1709319945,D,MANAGEMENT: CMD 'status'
2024-03-01 19:05:46.791 +00:00 [DBG] >LOG:1709319946,D,MANAGEMENT: CMD 'status'
2024-03-01 19:05:47.437 +00:00 [DBG] >LOG:1709319947,D,MANAGEMENT: CMD 'status'
2024-03-01 19:05:47.978 +00:00 [DBG] >LOG:1709319947,D,MANAGEMENT: CMD 'status'
2024-03-01 19:05:48.676 +00:00 [DBG] >LOG:1709319948,D,MANAGEMENT: CMD 'status'
2024-03-01 19:05:49.273 +00:00 [DBG] >LOG:1709319949,D,MANAGEMENT: CMD 'status'
2024-03-01 19:05:51.424 +00:00 [DBG] >LOG:1709319950,D,MANAGEMENT: CMD 'status'
2024-03-01 19:05:51.510 +00:00 [DBG] >LOG:1709319951,D,MANAGEMENT: CMD 'status'
2024-03-01 19:05:53.583 +00:00 [DBG] >LOG:1709319953,D,MANAGEMENT: CMD 'status'
2024-03-01 19:05:54.286 +00:00 [DBG] >LOG:1709319954,D,MANAGEMENT: CMD 'status'
2024-03-01 19:05:54.865 +00:00 [DBG] >LOG:1709319954,D,MANAGEMENT: CMD 'status'
2024-03-01 19:05:55.521 +00:00 [DBG] >LOG:1709319955,D,MANAGEMENT: CMD 'status'
2024-03-01 19:05:56.266 +00:00 [DBG] >LOG:1709319956,D,MANAGEMENT: CMD 'status'
2024-03-01 19:05:56.821 +00:00 [DBG] >LOG:1709319956,D,MANAGEMENT: CMD 'status'
2024-03-01 19:05:57.343 +00:00 [DBG] >LOG:1709319957,D,MANAGEMENT: CMD 'status'
2024-03-01 19:05:58.126 +00:00 [DBG] >LOG:1709319957,D,MANAGEMENT: CMD 'status'
2024-03-01 19:05:59.239 +00:00 [DBG] >LOG:1709319958,D,MANAGEMENT: CMD 'status'
2024-03-01 19:06:04.091 +00:00 [DBG] >LOG:1709319960,D,MANAGEMENT: CMD 'status'
2024-03-01 19:06:04.206 +00:00 [DBG] >LOG:1709319964,D,MANAGEMENT: CMD 'status'
2024-03-01 19:06:04.727 +00:00 [DBG] >LOG:1709319964,D,MANAGEMENT: CMD 'status'
2024-03-01 19:06:05.259 +00:00 [DBG] >LOG:1709319965,D,MANAGEMENT: CMD 'status'
2024-03-01 19:06:05.911 +00:00 [DBG] >LOG:1709319965,D,MANAGEMENT: CMD 'status'
2024-03-01 19:06:06.554 +00:00 [DBG] >LOG:1709319966,D,MANAGEMENT: CMD 'status'
2024-03-01 19:06:07.298 +00:00 [DBG] >LOG:1709319967,D,MANAGEMENT: CMD 'status'
2024-03-01 19:06:08.282 +00:00 [DBG] >LOG:1709319968,D,MANAGEMENT: CMD 'status'
2024-03-01 19:06:08.892 +00:00 [DBG] >LOG:1709319968,D,MANAGEMENT: CMD 'status'
2024-03-01 19:06:09.437 +00:00 [DBG] >LOG:1709319969,D,MANAGEMENT: CMD 'status'
2024-03-01 19:06:12.667 +00:00 [DBG] >LOG:1709319970,D,MANAGEMENT: CMD 'status'
2024-03-01 19:06:13.198 +00:00 [DBG] >LOG:1709319972,D,MANAGEMENT: CMD 'status'
2024-03-01 19:06:13.497 +00:00 [DBG] >LOG:1709319973,D,MANAGEMENT: CMD 'status'
2024-03-01 19:06:14.034 +00:00 [DBG] >LOG:1709319974,D,MANAGEMENT: CMD 'status'
2024-03-01 19:06:14.653 +00:00 [DBG] >LOG:1709319974,D,MANAGEMENT: CMD 'status'
2024-03-01 19:06:15.319 +00:00 [DBG] >LOG:1709319975,D,MANAGEMENT: CMD 'status'
2024-03-01 19:06:15.875 +00:00 [DBG] >LOG:1709319975,D,MANAGEMENT: CMD 'status'
2024-03-01 19:06:16.478 +00:00 [DBG] >LOG:1709319976,D,MANAGEMENT: CMD 'status'
2024-03-01 19:06:17.042 +00:00 [DBG] >LOG:1709319977,D,MANAGEMENT: CMD 'status'
2024-03-01 19:06:17.771 +00:00 [DBG] >LOG:1709319977,D,MANAGEMENT: CMD 'status'
2024-03-01 19:06:18.388 +00:00 [DBG] >LOG:1709319978,D,MANAGEMENT: CMD 'status'
2024-03-01 19:06:18.950 +00:00 [DBG] >LOG:1709319978,D,MANAGEMENT: CMD 'status'
2024-03-01 19:06:19.675 +00:00 [DBG] >LOG:1709319979,D,MANAGEMENT: CMD 'status'
2024-03-01 19:06:21.883 +00:00 [DBG] >LOG:1709319981,D,MANAGEMENT: CMD 'status'
2024-03-01 19:06:23.644 +00:00 [DBG] >LOG:1709319982,D,MANAGEMENT: CMD 'status'
2024-03-01 19:06:24.253 +00:00 [DBG] >LOG:1709319984,D,MANAGEMENT: CMD 'status'
2024-03-01 19:06:24.764 +00:00 [DBG] >LOG:1709319984,D,MANAGEMENT: CMD 'status'
2024-03-01 19:06:25.443 +00:00 [DBG] >LOG:1709319985,D,MANAGEMENT: CMD 'status'
2024-03-01 19:06:26.554 +00:00 [DBG] >LOG:1709319986,D,MANAGEMENT: CMD 'status'
2024-03-01 19:06:27.089 +00:00 [DBG] >LOG:1709319987,D,MANAGEMENT: CMD 'status'
2024-03-01 19:06:28.544 +00:00 [DBG] >LOG:1709319987,D,MANAGEMENT: CMD 'status'
2024-03-01 19:06:29.200 +00:00 [DBG] >LOG:1709319989,D,MANAGEMENT: CMD 'status'
2024-03-01 19:06:36.026 +00:00 [DBG] >LOG:1709319989,D,MANAGEMENT: CMD 'status'
2024-03-01 19:06:36.060 +00:00 [DBG] >LOG:1709319995,D,MANAGEMENT: CMD 'status'
2024-03-01 19:06:36.597 +00:00 [DBG] >LOG:1709319996,D,MANAGEMENT: CMD 'status'
2024-03-01 19:06:37.172 +00:00 [DBG] >LOG:1709319997,D,MANAGEMENT: CMD 'status'
2024-03-01 19:06:37.777 +00:00 [DBG] >LOG:1709319997,D,MANAGEMENT: CMD 'status'
2024-03-01 19:06:38.358 +00:00 [DBG] >LOG:1709319998,D,MANAGEMENT: CMD 'status'
2024-03-01 19:06:38.981 +00:00 [DBG] >LOG:1709319998,D,MANAGEMENT: CMD 'status'
2024-03-01 19:06:39.700 +00:00 [DBG] >LOG:1709319999,D,MANAGEMENT: CMD 'status'
2024-03-01 19:06:42.082 +00:00 [DBG] >LOG:1709320001,D,MANAGEMENT: CMD 'status'
2024-03-01 19:06:44.727 +00:00 [DBG] >LOG:1709320003,D,MANAGEMENT: CMD 'status'
2024-03-01 19:06:45.385 +00:00 [DBG] >LOG:1709320005,D,MANAGEMENT: CMD 'status'
2024-03-01 19:06:45.952 +00:00 [DBG] >LOG:1709320005,D,MANAGEMENT: CMD 'status'
2024-03-01 19:06:46.500 +00:00 [DBG] >LOG:1709320006,D,MANAGEMENT: CMD 'status'
2024-03-01 19:06:47.034 +00:00 [DBG] >LOG:1709320007,D,MANAGEMENT: CMD 'status'
2024-03-01 19:06:47.646 +00:00 [DBG] >LOG:1709320007,D,MANAGEMENT: CMD 'status'
2024-03-01 19:06:48.249 +00:00 [DBG] >LOG:1709320008,D,MANAGEMENT: CMD 'status'
2024-03-01 19:06:48.808 +00:00 [DBG] >LOG:1709320008,D,MANAGEMENT: CMD 'status'
2024-03-01 19:06:49.384 +00:00 [DBG] >LOG:1709320009,D,MANAGEMENT: CMD 'status'
2024-03-01 19:06:53.743 +00:00 [DBG] >LOG:1709320012,D,MANAGEMENT: CMD 'status'
2024-03-01 19:06:54.893 +00:00 [DBG] >LOG:1709320014,D,MANAGEMENT: CMD 'status'
2024-03-01 19:06:56.262 +00:00 [DBG] >LOG:1709320015,D,MANAGEMENT: CMD 'status'
2024-03-01 19:06:56.958 +00:00 [DBG] >LOG:1709320016,D,MANAGEMENT: CMD 'status'
2024-03-01 19:06:57.489 +00:00 [DBG] >LOG:1709320017,D,MANAGEMENT: CMD 'status'
2024-03-01 19:06:58.282 +00:00 [DBG] >LOG:1709320018,D,MANAGEMENT: CMD 'status'
2024-03-01 19:06:59.397 +00:00 [DBG] >LOG:1709320018,D,MANAGEMENT: CMD 'status'
2024-03-01 19:07:01.694 +00:00 [DBG] >LOG:1709320020,D,MANAGEMENT: CMD 'status'
2024-03-01 19:07:02.305 +00:00 [DBG] >LOG:1709320022,D,MANAGEMENT: CMD 'status'
2024-03-01 19:07:02.823 +00:00 [DBG] >LOG:1709320022,D,MANAGEMENT: CMD 'status'
2024-03-01 19:07:03.422 +00:00 [DBG] >LOG:1709320023,D,MANAGEMENT: CMD 'status'
2024-03-01 19:07:03.986 +00:00 [DBG] >LOG:1709320023,D,MANAGEMENT: CMD 'status'
2024-03-01 19:07:04.751 +00:00 [DBG] >LOG:1709320024,D,MANAGEMENT: CMD 'status'
2024-03-01 19:07:05.561 +00:00 [DBG] >LOG:1709320025,D,MANAGEMENT: CMD 'status'
2024-03-01 19:07:07.602 +00:00 [DBG] >LOG:1709320027,D,MANAGEMENT: CMD 'status'
2024-03-01 19:07:10.149 +00:00 [DBG] >LOG:1709320029,D,MANAGEMENT: CMD 'status'
2024-03-01 19:07:19.234 +00:00 [DBG] >LOG:1709320038,D,MANAGEMENT: CMD 'status'
2024-03-01 19:07:25.122 +00:00 [DBG] >LOG:1709320040,D,MANAGEMENT: CMD 'status'
2024-03-01 19:07:25.143 +00:00 [DBG] >LOG:1709320045,D,MANAGEMENT: CMD 'status'
2024-03-01 19:07:25.867 +00:00 [DBG] >LOG:1709320045,D,MANAGEMENT: CMD 'status'
2024-03-01 19:07:27.303 +00:00 [DBG] >LOG:1709320047,D,MANAGEMENT: CMD 'status'
2024-03-01 19:07:28.283 +00:00 [DBG] >LOG:1709320048,D,MANAGEMENT: CMD 'status'
2024-03-01 19:07:28.790 +00:00 [DBG] >LOG:1709320048,D,MANAGEMENT: CMD 'status'
2024-03-01 19:07:29.299 +00:00 [DBG] >LOG:1709320049,D,MANAGEMENT: CMD 'status'
2024-03-01 19:07:29.809 +00:00 [DBG] >LOG:1709320049,D,MANAGEMENT: CMD 'status'
2024-03-01 19:07:30.336 +00:00 [DBG] >LOG:1709320050,D,MANAGEMENT: CMD 'status'
2024-03-01 19:07:30.845 +00:00 [DBG] >LOG:1709320050,D,MANAGEMENT: CMD 'status'
2024-03-01 19:07:31.391 +00:00 [DBG] >LOG:1709320051,D,MANAGEMENT: CMD 'status'
2024-03-01 19:07:31.895 +00:00 [DBG] >LOG:1709320051,D,MANAGEMENT: CMD 'status'
2024-03-01 19:07:32.401 +00:00 [DBG] >LOG:1709320052,D,MANAGEMENT: CMD 'status'
2024-03-01 19:07:32.909 +00:00 [DBG] >LOG:1709320052,D,MANAGEMENT: CMD 'status'
2024-03-01 19:07:33.435 +00:00 [DBG] >LOG:1709320053,D,MANAGEMENT: CMD 'status'
2024-03-01 19:07:33.945 +00:00 [DBG] >LOG:1709320053,D,MANAGEMENT: CMD 'status'
2024-03-01 19:07:34.469 +00:00 [DBG] >LOG:1709320054,D,MANAGEMENT: CMD 'status'
2024-03-01 19:07:34.975 +00:00 [DBG] >LOG:1709320054,D,MANAGEMENT: CMD 'status'
2024-03-01 19:07:35.481 +00:00 [DBG] >LOG:1709320055,D,MANAGEMENT: CMD 'status'
2024-03-01 19:07:35.985 +00:00 [DBG] >LOG:1709320055,D,MANAGEMENT: CMD 'status'
2024-03-01 19:07:36.494 +00:00 [DBG] >LOG:1709320056,D,MANAGEMENT: CMD 'status'
2024-03-01 19:07:37.002 +00:00 [DBG] >LOG:1709320057,D,MANAGEMENT: CMD 'status'
2024-03-01 19:07:37.550 +00:00 [DBG] >LOG:1709320057,D,MANAGEMENT: CMD 'status'
2024-03-01 19:07:38.135 +00:00 [DBG] >LOG:1709320058,D,MANAGEMENT: CMD 'status'
2024-03-01 19:07:38.648 +00:00 [DBG] >LOG:1709320058,D,MANAGEMENT: CMD 'status'
2024-03-01 19:07:39.190 +00:00 [DBG] >LOG:1709320059,D,MANAGEMENT: CMD 'status'
2024-03-01 19:07:39.708 +00:00 [DBG] >LOG:1709320059,D,MANAGEMENT: CMD 'status'
2024-03-01 19:07:40.240 +00:00 [DBG] >LOG:1709320060,D,MANAGEMENT: CMD 'status'
2024-03-01 19:07:40.752 +00:00 [DBG] >LOG:1709320060,D,MANAGEMENT: CMD 'status'
2024-03-01 19:07:41.278 +00:00 [DBG] >LOG:1709320061,D,MANAGEMENT: CMD 'status'
2024-03-01 19:07:41.819 +00:00 [DBG] >LOG:1709320061,D,MANAGEMENT: CMD 'status'
2024-03-01 19:07:42.326 +00:00 [DBG] >LOG:1709320062,D,MANAGEMENT: CMD 'status'
2024-03-01 19:07:42.830 +00:00 [DBG] >LOG:1709320062,D,MANAGEMENT: CMD 'status'
2024-03-01 19:07:43.342 +00:00 [DBG] >LOG:1709320063,D,MANAGEMENT: CMD 'status'
2024-03-01 19:07:43.873 +00:00 [DBG] >LOG:1709320063,D,MANAGEMENT: CMD 'status'
2024-03-01 19:07:44.377 +00:00 [DBG] >LOG:1709320064,D,MANAGEMENT: CMD 'status'
2024-03-01 19:07:44.886 +00:00 [DBG] >LOG:1709320064,D,MANAGEMENT: CMD 'status'
2024-03-01 19:07:45.414 +00:00 [DBG] >LOG:1709320065,D,MANAGEMENT: CMD 'status'
2024-03-01 19:07:45.925 +00:00 [DBG] >LOG:1709320065,D,MANAGEMENT: CMD 'status'
2024-03-01 19:07:46.432 +00:00 [DBG] >LOG:1709320066,D,MANAGEMENT: CMD 'status'
2024-03-01 19:07:46.938 +00:00 [DBG] >LOG:1709320066,D,MANAGEMENT: CMD 'status'
2024-03-01 19:07:47.443 +00:00 [DBG] >LOG:1709320067,D,MANAGEMENT: CMD 'status'
2024-03-01 19:07:47.950 +00:00 [DBG] >LOG:1709320067,D,MANAGEMENT: CMD 'status'
2024-03-01 19:07:48.457 +00:00 [DBG] >LOG:1709320068,D,MANAGEMENT: CMD 'status'
2024-03-01 19:07:48.967 +00:00 [DBG] >LOG:1709320068,D,MANAGEMENT: CMD 'status'
2024-03-01 19:07:49.591 +00:00 [DBG] >LOG:1709320069,D,MANAGEMENT: CMD 'status'
2024-03-01 19:07:50.105 +00:00 [DBG] >LOG:1709320070,D,MANAGEMENT: CMD 'status'
2024-03-01 19:07:50.613 +00:00 [DBG] >LOG:1709320070,D,MANAGEMENT: CMD 'status'
2024-03-01 19:07:51.120 +00:00 [DBG] >LOG:1709320071,D,MANAGEMENT: CMD 'status'
2024-03-01 19:07:51.634 +00:00 [DBG] >LOG:1709320071,D,MANAGEMENT: CMD 'status'
2024-03-01 19:07:52.143 +00:00 [DBG] >LOG:1709320072,D,MANAGEMENT: CMD 'status'
2024-03-01 19:07:52.651 +00:00 [DBG] >LOG:1709320072,D,MANAGEMENT: CMD 'status'
2024-03-01 19:07:53.166 +00:00 [DBG] >LOG:1709320073,D,MANAGEMENT: CMD 'status'
2024-03-01 19:07:53.672 +00:00 [DBG] >LOG:1709320073,D,MANAGEMENT: CMD 'status'
2024-03-01 19:07:54.182 +00:00 [DBG] >LOG:1709320074,D,MANAGEMENT: CMD 'status'
2024-03-01 19:07:54.694 +00:00 [DBG] >LOG:1709320074,D,MANAGEMENT: CMD 'status'
2024-03-01 19:07:55.204 +00:00 [DBG] >LOG:1709320075,D,MANAGEMENT: CMD 'status'
2024-03-01 19:07:55.711 +00:00 [DBG] >LOG:1709320075,D,MANAGEMENT: CMD 'status'
2024-03-01 19:07:56.218 +00:00 [DBG] >LOG:1709320076,D,MANAGEMENT: CMD 'status'
2024-03-01 19:07:56.730 +00:00 [DBG] >LOG:1709320076,D,MANAGEMENT: CMD 'status'
2024-03-01 19:07:57.243 +00:00 [DBG] >LOG:1709320077,D,MANAGEMENT: CMD 'status'
2024-03-01 19:07:57.749 +00:00 [DBG] >LOG:1709320077,D,MANAGEMENT: CMD 'status'
2024-03-01 19:07:58.266 +00:00 [DBG] >LOG:1709320078,D,MANAGEMENT: CMD 'status'
2024-03-01 19:07:58.776 +00:00 [DBG] >LOG:1709320078,D,MANAGEMENT: CMD 'status'
2024-03-01 19:07:59.283 +00:00 [DBG] >LOG:1709320079,D,MANAGEMENT: CMD 'status'
2024-03-01 19:07:59.793 +00:00 [DBG] >LOG:1709320079,D,MANAGEMENT: CMD 'status'
2024-03-01 19:08:00.306 +00:00 [DBG] >LOG:1709320080,D,MANAGEMENT: CMD 'status'
2024-03-01 19:08:00.830 +00:00 [DBG] >LOG:1709320080,D,MANAGEMENT: CMD 'status'
2024-03-01 19:08:01.336 +00:00 [DBG] >LOG:1709320081,D,MANAGEMENT: CMD 'status'
2024-03-01 19:08:01.859 +00:00 [DBG] >LOG:1709320081,D,MANAGEMENT: CMD 'status'
2024-03-01 19:08:02.421 +00:00 [DBG] >LOG:1709320082,D,MANAGEMENT: CMD 'status'
2024-03-01 19:08:02.931 +00:00 [DBG] >LOG:1709320082,D,MANAGEMENT: CMD 'status'
2024-03-01 19:08:03.439 +00:00 [DBG] >LOG:1709320083,D,MANAGEMENT: CMD 'status'
2024-03-01 19:08:03.945 +00:00 [DBG] >LOG:1709320083,D,MANAGEMENT: CMD 'status'
2024-03-01 19:08:04.454 +00:00 [DBG] >LOG:1709320084,D,MANAGEMENT: CMD 'status'
2024-03-01 19:08:04.970 +00:00 [DBG] >LOG:1709320084,D,MANAGEMENT: CMD 'status'
2024-03-01 19:08:05.474 +00:00 [DBG] >LOG:1709320085,D,MANAGEMENT: CMD 'status'
2024-03-01 19:08:05.982 +00:00 [DBG] >LOG:1709320085,D,MANAGEMENT: CMD 'status'
2024-03-01 19:08:06.510 +00:00 [DBG] >LOG:1709320086,D,MANAGEMENT: CMD 'status'
2024-03-01 19:08:07.037 +00:00 [DBG] >LOG:1709320087,D,MANAGEMENT: CMD 'status'
2024-03-01 19:08:07.546 +00:00 [DBG] >LOG:1709320087,D,MANAGEMENT: CMD 'status'
2024-03-01 19:08:08.054 +00:00 [DBG] >LOG:1709320088,D,MANAGEMENT: CMD 'status'
2024-03-01 19:08:08.565 +00:00 [DBG] >LOG:1709320088,D,MANAGEMENT: CMD 'status'
2024-03-01 19:08:09.071 +00:00 [DBG] >LOG:1709320089,D,MANAGEMENT: CMD 'status'
2024-03-01 19:08:09.590 +00:00 [DBG] >LOG:1709320089,D,MANAGEMENT: CMD 'status'
2024-03-01 19:08:10.105 +00:00 [DBG] >LOG:1709320090,D,MANAGEMENT: CMD 'status'
2024-03-01 19:08:10.614 +00:00 [DBG] >LOG:1709320090,D,MANAGEMENT: CMD 'status'
2024-03-01 19:08:11.122 +00:00 [DBG] >LOG:1709320091,D,MANAGEMENT: CMD 'status'
2024-03-01 19:08:11.632 +00:00 [DBG] >LOG:1709320091,D,MANAGEMENT: CMD 'status'
2024-03-01 19:08:12.141 +00:00 [DBG] >LOG:1709320092,D,MANAGEMENT: CMD 'status'
2024-03-01 19:08:12.649 +00:00 [DBG] >LOG:1709320092,D,MANAGEMENT: CMD 'status'
2024-03-01 19:08:13.160 +00:00 [DBG] >LOG:1709320093,D,MANAGEMENT: CMD 'status'
2024-03-01 19:08:13.665 +00:00 [DBG] >LOG:1709320093,D,MANAGEMENT: CMD 'status'
2024-03-01 19:08:14.180 +00:00 [DBG] >LOG:1709320094,D,MANAGEMENT: CMD 'status'
2024-03-01 19:08:14.697 +00:00 [DBG] >LOG:1709320094,D,MANAGEMENT: CMD 'status'
2024-03-01 19:08:15.212 +00:00 [DBG] >LOG:1709320095,D,MANAGEMENT: CMD 'status'
2024-03-01 19:08:15.721 +00:00 [DBG] >LOG:1709320095,D,MANAGEMENT: CMD 'status'
2024-03-01 19:08:16.229 +00:00 [DBG] >LOG:1709320096,D,MANAGEMENT: CMD 'status'
2024-03-01 19:08:16.741 +00:00 [DBG] >LOG:1709320096,D,MANAGEMENT: CMD 'status'
2024-03-01 19:08:17.257 +00:00 [DBG] >LOG:1709320097,D,MANAGEMENT: CMD 'status'
2024-03-01 19:08:17.773 +00:00 [DBG] >LOG:1709320097,D,MANAGEMENT: CMD 'status'
2024-03-01 19:08:18.321 +00:00 [DBG] >LOG:1709320098,D,MANAGEMENT: CMD 'status'
2024-03-01 19:08:18.827 +00:00 [DBG] >LOG:1709320098,D,MANAGEMENT: CMD 'status'
2024-03-01 19:08:19.336 +00:00 [DBG] >LOG:1709320099,D,MANAGEMENT: CMD 'status'
2024-03-01 19:08:19.856 +00:00 [DBG] >LOG:1709320099,D,MANAGEMENT: CMD 'status'
2024-03-01 19:08:20.365 +00:00 [DBG] >LOG:1709320100,D,MANAGEMENT: CMD 'status'
2024-03-01 19:08:20.872 +00:00 [DBG] >LOG:1709320100,D,MANAGEMENT: CMD 'status'
2024-03-01 19:08:21.379 +00:00 [DBG] >LOG:1709320101,D,MANAGEMENT: CMD 'status'
2024-03-01 19:08:21.904 +00:00 [DBG] >LOG:1709320101,D,MANAGEMENT: CMD 'status'
2024-03-01 19:08:22.416 +00:00 [DBG] >LOG:1709320102,D,MANAGEMENT: CMD 'status'
2024-03-01 19:08:22.925 +00:00 [DBG] >LOG:1709320102,D,MANAGEMENT: CMD 'status'
2024-03-01 19:08:23.431 +00:00 [DBG] >LOG:1709320103,D,MANAGEMENT: CMD 'status'
2024-03-01 19:08:23.943 +00:00 [DBG] >LOG:1709320103,D,MANAGEMENT: CMD 'status'
2024-03-01 19:08:24.457 +00:00 [DBG] >LOG:1709320104,D,MANAGEMENT: CMD 'status'
2024-03-01 19:08:24.988 +00:00 [DBG] >LOG:1709320104,D,MANAGEMENT: CMD 'status'
2024-03-01 19:08:25.497 +00:00 [DBG] >LOG:1709320105,D,MANAGEMENT: CMD 'status'
2024-03-01 19:08:26.006 +00:00 [DBG] >LOG:1709320106,D,MANAGEMENT: CMD 'status'
2024-03-01 19:08:26.511 +00:00 [DBG] >LOG:1709320106,D,MANAGEMENT: CMD 'status'
2024-03-01 19:08:27.017 +00:00 [DBG] >LOG:1709320107,D,MANAGEMENT: CMD 'status'
2024-03-01 19:08:27.524 +00:00 [DBG] >LOG:1709320107,D,MANAGEMENT: CMD 'status'
2024-03-01 19:08:28.028 +00:00 [DBG] >LOG:1709320108,D,MANAGEMENT: CMD 'status'
2024-03-01 19:08:28.539 +00:00 [DBG] >LOG:1709320108,D,MANAGEMENT: CMD 'status'
2024-03-01 19:08:29.052 +00:00 [DBG] >LOG:1709320109,D,MANAGEMENT: CMD 'status'
2024-03-01 19:08:29.563 +00:00 [DBG] >LOG:1709320109,D,MANAGEMENT: CMD 'status'
2024-03-01 19:08:30.076 +00:00 [DBG] >LOG:1709320110,D,MANAGEMENT: CMD 'status'
2024-03-01 19:08:30.582 +00:00 [DBG] >LOG:1709320110,D,MANAGEMENT: CMD 'status'
2024-03-01 19:08:31.091 +00:00 [DBG] >LOG:1709320111,D,MANAGEMENT: CMD 'status'
2024-03-01 19:08:31.604 +00:00 [DBG] >LOG:1709320111,D,MANAGEMENT: CMD 'status'
2024-03-01 19:08:32.121 +00:00 [DBG] >LOG:1709320112,D,MANAGEMENT: CMD 'status'
2024-03-01 19:08:32.638 +00:00 [DBG] >LOG:1709320112,D,MANAGEMENT: CMD 'status'
2024-03-01 19:08:33.145 +00:00 [DBG] >LOG:1709320113,D,MANAGEMENT: CMD 'status'
2024-03-01 19:08:33.655 +00:00 [DBG] >LOG:1709320113,D,MANAGEMENT: CMD 'status'
2024-03-01 19:08:34.161 +00:00 [DBG] >LOG:1709320114,D,MANAGEMENT: CMD 'status'
2024-03-01 19:08:34.672 +00:00 [DBG] >LOG:1709320114,D,MANAGEMENT: CMD 'status'
2024-03-01 19:08:35.188 +00:00 [DBG] >LOG:1709320115,D,MANAGEMENT: CMD 'status'
2024-03-01 19:08:35.714 +00:00 [DBG] >LOG:1709320115,D,MANAGEMENT: CMD 'status'
2024-03-01 19:08:36.220 +00:00 [DBG] >LOG:1709320116,D,MANAGEMENT: CMD 'status'
2024-03-01 19:08:36.728 +00:00 [DBG] >LOG:1709320116,D,MANAGEMENT: CMD 'status'
2024-03-01 19:08:37.234 +00:00 [DBG] >LOG:1709320117,D,MANAGEMENT: CMD 'status'
2024-03-01 19:08:37.743 +00:00 [DBG] >LOG:1709320117,D,MANAGEMENT: CMD 'status'
2024-03-01 19:08:38.250 +00:00 [DBG] >LOG:1709320118,D,MANAGEMENT: CMD 'status'
2024-03-01 19:08:38.757 +00:00 [DBG] >LOG:1709320118,D,MANAGEMENT: CMD 'status'
2024-03-01 19:08:39.265 +00:00 [DBG] >LOG:1709320119,D,MANAGEMENT: CMD 'status'
2024-03-01 19:08:39.774 +00:00 [DBG] >LOG:1709320119,D,MANAGEMENT: CMD 'status'
2024-03-01 19:08:40.315 +00:00 [DBG] >LOG:1709320120,D,MANAGEMENT: CMD 'status'
2024-03-01 19:08:40.825 +00:00 [DBG] >LOG:1709320120,D,MANAGEMENT: CMD 'status'
2024-03-01 19:08:41.330 +00:00 [DBG] >LOG:1709320121,D,MANAGEMENT: CMD 'status'
2024-03-01 19:08:41.841 +00:00 [DBG] >LOG:1709320121,D,MANAGEMENT: CMD 'status'
2024-03-01 19:08:42.346 +00:00 [DBG] >LOG:1709320122,D,MANAGEMENT: CMD 'status'
2024-03-01 19:08:42.855 +00:00 [DBG] >LOG:1709320122,D,MANAGEMENT: CMD 'status'
2024-03-01 19:08:43.366 +00:00 [DBG] >LOG:1709320123,D,MANAGEMENT: CMD 'status'
2024-03-01 19:08:43.909 +00:00 [DBG] >LOG:1709320123,D,MANAGEMENT: CMD 'status'
2024-03-01 19:08:44.424 +00:00 [DBG] >LOG:1709320124,D,MANAGEMENT: CMD 'status'
2024-03-01 19:08:44.938 +00:00 [DBG] >LOG:1709320124,D,MANAGEMENT: CMD 'status'
2024-03-01 19:08:45.465 +00:00 [DBG] >LOG:1709320125,D,MANAGEMENT: CMD 'status'
2024-03-01 19:08:46.007 +00:00 [DBG] >LOG:1709320126,D,MANAGEMENT: CMD 'status'
2024-03-01 19:08:46.515 +00:00 [DBG] >LOG:1709320126,D,MANAGEMENT: CMD 'status'
2024-03-01 19:08:47.026 +00:00 [DBG] >LOG:1709320127,D,MANAGEMENT: CMD 'status'
2024-03-01 19:08:47.534 +00:00 [DBG] >LOG:1709320127,D,MANAGEMENT: CMD 'status'
2024-03-01 19:08:48.043 +00:00 [DBG] >LOG:1709320128,D,MANAGEMENT: CMD 'status'
2024-03-01 19:08:48.547 +00:00 [DBG] >LOG:1709320128,D,MANAGEMENT: CMD 'status'
2024-03-01 19:08:49.057 +00:00 [DBG] >LOG:1709320129,D,MANAGEMENT: CMD 'status'
2024-03-01 19:08:49.564 +00:00 [DBG] >LOG:1709320129,D,MANAGEMENT: CMD 'status'
2024-03-01 19:08:50.073 +00:00 [DBG] >LOG:1709320130,D,MANAGEMENT: CMD 'status'
2024-03-01 19:08:50.586 +00:00 [DBG] >LOG:1709320130,D,MANAGEMENT: CMD 'status'
2024-03-01 19:08:51.100 +00:00 [DBG] >LOG:1709320131,D,MANAGEMENT: CMD 'status'
2024-03-01 19:08:51.633 +00:00 [DBG] >LOG:1709320131,D,MANAGEMENT: CMD 'status'
2024-03-01 19:08:52.148 +00:00 [DBG] >LOG:1709320132,D,MANAGEMENT: CMD 'status'
2024-03-01 19:08:52.658 +00:00 [DBG] >LOG:1709320132,D,MANAGEMENT: CMD 'status'
2024-03-01 19:08:53.171 +00:00 [DBG] >LOG:1709320133,D,MANAGEMENT: CMD 'status'
2024-03-01 19:08:53.679 +00:00 [DBG] >LOG:1709320133,D,MANAGEMENT: CMD 'status'
2024-03-01 19:08:54.185 +00:00 [DBG] >LOG:1709320134,D,MANAGEMENT: CMD 'status'
2024-03-01 19:08:54.694 +00:00 [DBG] >LOG:1709320134,D,MANAGEMENT: CMD 'status'
2024-03-01 19:08:55.205 +00:00 [DBG] >LOG:1709320135,D,MANAGEMENT: CMD 'status'
2024-03-01 19:08:55.713 +00:00 [DBG] >LOG:1709320135,D,MANAGEMENT: CMD 'status'
2024-03-01 19:08:56.231 +00:00 [DBG] >LOG:1709320136,D,MANAGEMENT: CMD 'status'
2024-03-01 19:08:56.746 +00:00 [DBG] >LOG:1709320136,D,MANAGEMENT: CMD 'status'
2024-03-01 19:08:57.266 +00:00 [DBG] >LOG:1709320137,D,MANAGEMENT: CMD 'status'
2024-03-01 19:08:57.777 +00:00 [DBG] >LOG:1709320137,D,MANAGEMENT: CMD 'status'
2024-03-01 19:08:58.285 +00:00 [DBG] >LOG:1709320138,D,MANAGEMENT: CMD 'status'
2024-03-01 19:08:58.792 +00:00 [DBG] >LOG:1709320138,D,MANAGEMENT: CMD 'status'
2024-03-01 19:08:59.311 +00:00 [DBG] >LOG:1709320139,D,MANAGEMENT: CMD 'status'
2024-03-01 19:08:59.831 +00:00 [DBG] >LOG:1709320139,D,MANAGEMENT: CMD 'status'
2024-03-01 19:09:00.339 +00:00 [DBG] >LOG:1709320140,D,MANAGEMENT: CMD 'status'
2024-03-01 19:09:00.847 +00:00 [DBG] >LOG:1709320140,D,MANAGEMENT: CMD 'status'
2024-03-01 19:09:01.354 +00:00 [DBG] >LOG:1709320141,D,MANAGEMENT: CMD 'status'
2024-03-01 19:09:01.861 +00:00 [DBG] >LOG:1709320141,D,MANAGEMENT: CMD 'status'
2024-03-01 19:09:02.394 +00:00 [DBG] >LOG:1709320142,D,MANAGEMENT: CMD 'status'
2024-03-01 19:09:02.903 +00:00 [DBG] >LOG:1709320142,D,MANAGEMENT: CMD 'status'
2024-03-01 19:09:03.409 +00:00 [DBG] >LOG:1709320143,D,MANAGEMENT: CMD 'status'
2024-03-01 19:09:03.918 +00:00 [DBG] >LOG:1709320143,D,MANAGEMENT: CMD 'status'
2024-03-01 19:09:04.423 +00:00 [DBG] >LOG:1709320144,D,MANAGEMENT: CMD 'status'
2024-03-01 19:09:04.944 +00:00 [DBG] >LOG:1709320144,D,MANAGEMENT: CMD 'status'
2024-03-01 19:09:05.457 +00:00 [DBG] >LOG:1709320145,D,MANAGEMENT: CMD 'status'
2024-03-01 19:09:05.967 +00:00 [DBG] >LOG:1709320145,D,MANAGEMENT: CMD 'status'
2024-03-01 19:09:06.472 +00:00 [DBG] >LOG:1709320146,D,MANAGEMENT: CMD 'status'
2024-03-01 19:09:06.979 +00:00 [DBG] >LOG:1709320146,D,MANAGEMENT: CMD 'status'
2024-03-01 19:09:07.486 +00:00 [DBG] >LOG:1709320147,D,MANAGEMENT: CMD 'status'
2024-03-01 19:09:08.003 +00:00 [DBG] >LOG:1709320148,D,MANAGEMENT: CMD 'status'
2024-03-01 19:09:08.510 +00:00 [DBG] >LOG:1709320148,D,MANAGEMENT: CMD 'status'
2024-03-01 19:09:09.017 +00:00 [DBG] >LOG:1709320149,D,MANAGEMENT: CMD 'status'
2024-03-01 19:09:09.565 +00:00 [DBG] >LOG:1709320149,D,MANAGEMENT: CMD 'status'
2024-03-01 19:09:10.077 +00:00 [DBG] >LOG:1709320150,D,MANAGEMENT: CMD 'status'
2024-03-01 19:09:10.589 +00:00 [DBG] >LOG:1709320150,D,MANAGEMENT: CMD 'status'
2024-03-01 19:09:11.097 +00:00 [DBG] >LOG:1709320151,D,MANAGEMENT: CMD 'status'
2024-03-01 19:09:11.623 +00:00 [DBG] >LOG:1709320151,D,MANAGEMENT: CMD 'status'
2024-03-01 19:09:12.133 +00:00 [DBG] >LOG:1709320152,D,MANAGEMENT: CMD 'status'
2024-03-01 19:09:12.641 +00:00 [DBG] >LOG:1709320152,D,MANAGEMENT: CMD 'status'
2024-03-01 19:09:13.148 +00:00 [DBG] >LOG:1709320153,D,MANAGEMENT: CMD 'status'
2024-03-01 19:09:13.654 +00:00 [DBG] >LOG:1709320153,D,MANAGEMENT: CMD 'status'
2024-03-01 19:09:14.161 +00:00 [DBG] >LOG:1709320154,D,MANAGEMENT: CMD 'status'
2024-03-01 19:09:14.672 +00:00 [DBG] >LOG:1709320154,D,MANAGEMENT: CMD 'status'
2024-03-01 19:09:15.182 +00:00 [DBG] >LOG:1709320155,D,MANAGEMENT: CMD 'status'
2024-03-01 19:09:15.697 +00:00 [DBG] >LOG:1709320155,D,MANAGEMENT: CMD 'status'
2024-03-01 19:09:16.206 +00:00 [DBG] >LOG:1709320156,D,MANAGEMENT: CMD 'status'
2024-03-01 19:09:16.716 +00:00 [DBG] >LOG:1709320156,D,MANAGEMENT: CMD 'status'
2024-03-01 19:09:17.226 +00:00 [DBG] >LOG:1709320157,D,MANAGEMENT: CMD 'status'
2024-03-01 19:09:17.739 +00:00 [DBG] >LOG:1709320157,D,MANAGEMENT: CMD 'status'
2024-03-01 19:09:18.248 +00:00 [DBG] >LOG:1709320158,D,MANAGEMENT: CMD 'status'
2024-03-01 19:09:18.759 +00:00 [DBG] >LOG:1709320158,D,MANAGEMENT: CMD 'status'
2024-03-01 19:09:19.271 +00:00 [DBG] >LOG:1709320159,D,MANAGEMENT: CMD 'status'
2024-03-01 19:09:19.780 +00:00 [DBG] >LOG:1709320159,D,MANAGEMENT: CMD 'status'
2024-03-01 19:09:20.297 +00:00 [DBG] >LOG:1709320160,D,MANAGEMENT: CMD 'status'
2024-03-01 19:09:20.813 +00:00 [DBG] >LOG:1709320160,D,MANAGEMENT: CMD 'status'
2024-03-01 19:09:21.324 +00:00 [DBG] >LOG:1709320161,D,MANAGEMENT: CMD 'status'
2024-03-01 19:09:21.852 +00:00 [DBG] >LOG:1709320161,D,MANAGEMENT: CMD 'status'
2024-03-01 19:09:22.371 +00:00 [DBG] >LOG:1709320162,D,MANAGEMENT: CMD 'status'
2024-03-01 19:09:22.877 +00:00 [DBG] >LOG:1709320162,D,MANAGEMENT: CMD 'status'
2024-03-01 19:09:23.383 +00:00 [DBG] >LOG:1709320163,D,MANAGEMENT: CMD 'status'
2024-03-01 19:09:23.888 +00:00 [DBG] >LOG:1709320163,D,MANAGEMENT: CMD 'status'
2024-03-01 19:09:24.408 +00:00 [DBG] >LOG:1709320164,D,MANAGEMENT: CMD 'status'
2024-03-01 19:09:24.913 +00:00 [DBG] >LOG:1709320164,D,MANAGEMENT: CMD 'status'
2024-03-01 19:09:25.431 +00:00 [DBG] >LOG:1709320165,D,MANAGEMENT: CMD 'status'
2024-03-01 19:09:25.949 +00:00 [DBG] >LOG:1709320165,D,MANAGEMENT: CMD 'status'
2024-03-01 19:09:26.458 +00:00 [DBG] >LOG:1709320166,D,MANAGEMENT: CMD 'status'
2024-03-01 19:09:26.964 +00:00 [DBG] >LOG:1709320166,D,MANAGEMENT: CMD 'status'
2024-03-01 19:09:27.471 +00:00 [DBG] >LOG:1709320167,D,MANAGEMENT: CMD 'status'
2024-03-01 19:09:27.999 +00:00 [DBG] >LOG:1709320167,D,MANAGEMENT: CMD 'status'
2024-03-01 19:09:28.539 +00:00 [DBG] >LOG:1709320168,D,MANAGEMENT: CMD 'status'
2024-03-01 19:09:29.048 +00:00 [DBG] >LOG:1709320169,D,MANAGEMENT: CMD 'status'
2024-03-01 19:09:29.632 +00:00 [DBG] >LOG:1709320169,D,MANAGEMENT: CMD 'status'
2024-03-01 19:09:30.403 +00:00 [DBG] >LOG:1709320170,D,MANAGEMENT: CMD 'status'
2024-03-01 19:09:30.935 +00:00 [DBG] >LOG:1709320170,D,MANAGEMENT: CMD 'status'
2024-03-01 19:09:31.520 +00:00 [DBG] >LOG:1709320171,D,MANAGEMENT: CMD 'status'
2024-03-01 19:09:32.105 +00:00 [DBG] >LOG:1709320172,D,MANAGEMENT: CMD 'status'
2024-03-01 19:09:32.675 +00:00 [DBG] >LOG:1709320172,D,MANAGEMENT: CMD 'status'
2024-03-01 19:09:33.325 +00:00 [DBG] >LOG:1709320173,D,MANAGEMENT: CMD 'status'
2024-03-01 19:09:33.840 +00:00 [DBG] >LOG:1709320173,D,MANAGEMENT: CMD 'status'
2024-03-01 19:09:34.642 +00:00 [DBG] >LOG:1709320174,D,MANAGEMENT: CMD 'status'
2024-03-01 19:09:35.899 +00:00 [DBG] >LOG:1709320175,D,MANAGEMENT: CMD 'status'
2024-03-01 19:09:36.920 +00:00 [DBG] >LOG:1709320176,D,MANAGEMENT: CMD 'status'
2024-03-01 19:09:37.967 +00:00 [DBG] >LOG:1709320177,D,MANAGEMENT: CMD 'status'
2024-03-01 19:10:00.718 +00:00 [DBG] >LOG:1709320179,D,MANAGEMENT: CMD 'status'
2024-03-01 19:10:23.407 +00:00 [DBG] >LOG:1709320184,D,MANAGEMENT: CMD 'status'
2024-03-01 19:10:23.764 +00:00 [DBG] >LOG:1709320194,D,MANAGEMENT: CMD 'status'
2024-03-01 19:10:23.767 +00:00 [DBG] >LOG:1709320201,D,MANAGEMENT: CMD 'status'
2024-03-01 19:10:23.788 +00:00 [DBG] >LOG:1709320216,D,MANAGEMENT: CMD 'status'
2024-03-01 19:10:23.826 +00:00 [DBG] >LOG:1709320219,D,MANAGEMENT: CMD 'status'
2024-03-01 19:10:24.752 +00:00 [DBG] >LOG:1709320224,D,MANAGEMENT: CMD 'status'
2024-03-01 19:10:25.470 +00:00 [DBG] >LOG:1709320225,D,MANAGEMENT: CMD 'status'
2024-03-01 19:10:26.452 +00:00 [DBG] >LOG:1709320226,D,MANAGEMENT: CMD 'status'
2024-03-01 19:10:27.321 +00:00 [DBG] >LOG:1709320227,D,MANAGEMENT: CMD 'status'
2024-03-01 19:10:27.963 +00:00 [DBG] >LOG:1709320227,D,MANAGEMENT: CMD 'status'
2024-03-01 19:10:28.551 +00:00 [DBG] >LOG:1709320228,D,MANAGEMENT: CMD 'status'
2024-03-01 19:10:29.110 +00:00 [DBG] >LOG:1709320229,D,MANAGEMENT: CMD 'status'
2024-03-01 19:10:32.055 +00:00 [DBG] >LOG:1709320229,D,MANAGEMENT: CMD 'status'
2024-03-01 19:10:32.236 +00:00 [DBG] >LOG:1709320232,D,MANAGEMENT: CMD 'status'
2024-03-01 19:10:32.790 +00:00 [DBG] >LOG:1709320232,D,MANAGEMENT: CMD 'status'
2024-03-01 19:10:33.422 +00:00 [DBG] >LOG:1709320233,D,MANAGEMENT: CMD 'status'
2024-03-01 19:10:34.201 +00:00 [DBG] >LOG:1709320234,D,MANAGEMENT: CMD 'status'
2024-03-01 19:10:35.205 +00:00 [DBG] >LOG:1709320235,D,MANAGEMENT: CMD 'status'
2024-03-01 19:10:36.011 +00:00 [DBG] >LOG:1709320235,D,MANAGEMENT: CMD 'status'
2024-03-01 19:10:36.845 +00:00 [DBG] >LOG:1709320236,D,MANAGEMENT: CMD 'status'
2024-03-01 19:10:39.115 +00:00 [DBG] >LOG:1709320238,D,MANAGEMENT: CMD 'status'
2024-03-01 19:10:48.941 +00:00 [DBG] >LOG:1709320239,D,MANAGEMENT: CMD 'status'
2024-03-01 19:10:49.369 +00:00 [DBG] >LOG:1709320248,D,MANAGEMENT: CMD 'status'
2024-03-01 19:10:55.973 +00:00 [DBG] >LOG:1709320249,D,MANAGEMENT: CMD 'status'
2024-03-01 19:11:02.234 +00:00 [DBG] >LOG:1709320257,D,MANAGEMENT: CMD 'status'
2024-03-01 19:11:02.259 +00:00 [DBG] >LOG:1709320261,D,MANAGEMENT: CMD 'status'
2024-03-01 19:11:02.822 +00:00 [DBG] >LOG:1709320262,D,MANAGEMENT: CMD 'status'
2024-03-01 19:11:03.414 +00:00 [DBG] >LOG:1709320263,D,MANAGEMENT: CMD 'status'
2024-03-01 19:11:03.954 +00:00 [DBG] >LOG:1709320263,D,MANAGEMENT: CMD 'status'
2024-03-01 19:11:05.517 +00:00 [DBG] >LOG:1709320264,D,MANAGEMENT: CMD 'status'
2024-03-01 19:11:06.067 +00:00 [DBG] >LOG:1709320266,D,MANAGEMENT: CMD 'status'
2024-03-01 19:11:06.676 +00:00 [DBG] >LOG:1709320266,D,MANAGEMENT: CMD 'status'
2024-03-01 19:11:07.466 +00:00 [DBG] >LOG:1709320267,D,MANAGEMENT: CMD 'status'
2024-03-01 19:11:08.189 +00:00 [DBG] >LOG:1709320268,D,MANAGEMENT: CMD 'status'
2024-03-01 19:11:08.936 +00:00 [DBG] >LOG:1709320268,D,MANAGEMENT: CMD 'status'
2024-03-01 19:11:26.346 +00:00 [DBG] >LOG:1709320272,D,MANAGEMENT: CMD 'status'
2024-03-01 19:11:26.425 +00:00 [DBG] >LOG:1709320285,D,MANAGEMENT: CMD 'status'
2024-03-01 19:11:26.887 +00:00 [DBG] >LOG:1709320286,D,MANAGEMENT: CMD 'status'
2024-03-01 19:11:27.439 +00:00 [DBG] >LOG:1709320287,D,MANAGEMENT: CMD 'status'
2024-03-01 19:11:27.947 +00:00 [DBG] >LOG:1709320287,D,MANAGEMENT: CMD 'status'
2024-03-01 19:11:28.458 +00:00 [DBG] >LOG:1709320288,D,MANAGEMENT: CMD 'status'
2024-03-01 19:11:28.966 +00:00 [DBG] >LOG:1709320288,D,MANAGEMENT: CMD 'status'
2024-03-01 19:11:29.487 +00:00 [DBG] >LOG:1709320289,D,MANAGEMENT: CMD 'status'
2024-03-01 19:11:30.036 +00:00 [DBG] >LOG:1709320290,D,MANAGEMENT: CMD 'status'
2024-03-01 19:11:30.547 +00:00 [DBG] >LOG:1709320290,D,MANAGEMENT: CMD 'status'
2024-03-01 19:11:31.057 +00:00 [DBG] >LOG:1709320291,D,MANAGEMENT: CMD 'status'
2024-03-01 19:11:31.569 +00:00 [DBG] >LOG:1709320291,D,MANAGEMENT: CMD 'status'
2024-03-01 19:11:32.083 +00:00 [DBG] >LOG:1709320292,D,MANAGEMENT: CMD 'status'
2024-03-01 19:11:32.590 +00:00 [DBG] >LOG:1709320292,D,MANAGEMENT: CMD 'status'
2024-03-01 19:11:33.111 +00:00 [DBG] >LOG:1709320293,D,MANAGEMENT: CMD 'status'
2024-03-01 19:11:33.624 +00:00 [DBG] >LOG:1709320293,D,MANAGEMENT: CMD 'status'
2024-03-01 19:11:34.132 +00:00 [DBG] >LOG:1709320294,D,MANAGEMENT: CMD 'status'
2024-03-01 19:11:34.644 +00:00 [DBG] >LOG:1709320294,D,MANAGEMENT: CMD 'status'
2024-03-01 19:11:35.163 +00:00 [DBG] >LOG:1709320295,D,MANAGEMENT: CMD 'status'
2024-03-01 19:11:35.672 +00:00 [DBG] >LOG:1709320295,D,MANAGEMENT: CMD 'status'
2024-03-01 19:11:36.179 +00:00 [DBG] >LOG:1709320296,D,MANAGEMENT: CMD 'status'
2024-03-01 19:11:36.696 +00:00 [DBG] >LOG:1709320296,D,MANAGEMENT: CMD 'status'
2024-03-01 19:11:37.215 +00:00 [DBG] >LOG:1709320297,D,MANAGEMENT: CMD 'status'
2024-03-01 19:11:37.726 +00:00 [DBG] >LOG:1709320297,D,MANAGEMENT: CMD 'status'
2024-03-01 19:11:38.249 +00:00 [DBG] >LOG:1709320298,D,MANAGEMENT: CMD 'status'
2024-03-01 19:11:38.760 +00:00 [DBG] >LOG:1709320298,D,MANAGEMENT: CMD 'status'
2024-03-01 19:11:39.274 +00:00 [DBG] >LOG:1709320299,D,MANAGEMENT: CMD 'status'
2024-03-01 19:11:39.784 +00:00 [DBG] >LOG:1709320299,D,MANAGEMENT: CMD 'status'
2024-03-01 19:11:40.298 +00:00 [DBG] >LOG:1709320300,D,MANAGEMENT: CMD 'status'
2024-03-01 19:11:40.805 +00:00 [DBG] >LOG:1709320300,D,MANAGEMENT: CMD 'status'
2024-03-01 19:11:41.330 +00:00 [DBG] >LOG:1709320301,D,MANAGEMENT: CMD 'status'
2024-03-01 19:11:41.841 +00:00 [DBG] >LOG:1709320301,D,MANAGEMENT: CMD 'status'
2024-03-01 19:11:42.349 +00:00 [DBG] >LOG:1709320302,D,MANAGEMENT: CMD 'status'
2024-03-01 19:11:42.857 +00:00 [DBG] >LOG:1709320302,D,MANAGEMENT: CMD 'status'
2024-03-01 19:11:43.382 +00:00 [DBG] >LOG:1709320303,D,MANAGEMENT: CMD 'status'
2024-03-01 19:11:43.890 +00:00 [DBG] >LOG:1709320303,D,MANAGEMENT: CMD 'status'
2024-03-01 19:11:44.396 +00:00 [DBG] >LOG:1709320304,D,MANAGEMENT: CMD 'status'
2024-03-01 19:11:44.903 +00:00 [DBG] >LOG:1709320304,D,MANAGEMENT: CMD 'status'
2024-03-01 19:11:45.409 +00:00 [DBG] >LOG:1709320305,D,MANAGEMENT: CMD 'status'
2024-03-01 19:11:45.916 +00:00 [DBG] >LOG:1709320305,D,MANAGEMENT: CMD 'status'
2024-03-01 19:11:46.428 +00:00 [DBG] >LOG:1709320306,D,MANAGEMENT: CMD 'status'
2024-03-01 19:11:46.952 +00:00 [DBG] >LOG:1709320306,D,MANAGEMENT: CMD 'status'
2024-03-01 19:11:47.462 +00:00 [DBG] >LOG:1709320307,D,MANAGEMENT: CMD 'status'
2024-03-01 19:11:47.966 +00:00 [DBG] >LOG:1709320307,D,MANAGEMENT: CMD 'status'
2024-03-01 19:11:48.471 +00:00 [DBG] >LOG:1709320308,D,MANAGEMENT: CMD 'status'
2024-03-01 19:11:48.976 +00:00 [DBG] >LOG:1709320308,D,MANAGEMENT: CMD 'status'
2024-03-01 19:11:49.514 +00:00 [DBG] >LOG:1709320309,D,MANAGEMENT: CMD 'status'
2024-03-01 19:11:50.028 +00:00 [DBG] >LOG:1709320310,D,MANAGEMENT: CMD 'status'
2024-03-01 19:11:50.534 +00:00 [DBG] >LOG:1709320310,D,MANAGEMENT: CMD 'status'
2024-03-01 19:11:51.065 +00:00 [DBG] >LOG:1709320311,D,MANAGEMENT: CMD 'status'
2024-03-01 19:11:51.570 +00:00 [DBG] >LOG:1709320311,D,MANAGEMENT: CMD 'status'
2024-03-01 19:11:52.101 +00:00 [DBG] >LOG:1709320312,D,MANAGEMENT: CMD 'status'
2024-03-01 19:11:52.621 +00:00 [DBG] >LOG:1709320312,D,MANAGEMENT: CMD 'status'
2024-03-01 19:11:53.131 +00:00 [DBG] >LOG:1709320313,D,MANAGEMENT: CMD 'status'
2024-03-01 19:11:53.637 +00:00 [DBG] >LOG:1709320313,D,MANAGEMENT: CMD 'status'
2024-03-01 19:11:54.146 +00:00 [DBG] >LOG:1709320314,D,MANAGEMENT: CMD 'status'
2024-03-01 19:11:54.654 +00:00 [DBG] >LOG:1709320314,D,MANAGEMENT: CMD 'status'
2024-03-01 19:11:55.166 +00:00 [DBG] >LOG:1709320315,D,MANAGEMENT: CMD 'status'
2024-03-01 19:11:55.678 +00:00 [DBG] >LOG:1709320315,D,MANAGEMENT: CMD 'status'
2024-03-01 19:11:56.186 +00:00 [DBG] >LOG:1709320316,D,MANAGEMENT: CMD 'status'
2024-03-01 19:11:56.696 +00:00 [DBG] >LOG:1709320316,D,MANAGEMENT: CMD 'status'
2024-03-01 19:11:57.204 +00:00 [DBG] >LOG:1709320317,D,MANAGEMENT: CMD 'status'
2024-03-01 19:11:57.715 +00:00 [DBG] >LOG:1709320317,D,MANAGEMENT: CMD 'status'
2024-03-01 19:11:58.322 +00:00 [DBG] >LOG:1709320318,D,MANAGEMENT: CMD 'status'
2024-03-01 19:11:58.831 +00:00 [DBG] >LOG:1709320318,D,MANAGEMENT: CMD 'status'
2024-03-01 19:11:59.342 +00:00 [DBG] >LOG:1709320319,D,MANAGEMENT: CMD 'status'
2024-03-01 19:11:59.849 +00:00 [DBG] >LOG:1709320319,D,MANAGEMENT: CMD 'status'
2024-03-01 19:12:00.363 +00:00 [DBG] >LOG:1709320320,D,MANAGEMENT: CMD 'status'
2024-03-01 19:12:00.893 +00:00 [DBG] >LOG:1709320320,D,MANAGEMENT: CMD 'status'
2024-03-01 19:12:01.411 +00:00 [DBG] >LOG:1709320321,D,MANAGEMENT: CMD 'status'
2024-03-01 19:12:01.923 +00:00 [DBG] >LOG:1709320321,D,MANAGEMENT: CMD 'status'
2024-03-01 19:12:02.469 +00:00 [DBG] >LOG:1709320322,D,MANAGEMENT: CMD 'status'
2024-03-01 19:12:02.985 +00:00 [DBG] >LOG:1709320322,D,MANAGEMENT: CMD 'status'
2024-03-01 19:12:03.500 +00:00 [DBG] >LOG:1709320323,D,MANAGEMENT: CMD 'status'
2024-03-01 19:12:04.008 +00:00 [DBG] >LOG:1709320324,D,MANAGEMENT: CMD 'status'
2024-03-01 19:12:04.519 +00:00 [DBG] >LOG:1709320324,D,MANAGEMENT: CMD 'status'
2024-03-01 19:12:05.032 +00:00 [DBG] >LOG:1709320325,D,MANAGEMENT: CMD 'status'
2024-03-01 19:12:05.542 +00:00 [DBG] >LOG:1709320325,D,MANAGEMENT: CMD 'status'
2024-03-01 19:12:06.049 +00:00 [DBG] >LOG:1709320326,D,MANAGEMENT: CMD 'status'
2024-03-01 19:12:06.556 +00:00 [DBG] >LOG:1709320326,D,MANAGEMENT: CMD 'status'
2024-03-01 19:12:07.067 +00:00 [DBG] >LOG:1709320327,D,MANAGEMENT: CMD 'status'
2024-03-01 19:12:07.588 +00:00 [DBG] >LOG:1709320327,D,MANAGEMENT: CMD 'status'
2024-03-01 19:12:08.115 +00:00 [DBG] >LOG:1709320328,D,MANAGEMENT: CMD 'status'
2024-03-01 19:12:08.625 +00:00 [DBG] >LOG:1709320328,D,MANAGEMENT: CMD 'status'
2024-03-01 19:12:09.139 +00:00 [DBG] >LOG:1709320329,D,MANAGEMENT: CMD 'status'
2024-03-01 19:12:09.665 +00:00 [DBG] >LOG:1709320329,D,MANAGEMENT: CMD 'status'
2024-03-01 19:12:10.177 +00:00 [DBG] >LOG:1709320330,D,MANAGEMENT: CMD 'status'
2024-03-01 19:12:10.686 +00:00 [DBG] >LOG:1709320330,D,MANAGEMENT: CMD 'status'
2024-03-01 19:12:11.353 +00:00 [DBG] >LOG:1709320331,D,MANAGEMENT: CMD 'status'
2024-03-01 19:12:11.872 +00:00 [DBG] >LOG:1709320331,D,MANAGEMENT: CMD 'status'
2024-03-01 19:12:12.380 +00:00 [DBG] >LOG:1709320332,D,MANAGEMENT: CMD 'status'
2024-03-01 19:12:12.889 +00:00 [DBG] >LOG:1709320332,D,MANAGEMENT: CMD 'status'
2024-03-01 19:12:13.395 +00:00 [DBG] >LOG:1709320333,D,MANAGEMENT: CMD 'status'
2024-03-01 19:12:13.906 +00:00 [DBG] >LOG:1709320333,D,MANAGEMENT: CMD 'status'
2024-03-01 19:12:14.422 +00:00 [DBG] >LOG:1709320334,D,MANAGEMENT: CMD 'status'
2024-03-01 19:12:14.945 +00:00 [DBG] >LOG:1709320334,D,MANAGEMENT: CMD 'status'
2024-03-01 19:12:15.455 +00:00 [DBG] >LOG:1709320335,D,MANAGEMENT: CMD 'status'
2024-03-01 19:12:15.996 +00:00 [DBG] >LOG:1709320335,D,MANAGEMENT: CMD 'status'
2024-03-01 19:12:16.509 +00:00 [DBG] >LOG:1709320336,D,MANAGEMENT: CMD 'status'
2024-03-01 19:12:17.016 +00:00 [DBG] >LOG:1709320337,D,MANAGEMENT: CMD 'status'
2024-03-01 19:12:17.524 +00:00 [DBG] >LOG:1709320337,D,MANAGEMENT: CMD 'status'
2024-03-01 19:12:18.053 +00:00 [DBG] >LOG:1709320338,D,MANAGEMENT: CMD 'status'
2024-03-01 19:12:18.564 +00:00 [DBG] >LOG:1709320338,D,MANAGEMENT: CMD 'status'
2024-03-01 19:12:19.081 +00:00 [DBG] >LOG:1709320339,D,MANAGEMENT: CMD 'status'
2024-03-01 19:12:19.591 +00:00 [DBG] >LOG:1709320339,D,MANAGEMENT: CMD 'status'
2024-03-01 19:12:20.101 +00:00 [DBG] >LOG:1709320340,D,MANAGEMENT: CMD 'status'
2024-03-01 19:12:20.605 +00:00 [DBG] >LOG:1709320340,D,MANAGEMENT: CMD 'status'
2024-03-01 19:12:21.115 +00:00 [DBG] >LOG:1709320341,D,MANAGEMENT: CMD 'status'
2024-03-01 19:12:21.624 +00:00 [DBG] >LOG:1709320341,D,MANAGEMENT: CMD 'status'
2024-03-01 19:12:22.149 +00:00 [DBG] >LOG:1709320342,D,MANAGEMENT: CMD 'status'
2024-03-01 19:12:22.666 +00:00 [DBG] >LOG:1709320342,D,MANAGEMENT: CMD 'status'
2024-03-01 19:12:23.179 +00:00 [DBG] >LOG:1709320343,D,MANAGEMENT: CMD 'status'
2024-03-01 19:12:23.690 +00:00 [DBG] >LOG:1709320343,D,MANAGEMENT: CMD 'status'
2024-03-01 19:12:24.202 +00:00 [DBG] >LOG:1709320344,D,MANAGEMENT: CMD 'status'
2024-03-01 19:12:24.713 +00:00 [DBG] >LOG:1709320344,D,MANAGEMENT: CMD 'status'
2024-03-01 19:12:25.221 +00:00 [DBG] >LOG:1709320345,D,MANAGEMENT: CMD 'status'
2024-03-01 19:12:25.729 +00:00 [DBG] >LOG:1709320345,D,MANAGEMENT: CMD 'status'
2024-03-01 19:12:26.258 +00:00 [DBG] >LOG:1709320346,D,MANAGEMENT: CMD 'status'
2024-03-01 19:12:26.767 +00:00 [DBG] >LOG:1709320346,D,MANAGEMENT: CMD 'status'
2024-03-01 19:12:27.274 +00:00 [DBG] >LOG:1709320347,D,MANAGEMENT: CMD 'status'
2024-03-01 19:12:27.779 +00:00 [DBG] >LOG:1709320347,D,MANAGEMENT: CMD 'status'
2024-03-01 19:12:28.286 +00:00 [DBG] >LOG:1709320348,D,MANAGEMENT: CMD 'status'
2024-03-01 19:12:28.799 +00:00 [DBG] >LOG:1709320348,D,MANAGEMENT: CMD 'status'
2024-03-01 19:12:29.319 +00:00 [DBG] >LOG:1709320349,D,MANAGEMENT: CMD 'status'
2024-03-01 19:12:29.838 +00:00 [DBG] >LOG:1709320349,D,MANAGEMENT: CMD 'status'
2024-03-01 19:12:30.345 +00:00 [DBG] >LOG:1709320350,D,MANAGEMENT: CMD 'status'
2024-03-01 19:12:30.852 +00:00 [DBG] >LOG:1709320350,D,MANAGEMENT: CMD 'status'
2024-03-01 19:12:31.362 +00:00 [DBG] >LOG:1709320351,D,MANAGEMENT: CMD 'status'
2024-03-01 19:12:31.875 +00:00 [DBG] >LOG:1709320351,D,MANAGEMENT: CMD 'status'
2024-03-01 19:12:32.390 +00:00 [DBG] >LOG:1709320352,D,MANAGEMENT: CMD 'status'
2024-03-01 19:12:32.907 +00:00 [DBG] >LOG:1709320352,D,MANAGEMENT: CMD 'status'
2024-03-01 19:12:33.420 +00:00 [DBG] >LOG:1709320353,D,MANAGEMENT: CMD 'status'
2024-03-01 19:12:33.929 +00:00 [DBG] >LOG:1709320353,D,MANAGEMENT: CMD 'status'
2024-03-01 19:12:34.443 +00:00 [DBG] >LOG:1709320354,D,MANAGEMENT: CMD 'status'
2024-03-01 19:12:34.947 +00:00 [DBG] >LOG:1709320354,D,MANAGEMENT: CMD 'status'
2024-03-01 19:12:35.463 +00:00 [DBG] >LOG:1709320355,D,MANAGEMENT: CMD 'status'
2024-03-01 19:12:35.970 +00:00 [DBG] >LOG:1709320355,D,MANAGEMENT: CMD 'status'
2024-03-01 19:12:36.477 +00:00 [DBG] >LOG:1709320356,D,MANAGEMENT: CMD 'status'
2024-03-01 19:12:36.983 +00:00 [DBG] >LOG:1709320356,D,MANAGEMENT: CMD 'status'
2024-03-01 19:12:37.489 +00:00 [DBG] >LOG:1709320357,D,MANAGEMENT: CMD 'status'
2024-03-01 19:12:37.999 +00:00 [DBG] >LOG:1709320357,D,MANAGEMENT: CMD 'status'
2024-03-01 19:12:38.503 +00:00 [DBG] >LOG:1709320358,D,MANAGEMENT: CMD 'status'
2024-03-01 19:12:39.013 +00:00 [DBG] >LOG:1709320359,D,MANAGEMENT: CMD 'status'
2024-03-01 19:12:39.544 +00:00 [DBG] >LOG:1709320359,D,MANAGEMENT: CMD 'status'
2024-03-01 19:12:40.078 +00:00 [DBG] >LOG:1709320360,D,MANAGEMENT: CMD 'status'
2024-03-01 19:12:40.599 +00:00 [DBG] >LOG:1709320360,D,MANAGEMENT: CMD 'status'
2024-03-01 19:12:41.123 +00:00 [DBG] >LOG:1709320361,D,MANAGEMENT: CMD 'status'
2024-03-01 19:12:41.632 +00:00 [DBG] >LOG:1709320361,D,MANAGEMENT: CMD 'status'
2024-03-01 19:12:42.141 +00:00 [DBG] >LOG:1709320362,D,MANAGEMENT: CMD 'status'
2024-03-01 19:12:42.650 +00:00 [DBG] >LOG:1709320362,D,MANAGEMENT: CMD 'status'
2024-03-01 19:12:43.165 +00:00 [DBG] >LOG:1709320363,D,MANAGEMENT: CMD 'status'
2024-03-01 19:12:43.681 +00:00 [DBG] >LOG:1709320363,D,MANAGEMENT: CMD 'status'
2024-03-01 19:12:44.191 +00:00 [DBG] >LOG:1709320364,D,MANAGEMENT: CMD 'status'
2024-03-01 19:12:44.706 +00:00 [DBG] >LOG:1709320364,D,MANAGEMENT: CMD 'status'
2024-03-01 19:12:45.213 +00:00 [DBG] >LOG:1709320365,D,MANAGEMENT: CMD 'status'
2024-03-01 19:12:45.720 +00:00 [DBG] >LOG:1709320365,D,MANAGEMENT: CMD 'status'
2024-03-01 19:12:46.224 +00:00 [DBG] >LOG:1709320366,D,MANAGEMENT: CMD 'status'
2024-03-01 19:12:46.732 +00:00 [DBG] >LOG:1709320366,D,MANAGEMENT: CMD 'status'
2024-03-01 19:12:47.244 +00:00 [DBG] >LOG:1709320367,D,MANAGEMENT: CMD 'status'
2024-03-01 19:12:47.763 +00:00 [DBG] >LOG:1709320367,D,MANAGEMENT: CMD 'status'
2024-03-01 19:12:48.280 +00:00 [DBG] >LOG:1709320368,D,MANAGEMENT: CMD 'status'
2024-03-01 19:12:48.792 +00:00 [DBG] >LOG:1709320368,D,MANAGEMENT: CMD 'status'
2024-03-01 19:12:49.299 +00:00 [DBG] >LOG:1709320369,D,MANAGEMENT: CMD 'status'
2024-03-01 19:12:49.809 +00:00 [DBG] >LOG:1709320369,D,MANAGEMENT: CMD 'status'
2024-03-01 19:12:50.318 +00:00 [DBG] >LOG:1709320370,D,MANAGEMENT: CMD 'status'
2024-03-01 19:12:50.829 +00:00 [DBG] >LOG:1709320370,D,MANAGEMENT: CMD 'status'
2024-03-01 19:12:51.336 +00:00 [DBG] >LOG:1709320371,D,MANAGEMENT: CMD 'status'
2024-03-01 19:12:51.848 +00:00 [DBG] >LOG:1709320371,D,MANAGEMENT: CMD 'status'
2024-03-01 19:12:52.355 +00:00 [DBG] >LOG:1709320372,D,MANAGEMENT: CMD 'status'
2024-03-01 19:12:52.864 +00:00 [DBG] >LOG:1709320372,D,MANAGEMENT: CMD 'status'
2024-03-01 19:12:53.375 +00:00 [DBG] >LOG:1709320373,D,MANAGEMENT: CMD 'status'
2024-03-01 19:12:53.882 +00:00 [DBG] >LOG:1709320373,D,MANAGEMENT: CMD 'status'
2024-03-01 19:12:54.389 +00:00 [DBG] >LOG:1709320374,D,MANAGEMENT: CMD 'status'
2024-03-01 19:12:54.909 +00:00 [DBG] >LOG:1709320374,D,MANAGEMENT: CMD 'status'
2024-03-01 19:12:55.423 +00:00 [DBG] >LOG:1709320375,D,MANAGEMENT: CMD 'status'
2024-03-01 19:12:55.929 +00:00 [DBG] >LOG:1709320375,D,MANAGEMENT: CMD 'status'
2024-03-01 19:12:56.439 +00:00 [DBG] >LOG:1709320376,D,MANAGEMENT: CMD 'status'
2024-03-01 19:12:56.950 +00:00 [DBG] >LOG:1709320376,D,MANAGEMENT: CMD 'status'
2024-03-01 19:12:57.464 +00:00 [DBG] >LOG:1709320377,D,MANAGEMENT: CMD 'status'
2024-03-01 19:12:57.973 +00:00 [DBG] >LOG:1709320377,D,MANAGEMENT: CMD 'status'
2024-03-01 19:12:58.481 +00:00 [DBG] >LOG:1709320378,D,MANAGEMENT: CMD 'status'
2024-03-01 19:12:59.000 +00:00 [DBG] >LOG:1709320378,D,MANAGEMENT: CMD 'status'
2024-03-01 19:12:59.518 +00:00 [DBG] >LOG:1709320379,D,MANAGEMENT: CMD 'status'
2024-03-01 19:13:00.040 +00:00 [DBG] >LOG:1709320380,D,MANAGEMENT: CMD 'status'
2024-03-01 19:13:00.548 +00:00 [DBG] >LOG:1709320380,D,MANAGEMENT: CMD 'status'
2024-03-01 19:13:01.053 +00:00 [DBG] >LOG:1709320381,D,MANAGEMENT: CMD 'status'
2024-03-01 19:13:01.562 +00:00 [DBG] >LOG:1709320381,D,MANAGEMENT: CMD 'status'
2024-03-01 19:13:02.088 +00:00 [DBG] >LOG:1709320382,D,MANAGEMENT: CMD 'status'
2024-03-01 19:13:02.595 +00:00 [DBG] >LOG:1709320382,D,MANAGEMENT: CMD 'status'
2024-03-01 19:13:03.100 +00:00 [DBG] >LOG:1709320383,D,MANAGEMENT: CMD 'status'
2024-03-01 19:13:03.625 +00:00 [DBG] >LOG:1709320383,D,MANAGEMENT: CMD 'status'
2024-03-01 19:13:04.136 +00:00 [DBG] >LOG:1709320384,D,MANAGEMENT: CMD 'status'
2024-03-01 19:13:04.643 +00:00 [DBG] >LOG:1709320384,D,MANAGEMENT: CMD 'status'
2024-03-01 19:13:05.150 +00:00 [DBG] >LOG:1709320385,D,MANAGEMENT: CMD 'status'
2024-03-01 19:13:05.659 +00:00 [DBG] >LOG:1709320385,D,MANAGEMENT: CMD 'status'
2024-03-01 19:13:06.165 +00:00 [DBG] >LOG:1709320386,D,MANAGEMENT: CMD 'status'
2024-03-01 19:13:06.680 +00:00 [DBG] >LOG:1709320386,D,MANAGEMENT: CMD 'status'
2024-03-01 19:13:07.191 +00:00 [DBG] >LOG:1709320387,D,MANAGEMENT: CMD 'status'
2024-03-01 19:13:07.713 +00:00 [DBG] >LOG:1709320387,D,MANAGEMENT: CMD 'status'
2024-03-01 19:13:08.219 +00:00 [DBG] >LOG:1709320388,D,MANAGEMENT: CMD 'status'
2024-03-01 19:13:08.724 +00:00 [DBG] >LOG:1709320388,D,MANAGEMENT: CMD 'status'
2024-03-01 19:13:09.231 +00:00 [DBG] >LOG:1709320389,D,MANAGEMENT: CMD 'status'
2024-03-01 19:13:09.734 +00:00 [DBG] >LOG:1709320389,D,MANAGEMENT: CMD 'status'
2024-03-01 19:13:10.240 +00:00 [DBG] >LOG:1709320390,D,MANAGEMENT: CMD 'status'
2024-03-01 19:13:10.750 +00:00 [DBG] >LOG:1709320390,D,MANAGEMENT: CMD 'status'
2024-03-01 19:13:11.259 +00:00 [DBG] >LOG:1709320391,D,MANAGEMENT: CMD 'status'
2024-03-01 19:13:11.764 +00:00 [DBG] >LOG:1709320391,D,MANAGEMENT: CMD 'status'
2024-03-01 19:13:12.269 +00:00 [DBG] >LOG:1709320392,D,MANAGEMENT: CMD 'status'
2024-03-01 19:13:12.785 +00:00 [DBG] >LOG:1709320392,D,MANAGEMENT: CMD 'status'
2024-03-01 19:13:13.291 +00:00 [DBG] >LOG:1709320393,D,MANAGEMENT: CMD 'status'
2024-03-01 19:13:13.800 +00:00 [DBG] >LOG:1709320393,D,MANAGEMENT: CMD 'status'
2024-03-01 19:13:14.311 +00:00 [DBG] >LOG:1709320394,D,MANAGEMENT: CMD 'status'
2024-03-01 19:13:14.819 +00:00 [DBG] >LOG:1709320394,D,MANAGEMENT: CMD 'status'
2024-03-01 19:13:15.324 +00:00 [DBG] >LOG:1709320395,D,MANAGEMENT: CMD 'status'
2024-03-01 19:13:15.830 +00:00 [DBG] >LOG:1709320395,D,MANAGEMENT: CMD 'status'
2024-03-01 19:13:16.336 +00:00 [DBG] >LOG:1709320396,D,MANAGEMENT: CMD 'status'
2024-03-01 19:13:16.846 +00:00 [DBG] >LOG:1709320396,D,MANAGEMENT: CMD 'status'
2024-03-01 19:13:17.368 +00:00 [DBG] >LOG:1709320397,D,MANAGEMENT: CMD 'status'
2024-03-01 19:13:17.874 +00:00 [DBG] >LOG:1709320397,D,MANAGEMENT: CMD 'status'
2024-03-01 19:13:18.376 +00:00 [DBG] >LOG:1709320398,D,MANAGEMENT: CMD 'status'
2024-03-01 19:13:18.884 +00:00 [DBG] >LOG:1709320398,D,MANAGEMENT: CMD 'status'
2024-03-01 19:13:19.390 +00:00 [DBG] >LOG:1709320399,D,MANAGEMENT: CMD 'status'
2024-03-01 19:13:19.896 +00:00 [DBG] >LOG:1709320399,D,MANAGEMENT: CMD 'status'
2024-03-01 19:13:20.404 +00:00 [DBG] >LOG:1709320400,D,MANAGEMENT: CMD 'status'
2024-03-01 19:13:20.911 +00:00 [DBG] >LOG:1709320400,D,MANAGEMENT: CMD 'status'
2024-03-01 19:13:21.419 +00:00 [DBG] >LOG:1709320401,D,MANAGEMENT: CMD 'status'
2024-03-01 19:13:21.928 +00:00 [DBG] >LOG:1709320401,D,MANAGEMENT: CMD 'status'
2024-03-01 19:13:22.435 +00:00 [DBG] >LOG:1709320402,D,MANAGEMENT: CMD 'status'
2024-03-01 19:13:22.939 +00:00 [DBG] >LOG:1709320402,D,MANAGEMENT: CMD 'status'
2024-03-01 19:13:23.444 +00:00 [DBG] >LOG:1709320403,D,MANAGEMENT: CMD 'status'
2024-03-01 19:13:23.954 +00:00 [DBG] >LOG:1709320403,D,MANAGEMENT: CMD 'status'
2024-03-01 19:13:24.461 +00:00 [DBG] >LOG:1709320404,D,MANAGEMENT: CMD 'status'
2024-03-01 19:13:24.971 +00:00 [DBG] >LOG:1709320404,D,MANAGEMENT: CMD 'status'
2024-03-01 19:13:25.476 +00:00 [DBG] >LOG:1709320405,D,MANAGEMENT: CMD 'status'
2024-03-01 19:13:25.980 +00:00 [DBG] >LOG:1709320405,D,MANAGEMENT: CMD 'status'
2024-03-01 19:13:26.486 +00:00 [DBG] >LOG:1709320406,D,MANAGEMENT: CMD 'status'
2024-03-01 19:13:26.989 +00:00 [DBG] >LOG:1709320406,D,MANAGEMENT: CMD 'status'
2024-03-01 19:13:27.525 +00:00 [DBG] >LOG:1709320407,D,MANAGEMENT: CMD 'status'
2024-03-01 19:13:28.058 +00:00 [DBG] >LOG:1709320408,D,MANAGEMENT: CMD 'status'
2024-03-01 19:13:28.573 +00:00 [DBG] >LOG:1709320408,D,MANAGEMENT: CMD 'status'
2024-03-01 19:13:29.094 +00:00 [DBG] >LOG:1709320409,D,MANAGEMENT: CMD 'status'
2024-03-01 19:13:29.629 +00:00 [DBG] >LOG:1709320409,D,MANAGEMENT: CMD 'status'
2024-03-01 19:13:30.279 +00:00 [DBG] >LOG:1709320410,D,MANAGEMENT: CMD 'status'
2024-03-01 19:13:30.813 +00:00 [DBG] >LOG:1709320410,D,MANAGEMENT: CMD 'status'
2024-03-01 19:13:31.354 +00:00 [DBG] >LOG:1709320411,D,MANAGEMENT: CMD 'status'
2024-03-01 19:13:31.957 +00:00 [DBG] >LOG:1709320411,D,MANAGEMENT: CMD 'status'
2024-03-01 19:13:32.474 +00:00 [DBG] >LOG:1709320412,D,MANAGEMENT: CMD 'status'
2024-03-01 19:13:33.199 +00:00 [DBG] >LOG:1709320413,D,MANAGEMENT: CMD 'status'
2024-03-01 19:13:33.723 +00:00 [DBG] >LOG:1709320413,D,MANAGEMENT: CMD 'status'
2024-03-01 19:13:34.416 +00:00 [DBG] >LOG:1709320414,D,MANAGEMENT: CMD 'status'
2024-03-01 19:13:35.012 +00:00 [DBG] >LOG:1709320414,D,MANAGEMENT: CMD 'status'
2024-03-01 19:13:35.534 +00:00 [DBG] >LOG:1709320415,D,MANAGEMENT: CMD 'status'
2024-03-01 19:13:36.185 +00:00 [DBG] >LOG:1709320416,D,MANAGEMENT: CMD 'status'
2024-03-01 19:13:36.702 +00:00 [DBG] >LOG:1709320416,D,MANAGEMENT: CMD 'status'
2024-03-01 19:13:37.294 +00:00 [DBG] >LOG:1709320417,D,MANAGEMENT: CMD 'status'
2024-03-01 19:13:37.805 +00:00 [DBG] >LOG:1709320417,D,MANAGEMENT: CMD 'status'
2024-03-01 19:13:38.315 +00:00 [DBG] >LOG:1709320418,D,MANAGEMENT: CMD 'status'
2024-03-01 19:13:38.895 +00:00 [DBG] >LOG:1709320418,D,MANAGEMENT: CMD 'status'
2024-03-01 19:13:39.487 +00:00 [DBG] >LOG:1709320419,D,MANAGEMENT: CMD 'status'
2024-03-01 19:13:40.291 +00:00 [DBG] >LOG:1709320420,D,MANAGEMENT: CMD 'status'
2024-03-01 19:13:40.825 +00:00 [DBG] >LOG:1709320420,D,MANAGEMENT: CMD 'status'
2024-03-01 19:13:41.367 +00:00 [DBG] >LOG:1709320421,D,MANAGEMENT: CMD 'status'
2024-03-01 19:13:41.927 +00:00 [DBG] >LOG:1709320421,D,MANAGEMENT: CMD 'status'
2024-03-01 19:13:42.489 +00:00 [DBG] >LOG:1709320422,D,MANAGEMENT: CMD 'status'
2024-03-01 19:13:43.028 +00:00 [DBG] >LOG:1709320423,D,MANAGEMENT: CMD 'status'
2024-03-01 19:13:43.585 +00:00 [DBG] >LOG:1709320423,D,MANAGEMENT: CMD 'status'
2024-03-01 19:13:44.239 +00:00 [DBG] >LOG:1709320424,D,MANAGEMENT: CMD 'status'
2024-03-01 19:13:44.747 +00:00 [DBG] >LOG:1709320424,D,MANAGEMENT: CMD 'status'
2024-03-01 19:13:45.408 +00:00 [DBG] >LOG:1709320425,D,MANAGEMENT: CMD 'status'
2024-03-01 19:13:45.959 +00:00 [DBG] >LOG:1709320425,D,MANAGEMENT: CMD 'status'
2024-03-01 19:13:46.473 +00:00 [DBG] >LOG:1709320426,D,MANAGEMENT: CMD 'status'
2024-03-01 19:13:47.052 +00:00 [DBG] >LOG:1709320427,D,MANAGEMENT: CMD 'status'
2024-03-01 19:13:47.727 +00:00 [DBG] >LOG:1709320427,D,MANAGEMENT: CMD 'status'
2024-03-01 19:13:48.247 +00:00 [DBG] >LOG:1709320428,D,MANAGEMENT: CMD 'status'
2024-03-01 19:13:48.776 +00:00 [DBG] >LOG:1709320428,D,MANAGEMENT: CMD 'status'
2024-03-01 19:13:49.303 +00:00 [DBG] >LOG:1709320429,D,MANAGEMENT: CMD 'status'
2024-03-01 19:13:49.900 +00:00 [DBG] >LOG:1709320429,D,MANAGEMENT: CMD 'status'
2024-03-01 19:13:50.491 +00:00 [DBG] >LOG:1709320430,D,MANAGEMENT: CMD 'status'
2024-03-01 19:13:51.171 +00:00 [DBG] >LOG:1709320431,D,MANAGEMENT: CMD 'status'
2024-03-01 19:13:51.772 +00:00 [DBG] >LOG:1709320431,D,MANAGEMENT: CMD 'status'
2024-03-01 19:13:52.336 +00:00 [DBG] >LOG:1709320432,D,MANAGEMENT: CMD 'status'
2024-03-01 19:13:52.850 +00:00 [DBG] >LOG:1709320432,D,MANAGEMENT: CMD 'status'
2024-03-01 19:13:53.459 +00:00 [DBG] >LOG:1709320433,D,MANAGEMENT: CMD 'status'
2024-03-01 19:13:53.967 +00:00 [DBG] >LOG:1709320433,D,MANAGEMENT: CMD 'status'
2024-03-01 19:13:54.542 +00:00 [DBG] >LOG:1709320434,D,MANAGEMENT: CMD 'status'
2024-03-01 19:13:55.066 +00:00 [DBG] >LOG:1709320435,D,MANAGEMENT: CMD 'status'
2024-03-01 19:13:55.582 +00:00 [DBG] >LOG:1709320435,D,MANAGEMENT: CMD 'status'
2024-03-01 19:13:56.220 +00:00 [DBG] >LOG:1709320436,D,MANAGEMENT: CMD 'status'
2024-03-01 19:13:56.758 +00:00 [DBG] >LOG:1709320436,D,MANAGEMENT: CMD 'status'
2024-03-01 19:13:57.278 +00:00 [DBG] >LOG:1709320437,D,MANAGEMENT: CMD 'status'
2024-03-01 19:13:57.836 +00:00 [DBG] >LOG:1709320437,D,MANAGEMENT: CMD 'status'
2024-03-01 19:13:58.450 +00:00 [DBG] >LOG:1709320438,D,MANAGEMENT: CMD 'status'
2024-03-01 19:13:59.066 +00:00 [DBG] >LOG:1709320439,D,MANAGEMENT: CMD 'status'
2024-03-01 19:13:59.646 +00:00 [DBG] >LOG:1709320439,D,MANAGEMENT: CMD 'status'
2024-03-01 19:14:00.453 +00:00 [DBG] >LOG:1709320440,D,MANAGEMENT: CMD 'status'
2024-03-01 19:14:01.150 +00:00 [DBG] >LOG:1709320441,D,MANAGEMENT: CMD 'status'
2024-03-01 19:14:01.680 +00:00 [DBG] >LOG:1709320441,D,MANAGEMENT: CMD 'status'
2024-03-01 19:14:02.363 +00:00 [DBG] >LOG:1709320442,D,MANAGEMENT: CMD 'status'
2024-03-01 19:14:02.897 +00:00 [DBG] >LOG:1709320442,D,MANAGEMENT: CMD 'status'
2024-03-01 19:14:03.418 +00:00 [DBG] >LOG:1709320443,D,MANAGEMENT: CMD 'status'
2024-03-01 19:14:04.015 +00:00 [DBG] >LOG:1709320444,D,MANAGEMENT: CMD 'status'
2024-03-01 19:14:04.615 +00:00 [DBG] >LOG:1709320444,D,MANAGEMENT: CMD 'status'
2024-03-01 19:14:05.296 +00:00 [DBG] >LOG:1709320445,D,MANAGEMENT: CMD 'status'
2024-03-01 19:14:05.862 +00:00 [DBG] >LOG:1709320445,D,MANAGEMENT: CMD 'status'
2024-03-01 19:14:06.508 +00:00 [DBG] >LOG:1709320446,D,MANAGEMENT: CMD 'status'
2024-03-01 19:14:07.128 +00:00 [DBG] >LOG:1709320447,D,MANAGEMENT: CMD 'status'
2024-03-01 19:14:07.789 +00:00 [DBG] >LOG:1709320447,D,MANAGEMENT: CMD 'status'
2024-03-01 19:14:08.391 +00:00 [DBG] >LOG:1709320448,D,MANAGEMENT: CMD 'status'
2024-03-01 19:14:08.911 +00:00 [DBG] >LOG:1709320448,D,MANAGEMENT: CMD 'status'
2024-03-01 19:14:09.471 +00:00 [DBG] >LOG:1709320449,D,MANAGEMENT: CMD 'status'
2024-03-01 19:14:10.022 +00:00 [DBG] >LOG:1709320450,D,MANAGEMENT: CMD 'status'
2024-03-01 19:14:10.712 +00:00 [DBG] >LOG:1709320450,D,MANAGEMENT: CMD 'status'
2024-03-01 19:14:11.398 +00:00 [DBG] >LOG:1709320451,D,MANAGEMENT: CMD 'status'
2024-03-01 19:14:11.988 +00:00 [DBG] >LOG:1709320451,D,MANAGEMENT: CMD 'status'
2024-03-01 19:14:32.185 +00:00 [DBG] >LOG:1709320454,D,MANAGEMENT: CMD 'status'
2024-03-01 19:14:39.037 +00:00 [DBG] >LOG:1709320461,D,MANAGEMENT: CMD 'status'
2024-03-01 19:14:47.468 +00:00 [DBG] >LOG:1709320471,D,MANAGEMENT: CMD 'status'
2024-03-01 19:14:48.050 +00:00 [DBG] >LOG:1709320478,D,MANAGEMENT: CMD 'status'
2024-03-01 19:14:49.300 +00:00 [DBG] >LOG:1709320487,D,MANAGEMENT: CMD 'status'
2024-03-01 19:14:49.399 +00:00 [DBG] >LOG:1709320489,D,MANAGEMENT: CMD 'status'
2024-03-01 19:15:01.764 +00:00 [DBG] >LOG:1709320493,D,MANAGEMENT: CMD 'status'
2024-03-01 19:15:21.218 +00:00 [DBG] >LOG:1709320499,D,MANAGEMENT: CMD 'status'
2024-03-01 19:15:23.337 +00:00 [DBG] >LOG:1709320503,D,MANAGEMENT: CMD 'status'
2024-03-01 19:15:23.339 +00:00 [DBG] >LOG:1709320507,D,MANAGEMENT: CMD 'status'
2024-03-01 19:15:23.401 +00:00 [DBG] >LOG:1709320515,D,MANAGEMENT: CMD 'status'
2024-03-01 19:15:23.408 +00:00 [DBG] >LOG:1709320523,D,MANAGEMENT: CMD 'status'
2024-03-01 19:15:23.921 +00:00 [DBG] >LOG:1709320523,D,MANAGEMENT: CMD 'status'
2024-03-01 19:15:24.426 +00:00 [DBG] >LOG:1709320524,D,MANAGEMENT: CMD 'status'
2024-03-01 19:15:24.933 +00:00 [DBG] >LOG:1709320524,D,MANAGEMENT: CMD 'status'
2024-03-01 19:15:25.439 +00:00 [DBG] >LOG:1709320525,D,MANAGEMENT: CMD 'status'
2024-03-01 19:15:25.953 +00:00 [DBG] >LOG:1709320525,D,MANAGEMENT: CMD 'status'
2024-03-01 19:15:26.467 +00:00 [DBG] >LOG:1709320526,D,MANAGEMENT: CMD 'status'
2024-03-01 19:15:26.973 +00:00 [DBG] >LOG:1709320526,D,MANAGEMENT: CMD 'status'
2024-03-01 19:15:27.490 +00:00 [DBG] >LOG:1709320527,D,MANAGEMENT: CMD 'status'
2024-03-01 19:15:28.049 +00:00 [DBG] >LOG:1709320528,D,MANAGEMENT: CMD 'status'
2024-03-01 19:15:28.554 +00:00 [DBG] >LOG:1709320528,D,MANAGEMENT: CMD 'status'
2024-03-01 19:15:29.060 +00:00 [DBG] >LOG:1709320529,D,MANAGEMENT: CMD 'status'
2024-03-01 19:15:29.576 +00:00 [DBG] >LOG:1709320529,D,MANAGEMENT: CMD 'status'
2024-03-01 19:15:30.201 +00:00 [DBG] >LOG:1709320530,D,MANAGEMENT: CMD 'status'
2024-03-01 19:15:30.752 +00:00 [DBG] >LOG:1709320530,D,MANAGEMENT: CMD 'status'
2024-03-01 19:15:31.268 +00:00 [DBG] >LOG:1709320531,D,MANAGEMENT: CMD 'status'
2024-03-01 19:15:31.774 +00:00 [DBG] >LOG:1709320531,D,MANAGEMENT: CMD 'status'
2024-03-01 19:15:32.283 +00:00 [DBG] >LOG:1709320532,D,MANAGEMENT: CMD 'status'
2024-03-01 19:15:32.794 +00:00 [DBG] >LOG:1709320532,D,MANAGEMENT: CMD 'status'
2024-03-01 19:15:33.299 +00:00 [DBG] >LOG:1709320533,D,MANAGEMENT: CMD 'status'
2024-03-01 19:15:33.813 +00:00 [DBG] >LOG:1709320533,D,MANAGEMENT: CMD 'status'
2024-03-01 19:15:34.327 +00:00 [DBG] >LOG:1709320534,D,MANAGEMENT: CMD 'status'
2024-03-01 19:15:34.846 +00:00 [DBG] >LOG:1709320534,D,MANAGEMENT: CMD 'status'
2024-03-01 19:15:35.358 +00:00 [DBG] >LOG:1709320535,D,MANAGEMENT: CMD 'status'
2024-03-01 19:15:35.866 +00:00 [DBG] >LOG:1709320535,D,MANAGEMENT: CMD 'status'
2024-03-01 19:15:36.377 +00:00 [DBG] >LOG:1709320536,D,MANAGEMENT: CMD 'status'
2024-03-01 19:15:36.884 +00:00 [DBG] >LOG:1709320536,D,MANAGEMENT: CMD 'status'
2024-03-01 19:15:37.414 +00:00 [DBG] >LOG:1709320537,D,MANAGEMENT: CMD 'status'
2024-03-01 19:15:37.921 +00:00 [DBG] >LOG:1709320537,D,MANAGEMENT: CMD 'status'
2024-03-01 19:15:38.429 +00:00 [DBG] >LOG:1709320538,D,MANAGEMENT: CMD 'status'
2024-03-01 19:15:38.939 +00:00 [DBG] >LOG:1709320538,D,MANAGEMENT: CMD 'status'
2024-03-01 19:15:39.445 +00:00 [DBG] >LOG:1709320539,D,MANAGEMENT: CMD 'status'
2024-03-01 19:15:39.958 +00:00 [DBG] >LOG:1709320539,D,MANAGEMENT: CMD 'status'
2024-03-01 19:15:40.463 +00:00 [DBG] >LOG:1709320540,D,MANAGEMENT: CMD 'status'
2024-03-01 19:15:40.969 +00:00 [DBG] >LOG:1709320540,D,MANAGEMENT: CMD 'status'
2024-03-01 19:15:41.480 +00:00 [DBG] >LOG:1709320541,D,MANAGEMENT: CMD 'status'
2024-03-01 19:15:41.988 +00:00 [DBG] >LOG:1709320541,D,MANAGEMENT: CMD 'status'
2024-03-01 19:15:42.498 +00:00 [DBG] >LOG:1709320542,D,MANAGEMENT: CMD 'status'
2024-03-01 19:15:43.012 +00:00 [DBG] >LOG:1709320543,D,MANAGEMENT: CMD 'status'
2024-03-01 19:15:43.516 +00:00 [DBG] >LOG:1709320543,D,MANAGEMENT: CMD 'status'
2024-03-01 19:15:44.026 +00:00 [DBG] >LOG:1709320544,D,MANAGEMENT: CMD 'status'
2024-03-01 19:15:44.535 +00:00 [DBG] >LOG:1709320544,D,MANAGEMENT: CMD 'status'
2024-03-01 19:15:45.059 +00:00 [DBG] >LOG:1709320545,D,MANAGEMENT: CMD 'status'
2024-03-01 19:15:45.577 +00:00 [DBG] >LOG:1709320545,D,MANAGEMENT: CMD 'status'
2024-03-01 19:15:46.095 +00:00 [DBG] >LOG:1709320546,D,MANAGEMENT: CMD 'status'
2024-03-01 19:15:46.609 +00:00 [DBG] >LOG:1709320546,D,MANAGEMENT: CMD 'status'
2024-03-01 19:15:47.118 +00:00 [DBG] >LOG:1709320547,D,MANAGEMENT: CMD 'status'
2024-03-01 19:15:47.627 +00:00 [DBG] >LOG:1709320547,D,MANAGEMENT: CMD 'status'
2024-03-01 19:15:48.136 +00:00 [DBG] >LOG:1709320548,D,MANAGEMENT: CMD 'status'
2024-03-01 19:15:48.645 +00:00 [DBG] >LOG:1709320548,D,MANAGEMENT: CMD 'status'
2024-03-01 19:15:49.152 +00:00 [DBG] >LOG:1709320549,D,MANAGEMENT: CMD 'status'
2024-03-01 19:15:49.662 +00:00 [DBG] >LOG:1709320549,D,MANAGEMENT: CMD 'status'
2024-03-01 19:15:50.170 +00:00 [DBG] >LOG:1709320550,D,MANAGEMENT: CMD 'status'
2024-03-01 19:15:50.674 +00:00 [DBG] >LOG:1709320550,D,MANAGEMENT: CMD 'status'
2024-03-01 19:15:51.209 +00:00 [DBG] >LOG:1709320551,D,MANAGEMENT: CMD 'status'
2024-03-01 19:15:51.717 +00:00 [DBG] >LOG:1709320551,D,MANAGEMENT: CMD 'status'
2024-03-01 19:15:52.229 +00:00 [DBG] >LOG:1709320552,D,MANAGEMENT: CMD 'status'
2024-03-01 19:15:52.735 +00:00 [DBG] >LOG:1709320552,D,MANAGEMENT: CMD 'status'
2024-03-01 19:15:53.240 +00:00 [DBG] >LOG:1709320553,D,MANAGEMENT: CMD 'status'
2024-03-01 19:15:53.744 +00:00 [DBG] >LOG:1709320553,D,MANAGEMENT: CMD 'status'
2024-03-01 19:15:54.263 +00:00 [DBG] >LOG:1709320554,D,MANAGEMENT: CMD 'status'
2024-03-01 19:15:54.775 +00:00 [DBG] >LOG:1709320554,D,MANAGEMENT: CMD 'status'
2024-03-01 19:15:55.279 +00:00 [DBG] >LOG:1709320555,D,MANAGEMENT: CMD 'status'
2024-03-01 19:15:55.785 +00:00 [DBG] >LOG:1709320555,D,MANAGEMENT: CMD 'status'
2024-03-01 19:15:56.308 +00:00 [DBG] >LOG:1709320556,D,MANAGEMENT: CMD 'status'
2024-03-01 19:15:56.826 +00:00 [DBG] >LOG:1709320556,D,MANAGEMENT: CMD 'status'
2024-03-01 19:15:57.333 +00:00 [DBG] >LOG:1709320557,D,MANAGEMENT: CMD 'status'
2024-03-01 19:15:57.842 +00:00 [DBG] >LOG:1709320557,D,MANAGEMENT: CMD 'status'
2024-03-01 19:15:58.356 +00:00 [DBG] >LOG:1709320558,D,MANAGEMENT: CMD 'status'
2024-03-01 19:15:58.868 +00:00 [DBG] >LOG:1709320558,D,MANAGEMENT: CMD 'status'
2024-03-01 19:15:59.378 +00:00 [DBG] >LOG:1709320559,D,MANAGEMENT: CMD 'status'
2024-03-01 19:15:59.883 +00:00 [DBG] >LOG:1709320559,D,MANAGEMENT: CMD 'status'
2024-03-01 19:16:00.397 +00:00 [DBG] >LOG:1709320560,D,MANAGEMENT: CMD 'status'
2024-03-01 19:16:00.905 +00:00 [DBG] >LOG:1709320560,D,MANAGEMENT: CMD 'status'
2024-03-01 19:16:01.412 +00:00 [DBG] >LOG:1709320561,D,MANAGEMENT: CMD 'status'
2024-03-01 19:16:01.927 +00:00 [DBG] >LOG:1709320561,D,MANAGEMENT: CMD 'status'
2024-03-01 19:16:02.493 +00:00 [DBG] >LOG:1709320562,D,MANAGEMENT: CMD 'status'
2024-03-01 19:16:03.008 +00:00 [DBG] >LOG:1709320563,D,MANAGEMENT: CMD 'status'
2024-03-01 19:16:03.515 +00:00 [DBG] >LOG:1709320563,D,MANAGEMENT: CMD 'status'
2024-03-01 19:16:04.195 +00:00 [DBG] >LOG:1709320564,D,MANAGEMENT: CMD 'status'
2024-03-01 19:16:04.707 +00:00 [DBG] >LOG:1709320564,D,MANAGEMENT: CMD 'status'
2024-03-01 19:16:05.213 +00:00 [DBG] >LOG:1709320565,D,MANAGEMENT: CMD 'status'
2024-03-01 19:16:05.720 +00:00 [DBG] >LOG:1709320565,D,MANAGEMENT: CMD 'status'
2024-03-01 19:16:06.235 +00:00 [DBG] >LOG:1709320566,D,MANAGEMENT: CMD 'status'
2024-03-01 19:16:06.750 +00:00 [DBG] >LOG:1709320566,D,MANAGEMENT: CMD 'status'
2024-03-01 19:16:07.258 +00:00 [DBG] >LOG:1709320567,D,MANAGEMENT: CMD 'status'
2024-03-01 19:16:07.764 +00:00 [DBG] >LOG:1709320567,D,MANAGEMENT: CMD 'status'
2024-03-01 19:16:08.275 +00:00 [DBG] >LOG:1709320568,D,MANAGEMENT: CMD 'status'
2024-03-01 19:16:08.785 +00:00 [DBG] >LOG:1709320568,D,MANAGEMENT: CMD 'status'
2024-03-01 19:16:09.297 +00:00 [DBG] >LOG:1709320569,D,MANAGEMENT: CMD 'status'
2024-03-01 19:16:09.809 +00:00 [DBG] >LOG:1709320569,D,MANAGEMENT: CMD 'status'
2024-03-01 19:16:10.315 +00:00 [DBG] >LOG:1709320570,D,MANAGEMENT: CMD 'status'
2024-03-01 19:16:10.822 +00:00 [DBG] >LOG:1709320570,D,MANAGEMENT: CMD 'status'
2024-03-01 19:16:11.327 +00:00 [DBG] >LOG:1709320571,D,MANAGEMENT: CMD 'status'
2024-03-01 19:16:11.834 +00:00 [DBG] >LOG:1709320571,D,MANAGEMENT: CMD 'status'
2024-03-01 19:16:12.347 +00:00 [DBG] >LOG:1709320572,D,MANAGEMENT: CMD 'status'
2024-03-01 19:16:12.852 +00:00 [DBG] >LOG:1709320572,D,MANAGEMENT: CMD 'status'
2024-03-01 19:16:13.358 +00:00 [DBG] >LOG:1709320573,D,MANAGEMENT: CMD 'status'
2024-03-01 19:16:13.876 +00:00 [DBG] >LOG:1709320573,D,MANAGEMENT: CMD 'status'
2024-03-01 19:16:14.382 +00:00 [DBG] >LOG:1709320574,D,MANAGEMENT: CMD 'status'
2024-03-01 19:16:14.888 +00:00 [DBG] >LOG:1709320574,D,MANAGEMENT: CMD 'status'
2024-03-01 19:16:15.399 +00:00 [DBG] >LOG:1709320575,D,MANAGEMENT: CMD 'status'
2024-03-01 19:16:15.909 +00:00 [DBG] >LOG:1709320575,D,MANAGEMENT: CMD 'status'
2024-03-01 19:16:16.414 +00:00 [DBG] >LOG:1709320576,D,MANAGEMENT: CMD 'status'
2024-03-01 19:16:16.924 +00:00 [DBG] >LOG:1709320576,D,MANAGEMENT: CMD 'status'
2024-03-01 19:16:17.429 +00:00 [DBG] >LOG:1709320577,D,MANAGEMENT: CMD 'status'
2024-03-01 19:16:17.936 +00:00 [DBG] >LOG:1709320577,D,MANAGEMENT: CMD 'status'
2024-03-01 19:16:18.449 +00:00 [DBG] >LOG:1709320578,D,MANAGEMENT: CMD 'status'
2024-03-01 19:16:18.961 +00:00 [DBG] >LOG:1709320578,D,MANAGEMENT: CMD 'status'
2024-03-01 19:16:19.467 +00:00 [DBG] >LOG:1709320579,D,MANAGEMENT: CMD 'status'
2024-03-01 19:16:19.976 +00:00 [DBG] >LOG:1709320579,D,MANAGEMENT: CMD 'status'
2024-03-01 19:16:20.482 +00:00 [DBG] >LOG:1709320580,D,MANAGEMENT: CMD 'status'
2024-03-01 19:16:21.008 +00:00 [DBG] >LOG:1709320581,D,MANAGEMENT: CMD 'status'
2024-03-01 19:16:21.529 +00:00 [DBG] >LOG:1709320581,D,MANAGEMENT: CMD 'status'
2024-03-01 19:16:22.036 +00:00 [DBG] >LOG:1709320582,D,MANAGEMENT: CMD 'status'
2024-03-01 19:16:22.548 +00:00 [DBG] >LOG:1709320582,D,MANAGEMENT: CMD 'status'
2024-03-01 19:16:23.058 +00:00 [DBG] >LOG:1709320583,D,MANAGEMENT: CMD 'status'
2024-03-01 19:16:23.568 +00:00 [DBG] >LOG:1709320583,D,MANAGEMENT: CMD 'status'
2024-03-01 19:16:24.079 +00:00 [DBG] >LOG:1709320584,D,MANAGEMENT: CMD 'status'
2024-03-01 19:16:24.589 +00:00 [DBG] >LOG:1709320584,D,MANAGEMENT: CMD 'status'
2024-03-01 19:16:25.108 +00:00 [DBG] >LOG:1709320585,D,MANAGEMENT: CMD 'status'
2024-03-01 19:16:25.620 +00:00 [DBG] >LOG:1709320585,D,MANAGEMENT: CMD 'status'
2024-03-01 19:16:26.141 +00:00 [DBG] >LOG:1709320586,D,MANAGEMENT: CMD 'status'
2024-03-01 19:16:26.653 +00:00 [DBG] >LOG:1709320586,D,MANAGEMENT: CMD 'status'
2024-03-01 19:16:27.162 +00:00 [DBG] >LOG:1709320587,D,MANAGEMENT: CMD 'status'
2024-03-01 19:16:27.673 +00:00 [DBG] >LOG:1709320587,D,MANAGEMENT: CMD 'status'
2024-03-01 19:16:28.189 +00:00 [DBG] >LOG:1709320588,D,MANAGEMENT: CMD 'status'
2024-03-01 19:16:28.698 +00:00 [DBG] >LOG:1709320588,D,MANAGEMENT: CMD 'status'
2024-03-01 19:16:29.209 +00:00 [DBG] >LOG:1709320589,D,MANAGEMENT: CMD 'status'
2024-03-01 19:16:29.721 +00:00 [DBG] >LOG:1709320589,D,MANAGEMENT: CMD 'status'
2024-03-01 19:16:30.225 +00:00 [DBG] >LOG:1709320590,D,MANAGEMENT: CMD 'status'
2024-03-01 19:16:30.735 +00:00 [DBG] >LOG:1709320590,D,MANAGEMENT: CMD 'status'
2024-03-01 19:16:31.240 +00:00 [DBG] >LOG:1709320591,D,MANAGEMENT: CMD 'status'
2024-03-01 19:16:31.743 +00:00 [DBG] >LOG:1709320591,D,MANAGEMENT: CMD 'status'
2024-03-01 19:16:32.254 +00:00 [DBG] >LOG:1709320592,D,MANAGEMENT: CMD 'status'
2024-03-01 19:16:32.767 +00:00 [DBG] >LOG:1709320592,D,MANAGEMENT: CMD 'status'
2024-03-01 19:16:33.272 +00:00 [DBG] >LOG:1709320593,D,MANAGEMENT: CMD 'status'
2024-03-01 19:16:33.778 +00:00 [DBG] >LOG:1709320593,D,MANAGEMENT: CMD 'status'
2024-03-01 19:16:34.286 +00:00 [DBG] >LOG:1709320594,D,MANAGEMENT: CMD 'status'
2024-03-01 19:16:34.793 +00:00 [DBG] >LOG:1709320594,D,MANAGEMENT: CMD 'status'
2024-03-01 19:16:35.299 +00:00 [DBG] >LOG:1709320595,D,MANAGEMENT: CMD 'status'
2024-03-01 19:16:35.805 +00:00 [DBG] >LOG:1709320595,D,MANAGEMENT: CMD 'status'
2024-03-01 19:16:36.312 +00:00 [DBG] >LOG:1709320596,D,MANAGEMENT: CMD 'status'
2024-03-01 19:16:36.821 +00:00 [DBG] >LOG:1709320596,D,MANAGEMENT: CMD 'status'
2024-03-01 19:16:37.329 +00:00 [DBG] >LOG:1709320597,D,MANAGEMENT: CMD 'status'
2024-03-01 19:16:37.834 +00:00 [DBG] >LOG:1709320597,D,MANAGEMENT: CMD 'status'
2024-03-01 19:16:38.342 +00:00 [DBG] >LOG:1709320598,D,MANAGEMENT: CMD 'status'
2024-03-01 19:16:38.852 +00:00 [DBG] >LOG:1709320598,D,MANAGEMENT: CMD 'status'
2024-03-01 19:16:39.364 +00:00 [DBG] >LOG:1709320599,D,MANAGEMENT: CMD 'status'
2024-03-01 19:16:39.878 +00:00 [DBG] >LOG:1709320599,D,MANAGEMENT: CMD 'status'
2024-03-01 19:16:40.389 +00:00 [DBG] >LOG:1709320600,D,MANAGEMENT: CMD 'status'
2024-03-01 19:16:40.895 +00:00 [DBG] >LOG:1709320600,D,MANAGEMENT: CMD 'status'
2024-03-01 19:16:41.404 +00:00 [DBG] >LOG:1709320601,D,MANAGEMENT: CMD 'status'
2024-03-01 19:16:41.913 +00:00 [DBG] >LOG:1709320601,D,MANAGEMENT: CMD 'status'
2024-03-01 19:16:42.427 +00:00 [DBG] >LOG:1709320602,D,MANAGEMENT: CMD 'status'
2024-03-01 19:16:42.937 +00:00 [DBG] >LOG:1709320602,D,MANAGEMENT: CMD 'status'
2024-03-01 19:16:43.449 +00:00 [DBG] >LOG:1709320603,D,MANAGEMENT: CMD 'status'
2024-03-01 19:16:43.956 +00:00 [DBG] >LOG:1709320603,D,MANAGEMENT: CMD 'status'
2024-03-01 19:16:44.464 +00:00 [DBG] >LOG:1709320604,D,MANAGEMENT: CMD 'status'
2024-03-01 19:16:44.978 +00:00 [DBG] >LOG:1709320604,D,MANAGEMENT: CMD 'status'
2024-03-01 19:16:45.493 +00:00 [DBG] >LOG:1709320605,D,MANAGEMENT: CMD 'status'
2024-03-01 19:16:46.010 +00:00 [DBG] >LOG:1709320606,D,MANAGEMENT: CMD 'status'
2024-03-01 19:16:46.522 +00:00 [DBG] >LOG:1709320606,D,MANAGEMENT: CMD 'status'
2024-03-01 19:16:47.034 +00:00 [DBG] >LOG:1709320607,D,MANAGEMENT: CMD 'status'
2024-03-01 19:16:47.544 +00:00 [DBG] >LOG:1709320607,D,MANAGEMENT: CMD 'status'
2024-03-01 19:16:48.051 +00:00 [DBG] >LOG:1709320608,D,MANAGEMENT: CMD 'status'
2024-03-01 19:16:48.570 +00:00 [DBG] >LOG:1709320608,D,MANAGEMENT: CMD 'status'
2024-03-01 19:16:49.083 +00:00 [DBG] >LOG:1709320609,D,MANAGEMENT: CMD 'status'
2024-03-01 19:16:49.597 +00:00 [DBG] >LOG:1709320609,D,MANAGEMENT: CMD 'status'
2024-03-01 19:16:50.106 +00:00 [DBG] >LOG:1709320610,D,MANAGEMENT: CMD 'status'
2024-03-01 19:16:50.616 +00:00 [DBG] >LOG:1709320610,D,MANAGEMENT: CMD 'status'
2024-03-01 19:16:51.123 +00:00 [DBG] >LOG:1709320611,D,MANAGEMENT: CMD 'status'
2024-03-01 19:16:51.635 +00:00 [DBG] >LOG:1709320611,D,MANAGEMENT: CMD 'status'
2024-03-01 19:16:52.149 +00:00 [DBG] >LOG:1709320612,D,MANAGEMENT: CMD 'status'
2024-03-01 19:16:52.657 +00:00 [DBG] >LOG:1709320612,D,MANAGEMENT: CMD 'status'
2024-03-01 19:16:53.167 +00:00 [DBG] >LOG:1709320613,D,MANAGEMENT: CMD 'status'
2024-03-01 19:16:53.679 +00:00 [DBG] >LOG:1709320613,D,MANAGEMENT: CMD 'status'
2024-03-01 19:16:54.193 +00:00 [DBG] >LOG:1709320614,D,MANAGEMENT: CMD 'status'
2024-03-01 19:16:54.699 +00:00 [DBG] >LOG:1709320614,D,MANAGEMENT: CMD 'status'
2024-03-01 19:16:55.209 +00:00 [DBG] >LOG:1709320615,D,MANAGEMENT: CMD 'status'
2024-03-01 19:16:55.719 +00:00 [DBG] >LOG:1709320615,D,MANAGEMENT: CMD 'status'
2024-03-01 19:16:56.230 +00:00 [DBG] >LOG:1709320616,D,MANAGEMENT: CMD 'status'
2024-03-01 19:16:56.742 +00:00 [DBG] >LOG:1709320616,D,MANAGEMENT: CMD 'status'
2024-03-01 19:16:57.251 +00:00 [DBG] >LOG:1709320617,D,MANAGEMENT: CMD 'status'
2024-03-01 19:16:57.760 +00:00 [DBG] >LOG:1709320617,D,MANAGEMENT: CMD 'status'
2024-03-01 19:16:58.269 +00:00 [DBG] >LOG:1709320618,D,MANAGEMENT: CMD 'status'
2024-03-01 19:16:58.779 +00:00 [DBG] >LOG:1709320618,D,MANAGEMENT: CMD 'status'
2024-03-01 19:16:59.292 +00:00 [DBG] >LOG:1709320619,D,MANAGEMENT: CMD 'status'
2024-03-01 19:16:59.811 +00:00 [DBG] >LOG:1709320619,D,MANAGEMENT: CMD 'status'
2024-03-01 19:17:00.319 +00:00 [DBG] >LOG:1709320620,D,MANAGEMENT: CMD 'status'
2024-03-01 19:17:00.827 +00:00 [DBG] >LOG:1709320620,D,MANAGEMENT: CMD 'status'
2024-03-01 19:17:01.338 +00:00 [DBG] >LOG:1709320621,D,MANAGEMENT: CMD 'status'
2024-03-01 19:17:01.849 +00:00 [DBG] >LOG:1709320621,D,MANAGEMENT: CMD 'status'
2024-03-01 19:17:02.356 +00:00 [DBG] >LOG:1709320622,D,MANAGEMENT: CMD 'status'
2024-03-01 19:17:02.867 +00:00 [DBG] >LOG:1709320622,D,MANAGEMENT: CMD 'status'
2024-03-01 19:17:03.380 +00:00 [DBG] >LOG:1709320623,D,MANAGEMENT: CMD 'status'
2024-03-01 19:17:03.889 +00:00 [DBG] >LOG:1709320623,D,MANAGEMENT: CMD 'status'
2024-03-01 19:17:04.398 +00:00 [DBG] >LOG:1709320624,D,MANAGEMENT: CMD 'status'
2024-03-01 19:17:04.906 +00:00 [DBG] >LOG:1709320624,D,MANAGEMENT: CMD 'status'
2024-03-01 19:17:05.421 +00:00 [DBG] >LOG:1709320625,D,MANAGEMENT: CMD 'status'
2024-03-01 19:17:05.938 +00:00 [DBG] >LOG:1709320625,D,MANAGEMENT: CMD 'status'
2024-03-01 19:17:06.449 +00:00 [DBG] >LOG:1709320626,D,MANAGEMENT: CMD 'status'
2024-03-01 19:17:06.960 +00:00 [DBG] >LOG:1709320626,D,MANAGEMENT: CMD 'status'
2024-03-01 19:17:07.466 +00:00 [DBG] >LOG:1709320627,D,MANAGEMENT: CMD 'status'
2024-03-01 19:17:07.979 +00:00 [DBG] >LOG:1709320627,D,MANAGEMENT: CMD 'status'
2024-03-01 19:17:08.488 +00:00 [DBG] >LOG:1709320628,D,MANAGEMENT: CMD 'status'
2024-03-01 19:17:08.999 +00:00 [DBG] >LOG:1709320628,D,MANAGEMENT: CMD 'status'
2024-03-01 19:17:09.566 +00:00 [DBG] >LOG:1709320629,D,MANAGEMENT: CMD 'status'
2024-03-01 19:17:10.077 +00:00 [DBG] >LOG:1709320630,D,MANAGEMENT: CMD 'status'
2024-03-01 19:17:10.585 +00:00 [DBG] >LOG:1709320630,D,MANAGEMENT: CMD 'status'
2024-03-01 19:17:11.093 +00:00 [DBG] >LOG:1709320631,D,MANAGEMENT: CMD 'status'
2024-03-01 19:17:11.600 +00:00 [DBG] >LOG:1709320631,D,MANAGEMENT: CMD 'status'
2024-03-01 19:17:12.110 +00:00 [DBG] >LOG:1709320632,D,MANAGEMENT: CMD 'status'
2024-03-01 19:17:12.617 +00:00 [DBG] >LOG:1709320632,D,MANAGEMENT: CMD 'status'
2024-03-01 19:17:13.129 +00:00 [DBG] >LOG:1709320633,D,MANAGEMENT: CMD 'status'
2024-03-01 19:17:13.636 +00:00 [DBG] >LOG:1709320633,D,MANAGEMENT: CMD 'status'
2024-03-01 19:17:14.155 +00:00 [DBG] >LOG:1709320634,D,MANAGEMENT: CMD 'status'
2024-03-01 19:17:14.664 +00:00 [DBG] >LOG:1709320634,D,MANAGEMENT: CMD 'status'
2024-03-01 19:17:15.175 +00:00 [DBG] >LOG:1709320635,D,MANAGEMENT: CMD 'status'
2024-03-01 19:17:15.686 +00:00 [DBG] >LOG:1709320635,D,MANAGEMENT: CMD 'status'
2024-03-01 19:17:16.194 +00:00 [DBG] >LOG:1709320636,D,MANAGEMENT: CMD 'status'
2024-03-01 19:17:16.712 +00:00 [DBG] >LOG:1709320636,D,MANAGEMENT: CMD 'status'
2024-03-01 19:17:17.238 +00:00 [DBG] >LOG:1709320637,D,MANAGEMENT: CMD 'status'
2024-03-01 19:17:17.758 +00:00 [DBG] >LOG:1709320637,D,MANAGEMENT: CMD 'status'
2024-03-01 19:17:18.267 +00:00 [DBG] >LOG:1709320638,D,MANAGEMENT: CMD 'status'
2024-03-01 19:17:18.775 +00:00 [DBG] >LOG:1709320638,D,MANAGEMENT: CMD 'status'
2024-03-01 19:17:19.281 +00:00 [DBG] >LOG:1709320639,D,MANAGEMENT: CMD 'status'
2024-03-01 19:17:19.788 +00:00 [DBG] >LOG:1709320639,D,MANAGEMENT: CMD 'status'
2024-03-01 19:17:20.298 +00:00 [DBG] >LOG:1709320640,D,MANAGEMENT: CMD 'status'
2024-03-01 19:17:20.806 +00:00 [DBG] >LOG:1709320640,D,MANAGEMENT: CMD 'status'
2024-03-01 19:17:21.322 +00:00 [DBG] >LOG:1709320641,D,MANAGEMENT: CMD 'status'
2024-03-01 19:17:21.831 +00:00 [DBG] >LOG:1709320641,D,MANAGEMENT: CMD 'status'
2024-03-01 19:17:22.338 +00:00 [DBG] >LOG:1709320642,D,MANAGEMENT: CMD 'status'
2024-03-01 19:17:22.844 +00:00 [DBG] >LOG:1709320642,D,MANAGEMENT: CMD 'status'
2024-03-01 19:17:23.369 +00:00 [DBG] >LOG:1709320643,D,MANAGEMENT: CMD 'status'
2024-03-01 19:17:23.883 +00:00 [DBG] >LOG:1709320643,D,MANAGEMENT: CMD 'status'
2024-03-01 19:17:24.479 +00:00 [DBG] >LOG:1709320644,D,MANAGEMENT: CMD 'status'
2024-03-01 19:17:25.026 +00:00 [DBG] >LOG:1709320645,D,MANAGEMENT: CMD 'status'
2024-03-01 19:17:25.581 +00:00 [DBG] >LOG:1709320645,D,MANAGEMENT: CMD 'status'
2024-03-01 19:17:26.200 +00:00 [DBG] >LOG:1709320646,D,MANAGEMENT: CMD 'status'
2024-03-01 19:17:26.933 +00:00 [DBG] >LOG:1709320646,D,MANAGEMENT: CMD 'status'
2024-03-01 19:17:28.777 +00:00 [DBG] >LOG:1709320647,D,MANAGEMENT: CMD 'status'
2024-03-01 19:17:29.670 +00:00 [DBG] >LOG:1709320649,D,MANAGEMENT: CMD 'status'
2024-03-01 19:17:49.300 +00:00 [DBG] >LOG:1709320652,D,MANAGEMENT: CMD 'status'
2024-03-01 19:18:47.467 +00:00 [DBG] >LOG:1709320664,D,MANAGEMENT: CMD 'status'
2024-03-01 19:18:53.610 +00:00 [DBG] >LOG:1709320678,D,MANAGEMENT: CMD 'status'
2024-03-01 19:18:53.845 +00:00 [DBG] >LOG:1709320687,D,MANAGEMENT: CMD 'status'
2024-03-01 19:18:53.862 +00:00 [DBG] >LOG:1709320696,D,MANAGEMENT: CMD 'status'
2024-03-01 19:18:54.090 +00:00 [DBG] >LOG:1709320699,D,MANAGEMENT: CMD 'status'
2024-03-01 19:18:54.109 +00:00 [DBG] >LOG:1709320713,D,MANAGEMENT: CMD 'status'
2024-03-01 19:18:54.145 +00:00 [DBG] >LOG:1709320716,D,MANAGEMENT: CMD 'status'
2024-03-01 19:18:54.146 +00:00 [DBG] >LOG:1709320722,D,MANAGEMENT: CMD 'status'
2024-03-01 19:18:54.147 +00:00 [DBG] >LOG:1709320729,D,MANAGEMENT: CMD 'status'
2024-03-01 19:18:54.150 +00:00 [DBG] >LOG:1709320733,D,MANAGEMENT: CMD 'status'
2024-03-01 19:18:54.957 +00:00 [DBG] >LOG:1709320734,D,MANAGEMENT: CMD 'status'
2024-03-01 19:18:55.521 +00:00 [DBG] >LOG:1709320735,D,MANAGEMENT: CMD 'status'
2024-03-01 19:18:56.060 +00:00 [DBG] >LOG:1709320736,D,MANAGEMENT: CMD 'status'
2024-03-01 19:18:56.835 +00:00 [DBG] >LOG:1709320736,D,MANAGEMENT: CMD 'status'
2024-03-01 19:18:57.860 +00:00 [DBG] >LOG:1709320737,D,MANAGEMENT: CMD 'status'
2024-03-01 19:18:58.422 +00:00 [DBG] >LOG:1709320738,D,MANAGEMENT: CMD 'status'
2024-03-01 19:18:59.037 +00:00 [DBG] >LOG:1709320738,D,MANAGEMENT: CMD 'status'
2024-03-01 19:18:59.734 +00:00 [DBG] >LOG:1709320739,D,MANAGEMENT: CMD 'status'
2024-03-01 19:19:01.641 +00:00 [DBG] >LOG:1709320741,D,MANAGEMENT: CMD 'status'
2024-03-01 19:19:02.321 +00:00 [DBG] >LOG:1709320742,D,MANAGEMENT: CMD 'status'
2024-03-01 19:19:03.720 +00:00 [DBG] >LOG:1709320742,D,MANAGEMENT: CMD 'status'
2024-03-01 19:19:04.298 +00:00 [DBG] >LOG:1709320744,D,MANAGEMENT: CMD 'status'
2024-03-01 19:19:04.959 +00:00 [DBG] >LOG:1709320744,D,MANAGEMENT: CMD 'status'
2024-03-01 19:19:05.809 +00:00 [DBG] >LOG:1709320745,D,MANAGEMENT: CMD 'status'
2024-03-01 19:19:06.465 +00:00 [DBG] >LOG:1709320746,D,MANAGEMENT: CMD 'status'
2024-03-01 19:19:06.998 +00:00 [DBG] >LOG:1709320746,D,MANAGEMENT: CMD 'status'
2024-03-01 19:19:07.771 +00:00 [DBG] >LOG:1709320747,D,MANAGEMENT: CMD 'status'
2024-03-01 19:19:08.342 +00:00 [DBG] >LOG:1709320748,D,MANAGEMENT: CMD 'status'
2024-03-01 19:19:08.865 +00:00 [DBG] >LOG:1709320748,D,MANAGEMENT: CMD 'status'
2024-03-01 19:19:09.461 +00:00 [DBG] >LOG:1709320749,D,MANAGEMENT: CMD 'status'
2024-03-01 19:19:12.434 +00:00 [DBG] >LOG:1709320752,D,MANAGEMENT: CMD 'status'
2024-03-01 19:19:13.311 +00:00 [DBG] >LOG:1709320753,D,MANAGEMENT: CMD 'status'
2024-03-01 19:19:14.040 +00:00 [DBG] >LOG:1709320753,D,MANAGEMENT: CMD 'status'
2024-03-01 19:19:14.609 +00:00 [DBG] >LOG:1709320754,D,MANAGEMENT: CMD 'status'
2024-03-01 19:19:15.173 +00:00 [DBG] >LOG:1709320755,D,MANAGEMENT: CMD 'status'
2024-03-01 19:19:15.753 +00:00 [DBG] >LOG:1709320755,D,MANAGEMENT: CMD 'status'
2024-03-01 19:19:16.325 +00:00 [DBG] >LOG:1709320756,D,MANAGEMENT: CMD 'status'
2024-03-01 19:19:16.978 +00:00 [DBG] >LOG:1709320756,D,MANAGEMENT: CMD 'status'
2024-03-01 19:19:17.787 +00:00 [DBG] >LOG:1709320757,D,MANAGEMENT: CMD 'status'
2024-03-01 19:19:18.356 +00:00 [DBG] >LOG:1709320758,D,MANAGEMENT: CMD 'status'
2024-03-01 19:19:19.101 +00:00 [DBG] >LOG:1709320758,D,MANAGEMENT: CMD 'status'
2024-03-01 19:19:19.622 +00:00 [DBG] >LOG:1709320759,D,MANAGEMENT: CMD 'status'
2024-03-01 19:19:20.181 +00:00 [DBG] >LOG:1709320760,D,MANAGEMENT: CMD 'status'
2024-03-01 19:19:20.697 +00:00 [DBG] >LOG:1709320760,D,MANAGEMENT: CMD 'status'
2024-03-01 19:19:21.206 +00:00 [DBG] >LOG:1709320761,D,MANAGEMENT: CMD 'status'
2024-03-01 19:19:21.717 +00:00 [DBG] >LOG:1709320761,D,MANAGEMENT: CMD 'status'
2024-03-01 19:19:22.225 +00:00 [DBG] >LOG:1709320762,D,MANAGEMENT: CMD 'status'
2024-03-01 19:19:22.737 +00:00 [DBG] >LOG:1709320762,D,MANAGEMENT: CMD 'status'
2024-03-01 19:19:23.303 +00:00 [DBG] >LOG:1709320763,D,MANAGEMENT: CMD 'status'
2024-03-01 19:19:23.821 +00:00 [DBG] >LOG:1709320763,D,MANAGEMENT: CMD 'status'
2024-03-01 19:19:24.333 +00:00 [DBG] >LOG:1709320764,D,MANAGEMENT: CMD 'status'
2024-03-01 19:19:24.866 +00:00 [DBG] >LOG:1709320764,D,MANAGEMENT: CMD 'status'
2024-03-01 19:19:25.383 +00:00 [DBG] >LOG:1709320765,D,MANAGEMENT: CMD 'status'
2024-03-01 19:19:25.889 +00:00 [DBG] >LOG:1709320765,D,MANAGEMENT: CMD 'status'
2024-03-01 19:19:26.417 +00:00 [DBG] >LOG:1709320766,D,MANAGEMENT: CMD 'status'
2024-03-01 19:19:26.926 +00:00 [DBG] >LOG:1709320766,D,MANAGEMENT: CMD 'status'
2024-03-01 19:19:27.442 +00:00 [DBG] >LOG:1709320767,D,MANAGEMENT: CMD 'status'
2024-03-01 19:19:27.955 +00:00 [DBG] >LOG:1709320767,D,MANAGEMENT: CMD 'status'
2024-03-01 19:19:28.502 +00:00 [DBG] >LOG:1709320768,D,MANAGEMENT: CMD 'status'
2024-03-01 19:19:29.008 +00:00 [DBG] >LOG:1709320769,D,MANAGEMENT: CMD 'status'
2024-03-01 19:19:29.587 +00:00 [DBG] >LOG:1709320769,D,MANAGEMENT: CMD 'status'
2024-03-01 19:19:30.094 +00:00 [DBG] >LOG:1709320770,D,MANAGEMENT: CMD 'status'
2024-03-01 19:19:30.637 +00:00 [DBG] >LOG:1709320770,D,MANAGEMENT: CMD 'status'
2024-03-01 19:19:31.147 +00:00 [DBG] >LOG:1709320771,D,MANAGEMENT: CMD 'status'
2024-03-01 19:19:31.658 +00:00 [DBG] >LOG:1709320771,D,MANAGEMENT: CMD 'status'
2024-03-01 19:19:32.168 +00:00 [DBG] >LOG:1709320772,D,MANAGEMENT: CMD 'status'
2024-03-01 19:19:32.678 +00:00 [DBG] >LOG:1709320772,D,MANAGEMENT: CMD 'status'
2024-03-01 19:19:33.192 +00:00 [DBG] >LOG:1709320773,D,MANAGEMENT: CMD 'status'
2024-03-01 19:19:33.699 +00:00 [DBG] >LOG:1709320773,D,MANAGEMENT: CMD 'status'
2024-03-01 19:19:34.209 +00:00 [DBG] >LOG:1709320774,D,MANAGEMENT: CMD 'status'
2024-03-01 19:19:34.720 +00:00 [DBG] >LOG:1709320774,D,MANAGEMENT: CMD 'status'
2024-03-01 19:19:35.234 +00:00 [DBG] >LOG:1709320775,D,MANAGEMENT: CMD 'status'
2024-03-01 19:19:35.751 +00:00 [DBG] >LOG:1709320775,D,MANAGEMENT: CMD 'status'
2024-03-01 19:19:36.263 +00:00 [DBG] >LOG:1709320776,D,MANAGEMENT: CMD 'status'
2024-03-01 19:19:36.769 +00:00 [DBG] >LOG:1709320776,D,MANAGEMENT: CMD 'status'
2024-03-01 19:19:37.279 +00:00 [DBG] >LOG:1709320777,D,MANAGEMENT: CMD 'status'
2024-03-01 19:19:37.791 +00:00 [DBG] >LOG:1709320777,D,MANAGEMENT: CMD 'status'
2024-03-01 19:19:38.306 +00:00 [DBG] >LOG:1709320778,D,MANAGEMENT: CMD 'status'
2024-03-01 19:19:38.824 +00:00 [DBG] >LOG:1709320778,D,MANAGEMENT: CMD 'status'
2024-03-01 19:19:39.337 +00:00 [DBG] >LOG:1709320779,D,MANAGEMENT: CMD 'status'
2024-03-01 19:19:39.850 +00:00 [DBG] >LOG:1709320779,D,MANAGEMENT: CMD 'status'
2024-03-01 19:19:40.374 +00:00 [DBG] >LOG:1709320780,D,MANAGEMENT: CMD 'status'
2024-03-01 19:19:40.878 +00:00 [DBG] >LOG:1709320780,D,MANAGEMENT: CMD 'status'
2024-03-01 19:19:41.418 +00:00 [DBG] >LOG:1709320781,D,MANAGEMENT: CMD 'status'
2024-03-01 19:19:41.947 +00:00 [DBG] >LOG:1709320781,D,MANAGEMENT: CMD 'status'
2024-03-01 19:19:42.470 +00:00 [DBG] >LOG:1709320782,D,MANAGEMENT: CMD 'status'
2024-03-01 19:19:42.978 +00:00 [DBG] >LOG:1709320782,D,MANAGEMENT: CMD 'status'
2024-03-01 19:19:43.488 +00:00 [DBG] >LOG:1709320783,D,MANAGEMENT: CMD 'status'
2024-03-01 19:19:43.998 +00:00 [DBG] >LOG:1709320783,D,MANAGEMENT: CMD 'status'
2024-03-01 19:19:44.506 +00:00 [DBG] >LOG:1709320784,D,MANAGEMENT: CMD 'status'
2024-03-01 19:19:45.021 +00:00 [DBG] >LOG:1709320785,D,MANAGEMENT: CMD 'status'
2024-03-01 19:19:45.534 +00:00 [DBG] >LOG:1709320785,D,MANAGEMENT: CMD 'status'
2024-03-01 19:19:46.044 +00:00 [DBG] >LOG:1709320786,D,MANAGEMENT: CMD 'status'
2024-03-01 19:19:46.555 +00:00 [DBG] >LOG:1709320786,D,MANAGEMENT: CMD 'status'
2024-03-01 19:19:47.062 +00:00 [DBG] >LOG:1709320787,D,MANAGEMENT: CMD 'status'
2024-03-01 19:19:47.574 +00:00 [DBG] >LOG:1709320787,D,MANAGEMENT: CMD 'status'
2024-03-01 19:19:48.090 +00:00 [DBG] >LOG:1709320788,D,MANAGEMENT: CMD 'status'
2024-03-01 19:19:48.598 +00:00 [DBG] >LOG:1709320788,D,MANAGEMENT: CMD 'status'
2024-03-01 19:19:49.112 +00:00 [DBG] >LOG:1709320789,D,MANAGEMENT: CMD 'status'
2024-03-01 19:19:49.619 +00:00 [DBG] >LOG:1709320789,D,MANAGEMENT: CMD 'status'
2024-03-01 19:19:50.125 +00:00 [DBG] >LOG:1709320790,D,MANAGEMENT: CMD 'status'
2024-03-01 19:19:50.637 +00:00 [DBG] >LOG:1709320790,D,MANAGEMENT: CMD 'status'
2024-03-01 19:19:51.146 +00:00 [DBG] >LOG:1709320791,D,MANAGEMENT: CMD 'status'
2024-03-01 19:19:51.653 +00:00 [DBG] >LOG:1709320791,D,MANAGEMENT: CMD 'status'
2024-03-01 19:19:52.159 +00:00 [DBG] >LOG:1709320792,D,MANAGEMENT: CMD 'status'
2024-03-01 19:19:52.671 +00:00 [DBG] >LOG:1709320792,D,MANAGEMENT: CMD 'status'
2024-03-01 19:19:53.178 +00:00 [DBG] >LOG:1709320793,D,MANAGEMENT: CMD 'status'
2024-03-01 19:19:53.682 +00:00 [DBG] >LOG:1709320793,D,MANAGEMENT: CMD 'status'
2024-03-01 19:19:54.185 +00:00 [DBG] >LOG:1709320794,D,MANAGEMENT: CMD 'status'
2024-03-01 19:19:54.691 +00:00 [DBG] >LOG:1709320794,D,MANAGEMENT: CMD 'status'
2024-03-01 19:19:55.197 +00:00 [DBG] >LOG:1709320795,D,MANAGEMENT: CMD 'status'
2024-03-01 19:19:55.701 +00:00 [DBG] >LOG:1709320795,D,MANAGEMENT: CMD 'status'
2024-03-01 19:19:56.210 +00:00 [DBG] >LOG:1709320796,D,MANAGEMENT: CMD 'status'
2024-03-01 19:19:56.714 +00:00 [DBG] >LOG:1709320796,D,MANAGEMENT: CMD 'status'
2024-03-01 19:19:57.219 +00:00 [DBG] >LOG:1709320797,D,MANAGEMENT: CMD 'status'
2024-03-01 19:19:57.723 +00:00 [DBG] >LOG:1709320797,D,MANAGEMENT: CMD 'status'
2024-03-01 19:19:58.226 +00:00 [DBG] >LOG:1709320798,D,MANAGEMENT: CMD 'status'
2024-03-01 19:19:58.739 +00:00 [DBG] >LOG:1709320798,D,MANAGEMENT: CMD 'status'
2024-03-01 19:19:59.243 +00:00 [DBG] >LOG:1709320799,D,MANAGEMENT: CMD 'status'
2024-03-01 19:19:59.752 +00:00 [DBG] >LOG:1709320799,D,MANAGEMENT: CMD 'status'
2024-03-01 19:20:00.256 +00:00 [DBG] >LOG:1709320800,D,MANAGEMENT: CMD 'status'
2024-03-01 19:20:00.761 +00:00 [DBG] >LOG:1709320800,D,MANAGEMENT: CMD 'status'
2024-03-01 19:20:01.267 +00:00 [DBG] >LOG:1709320801,D,MANAGEMENT: CMD 'status'
2024-03-01 19:20:01.772 +00:00 [DBG] >LOG:1709320801,D,MANAGEMENT: CMD 'status'
2024-03-01 19:20:02.285 +00:00 [DBG] >LOG:1709320802,D,MANAGEMENT: CMD 'status'
2024-03-01 19:20:02.793 +00:00 [DBG] >LOG:1709320802,D,MANAGEMENT: CMD 'status'
2024-03-01 19:20:03.302 +00:00 [DBG] >LOG:1709320803,D,MANAGEMENT: CMD 'status'
2024-03-01 19:20:03.810 +00:00 [DBG] >LOG:1709320803,D,MANAGEMENT: CMD 'status'
2024-03-01 19:20:04.321 +00:00 [DBG] >LOG:1709320804,D,MANAGEMENT: CMD 'status'
2024-03-01 19:20:04.827 +00:00 [DBG] >LOG:1709320804,D,MANAGEMENT: CMD 'status'
2024-03-01 19:20:05.332 +00:00 [DBG] >LOG:1709320805,D,MANAGEMENT: CMD 'status'
2024-03-01 19:20:05.840 +00:00 [DBG] >LOG:1709320805,D,MANAGEMENT: CMD 'status'
2024-03-01 19:20:06.344 +00:00 [DBG] >LOG:1709320806,D,MANAGEMENT: CMD 'status'
2024-03-01 19:20:06.850 +00:00 [DBG] >LOG:1709320806,D,MANAGEMENT: CMD 'status'
2024-03-01 19:20:07.357 +00:00 [DBG] >LOG:1709320807,D,MANAGEMENT: CMD 'status'
2024-03-01 19:20:07.867 +00:00 [DBG] >LOG:1709320807,D,MANAGEMENT: CMD 'status'
2024-03-01 19:20:08.371 +00:00 [DBG] >LOG:1709320808,D,MANAGEMENT: CMD 'status'
2024-03-01 19:20:08.873 +00:00 [DBG] >LOG:1709320808,D,MANAGEMENT: CMD 'status'
2024-03-01 19:20:09.382 +00:00 [DBG] >LOG:1709320809,D,MANAGEMENT: CMD 'status'
2024-03-01 19:20:09.890 +00:00 [DBG] >LOG:1709320809,D,MANAGEMENT: CMD 'status'
2024-03-01 19:20:10.397 +00:00 [DBG] >LOG:1709320810,D,MANAGEMENT: CMD 'status'
2024-03-01 19:20:10.903 +00:00 [DBG] >LOG:1709320810,D,MANAGEMENT: CMD 'status'
2024-03-01 19:20:11.408 +00:00 [DBG] >LOG:1709320811,D,MANAGEMENT: CMD 'status'
2024-03-01 19:20:11.913 +00:00 [DBG] >LOG:1709320811,D,MANAGEMENT: CMD 'status'
2024-03-01 19:20:12.418 +00:00 [DBG] >LOG:1709320812,D,MANAGEMENT: CMD 'status'
2024-03-01 19:20:12.923 +00:00 [DBG] >LOG:1709320812,D,MANAGEMENT: CMD 'status'
2024-03-01 19:20:13.431 +00:00 [DBG] >LOG:1709320813,D,MANAGEMENT: CMD 'status'
2024-03-01 19:20:13.940 +00:00 [DBG] >LOG:1709320813,D,MANAGEMENT: CMD 'status'
2024-03-01 19:20:14.449 +00:00 [DBG] >LOG:1709320814,D,MANAGEMENT: CMD 'status'
2024-03-01 19:20:14.955 +00:00 [DBG] >LOG:1709320814,D,MANAGEMENT: CMD 'status'
2024-03-01 19:20:15.460 +00:00 [DBG] >LOG:1709320815,D,MANAGEMENT: CMD 'status'
2024-03-01 19:20:15.964 +00:00 [DBG] >LOG:1709320815,D,MANAGEMENT: CMD 'status'
2024-03-01 19:20:16.471 +00:00 [DBG] >LOG:1709320816,D,MANAGEMENT: CMD 'status'
2024-03-01 19:20:16.976 +00:00 [DBG] >LOG:1709320816,D,MANAGEMENT: CMD 'status'
2024-03-01 19:20:17.481 +00:00 [DBG] >LOG:1709320817,D,MANAGEMENT: CMD 'status'
2024-03-01 19:20:17.985 +00:00 [DBG] >LOG:1709320817,D,MANAGEMENT: CMD 'status'
2024-03-01 19:20:18.490 +00:00 [DBG] >LOG:1709320818,D,MANAGEMENT: CMD 'status'
2024-03-01 19:20:18.999 +00:00 [DBG] >LOG:1709320818,D,MANAGEMENT: CMD 'status'
2024-03-01 19:20:19.506 +00:00 [DBG] >LOG:1709320819,D,MANAGEMENT: CMD 'status'
2024-03-01 19:20:20.012 +00:00 [DBG] >LOG:1709320820,D,MANAGEMENT: CMD 'status'
2024-03-01 19:20:20.515 +00:00 [DBG] >LOG:1709320820,D,MANAGEMENT: CMD 'status'
2024-03-01 19:20:21.020 +00:00 [DBG] >LOG:1709320821,D,MANAGEMENT: CMD 'status'
2024-03-01 19:20:21.529 +00:00 [DBG] >LOG:1709320821,D,MANAGEMENT: CMD 'status'
2024-03-01 19:20:22.034 +00:00 [DBG] >LOG:1709320822,D,MANAGEMENT: CMD 'status'
2024-03-01 19:20:22.540 +00:00 [DBG] >LOG:1709320822,D,MANAGEMENT: CMD 'status'
2024-03-01 19:20:23.053 +00:00 [DBG] >LOG:1709320823,D,MANAGEMENT: CMD 'status'
2024-03-01 19:20:23.565 +00:00 [DBG] >LOG:1709320823,D,MANAGEMENT: CMD 'status'
2024-03-01 19:20:24.069 +00:00 [DBG] >LOG:1709320824,D,MANAGEMENT: CMD 'status'
2024-03-01 19:20:24.574 +00:00 [DBG] >LOG:1709320824,D,MANAGEMENT: CMD 'status'
2024-03-01 19:20:25.082 +00:00 [DBG] >LOG:1709320825,D,MANAGEMENT: CMD 'status'
2024-03-01 19:20:25.587 +00:00 [DBG] >LOG:1709320825,D,MANAGEMENT: CMD 'status'
2024-03-01 19:20:26.093 +00:00 [DBG] >LOG:1709320826,D,MANAGEMENT: CMD 'status'
2024-03-01 19:20:26.602 +00:00 [DBG] >LOG:1709320826,D,MANAGEMENT: CMD 'status'
2024-03-01 19:20:27.115 +00:00 [DBG] >LOG:1709320827,D,MANAGEMENT: CMD 'status'
2024-03-01 19:20:27.621 +00:00 [DBG] >LOG:1709320827,D,MANAGEMENT: CMD 'status'
2024-03-01 19:20:28.125 +00:00 [DBG] >LOG:1709320828,D,MANAGEMENT: CMD 'status'
2024-03-01 19:20:28.632 +00:00 [DBG] >LOG:1709320828,D,MANAGEMENT: CMD 'status'
2024-03-01 19:20:29.140 +00:00 [DBG] >LOG:1709320829,D,MANAGEMENT: CMD 'status'
2024-03-01 19:20:29.645 +00:00 [DBG] >LOG:1709320829,D,MANAGEMENT: CMD 'status'
2024-03-01 19:20:30.150 +00:00 [DBG] >LOG:1709320830,D,MANAGEMENT: CMD 'status'
2024-03-01 19:20:30.654 +00:00 [DBG] >LOG:1709320830,D,MANAGEMENT: CMD 'status'
2024-03-01 19:20:31.158 +00:00 [DBG] >LOG:1709320831,D,MANAGEMENT: CMD 'status'
2024-03-01 19:20:31.665 +00:00 [DBG] >LOG:1709320831,D,MANAGEMENT: CMD 'status'
2024-03-01 19:20:32.172 +00:00 [DBG] >LOG:1709320832,D,MANAGEMENT: CMD 'status'
2024-03-01 19:20:32.680 +00:00 [DBG] >LOG:1709320832,D,MANAGEMENT: CMD 'status'
2024-03-01 19:20:33.185 +00:00 [DBG] >LOG:1709320833,D,MANAGEMENT: CMD 'status'
2024-03-01 19:20:33.687 +00:00 [DBG] >LOG:1709320833,D,MANAGEMENT: CMD 'status'
2024-03-01 19:20:34.196 +00:00 [DBG] >LOG:1709320834,D,MANAGEMENT: CMD 'status'
2024-03-01 19:20:34.707 +00:00 [DBG] >LOG:1709320834,D,MANAGEMENT: CMD 'status'
2024-03-01 19:20:35.212 +00:00 [DBG] >LOG:1709320835,D,MANAGEMENT: CMD 'status'
2024-03-01 19:20:35.717 +00:00 [DBG] >LOG:1709320835,D,MANAGEMENT: CMD 'status'
2024-03-01 19:20:36.224 +00:00 [DBG] >LOG:1709320836,D,MANAGEMENT: CMD 'status'
2024-03-01 19:20:36.733 +00:00 [DBG] >LOG:1709320836,D,MANAGEMENT: CMD 'status'
2024-03-01 19:20:37.236 +00:00 [DBG] >LOG:1709320837,D,MANAGEMENT: CMD 'status'
2024-03-01 19:20:37.740 +00:00 [DBG] >LOG:1709320837,D,MANAGEMENT: CMD 'status'
2024-03-01 19:20:38.248 +00:00 [DBG] >LOG:1709320838,D,MANAGEMENT: CMD 'status'
2024-03-01 19:20:38.754 +00:00 [DBG] >LOG:1709320838,D,MANAGEMENT: CMD 'status'
2024-03-01 19:20:39.259 +00:00 [DBG] >LOG:1709320839,D,MANAGEMENT: CMD 'status'
2024-03-01 19:20:39.765 +00:00 [DBG] >LOG:1709320839,D,MANAGEMENT: CMD 'status'
2024-03-01 19:20:40.269 +00:00 [DBG] >LOG:1709320840,D,MANAGEMENT: CMD 'status'
2024-03-01 19:20:40.771 +00:00 [DBG] >LOG:1709320840,D,MANAGEMENT: CMD 'status'
2024-03-01 19:20:41.277 +00:00 [DBG] >LOG:1709320841,D,MANAGEMENT: CMD 'status'
2024-03-01 19:20:41.782 +00:00 [DBG] >LOG:1709320841,D,MANAGEMENT: CMD 'status'
2024-03-01 19:20:42.287 +00:00 [DBG] >LOG:1709320842,D,MANAGEMENT: CMD 'status'
2024-03-01 19:20:42.800 +00:00 [DBG] >LOG:1709320842,D,MANAGEMENT: CMD 'status'
2024-03-01 19:20:43.308 +00:00 [DBG] >LOG:1709320843,D,MANAGEMENT: CMD 'status'
2024-03-01 19:20:43.815 +00:00 [DBG] >LOG:1709320843,D,MANAGEMENT: CMD 'status'
2024-03-01 19:20:44.339 +00:00 [DBG] >LOG:1709320844,D,MANAGEMENT: CMD 'status'
2024-03-01 19:20:44.850 +00:00 [DBG] >LOG:1709320844,D,MANAGEMENT: CMD 'status'
2024-03-01 19:20:45.357 +00:00 [DBG] >LOG:1709320845,D,MANAGEMENT: CMD 'status'
2024-03-01 19:20:45.864 +00:00 [DBG] >LOG:1709320845,D,MANAGEMENT: CMD 'status'
2024-03-01 19:20:46.403 +00:00 [DBG] >LOG:1709320846,D,MANAGEMENT: CMD 'status'
2024-03-01 19:20:46.911 +00:00 [DBG] >LOG:1709320846,D,MANAGEMENT: CMD 'status'
2024-03-01 19:20:47.415 +00:00 [DBG] >LOG:1709320847,D,MANAGEMENT: CMD 'status'
2024-03-01 19:20:47.921 +00:00 [DBG] >LOG:1709320847,D,MANAGEMENT: CMD 'status'
2024-03-01 19:20:48.428 +00:00 [DBG] >LOG:1709320848,D,MANAGEMENT: CMD 'status'
2024-03-01 19:20:48.935 +00:00 [DBG] >LOG:1709320848,D,MANAGEMENT: CMD 'status'
2024-03-01 19:20:49.443 +00:00 [DBG] >LOG:1709320849,D,MANAGEMENT: CMD 'status'
2024-03-01 19:20:49.960 +00:00 [DBG] >LOG:1709320849,D,MANAGEMENT: CMD 'status'
2024-03-01 19:20:50.469 +00:00 [DBG] >LOG:1709320850,D,MANAGEMENT: CMD 'status'
2024-03-01 19:20:50.974 +00:00 [DBG] >LOG:1709320850,D,MANAGEMENT: CMD 'status'
2024-03-01 19:20:51.479 +00:00 [DBG] >LOG:1709320851,D,MANAGEMENT: CMD 'status'
2024-03-01 19:20:51.988 +00:00 [DBG] >LOG:1709320851,D,MANAGEMENT: CMD 'status'
2024-03-01 19:20:52.535 +00:00 [DBG] >LOG:1709320852,D,MANAGEMENT: CMD 'status'
2024-03-01 19:20:53.043 +00:00 [DBG] >LOG:1709320853,D,MANAGEMENT: CMD 'status'
2024-03-01 19:20:53.553 +00:00 [DBG] >LOG:1709320853,D,MANAGEMENT: CMD 'status'
2024-03-01 19:20:54.062 +00:00 [DBG] >LOG:1709320854,D,MANAGEMENT: CMD 'status'
2024-03-01 19:20:54.568 +00:00 [DBG] >LOG:1709320854,D,MANAGEMENT: CMD 'status'
2024-03-01 19:20:55.077 +00:00 [DBG] >LOG:1709320855,D,MANAGEMENT: CMD 'status'
2024-03-01 19:20:55.582 +00:00 [DBG] >LOG:1709320855,D,MANAGEMENT: CMD 'status'
2024-03-01 19:20:56.102 +00:00 [DBG] >LOG:1709320856,D,MANAGEMENT: CMD 'status'
2024-03-01 19:20:56.627 +00:00 [DBG] >LOG:1709320856,D,MANAGEMENT: CMD 'status'
2024-03-01 19:20:57.132 +00:00 [DBG] >LOG:1709320857,D,MANAGEMENT: CMD 'status'
2024-03-01 19:20:57.638 +00:00 [DBG] >LOG:1709320857,D,MANAGEMENT: CMD 'status'
2024-03-01 19:20:58.149 +00:00 [DBG] >LOG:1709320858,D,MANAGEMENT: CMD 'status'
2024-03-01 19:20:58.660 +00:00 [DBG] >LOG:1709320858,D,MANAGEMENT: CMD 'status'
2024-03-01 19:20:59.167 +00:00 [DBG] >LOG:1709320859,D,MANAGEMENT: CMD 'status'
2024-03-01 19:20:59.675 +00:00 [DBG] >LOG:1709320859,D,MANAGEMENT: CMD 'status'
2024-03-01 19:21:00.181 +00:00 [DBG] >LOG:1709320860,D,MANAGEMENT: CMD 'status'
2024-03-01 19:21:00.686 +00:00 [DBG] >LOG:1709320860,D,MANAGEMENT: CMD 'status'
2024-03-01 19:21:01.194 +00:00 [DBG] >LOG:1709320861,D,MANAGEMENT: CMD 'status'
2024-03-01 19:21:01.699 +00:00 [DBG] >LOG:1709320861,D,MANAGEMENT: CMD 'status'
2024-03-01 19:21:02.206 +00:00 [DBG] >LOG:1709320862,D,MANAGEMENT: CMD 'status'
2024-03-01 19:21:02.716 +00:00 [DBG] >LOG:1709320862,D,MANAGEMENT: CMD 'status'
2024-03-01 19:21:03.225 +00:00 [DBG] >LOG:1709320863,D,MANAGEMENT: CMD 'status'
2024-03-01 19:21:03.731 +00:00 [DBG] >LOG:1709320863,D,MANAGEMENT: CMD 'status'
2024-03-01 19:21:04.237 +00:00 [DBG] >LOG:1709320864,D,MANAGEMENT: CMD 'status'
2024-03-01 19:21:04.749 +00:00 [DBG] >LOG:1709320864,D,MANAGEMENT: CMD 'status'
2024-03-01 19:21:05.261 +00:00 [DBG] >LOG:1709320865,D,MANAGEMENT: CMD 'status'
2024-03-01 19:21:05.772 +00:00 [DBG] >LOG:1709320865,D,MANAGEMENT: CMD 'status'
2024-03-01 19:21:06.287 +00:00 [DBG] >LOG:1709320866,D,MANAGEMENT: CMD 'status'
2024-03-01 19:21:06.798 +00:00 [DBG] >LOG:1709320866,D,MANAGEMENT: CMD 'status'
2024-03-01 19:21:07.306 +00:00 [DBG] >LOG:1709320867,D,MANAGEMENT: CMD 'status'
2024-03-01 19:21:07.818 +00:00 [DBG] >LOG:1709320867,D,MANAGEMENT: CMD 'status'
2024-03-01 19:21:08.332 +00:00 [DBG] >LOG:1709320868,D,MANAGEMENT: CMD 'status'
2024-03-01 19:21:08.845 +00:00 [DBG] >LOG:1709320868,D,MANAGEMENT: CMD 'status'
2024-03-01 19:21:09.354 +00:00 [DBG] >LOG:1709320869,D,MANAGEMENT: CMD 'status'
2024-03-01 19:21:09.872 +00:00 [DBG] >LOG:1709320869,D,MANAGEMENT: CMD 'status'
2024-03-01 19:21:10.378 +00:00 [DBG] >LOG:1709320870,D,MANAGEMENT: CMD 'status'
2024-03-01 19:21:10.882 +00:00 [DBG] >LOG:1709320870,D,MANAGEMENT: CMD 'status'
2024-03-01 19:21:11.391 +00:00 [DBG] >LOG:1709320871,D,MANAGEMENT: CMD 'status'
2024-03-01 19:21:11.897 +00:00 [DBG] >LOG:1709320871,D,MANAGEMENT: CMD 'status'
2024-03-01 19:21:12.411 +00:00 [DBG] >LOG:1709320872,D,MANAGEMENT: CMD 'status'
2024-03-01 19:21:12.931 +00:00 [DBG] >LOG:1709320872,D,MANAGEMENT: CMD 'status'
2024-03-01 19:21:13.441 +00:00 [DBG] >LOG:1709320873,D,MANAGEMENT: CMD 'status'
2024-03-01 19:21:13.958 +00:00 [DBG] >LOG:1709320873,D,MANAGEMENT: CMD 'status'
2024-03-01 19:21:14.465 +00:00 [DBG] >LOG:1709320874,D,MANAGEMENT: CMD 'status'
2024-03-01 19:21:14.976 +00:00 [DBG] >LOG:1709320874,D,MANAGEMENT: CMD 'status'
2024-03-01 19:21:15.484 +00:00 [DBG] >LOG:1709320875,D,MANAGEMENT: CMD 'status'
2024-03-01 19:21:15.990 +00:00 [DBG] >LOG:1709320875,D,MANAGEMENT: CMD 'status'
2024-03-01 19:21:16.495 +00:00 [DBG] >LOG:1709320876,D,MANAGEMENT: CMD 'status'
2024-03-01 19:21:17.000 +00:00 [DBG] >LOG:1709320876,D,MANAGEMENT: CMD 'status'
2024-03-01 19:21:17.512 +00:00 [DBG] >LOG:1709320877,D,MANAGEMENT: CMD 'status'
2024-03-01 19:21:18.019 +00:00 [DBG] >LOG:1709320878,D,MANAGEMENT: CMD 'status'
2024-03-01 19:21:18.528 +00:00 [DBG] >LOG:1709320878,D,MANAGEMENT: CMD 'status'
2024-03-01 19:21:19.059 +00:00 [DBG] >LOG:1709320879,D,MANAGEMENT: CMD 'status'
2024-03-01 19:21:19.655 +00:00 [DBG] >LOG:1709320879,D,MANAGEMENT: CMD 'status'
2024-03-01 19:21:24.978 +00:00 [DBG] >LOG:1709320883,D,MANAGEMENT: CMD 'status'
2024-03-01 19:21:25.603 +00:00 [DBG] >LOG:1709320885,D,MANAGEMENT: CMD 'status'
2024-03-01 19:21:26.510 +00:00 [DBG] >LOG:1709320886,D,MANAGEMENT: CMD 'status'
2024-03-01 19:21:28.968 +00:00 [DBG] >LOG:1709320888,D,MANAGEMENT: CMD 'status'
2024-03-01 19:22:11.027 +00:00 [DBG] >LOG:1709320905,D,MANAGEMENT: CMD 'status'
2024-03-01 19:22:36.476 +00:00 [DBG] >LOG:1709320922,D,MANAGEMENT: CMD 'status'
2024-03-01 19:22:38.247 +00:00 [DBG] >LOG:1709320938,D,MANAGEMENT: CMD 'status'
2024-03-01 19:22:38.257 +00:00 [DBG] >LOG:1709320950,D,MANAGEMENT: CMD 'status'
2024-03-01 19:22:38.400 +00:00 [DBG] >LOG:1709320956,D,MANAGEMENT: CMD 'status'
2024-03-01 19:22:38.401 +00:00 [DBG] >LOG:1709320958,D,MANAGEMENT: CMD 'status'
2024-03-01 19:22:39.475 +00:00 [DBG] >LOG:1709320958,D,MANAGEMENT: CMD 'status'
2024-03-01 19:23:05.834 +00:00 [DBG] >LOG:1709320969,D,MANAGEMENT: CMD 'status'
2024-03-01 19:23:08.793 +00:00 [DBG] >LOG:1709320979,D,MANAGEMENT: CMD 'status'
2024-03-01 19:23:08.809 +00:00 [DBG] >LOG:1709320987,D,MANAGEMENT: CMD 'status'
2024-03-01 19:23:09.056 +00:00 [DBG] >LOG:1709320989,D,MANAGEMENT: CMD 'status'
2024-03-01 19:23:09.593 +00:00 [DBG] >LOG:1709320989,D,MANAGEMENT: CMD 'status'
2024-03-01 19:23:10.136 +00:00 [DBG] >LOG:1709320990,D,MANAGEMENT: CMD 'status'
2024-03-01 19:23:10.644 +00:00 [DBG] >LOG:1709320990,D,MANAGEMENT: CMD 'status'
2024-03-01 19:23:11.150 +00:00 [DBG] >LOG:1709320991,D,MANAGEMENT: CMD 'status'
2024-03-01 19:23:11.658 +00:00 [DBG] >LOG:1709320991,D,MANAGEMENT: CMD 'status'
2024-03-01 19:23:12.174 +00:00 [DBG] >LOG:1709320992,D,MANAGEMENT: CMD 'status'
2024-03-01 19:23:12.685 +00:00 [DBG] >LOG:1709320992,D,MANAGEMENT: CMD 'status'
2024-03-01 19:23:13.198 +00:00 [DBG] >LOG:1709320993,D,MANAGEMENT: CMD 'status'
2024-03-01 19:23:13.708 +00:00 [DBG] >LOG:1709320993,D,MANAGEMENT: CMD 'status'
2024-03-01 19:23:14.222 +00:00 [DBG] >LOG:1709320994,D,MANAGEMENT: CMD 'status'
2024-03-01 19:23:14.730 +00:00 [DBG] >LOG:1709320994,D,MANAGEMENT: CMD 'status'
2024-03-01 19:23:15.236 +00:00 [DBG] >LOG:1709320995,D,MANAGEMENT: CMD 'status'
2024-03-01 19:23:15.745 +00:00 [DBG] >LOG:1709320995,D,MANAGEMENT: CMD 'status'
2024-03-01 19:23:16.263 +00:00 [DBG] >LOG:1709320996,D,MANAGEMENT: CMD 'status'
2024-03-01 19:23:16.770 +00:00 [DBG] >LOG:1709320996,D,MANAGEMENT: CMD 'status'
2024-03-01 19:23:17.274 +00:00 [DBG] >LOG:1709320997,D,MANAGEMENT: CMD 'status'
2024-03-01 19:23:17.781 +00:00 [DBG] >LOG:1709320997,D,MANAGEMENT: CMD 'status'
2024-03-01 19:23:18.293 +00:00 [DBG] >LOG:1709320998,D,MANAGEMENT: CMD 'status'
2024-03-01 19:23:18.799 +00:00 [DBG] >LOG:1709320998,D,MANAGEMENT: CMD 'status'
2024-03-01 19:23:19.309 +00:00 [DBG] >LOG:1709320999,D,MANAGEMENT: CMD 'status'
2024-03-01 19:23:19.819 +00:00 [DBG] >LOG:1709320999,D,MANAGEMENT: CMD 'status'
2024-03-01 19:23:20.344 +00:00 [DBG] >LOG:1709321000,D,MANAGEMENT: CMD 'status'
2024-03-01 19:23:20.849 +00:00 [DBG] >LOG:1709321000,D,MANAGEMENT: CMD 'status'
2024-03-01 19:23:21.356 +00:00 [DBG] >LOG:1709321001,D,MANAGEMENT: CMD 'status'
2024-03-01 19:23:21.865 +00:00 [DBG] >LOG:1709321001,D,MANAGEMENT: CMD 'status'
2024-03-01 19:23:22.406 +00:00 [DBG] >LOG:1709321002,D,MANAGEMENT: CMD 'status'
2024-03-01 19:23:22.915 +00:00 [DBG] >LOG:1709321002,D,MANAGEMENT: CMD 'status'
2024-03-01 19:23:23.428 +00:00 [DBG] >LOG:1709321003,D,MANAGEMENT: CMD 'status'
2024-03-01 19:23:23.944 +00:00 [DBG] >LOG:1709321003,D,MANAGEMENT: CMD 'status'
2024-03-01 19:23:24.455 +00:00 [DBG] >LOG:1709321004,D,MANAGEMENT: CMD 'status'
2024-03-01 19:23:24.963 +00:00 [DBG] >LOG:1709321004,D,MANAGEMENT: CMD 'status'
2024-03-01 19:23:25.474 +00:00 [DBG] >LOG:1709321005,D,MANAGEMENT: CMD 'status'
2024-03-01 19:23:25.987 +00:00 [DBG] >LOG:1709321005,D,MANAGEMENT: CMD 'status'
2024-03-01 19:23:26.505 +00:00 [DBG] >LOG:1709321006,D,MANAGEMENT: CMD 'status'
2024-03-01 19:23:27.015 +00:00 [DBG] >LOG:1709321007,D,MANAGEMENT: CMD 'status'
2024-03-01 19:23:27.523 +00:00 [DBG] >LOG:1709321007,D,MANAGEMENT: CMD 'status'
2024-03-01 19:23:28.030 +00:00 [DBG] >LOG:1709321008,D,MANAGEMENT: CMD 'status'
2024-03-01 19:23:28.541 +00:00 [DBG] >LOG:1709321008,D,MANAGEMENT: CMD 'status'
2024-03-01 19:23:29.089 +00:00 [DBG] >LOG:1709321009,D,MANAGEMENT: CMD 'status'
2024-03-01 19:23:29.666 +00:00 [DBG] >LOG:1709321009,D,MANAGEMENT: CMD 'status'
2024-03-01 19:23:30.185 +00:00 [DBG] >LOG:1709321010,D,MANAGEMENT: CMD 'status'
2024-03-01 19:23:30.692 +00:00 [DBG] >LOG:1709321010,D,MANAGEMENT: CMD 'status'
2024-03-01 19:23:31.200 +00:00 [DBG] >LOG:1709321011,D,MANAGEMENT: CMD 'status'
2024-03-01 19:23:31.708 +00:00 [DBG] >LOG:1709321011,D,MANAGEMENT: CMD 'status'
2024-03-01 19:23:32.231 +00:00 [DBG] >LOG:1709321012,D,MANAGEMENT: CMD 'status'
2024-03-01 19:23:32.737 +00:00 [DBG] >LOG:1709321012,D,MANAGEMENT: CMD 'status'
2024-03-01 19:23:33.249 +00:00 [DBG] >LOG:1709321013,D,MANAGEMENT: CMD 'status'
2024-03-01 19:23:33.769 +00:00 [DBG] >LOG:1709321013,D,MANAGEMENT: CMD 'status'
2024-03-01 19:23:34.275 +00:00 [DBG] >LOG:1709321014,D,MANAGEMENT: CMD 'status'
2024-03-01 19:23:34.782 +00:00 [DBG] >LOG:1709321014,D,MANAGEMENT: CMD 'status'
2024-03-01 19:23:35.295 +00:00 [DBG] >LOG:1709321015,D,MANAGEMENT: CMD 'status'
2024-03-01 19:23:35.810 +00:00 [DBG] >LOG:1709321015,D,MANAGEMENT: CMD 'status'
2024-03-01 19:23:36.322 +00:00 [DBG] >LOG:1709321016,D,MANAGEMENT: CMD 'status'
2024-03-01 19:23:36.828 +00:00 [DBG] >LOG:1709321016,D,MANAGEMENT: CMD 'status'
2024-03-01 19:23:37.337 +00:00 [DBG] >LOG:1709321017,D,MANAGEMENT: CMD 'status'
2024-03-01 19:23:37.854 +00:00 [DBG] >LOG:1709321017,D,MANAGEMENT: CMD 'status'
2024-03-01 19:23:38.361 +00:00 [DBG] >LOG:1709321018,D,MANAGEMENT: CMD 'status'
2024-03-01 19:23:38.871 +00:00 [DBG] >LOG:1709321018,D,MANAGEMENT: CMD 'status'
2024-03-01 19:23:39.386 +00:00 [DBG] >LOG:1709321019,D,MANAGEMENT: CMD 'status'
2024-03-01 19:23:39.892 +00:00 [DBG] >LOG:1709321019,D,MANAGEMENT: CMD 'status'
2024-03-01 19:23:40.398 +00:00 [DBG] >LOG:1709321020,D,MANAGEMENT: CMD 'status'
2024-03-01 19:23:40.929 +00:00 [DBG] >LOG:1709321020,D,MANAGEMENT: CMD 'status'
2024-03-01 19:23:41.447 +00:00 [DBG] >LOG:1709321021,D,MANAGEMENT: CMD 'status'
2024-03-01 19:23:41.951 +00:00 [DBG] >LOG:1709321021,D,MANAGEMENT: CMD 'status'
2024-03-01 19:23:42.459 +00:00 [DBG] >LOG:1709321022,D,MANAGEMENT: CMD 'status'
2024-03-01 19:23:42.969 +00:00 [DBG] >LOG:1709321022,D,MANAGEMENT: CMD 'status'
2024-03-01 19:23:43.476 +00:00 [DBG] >LOG:1709321023,D,MANAGEMENT: CMD 'status'
2024-03-01 19:23:43.979 +00:00 [DBG] >LOG:1709321023,D,MANAGEMENT: CMD 'status'
2024-03-01 19:23:44.498 +00:00 [DBG] >LOG:1709321024,D,MANAGEMENT: CMD 'status'
2024-03-01 19:23:45.003 +00:00 [DBG] >LOG:1709321025,D,MANAGEMENT: CMD 'status'
2024-03-01 19:23:45.509 +00:00 [DBG] >LOG:1709321025,D,MANAGEMENT: CMD 'status'
2024-03-01 19:23:46.014 +00:00 [DBG] >LOG:1709321026,D,MANAGEMENT: CMD 'status'
2024-03-01 19:23:46.519 +00:00 [DBG] >LOG:1709321026,D,MANAGEMENT: CMD 'status'
2024-03-01 19:23:47.027 +00:00 [DBG] >LOG:1709321027,D,MANAGEMENT: CMD 'status'
2024-03-01 19:23:47.535 +00:00 [DBG] >LOG:1709321027,D,MANAGEMENT: CMD 'status'
2024-03-01 19:23:48.043 +00:00 [DBG] >LOG:1709321028,D,MANAGEMENT: CMD 'status'
2024-03-01 19:23:48.569 +00:00 [DBG] >LOG:1709321028,D,MANAGEMENT: CMD 'status'
2024-03-01 19:23:49.096 +00:00 [DBG] >LOG:1709321029,D,MANAGEMENT: CMD 'status'
2024-03-01 19:23:49.611 +00:00 [DBG] >LOG:1709321029,D,MANAGEMENT: CMD 'status'
2024-03-01 19:23:50.122 +00:00 [DBG] >LOG:1709321030,D,MANAGEMENT: CMD 'status'
2024-03-01 19:23:50.629 +00:00 [DBG] >LOG:1709321030,D,MANAGEMENT: CMD 'status'
2024-03-01 19:23:51.141 +00:00 [DBG] >LOG:1709321031,D,MANAGEMENT: CMD 'status'
2024-03-01 19:23:51.650 +00:00 [DBG] >LOG:1709321031,D,MANAGEMENT: CMD 'status'
2024-03-01 19:23:52.166 +00:00 [DBG] >LOG:1709321032,D,MANAGEMENT: CMD 'status'
2024-03-01 19:23:52.691 +00:00 [DBG] >LOG:1709321032,D,MANAGEMENT: CMD 'status'
2024-03-01 19:23:53.197 +00:00 [DBG] >LOG:1709321033,D,MANAGEMENT: CMD 'status'
2024-03-01 19:23:53.708 +00:00 [DBG] >LOG:1709321033,D,MANAGEMENT: CMD 'status'
2024-03-01 19:23:54.257 +00:00 [DBG] >LOG:1709321034,D,MANAGEMENT: CMD 'status'
2024-03-01 19:23:54.770 +00:00 [DBG] >LOG:1709321034,D,MANAGEMENT: CMD 'status'
2024-03-01 19:23:55.279 +00:00 [DBG] >LOG:1709321035,D,MANAGEMENT: CMD 'status'
2024-03-01 19:23:55.792 +00:00 [DBG] >LOG:1709321035,D,MANAGEMENT: CMD 'status'
2024-03-01 19:23:56.300 +00:00 [DBG] >LOG:1709321036,D,MANAGEMENT: CMD 'status'
2024-03-01 19:23:56.823 +00:00 [DBG] >LOG:1709321036,D,MANAGEMENT: CMD 'status'
2024-03-01 19:23:57.330 +00:00 [DBG] >LOG:1709321037,D,MANAGEMENT: CMD 'status'
2024-03-01 19:23:57.844 +00:00 [DBG] >LOG:1709321037,D,MANAGEMENT: CMD 'status'
2024-03-01 19:23:58.358 +00:00 [DBG] >LOG:1709321038,D,MANAGEMENT: CMD 'status'
2024-03-01 19:23:58.871 +00:00 [DBG] >LOG:1709321038,D,MANAGEMENT: CMD 'status'
2024-03-01 19:23:59.387 +00:00 [DBG] >LOG:1709321039,D,MANAGEMENT: CMD 'status'
2024-03-01 19:23:59.894 +00:00 [DBG] >LOG:1709321039,D,MANAGEMENT: CMD 'status'
2024-03-01 19:24:00.418 +00:00 [DBG] >LOG:1709321040,D,MANAGEMENT: CMD 'status'
2024-03-01 19:24:00.927 +00:00 [DBG] >LOG:1709321040,D,MANAGEMENT: CMD 'status'
2024-03-01 19:24:01.437 +00:00 [DBG] >LOG:1709321041,D,MANAGEMENT: CMD 'status'
2024-03-01 19:24:01.944 +00:00 [DBG] >LOG:1709321041,D,MANAGEMENT: CMD 'status'
2024-03-01 19:24:02.490 +00:00 [DBG] >LOG:1709321042,D,MANAGEMENT: CMD 'status'
2024-03-01 19:24:03.008 +00:00 [DBG] >LOG:1709321043,D,MANAGEMENT: CMD 'status'
2024-03-01 19:24:03.517 +00:00 [DBG] >LOG:1709321043,D,MANAGEMENT: CMD 'status'
2024-03-01 19:24:04.024 +00:00 [DBG] >LOG:1709321044,D,MANAGEMENT: CMD 'status'
2024-03-01 19:24:04.536 +00:00 [DBG] >LOG:1709321044,D,MANAGEMENT: CMD 'status'
2024-03-01 19:24:05.047 +00:00 [DBG] >LOG:1709321045,D,MANAGEMENT: CMD 'status'
2024-03-01 19:24:05.566 +00:00 [DBG] >LOG:1709321045,D,MANAGEMENT: CMD 'status'
2024-03-01 19:24:06.083 +00:00 [DBG] >LOG:1709321046,D,MANAGEMENT: CMD 'status'
2024-03-01 19:24:06.597 +00:00 [DBG] >LOG:1709321046,D,MANAGEMENT: CMD 'status'
2024-03-01 19:24:07.122 +00:00 [DBG] >LOG:1709321047,D,MANAGEMENT: CMD 'status'
2024-03-01 19:24:07.627 +00:00 [DBG] >LOG:1709321047,D,MANAGEMENT: CMD 'status'
2024-03-01 19:24:08.137 +00:00 [DBG] >LOG:1709321048,D,MANAGEMENT: CMD 'status'
2024-03-01 19:24:08.648 +00:00 [DBG] >LOG:1709321048,D,MANAGEMENT: CMD 'status'
2024-03-01 19:24:09.158 +00:00 [DBG] >LOG:1709321049,D,MANAGEMENT: CMD 'status'
2024-03-01 19:24:09.682 +00:00 [DBG] >LOG:1709321049,D,MANAGEMENT: CMD 'status'
2024-03-01 19:24:10.192 +00:00 [DBG] >LOG:1709321050,D,MANAGEMENT: CMD 'status'
2024-03-01 19:24:10.703 +00:00 [DBG] >LOG:1709321050,D,MANAGEMENT: CMD 'status'
2024-03-01 19:24:11.209 +00:00 [DBG] >LOG:1709321051,D,MANAGEMENT: CMD 'status'
2024-03-01 19:24:11.720 +00:00 [DBG] >LOG:1709321051,D,MANAGEMENT: CMD 'status'
2024-03-01 19:24:12.228 +00:00 [DBG] >LOG:1709321052,D,MANAGEMENT: CMD 'status'
2024-03-01 19:24:12.738 +00:00 [DBG] >LOG:1709321052,D,MANAGEMENT: CMD 'status'
2024-03-01 19:24:13.247 +00:00 [DBG] >LOG:1709321053,D,MANAGEMENT: CMD 'status'
2024-03-01 19:24:13.755 +00:00 [DBG] >LOG:1709321053,D,MANAGEMENT: CMD 'status'
2024-03-01 19:24:14.265 +00:00 [DBG] >LOG:1709321054,D,MANAGEMENT: CMD 'status'
2024-03-01 19:24:14.774 +00:00 [DBG] >LOG:1709321054,D,MANAGEMENT: CMD 'status'
2024-03-01 19:24:15.285 +00:00 [DBG] >LOG:1709321055,D,MANAGEMENT: CMD 'status'
2024-03-01 19:24:15.795 +00:00 [DBG] >LOG:1709321055,D,MANAGEMENT: CMD 'status'
2024-03-01 19:24:16.315 +00:00 [DBG] >LOG:1709321056,D,MANAGEMENT: CMD 'status'
2024-03-01 19:24:16.823 +00:00 [DBG] >LOG:1709321056,D,MANAGEMENT: CMD 'status'
2024-03-01 19:24:17.334 +00:00 [DBG] >LOG:1709321057,D,MANAGEMENT: CMD 'status'
2024-03-01 19:24:17.845 +00:00 [DBG] >LOG:1709321057,D,MANAGEMENT: CMD 'status'
2024-03-01 19:24:18.387 +00:00 [DBG] >LOG:1709321058,D,MANAGEMENT: CMD 'status'
2024-03-01 19:24:18.896 +00:00 [DBG] >LOG:1709321058,D,MANAGEMENT: CMD 'status'
2024-03-01 19:24:19.408 +00:00 [DBG] >LOG:1709321059,D,MANAGEMENT: CMD 'status'
2024-03-01 19:24:19.919 +00:00 [DBG] >LOG:1709321059,D,MANAGEMENT: CMD 'status'
2024-03-01 19:24:20.427 +00:00 [DBG] >LOG:1709321060,D,MANAGEMENT: CMD 'status'
2024-03-01 19:24:20.969 +00:00 [DBG] >LOG:1709321060,D,MANAGEMENT: CMD 'status'
2024-03-01 19:24:21.477 +00:00 [DBG] >LOG:1709321061,D,MANAGEMENT: CMD 'status'
2024-03-01 19:24:21.989 +00:00 [DBG] >LOG:1709321061,D,MANAGEMENT: CMD 'status'
2024-03-01 19:24:22.538 +00:00 [DBG] >LOG:1709321062,D,MANAGEMENT: CMD 'status'
2024-03-01 19:24:23.045 +00:00 [DBG] >LOG:1709321063,D,MANAGEMENT: CMD 'status'
2024-03-01 19:24:23.558 +00:00 [DBG] >LOG:1709321063,D,MANAGEMENT: CMD 'status'
2024-03-01 19:24:24.068 +00:00 [DBG] >LOG:1709321064,D,MANAGEMENT: CMD 'status'
2024-03-01 19:24:24.580 +00:00 [DBG] >LOG:1709321064,D,MANAGEMENT: CMD 'status'
2024-03-01 19:24:25.090 +00:00 [DBG] >LOG:1709321065,D,MANAGEMENT: CMD 'status'
2024-03-01 19:24:25.602 +00:00 [DBG] >LOG:1709321065,D,MANAGEMENT: CMD 'status'
2024-03-01 19:24:26.111 +00:00 [DBG] >LOG:1709321066,D,MANAGEMENT: CMD 'status'
2024-03-01 19:24:26.643 +00:00 [DBG] >LOG:1709321066,D,MANAGEMENT: CMD 'status'
2024-03-01 19:24:27.152 +00:00 [DBG] >LOG:1709321067,D,MANAGEMENT: CMD 'status'
2024-03-01 19:24:27.665 +00:00 [DBG] >LOG:1709321067,D,MANAGEMENT: CMD 'status'
2024-03-01 19:24:28.173 +00:00 [DBG] >LOG:1709321068,D,MANAGEMENT: CMD 'status'
2024-03-01 19:24:28.683 +00:00 [DBG] >LOG:1709321068,D,MANAGEMENT: CMD 'status'
2024-03-01 19:24:29.198 +00:00 [DBG] >LOG:1709321069,D,MANAGEMENT: CMD 'status'
2024-03-01 19:24:29.714 +00:00 [DBG] >LOG:1709321069,D,MANAGEMENT: CMD 'status'
2024-03-01 19:24:30.232 +00:00 [DBG] >LOG:1709321070,D,MANAGEMENT: CMD 'status'
2024-03-01 19:24:30.751 +00:00 [DBG] >LOG:1709321070,D,MANAGEMENT: CMD 'status'
2024-03-01 19:24:31.269 +00:00 [DBG] >LOG:1709321071,D,MANAGEMENT: CMD 'status'
2024-03-01 19:24:31.779 +00:00 [DBG] >LOG:1709321071,D,MANAGEMENT: CMD 'status'
2024-03-01 19:24:32.286 +00:00 [DBG] >LOG:1709321072,D,MANAGEMENT: CMD 'status'
2024-03-01 19:24:32.797 +00:00 [DBG] >LOG:1709321072,D,MANAGEMENT: CMD 'status'
2024-03-01 19:24:33.309 +00:00 [DBG] >LOG:1709321073,D,MANAGEMENT: CMD 'status'
2024-03-01 19:24:33.817 +00:00 [DBG] >LOG:1709321073,D,MANAGEMENT: CMD 'status'
2024-03-01 19:24:34.332 +00:00 [DBG] >LOG:1709321074,D,MANAGEMENT: CMD 'status'
2024-03-01 19:24:34.842 +00:00 [DBG] >LOG:1709321074,D,MANAGEMENT: CMD 'status'
2024-03-01 19:24:35.350 +00:00 [DBG] >LOG:1709321075,D,MANAGEMENT: CMD 'status'
2024-03-01 19:24:35.858 +00:00 [DBG] >LOG:1709321075,D,MANAGEMENT: CMD 'status'
2024-03-01 19:24:36.384 +00:00 [DBG] >LOG:1709321076,D,MANAGEMENT: CMD 'status'
2024-03-01 19:24:36.898 +00:00 [DBG] >LOG:1709321076,D,MANAGEMENT: CMD 'status'
2024-03-01 19:24:37.407 +00:00 [DBG] >LOG:1709321077,D,MANAGEMENT: CMD 'status'
2024-03-01 19:24:37.913 +00:00 [DBG] >LOG:1709321077,D,MANAGEMENT: CMD 'status'
2024-03-01 19:24:38.423 +00:00 [DBG] >LOG:1709321078,D,MANAGEMENT: CMD 'status'
2024-03-01 19:24:38.983 +00:00 [DBG] >LOG:1709321078,D,MANAGEMENT: CMD 'status'
2024-03-01 19:24:39.541 +00:00 [DBG] >LOG:1709321079,D,MANAGEMENT: CMD 'status'
2024-03-01 19:24:40.056 +00:00 [DBG] >LOG:1709321080,D,MANAGEMENT: CMD 'status'
2024-03-01 19:24:40.564 +00:00 [DBG] >LOG:1709321080,D,MANAGEMENT: CMD 'status'
2024-03-01 19:24:41.075 +00:00 [DBG] >LOG:1709321081,D,MANAGEMENT: CMD 'status'
2024-03-01 19:24:41.580 +00:00 [DBG] >LOG:1709321081,D,MANAGEMENT: CMD 'status'
2024-03-01 19:24:42.091 +00:00 [DBG] >LOG:1709321082,D,MANAGEMENT: CMD 'status'
2024-03-01 19:24:42.595 +00:00 [DBG] >LOG:1709321082,D,MANAGEMENT: CMD 'status'
2024-03-01 19:24:43.107 +00:00 [DBG] >LOG:1709321083,D,MANAGEMENT: CMD 'status'
2024-03-01 19:24:43.620 +00:00 [DBG] >LOG:1709321083,D,MANAGEMENT: CMD 'status'
2024-03-01 19:24:44.135 +00:00 [DBG] >LOG:1709321084,D,MANAGEMENT: CMD 'status'
2024-03-01 19:24:44.644 +00:00 [DBG] >LOG:1709321084,D,MANAGEMENT: CMD 'status'
2024-03-01 19:24:45.152 +00:00 [DBG] >LOG:1709321085,D,MANAGEMENT: CMD 'status'
2024-03-01 19:24:45.662 +00:00 [DBG] >LOG:1709321085,D,MANAGEMENT: CMD 'status'
2024-03-01 19:24:46.176 +00:00 [DBG] >LOG:1709321086,D,MANAGEMENT: CMD 'status'
2024-03-01 19:24:46.685 +00:00 [DBG] >LOG:1709321086,D,MANAGEMENT: CMD 'status'
2024-03-01 19:24:47.194 +00:00 [DBG] >LOG:1709321087,D,MANAGEMENT: CMD 'status'
2024-03-01 19:24:47.704 +00:00 [DBG] >LOG:1709321087,D,MANAGEMENT: CMD 'status'
2024-03-01 19:24:48.213 +00:00 [DBG] >LOG:1709321088,D,MANAGEMENT: CMD 'status'
2024-03-01 19:24:48.721 +00:00 [DBG] >LOG:1709321088,D,MANAGEMENT: CMD 'status'
2024-03-01 19:24:49.228 +00:00 [DBG] >LOG:1709321089,D,MANAGEMENT: CMD 'status'
2024-03-01 19:24:49.736 +00:00 [DBG] >LOG:1709321089,D,MANAGEMENT: CMD 'status'
2024-03-01 19:24:50.242 +00:00 [DBG] >LOG:1709321090,D,MANAGEMENT: CMD 'status'
2024-03-01 19:24:50.750 +00:00 [DBG] >LOG:1709321090,D,MANAGEMENT: CMD 'status'
2024-03-01 19:24:51.258 +00:00 [DBG] >LOG:1709321091,D,MANAGEMENT: CMD 'status'
2024-03-01 19:24:51.765 +00:00 [DBG] >LOG:1709321091,D,MANAGEMENT: CMD 'status'
2024-03-01 19:24:52.271 +00:00 [DBG] >LOG:1709321092,D,MANAGEMENT: CMD 'status'
2024-03-01 19:24:52.779 +00:00 [DBG] >LOG:1709321092,D,MANAGEMENT: CMD 'status'
2024-03-01 19:24:53.289 +00:00 [DBG] >LOG:1709321093,D,MANAGEMENT: CMD 'status'
2024-03-01 19:24:53.803 +00:00 [DBG] >LOG:1709321093,D,MANAGEMENT: CMD 'status'
2024-03-01 19:24:54.330 +00:00 [DBG] >LOG:1709321094,D,MANAGEMENT: CMD 'status'
2024-03-01 19:24:54.846 +00:00 [DBG] >LOG:1709321094,D,MANAGEMENT: CMD 'status'
2024-03-01 19:24:55.359 +00:00 [DBG] >LOG:1709321095,D,MANAGEMENT: CMD 'status'
2024-03-01 19:24:55.866 +00:00 [DBG] >LOG:1709321095,D,MANAGEMENT: CMD 'status'
2024-03-01 19:24:56.374 +00:00 [DBG] >LOG:1709321096,D,MANAGEMENT: CMD 'status'
2024-03-01 19:24:56.887 +00:00 [DBG] >LOG:1709321096,D,MANAGEMENT: CMD 'status'
2024-03-01 19:24:57.399 +00:00 [DBG] >LOG:1709321097,D,MANAGEMENT: CMD 'status'
2024-03-01 19:24:57.911 +00:00 [DBG] >LOG:1709321097,D,MANAGEMENT: CMD 'status'
2024-03-01 19:24:58.420 +00:00 [DBG] >LOG:1709321098,D,MANAGEMENT: CMD 'status'
2024-03-01 19:24:58.946 +00:00 [DBG] >LOG:1709321098,D,MANAGEMENT: CMD 'status'
2024-03-01 19:24:59.452 +00:00 [DBG] >LOG:1709321099,D,MANAGEMENT: CMD 'status'
2024-03-01 19:24:59.965 +00:00 [DBG] >LOG:1709321099,D,MANAGEMENT: CMD 'status'
2024-03-01 19:25:00.476 +00:00 [DBG] >LOG:1709321100,D,MANAGEMENT: CMD 'status'
2024-03-01 19:25:00.984 +00:00 [DBG] >LOG:1709321100,D,MANAGEMENT: CMD 'status'
2024-03-01 19:25:01.490 +00:00 [DBG] >LOG:1709321101,D,MANAGEMENT: CMD 'status'
2024-03-01 19:25:01.995 +00:00 [DBG] >LOG:1709321101,D,MANAGEMENT: CMD 'status'
2024-03-01 19:25:02.502 +00:00 [DBG] >LOG:1709321102,D,MANAGEMENT: CMD 'status'
2024-03-01 19:25:03.017 +00:00 [DBG] >LOG:1709321103,D,MANAGEMENT: CMD 'status'
2024-03-01 19:25:03.527 +00:00 [DBG] >LOG:1709321103,D,MANAGEMENT: CMD 'status'
2024-03-01 19:25:04.037 +00:00 [DBG] >LOG:1709321104,D,MANAGEMENT: CMD 'status'
2024-03-01 19:25:04.554 +00:00 [DBG] >LOG:1709321104,D,MANAGEMENT: CMD 'status'
2024-03-01 19:25:05.074 +00:00 [DBG] >LOG:1709321105,D,MANAGEMENT: CMD 'status'
2024-03-01 19:25:05.585 +00:00 [DBG] >LOG:1709321105,D,MANAGEMENT: CMD 'status'
2024-03-01 19:25:06.091 +00:00 [DBG] >LOG:1709321106,D,MANAGEMENT: CMD 'status'
2024-03-01 19:25:06.600 +00:00 [DBG] >LOG:1709321106,D,MANAGEMENT: CMD 'status'
2024-03-01 19:25:07.115 +00:00 [DBG] >LOG:1709321107,D,MANAGEMENT: CMD 'status'
2024-03-01 19:25:07.628 +00:00 [DBG] >LOG:1709321107,D,MANAGEMENT: CMD 'status'
2024-03-01 19:25:08.150 +00:00 [DBG] >LOG:1709321108,D,MANAGEMENT: CMD 'status'
2024-03-01 19:25:08.659 +00:00 [DBG] >LOG:1709321108,D,MANAGEMENT: CMD 'status'
2024-03-01 19:25:09.166 +00:00 [DBG] >LOG:1709321109,D,MANAGEMENT: CMD 'status'
2024-03-01 19:25:09.917 +00:00 [DBG] >LOG:1709321109,D,MANAGEMENT: CMD 'status'
2024-03-01 19:25:14.436 +00:00 [DBG] >LOG:1709321112,D,MANAGEMENT: CMD 'status'
2024-03-01 19:25:18.134 +00:00 [DBG] >LOG:1709321113,D,MANAGEMENT: CMD 'status'
2024-03-01 19:25:23.831 +00:00 [DBG] >LOG:1709321116,D,MANAGEMENT: CMD 'status'
2024-03-01 19:25:23.935 +00:00 [DBG] >LOG:1709321118,D,MANAGEMENT: CMD 'status'
2024-03-01 19:25:24.698 +00:00 [DBG] >LOG:1709321123,D,MANAGEMENT: CMD 'status'
2024-03-01 19:25:24.750 +00:00 [DBG] >LOG:1709321124,D,MANAGEMENT: CMD 'status'
2024-03-01 19:25:27.060 +00:00 [DBG] >LOG:1709321126,D,MANAGEMENT: CMD 'status'
2024-03-01 19:25:28.780 +00:00 [DBG] >LOG:1709321128,D,MANAGEMENT: CMD 'status'
2024-03-01 19:25:43.890 +00:00 [DBG] >LOG:1709321129,D,MANAGEMENT: CMD 'status'
2024-03-01 19:25:59.349 +00:00 [DBG] >LOG:1709321137,D,MANAGEMENT: CMD 'status'
2024-03-01 19:25:59.695 +00:00 [DBG] >LOG:1709321148,D,MANAGEMENT: CMD 'status'
2024-03-01 19:25:59.696 +00:00 [DBG] >LOG:1709321157,D,MANAGEMENT: CMD 'status'
2024-03-01 19:26:08.543 +00:00 [DBG] >LOG:1709321158,D,MANAGEMENT: CMD 'status'
2024-03-01 19:26:18.639 +00:00 [DBG] >LOG:1709321162,D,MANAGEMENT: CMD 'status'
2024-03-01 19:26:18.793 +00:00 [DBG] >LOG:1709321168,D,MANAGEMENT: CMD 'status'
2024-03-01 19:26:19.181 +00:00 [DBG] >LOG:1709321171,D,MANAGEMENT: CMD 'status'
2024-03-01 19:26:19.194 +00:00 [DBG] >LOG:1709321175,D,MANAGEMENT: CMD 'status'
2024-03-01 19:26:19.209 +00:00 [DBG] >LOG:1709321178,D,MANAGEMENT: CMD 'status'
2024-03-01 19:26:24.638 +00:00 [DBG] >LOG:1709321182,D,MANAGEMENT: CMD 'status'
2024-03-01 19:26:24.725 +00:00 [DBG] >LOG:1709321184,D,MANAGEMENT: CMD 'status'
2024-03-01 19:26:25.224 +00:00 [DBG] >LOG:1709321185,D,MANAGEMENT: CMD 'status'
2024-03-01 19:26:25.746 +00:00 [DBG] >LOG:1709321185,D,MANAGEMENT: CMD 'status'
2024-03-01 19:26:26.394 +00:00 [DBG] >LOG:1709321186,D,MANAGEMENT: CMD 'status'
2024-03-01 19:26:27.156 +00:00 [DBG] >LOG:1709321187,D,MANAGEMENT: CMD 'status'
2024-03-01 19:26:28.659 +00:00 [DBG] >LOG:1709321188,D,MANAGEMENT: CMD 'status'
2024-03-01 19:26:29.370 +00:00 [DBG] >LOG:1709321189,D,MANAGEMENT: CMD 'status'
2024-03-01 19:26:48.853 +00:00 [DBG] >LOG:1709321192,D,MANAGEMENT: CMD 'status'
2024-03-01 19:26:59.149 +00:00 [DBG] >LOG:1709321201,D,MANAGEMENT: CMD 'status'
2024-03-01 19:26:59.150 +00:00 [DBG] >LOG:1709321207,D,MANAGEMENT: CMD 'status'
2024-03-01 19:26:59.151 +00:00 [DBG] >LOG:1709321218,D,MANAGEMENT: CMD 'status'
2024-03-01 19:26:59.648 +00:00 [DBG] >LOG:1709321219,D,MANAGEMENT: CMD 'status'
2024-03-01 19:27:00.154 +00:00 [DBG] >LOG:1709321220,D,MANAGEMENT: CMD 'status'
2024-03-01 19:27:00.662 +00:00 [DBG] >LOG:1709321220,D,MANAGEMENT: CMD 'status'
2024-03-01 19:27:01.167 +00:00 [DBG] >LOG:1709321221,D,MANAGEMENT: CMD 'status'
2024-03-01 19:27:01.674 +00:00 [DBG] >LOG:1709321221,D,MANAGEMENT: CMD 'status'
2024-03-01 19:27:02.181 +00:00 [DBG] >LOG:1709321222,D,MANAGEMENT: CMD 'status'
2024-03-01 19:27:02.697 +00:00 [DBG] >LOG:1709321222,D,MANAGEMENT: CMD 'status'
2024-03-01 19:27:03.214 +00:00 [DBG] >LOG:1709321223,D,MANAGEMENT: CMD 'status'
2024-03-01 19:27:03.724 +00:00 [DBG] >LOG:1709321223,D,MANAGEMENT: CMD 'status'
2024-03-01 19:27:04.239 +00:00 [DBG] >LOG:1709321224,D,MANAGEMENT: CMD 'status'
2024-03-01 19:27:04.772 +00:00 [DBG] >LOG:1709321224,D,MANAGEMENT: CMD 'status'
2024-03-01 19:27:05.290 +00:00 [DBG] >LOG:1709321225,D,MANAGEMENT: CMD 'status'
2024-03-01 19:27:05.802 +00:00 [DBG] >LOG:1709321225,D,MANAGEMENT: CMD 'status'
2024-03-01 19:27:06.370 +00:00 [DBG] >LOG:1709321226,D,MANAGEMENT: CMD 'status'
2024-03-01 19:27:06.880 +00:00 [DBG] >LOG:1709321226,D,MANAGEMENT: CMD 'status'
2024-03-01 19:27:07.389 +00:00 [DBG] >LOG:1709321227,D,MANAGEMENT: CMD 'status'
2024-03-01 19:27:07.903 +00:00 [DBG] >LOG:1709321227,D,MANAGEMENT: CMD 'status'
2024-03-01 19:27:08.415 +00:00 [DBG] >LOG:1709321228,D,MANAGEMENT: CMD 'status'
2024-03-01 19:27:08.925 +00:00 [DBG] >LOG:1709321228,D,MANAGEMENT: CMD 'status'
2024-03-01 19:27:09.432 +00:00 [DBG] >LOG:1709321229,D,MANAGEMENT: CMD 'status'
2024-03-01 19:27:09.936 +00:00 [DBG] >LOG:1709321229,D,MANAGEMENT: CMD 'status'
2024-03-01 19:27:10.443 +00:00 [DBG] >LOG:1709321230,D,MANAGEMENT: CMD 'status'
2024-03-01 19:27:10.946 +00:00 [DBG] >LOG:1709321230,D,MANAGEMENT: CMD 'status'
2024-03-01 19:27:11.455 +00:00 [DBG] >LOG:1709321231,D,MANAGEMENT: CMD 'status'
2024-03-01 19:27:11.963 +00:00 [DBG] >LOG:1709321231,D,MANAGEMENT: CMD 'status'
2024-03-01 19:27:12.472 +00:00 [DBG] >LOG:1709321232,D,MANAGEMENT: CMD 'status'
2024-03-01 19:27:12.980 +00:00 [DBG] >LOG:1709321232,D,MANAGEMENT: CMD 'status'
2024-03-01 19:27:13.493 +00:00 [DBG] >LOG:1709321233,D,MANAGEMENT: CMD 'status'
2024-03-01 19:27:14.004 +00:00 [DBG] >LOG:1709321233,D,MANAGEMENT: CMD 'status'
2024-03-01 19:27:14.521 +00:00 [DBG] >LOG:1709321234,D,MANAGEMENT: CMD 'status'
2024-03-01 19:27:15.036 +00:00 [DBG] >LOG:1709321235,D,MANAGEMENT: CMD 'status'
2024-03-01 19:27:15.546 +00:00 [DBG] >LOG:1709321235,D,MANAGEMENT: CMD 'status'
2024-03-01 19:27:16.055 +00:00 [DBG] >LOG:1709321236,D,MANAGEMENT: CMD 'status'
2024-03-01 19:27:16.563 +00:00 [DBG] >LOG:1709321236,D,MANAGEMENT: CMD 'status'
2024-03-01 19:27:17.079 +00:00 [DBG] >LOG:1709321237,D,MANAGEMENT: CMD 'status'
2024-03-01 19:27:17.589 +00:00 [DBG] >LOG:1709321237,D,MANAGEMENT: CMD 'status'
2024-03-01 19:27:18.100 +00:00 [DBG] >LOG:1709321238,D,MANAGEMENT: CMD 'status'
2024-03-01 19:27:18.607 +00:00 [DBG] >LOG:1709321238,D,MANAGEMENT: CMD 'status'
2024-03-01 19:27:19.122 +00:00 [DBG] >LOG:1709321239,D,MANAGEMENT: CMD 'status'
2024-03-01 19:27:19.632 +00:00 [DBG] >LOG:1709321239,D,MANAGEMENT: CMD 'status'
2024-03-01 19:27:20.139 +00:00 [DBG] >LOG:1709321240,D,MANAGEMENT: CMD 'status'
2024-03-01 19:27:20.645 +00:00 [DBG] >LOG:1709321240,D,MANAGEMENT: CMD 'status'
2024-03-01 19:27:21.153 +00:00 [DBG] >LOG:1709321241,D,MANAGEMENT: CMD 'status'
2024-03-01 19:27:21.665 +00:00 [DBG] >LOG:1709321241,D,MANAGEMENT: CMD 'status'
2024-03-01 19:27:22.176 +00:00 [DBG] >LOG:1709321242,D,MANAGEMENT: CMD 'status'
2024-03-01 19:27:22.688 +00:00 [DBG] >LOG:1709321242,D,MANAGEMENT: CMD 'status'
2024-03-01 19:27:23.193 +00:00 [DBG] >LOG:1709321243,D,MANAGEMENT: CMD 'status'
2024-03-01 19:27:23.706 +00:00 [DBG] >LOG:1709321243,D,MANAGEMENT: CMD 'status'
2024-03-01 19:27:24.213 +00:00 [DBG] >LOG:1709321244,D,MANAGEMENT: CMD 'status'
2024-03-01 19:27:24.730 +00:00 [DBG] >LOG:1709321244,D,MANAGEMENT: CMD 'status'
2024-03-01 19:27:25.241 +00:00 [DBG] >LOG:1709321245,D,MANAGEMENT: CMD 'status'
2024-03-01 19:27:25.746 +00:00 [DBG] >LOG:1709321245,D,MANAGEMENT: CMD 'status'
2024-03-01 19:27:26.251 +00:00 [DBG] >LOG:1709321246,D,MANAGEMENT: CMD 'status'
2024-03-01 19:27:26.764 +00:00 [DBG] >LOG:1709321246,D,MANAGEMENT: CMD 'status'
2024-03-01 19:27:27.284 +00:00 [DBG] >LOG:1709321247,D,MANAGEMENT: CMD 'status'
2024-03-01 19:27:27.793 +00:00 [DBG] >LOG:1709321247,D,MANAGEMENT: CMD 'status'
2024-03-01 19:27:28.307 +00:00 [DBG] >LOG:1709321248,D,MANAGEMENT: CMD 'status'
2024-03-01 19:27:28.814 +00:00 [DBG] >LOG:1709321248,D,MANAGEMENT: CMD 'status'
2024-03-01 19:27:29.324 +00:00 [DBG] >LOG:1709321249,D,MANAGEMENT: CMD 'status'
2024-03-01 19:27:29.856 +00:00 [DBG] >LOG:1709321249,D,MANAGEMENT: CMD 'status'
2024-03-01 19:27:30.393 +00:00 [DBG] >LOG:1709321250,D,MANAGEMENT: CMD 'status'
2024-03-01 19:27:30.916 +00:00 [DBG] >LOG:1709321250,D,MANAGEMENT: CMD 'status'
2024-03-01 19:27:31.426 +00:00 [DBG] >LOG:1709321251,D,MANAGEMENT: CMD 'status'
2024-03-01 19:27:31.946 +00:00 [DBG] >LOG:1709321251,D,MANAGEMENT: CMD 'status'
2024-03-01 19:27:32.458 +00:00 [DBG] >LOG:1709321252,D,MANAGEMENT: CMD 'status'
2024-03-01 19:27:32.968 +00:00 [DBG] >LOG:1709321252,D,MANAGEMENT: CMD 'status'
2024-03-01 19:27:33.478 +00:00 [DBG] >LOG:1709321253,D,MANAGEMENT: CMD 'status'
2024-03-01 19:27:33.985 +00:00 [DBG] >LOG:1709321253,D,MANAGEMENT: CMD 'status'
2024-03-01 19:27:34.497 +00:00 [DBG] >LOG:1709321254,D,MANAGEMENT: CMD 'status'
2024-03-01 19:27:35.008 +00:00 [DBG] >LOG:1709321255,D,MANAGEMENT: CMD 'status'
2024-03-01 19:27:35.517 +00:00 [DBG] >LOG:1709321255,D,MANAGEMENT: CMD 'status'
2024-03-01 19:27:36.023 +00:00 [DBG] >LOG:1709321256,D,MANAGEMENT: CMD 'status'
2024-03-01 19:27:36.532 +00:00 [DBG] >LOG:1709321256,D,MANAGEMENT: CMD 'status'
2024-03-01 19:27:37.039 +00:00 [DBG] >LOG:1709321257,D,MANAGEMENT: CMD 'status'
2024-03-01 19:27:37.549 +00:00 [DBG] >LOG:1709321257,D,MANAGEMENT: CMD 'status'
2024-03-01 19:27:38.054 +00:00 [DBG] >LOG:1709321258,D,MANAGEMENT: CMD 'status'
2024-03-01 19:27:38.562 +00:00 [DBG] >LOG:1709321258,D,MANAGEMENT: CMD 'status'
2024-03-01 19:27:39.070 +00:00 [DBG] >LOG:1709321259,D,MANAGEMENT: CMD 'status'
2024-03-01 19:27:39.583 +00:00 [DBG] >LOG:1709321259,D,MANAGEMENT: CMD 'status'
2024-03-01 19:27:40.093 +00:00 [DBG] >LOG:1709321260,D,MANAGEMENT: CMD 'status'
2024-03-01 19:27:40.600 +00:00 [DBG] >LOG:1709321260,D,MANAGEMENT: CMD 'status'
2024-03-01 19:27:41.108 +00:00 [DBG] >LOG:1709321261,D,MANAGEMENT: CMD 'status'
2024-03-01 19:27:41.619 +00:00 [DBG] >LOG:1709321261,D,MANAGEMENT: CMD 'status'
2024-03-01 19:27:42.156 +00:00 [DBG] >LOG:1709321262,D,MANAGEMENT: CMD 'status'
2024-03-01 19:27:42.665 +00:00 [DBG] >LOG:1709321262,D,MANAGEMENT: CMD 'status'
2024-03-01 19:27:43.173 +00:00 [DBG] >LOG:1709321263,D,MANAGEMENT: CMD 'status'
2024-03-01 19:27:43.679 +00:00 [DBG] >LOG:1709321263,D,MANAGEMENT: CMD 'status'
2024-03-01 19:27:44.184 +00:00 [DBG] >LOG:1709321264,D,MANAGEMENT: CMD 'status'
2024-03-01 19:27:44.715 +00:00 [DBG] >LOG:1709321264,D,MANAGEMENT: CMD 'status'
2024-03-01 19:27:45.226 +00:00 [DBG] >LOG:1709321265,D,MANAGEMENT: CMD 'status'
2024-03-01 19:27:45.732 +00:00 [DBG] >LOG:1709321265,D,MANAGEMENT: CMD 'status'
2024-03-01 19:27:46.238 +00:00 [DBG] >LOG:1709321266,D,MANAGEMENT: CMD 'status'
2024-03-01 19:27:46.747 +00:00 [DBG] >LOG:1709321266,D,MANAGEMENT: CMD 'status'
2024-03-01 19:27:47.261 +00:00 [DBG] >LOG:1709321267,D,MANAGEMENT: CMD 'status'
2024-03-01 19:27:47.771 +00:00 [DBG] >LOG:1709321267,D,MANAGEMENT: CMD 'status'
2024-03-01 19:27:48.297 +00:00 [DBG] >LOG:1709321268,D,MANAGEMENT: CMD 'status'
2024-03-01 19:27:48.804 +00:00 [DBG] >LOG:1709321268,D,MANAGEMENT: CMD 'status'
2024-03-01 19:27:49.316 +00:00 [DBG] >LOG:1709321269,D,MANAGEMENT: CMD 'status'
2024-03-01 19:27:49.824 +00:00 [DBG] >LOG:1709321269,D,MANAGEMENT: CMD 'status'
2024-03-01 19:27:50.331 +00:00 [DBG] >LOG:1709321270,D,MANAGEMENT: CMD 'status'
2024-03-01 19:27:50.850 +00:00 [DBG] >LOG:1709321270,D,MANAGEMENT: CMD 'status'
2024-03-01 19:27:51.370 +00:00 [DBG] >LOG:1709321271,D,MANAGEMENT: CMD 'status'
2024-03-01 19:27:51.914 +00:00 [DBG] >LOG:1709321271,D,MANAGEMENT: CMD 'status'
2024-03-01 19:27:52.426 +00:00 [DBG] >LOG:1709321272,D,MANAGEMENT: CMD 'status'
2024-03-01 19:27:52.932 +00:00 [DBG] >LOG:1709321272,D,MANAGEMENT: CMD 'status'
2024-03-01 19:27:53.442 +00:00 [DBG] >LOG:1709321273,D,MANAGEMENT: CMD 'status'
2024-03-01 19:27:53.958 +00:00 [DBG] >LOG:1709321273,D,MANAGEMENT: CMD 'status'
2024-03-01 19:27:54.466 +00:00 [DBG] >LOG:1709321274,D,MANAGEMENT: CMD 'status'
2024-03-01 19:27:54.979 +00:00 [DBG] >LOG:1709321274,D,MANAGEMENT: CMD 'status'
2024-03-01 19:27:55.487 +00:00 [DBG] >LOG:1709321275,D,MANAGEMENT: CMD 'status'
2024-03-01 19:27:55.995 +00:00 [DBG] >LOG:1709321275,D,MANAGEMENT: CMD 'status'
2024-03-01 19:27:56.502 +00:00 [DBG] >LOG:1709321276,D,MANAGEMENT: CMD 'status'
2024-03-01 19:27:57.010 +00:00 [DBG] >LOG:1709321277,D,MANAGEMENT: CMD 'status'
2024-03-01 19:27:57.516 +00:00 [DBG] >LOG:1709321277,D,MANAGEMENT: CMD 'status'
2024-03-01 19:27:58.022 +00:00 [DBG] >LOG:1709321278,D,MANAGEMENT: CMD 'status'
2024-03-01 19:27:58.528 +00:00 [DBG] >LOG:1709321278,D,MANAGEMENT: CMD 'status'
2024-03-01 19:27:59.033 +00:00 [DBG] >LOG:1709321279,D,MANAGEMENT: CMD 'status'
2024-03-01 19:27:59.561 +00:00 [DBG] >LOG:1709321279,D,MANAGEMENT: CMD 'status'
2024-03-01 19:28:00.077 +00:00 [DBG] >LOG:1709321280,D,MANAGEMENT: CMD 'status'
2024-03-01 19:28:00.621 +00:00 [DBG] >LOG:1709321280,D,MANAGEMENT: CMD 'status'
2024-03-01 19:28:01.138 +00:00 [DBG] >LOG:1709321281,D,MANAGEMENT: CMD 'status'
2024-03-01 19:28:01.667 +00:00 [DBG] >LOG:1709321281,D,MANAGEMENT: CMD 'status'
2024-03-01 19:28:02.173 +00:00 [DBG] >LOG:1709321282,D,MANAGEMENT: CMD 'status'
2024-03-01 19:28:02.682 +00:00 [DBG] >LOG:1709321282,D,MANAGEMENT: CMD 'status'
2024-03-01 19:28:03.187 +00:00 [DBG] >LOG:1709321283,D,MANAGEMENT: CMD 'status'
2024-03-01 19:28:03.694 +00:00 [DBG] >LOG:1709321283,D,MANAGEMENT: CMD 'status'
2024-03-01 19:28:04.203 +00:00 [DBG] >LOG:1709321284,D,MANAGEMENT: CMD 'status'
2024-03-01 19:28:04.710 +00:00 [DBG] >LOG:1709321284,D,MANAGEMENT: CMD 'status'
2024-03-01 19:28:05.230 +00:00 [DBG] >LOG:1709321285,D,MANAGEMENT: CMD 'status'
2024-03-01 19:28:05.769 +00:00 [DBG] >LOG:1709321285,D,MANAGEMENT: CMD 'status'
2024-03-01 19:28:06.279 +00:00 [DBG] >LOG:1709321286,D,MANAGEMENT: CMD 'status'
2024-03-01 19:28:06.784 +00:00 [DBG] >LOG:1709321286,D,MANAGEMENT: CMD 'status'
2024-03-01 19:28:07.293 +00:00 [DBG] >LOG:1709321287,D,MANAGEMENT: CMD 'status'
2024-03-01 19:28:07.808 +00:00 [DBG] >LOG:1709321287,D,MANAGEMENT: CMD 'status'
2024-03-01 19:28:08.315 +00:00 [DBG] >LOG:1709321288,D,MANAGEMENT: CMD 'status'
2024-03-01 19:28:08.830 +00:00 [DBG] >LOG:1709321288,D,MANAGEMENT: CMD 'status'
2024-03-01 19:28:09.343 +00:00 [DBG] >LOG:1709321289,D,MANAGEMENT: CMD 'status'
2024-03-01 19:28:09.850 +00:00 [DBG] >LOG:1709321289,D,MANAGEMENT: CMD 'status'
2024-03-01 19:28:10.386 +00:00 [DBG] >LOG:1709321290,D,MANAGEMENT: CMD 'status'
2024-03-01 19:28:10.896 +00:00 [DBG] >LOG:1709321290,D,MANAGEMENT: CMD 'status'
2024-03-01 19:28:11.407 +00:00 [DBG] >LOG:1709321291,D,MANAGEMENT: CMD 'status'
2024-03-01 19:28:11.916 +00:00 [DBG] >LOG:1709321291,D,MANAGEMENT: CMD 'status'
2024-03-01 19:28:12.422 +00:00 [DBG] >LOG:1709321292,D,MANAGEMENT: CMD 'status'
2024-03-01 19:28:12.929 +00:00 [DBG] >LOG:1709321292,D,MANAGEMENT: CMD 'status'
2024-03-01 19:28:13.467 +00:00 [DBG] >LOG:1709321293,D,MANAGEMENT: CMD 'status'
2024-03-01 19:28:13.983 +00:00 [DBG] >LOG:1709321293,D,MANAGEMENT: CMD 'status'
2024-03-01 19:28:14.488 +00:00 [DBG] >LOG:1709321294,D,MANAGEMENT: CMD 'status'
2024-03-01 19:28:14.994 +00:00 [DBG] >LOG:1709321294,D,MANAGEMENT: CMD 'status'
2024-03-01 19:28:15.499 +00:00 [DBG] >LOG:1709321295,D,MANAGEMENT: CMD 'status'
2024-03-01 19:28:16.003 +00:00 [DBG] >LOG:1709321296,D,MANAGEMENT: CMD 'status'
2024-03-01 19:28:16.512 +00:00 [DBG] >LOG:1709321296,D,MANAGEMENT: CMD 'status'
2024-03-01 19:28:17.018 +00:00 [DBG] >LOG:1709321297,D,MANAGEMENT: CMD 'status'
2024-03-01 19:28:17.534 +00:00 [DBG] >LOG:1709321297,D,MANAGEMENT: CMD 'status'
2024-03-01 19:28:18.042 +00:00 [DBG] >LOG:1709321298,D,MANAGEMENT: CMD 'status'
2024-03-01 19:28:18.550 +00:00 [DBG] >LOG:1709321298,D,MANAGEMENT: CMD 'status'
2024-03-01 19:28:19.058 +00:00 [DBG] >LOG:1709321299,D,MANAGEMENT: CMD 'status'
2024-03-01 19:28:19.596 +00:00 [DBG] >LOG:1709321299,D,MANAGEMENT: CMD 'status'
2024-03-01 19:28:20.106 +00:00 [DBG] >LOG:1709321300,D,MANAGEMENT: CMD 'status'
2024-03-01 19:28:20.613 +00:00 [DBG] >LOG:1709321300,D,MANAGEMENT: CMD 'status'
2024-03-01 19:28:21.124 +00:00 [DBG] >LOG:1709321301,D,MANAGEMENT: CMD 'status'
2024-03-01 19:28:21.643 +00:00 [DBG] >LOG:1709321301,D,MANAGEMENT: CMD 'status'
2024-03-01 19:28:22.171 +00:00 [DBG] >LOG:1709321302,D,MANAGEMENT: CMD 'status'
2024-03-01 19:28:22.688 +00:00 [DBG] >LOG:1709321302,D,MANAGEMENT: CMD 'status'
2024-03-01 19:28:23.199 +00:00 [DBG] >LOG:1709321303,D,MANAGEMENT: CMD 'status'
2024-03-01 19:28:23.704 +00:00 [DBG] >LOG:1709321303,D,MANAGEMENT: CMD 'status'
2024-03-01 19:28:24.210 +00:00 [DBG] >LOG:1709321304,D,MANAGEMENT: CMD 'status'
2024-03-01 19:28:24.716 +00:00 [DBG] >LOG:1709321304,D,MANAGEMENT: CMD 'status'
2024-03-01 19:28:25.230 +00:00 [DBG] >LOG:1709321305,D,MANAGEMENT: CMD 'status'
2024-03-01 19:28:25.741 +00:00 [DBG] >LOG:1709321305,D,MANAGEMENT: CMD 'status'
2024-03-01 19:28:26.255 +00:00 [DBG] >LOG:1709321306,D,MANAGEMENT: CMD 'status'
2024-03-01 19:28:26.766 +00:00 [DBG] >LOG:1709321306,D,MANAGEMENT: CMD 'status'
2024-03-01 19:28:27.279 +00:00 [DBG] >LOG:1709321307,D,MANAGEMENT: CMD 'status'
2024-03-01 19:28:27.797 +00:00 [DBG] >LOG:1709321307,D,MANAGEMENT: CMD 'status'
2024-03-01 19:28:28.312 +00:00 [DBG] >LOG:1709321308,D,MANAGEMENT: CMD 'status'
2024-03-01 19:28:28.835 +00:00 [DBG] >LOG:1709321308,D,MANAGEMENT: CMD 'status'
2024-03-01 19:28:29.346 +00:00 [DBG] >LOG:1709321309,D,MANAGEMENT: CMD 'status'
2024-03-01 19:28:29.870 +00:00 [DBG] >LOG:1709321309,D,MANAGEMENT: CMD 'status'
2024-03-01 19:28:30.381 +00:00 [DBG] >LOG:1709321310,D,MANAGEMENT: CMD 'status'
2024-03-01 19:28:30.889 +00:00 [DBG] >LOG:1709321310,D,MANAGEMENT: CMD 'status'
2024-03-01 19:28:31.397 +00:00 [DBG] >LOG:1709321311,D,MANAGEMENT: CMD 'status'
2024-03-01 19:28:31.903 +00:00 [DBG] >LOG:1709321311,D,MANAGEMENT: CMD 'status'
2024-03-01 19:28:32.413 +00:00 [DBG] >LOG:1709321312,D,MANAGEMENT: CMD 'status'
2024-03-01 19:28:32.932 +00:00 [DBG] >LOG:1709321312,D,MANAGEMENT: CMD 'status'
2024-03-01 19:28:33.493 +00:00 [DBG] >LOG:1709321313,D,MANAGEMENT: CMD 'status'
2024-03-01 19:28:33.999 +00:00 [DBG] >LOG:1709321313,D,MANAGEMENT: CMD 'status'
2024-03-01 19:28:34.513 +00:00 [DBG] >LOG:1709321314,D,MANAGEMENT: CMD 'status'
2024-03-01 19:28:35.023 +00:00 [DBG] >LOG:1709321315,D,MANAGEMENT: CMD 'status'
2024-03-01 19:28:35.528 +00:00 [DBG] >LOG:1709321315,D,MANAGEMENT: CMD 'status'
2024-03-01 19:28:36.032 +00:00 [DBG] >LOG:1709321316,D,MANAGEMENT: CMD 'status'
2024-03-01 19:28:36.544 +00:00 [DBG] >LOG:1709321316,D,MANAGEMENT: CMD 'status'
2024-03-01 19:28:37.051 +00:00 [DBG] >LOG:1709321317,D,MANAGEMENT: CMD 'status'
2024-03-01 19:28:37.558 +00:00 [DBG] >LOG:1709321317,D,MANAGEMENT: CMD 'status'
2024-03-01 19:28:38.070 +00:00 [DBG] >LOG:1709321318,D,MANAGEMENT: CMD 'status'
2024-03-01 19:28:38.575 +00:00 [DBG] >LOG:1709321318,D,MANAGEMENT: CMD 'status'
2024-03-01 19:28:39.082 +00:00 [DBG] >LOG:1709321319,D,MANAGEMENT: CMD 'status'
2024-03-01 19:28:39.589 +00:00 [DBG] >LOG:1709321319,D,MANAGEMENT: CMD 'status'
2024-03-01 19:28:40.097 +00:00 [DBG] >LOG:1709321320,D,MANAGEMENT: CMD 'status'
2024-03-01 19:28:40.607 +00:00 [DBG] >LOG:1709321320,D,MANAGEMENT: CMD 'status'
2024-03-01 19:28:41.114 +00:00 [DBG] >LOG:1709321321,D,MANAGEMENT: CMD 'status'
2024-03-01 19:28:41.623 +00:00 [DBG] >LOG:1709321321,D,MANAGEMENT: CMD 'status'
2024-03-01 19:28:42.131 +00:00 [DBG] >LOG:1709321322,D,MANAGEMENT: CMD 'status'
2024-03-01 19:28:42.639 +00:00 [DBG] >LOG:1709321322,D,MANAGEMENT: CMD 'status'
2024-03-01 19:28:43.153 +00:00 [DBG] >LOG:1709321323,D,MANAGEMENT: CMD 'status'
2024-03-01 19:28:43.667 +00:00 [DBG] >LOG:1709321323,D,MANAGEMENT: CMD 'status'
2024-03-01 19:28:44.176 +00:00 [DBG] >LOG:1709321324,D,MANAGEMENT: CMD 'status'
2024-03-01 19:28:44.685 +00:00 [DBG] >LOG:1709321324,D,MANAGEMENT: CMD 'status'
2024-03-01 19:28:45.192 +00:00 [DBG] >LOG:1709321325,D,MANAGEMENT: CMD 'status'
2024-03-01 19:28:45.698 +00:00 [DBG] >LOG:1709321325,D,MANAGEMENT: CMD 'status'
2024-03-01 19:28:46.209 +00:00 [DBG] >LOG:1709321326,D,MANAGEMENT: CMD 'status'
2024-03-01 19:28:46.722 +00:00 [DBG] >LOG:1709321326,D,MANAGEMENT: CMD 'status'
2024-03-01 19:28:47.232 +00:00 [DBG] >LOG:1709321327,D,MANAGEMENT: CMD 'status'
2024-03-01 19:28:47.745 +00:00 [DBG] >LOG:1709321327,D,MANAGEMENT: CMD 'status'
2024-03-01 19:28:48.261 +00:00 [DBG] >LOG:1709321328,D,MANAGEMENT: CMD 'status'
2024-03-01 19:28:48.766 +00:00 [DBG] >LOG:1709321328,D,MANAGEMENT: CMD 'status'
2024-03-01 19:28:49.275 +00:00 [DBG] >LOG:1709321329,D,MANAGEMENT: CMD 'status'
2024-03-01 19:28:49.786 +00:00 [DBG] >LOG:1709321329,D,MANAGEMENT: CMD 'status'
2024-03-01 19:28:50.304 +00:00 [DBG] >LOG:1709321330,D,MANAGEMENT: CMD 'status'
2024-03-01 19:28:50.811 +00:00 [DBG] >LOG:1709321330,D,MANAGEMENT: CMD 'status'
2024-03-01 19:28:51.320 +00:00 [DBG] >LOG:1709321331,D,MANAGEMENT: CMD 'status'
2024-03-01 19:28:51.831 +00:00 [DBG] >LOG:1709321331,D,MANAGEMENT: CMD 'status'
2024-03-01 19:28:52.365 +00:00 [DBG] >LOG:1709321332,D,MANAGEMENT: CMD 'status'
2024-03-01 19:28:52.905 +00:00 [DBG] >LOG:1709321332,D,MANAGEMENT: CMD 'status'
2024-03-01 19:28:53.415 +00:00 [DBG] >LOG:1709321333,D,MANAGEMENT: CMD 'status'
2024-03-01 19:28:53.929 +00:00 [DBG] >LOG:1709321333,D,MANAGEMENT: CMD 'status'
2024-03-01 19:28:54.439 +00:00 [DBG] >LOG:1709321334,D,MANAGEMENT: CMD 'status'
2024-03-01 19:28:54.946 +00:00 [DBG] >LOG:1709321334,D,MANAGEMENT: CMD 'status'
2024-03-01 19:28:55.456 +00:00 [DBG] >LOG:1709321335,D,MANAGEMENT: CMD 'status'
2024-03-01 19:28:55.969 +00:00 [DBG] >LOG:1709321335,D,MANAGEMENT: CMD 'status'
2024-03-01 19:28:56.475 +00:00 [DBG] >LOG:1709321336,D,MANAGEMENT: CMD 'status'
2024-03-01 19:28:56.980 +00:00 [DBG] >LOG:1709321336,D,MANAGEMENT: CMD 'status'
2024-03-01 19:28:57.513 +00:00 [DBG] >LOG:1709321337,D,MANAGEMENT: CMD 'status'
2024-03-01 19:28:58.019 +00:00 [DBG] >LOG:1709321338,D,MANAGEMENT: CMD 'status'
2024-03-01 19:28:58.525 +00:00 [DBG] >LOG:1709321338,D,MANAGEMENT: CMD 'status'
2024-03-01 19:28:59.046 +00:00 [DBG] >LOG:1709321339,D,MANAGEMENT: CMD 'status'
2024-03-01 19:28:59.571 +00:00 [DBG] >LOG:1709321339,D,MANAGEMENT: CMD 'status'
2024-03-01 19:29:00.106 +00:00 [DBG] >LOG:1709321340,D,MANAGEMENT: CMD 'status'
2024-03-01 19:29:00.675 +00:00 [DBG] >LOG:1709321340,D,MANAGEMENT: CMD 'status'
2024-03-01 19:29:01.375 +00:00 [DBG] >LOG:1709321341,D,MANAGEMENT: CMD 'status'
2024-03-01 19:29:02.261 +00:00 [DBG] >LOG:1709321342,D,MANAGEMENT: CMD 'status'
2024-03-01 19:29:03.287 +00:00 [DBG] >LOG:1709321342,D,MANAGEMENT: CMD 'status'
2024-03-01 19:29:04.632 +00:00 [DBG] >LOG:1709321344,D,MANAGEMENT: CMD 'status'
2024-03-01 19:29:05.664 +00:00 [DBG] >LOG:1709321345,D,MANAGEMENT: CMD 'status'
2024-03-01 19:29:06.767 +00:00 [DBG] >LOG:1709321346,D,MANAGEMENT: CMD 'status'
2024-03-01 19:29:07.754 +00:00 [DBG] >LOG:1709321347,D,MANAGEMENT: CMD 'status'
2024-03-01 19:29:16.804 +00:00 [DBG] >LOG:1709321349,D,MANAGEMENT: CMD 'status'
2024-03-01 19:29:16.954 +00:00 [DBG] >LOG:1709321355,D,MANAGEMENT: CMD 'status'
2024-03-01 19:29:17.775 +00:00 [DBG] >LOG:1709321357,D,MANAGEMENT: CMD 'status'
2024-03-01 19:29:18.381 +00:00 [DBG] >LOG:1709321358,D,MANAGEMENT: CMD 'status'
2024-03-01 19:29:21.855 +00:00 [DBG] >LOG:1709321359,D,MANAGEMENT: CMD 'status'
2024-03-01 19:29:27.665 +00:00 [DBG] >LOG:1709321360,D,MANAGEMENT: CMD 'status'
2024-03-01 19:29:27.711 +00:00 [DBG] >LOG:1709321367,D,MANAGEMENT: CMD 'status'
2024-03-01 19:29:28.822 +00:00 [DBG] >LOG:1709321368,D,MANAGEMENT: CMD 'status'
2024-03-01 19:29:29.536 +00:00 [DBG] >LOG:1709321369,D,MANAGEMENT: CMD 'status'
2024-03-01 19:29:32.297 +00:00 [DBG] >LOG:1709321371,D,MANAGEMENT: CMD 'status'
2024-03-01 19:29:37.837 +00:00 [DBG] >LOG:1709321373,D,MANAGEMENT: CMD 'status'
2024-03-01 19:30:12.228 +00:00 [DBG] >LOG:1709321376,D,MANAGEMENT: CMD 'status'
2024-03-01 19:30:12.245 +00:00 [DBG] >LOG:1709321384,D,MANAGEMENT: CMD 'status'
2024-03-01 19:30:12.246 +00:00 [DBG] >LOG:1709321389,D,MANAGEMENT: CMD 'status'
2024-03-01 19:30:12.403 +00:00 [DBG] >LOG:1709321403,D,MANAGEMENT: CMD 'status'
2024-03-01 19:30:12.404 +00:00 [DBG] >LOG:1709321412,D,MANAGEMENT: CMD 'status'
2024-03-01 19:30:36.330 +00:00 [DBG] >LOG:1709321414,D,MANAGEMENT: CMD 'status'
2024-03-01 19:30:39.045 +00:00 [DBG] >LOG:1709321422,D,MANAGEMENT: CMD 'status'
2024-03-01 19:30:39.046 +00:00 [DBG] >LOG:1709321429,D,MANAGEMENT: CMD 'status'
2024-03-01 19:30:57.492 +00:00 [DBG] >LOG:1709321439,D,MANAGEMENT: CMD 'status'
2024-03-01 19:30:59.200 +00:00 [DBG] >LOG:1709321452,D,MANAGEMENT: CMD 'status'
2024-03-01 19:30:59.204 +00:00 [DBG] >LOG:1709321459,D,MANAGEMENT: CMD 'status'
2024-03-01 19:30:59.706 +00:00 [DBG] >LOG:1709321459,D,MANAGEMENT: CMD 'status'
2024-03-01 19:31:00.211 +00:00 [DBG] >LOG:1709321460,D,MANAGEMENT: CMD 'status'
2024-03-01 19:31:00.714 +00:00 [DBG] >LOG:1709321460,D,MANAGEMENT: CMD 'status'
2024-03-01 19:31:01.223 +00:00 [DBG] >LOG:1709321461,D,MANAGEMENT: CMD 'status'
2024-03-01 19:31:01.788 +00:00 [DBG] >LOG:1709321461,D,MANAGEMENT: CMD 'status'
2024-03-01 19:31:02.296 +00:00 [DBG] >LOG:1709321462,D,MANAGEMENT: CMD 'status'
2024-03-01 19:31:02.801 +00:00 [DBG] >LOG:1709321462,D,MANAGEMENT: CMD 'status'
2024-03-01 19:31:03.306 +00:00 [DBG] >LOG:1709321463,D,MANAGEMENT: CMD 'status'
2024-03-01 19:31:03.822 +00:00 [DBG] >LOG:1709321463,D,MANAGEMENT: CMD 'status'
2024-03-01 19:31:04.336 +00:00 [DBG] >LOG:1709321464,D,MANAGEMENT: CMD 'status'
2024-03-01 19:31:04.847 +00:00 [DBG] >LOG:1709321464,D,MANAGEMENT: CMD 'status'
2024-03-01 19:31:05.360 +00:00 [DBG] >LOG:1709321465,D,MANAGEMENT: CMD 'status'
2024-03-01 19:31:05.872 +00:00 [DBG] >LOG:1709321465,D,MANAGEMENT: CMD 'status'
2024-03-01 19:31:06.393 +00:00 [DBG] >LOG:1709321466,D,MANAGEMENT: CMD 'status'
2024-03-01 19:31:06.903 +00:00 [DBG] >LOG:1709321466,D,MANAGEMENT: CMD 'status'
2024-03-01 19:31:07.417 +00:00 [DBG] >LOG:1709321467,D,MANAGEMENT: CMD 'status'
2024-03-01 19:31:07.925 +00:00 [DBG] >LOG:1709321467,D,MANAGEMENT: CMD 'status'
2024-03-01 19:31:08.438 +00:00 [DBG] >LOG:1709321468,D,MANAGEMENT: CMD 'status'
2024-03-01 19:31:08.963 +00:00 [DBG] >LOG:1709321468,D,MANAGEMENT: CMD 'status'
2024-03-01 19:31:09.498 +00:00 [DBG] >LOG:1709321469,D,MANAGEMENT: CMD 'status'
2024-03-01 19:31:10.026 +00:00 [DBG] >LOG:1709321470,D,MANAGEMENT: CMD 'status'
2024-03-01 19:31:10.564 +00:00 [DBG] >LOG:1709321470,D,MANAGEMENT: CMD 'status'
2024-03-01 19:31:11.083 +00:00 [DBG] >LOG:1709321471,D,MANAGEMENT: CMD 'status'
2024-03-01 19:31:11.608 +00:00 [DBG] >LOG:1709321471,D,MANAGEMENT: CMD 'status'
2024-03-01 19:31:12.118 +00:00 [DBG] >LOG:1709321472,D,MANAGEMENT: CMD 'status'
2024-03-01 19:31:12.627 +00:00 [DBG] >LOG:1709321472,D,MANAGEMENT: CMD 'status'
2024-03-01 19:31:13.145 +00:00 [DBG] >LOG:1709321473,D,MANAGEMENT: CMD 'status'
2024-03-01 19:31:13.657 +00:00 [DBG] >LOG:1709321473,D,MANAGEMENT: CMD 'status'
2024-03-01 19:31:14.173 +00:00 [DBG] >LOG:1709321474,D,MANAGEMENT: CMD 'status'
2024-03-01 19:31:14.689 +00:00 [DBG] >LOG:1709321474,D,MANAGEMENT: CMD 'status'
2024-03-01 19:31:15.198 +00:00 [DBG] >LOG:1709321475,D,MANAGEMENT: CMD 'status'
2024-03-01 19:31:15.711 +00:00 [DBG] >LOG:1709321475,D,MANAGEMENT: CMD 'status'
2024-03-01 19:31:16.219 +00:00 [DBG] >LOG:1709321476,D,MANAGEMENT: CMD 'status'
2024-03-01 19:31:16.730 +00:00 [DBG] >LOG:1709321476,D,MANAGEMENT: CMD 'status'
2024-03-01 19:31:17.240 +00:00 [DBG] >LOG:1709321477,D,MANAGEMENT: CMD 'status'
2024-03-01 19:31:17.764 +00:00 [DBG] >LOG:1709321477,D,MANAGEMENT: CMD 'status'
2024-03-01 19:31:18.276 +00:00 [DBG] >LOG:1709321478,D,MANAGEMENT: CMD 'status'
2024-03-01 19:31:18.788 +00:00 [DBG] >LOG:1709321478,D,MANAGEMENT: CMD 'status'
2024-03-01 19:31:19.310 +00:00 [DBG] >LOG:1709321479,D,MANAGEMENT: CMD 'status'
2024-03-01 19:31:19.824 +00:00 [DBG] >LOG:1709321479,D,MANAGEMENT: CMD 'status'
2024-03-01 19:31:20.335 +00:00 [DBG] >LOG:1709321480,D,MANAGEMENT: CMD 'status'
2024-03-01 19:31:20.844 +00:00 [DBG] >LOG:1709321480,D,MANAGEMENT: CMD 'status'
2024-03-01 19:31:21.353 +00:00 [DBG] >LOG:1709321481,D,MANAGEMENT: CMD 'status'
2024-03-01 19:31:21.884 +00:00 [DBG] >LOG:1709321481,D,MANAGEMENT: CMD 'status'
2024-03-01 19:31:22.399 +00:00 [DBG] >LOG:1709321482,D,MANAGEMENT: CMD 'status'
2024-03-01 19:31:22.907 +00:00 [DBG] >LOG:1709321482,D,MANAGEMENT: CMD 'status'
2024-03-01 19:31:23.415 +00:00 [DBG] >LOG:1709321483,D,MANAGEMENT: CMD 'status'
2024-03-01 19:31:23.921 +00:00 [DBG] >LOG:1709321483,D,MANAGEMENT: CMD 'status'
2024-03-01 19:31:24.429 +00:00 [DBG] >LOG:1709321484,D,MANAGEMENT: CMD 'status'
2024-03-01 19:31:24.946 +00:00 [DBG] >LOG:1709321484,D,MANAGEMENT: CMD 'status'
2024-03-01 19:31:25.463 +00:00 [DBG] >LOG:1709321485,D,MANAGEMENT: CMD 'status'
2024-03-01 19:31:25.969 +00:00 [DBG] >LOG:1709321485,D,MANAGEMENT: CMD 'status'
2024-03-01 19:31:26.479 +00:00 [DBG] >LOG:1709321486,D,MANAGEMENT: CMD 'status'
2024-03-01 19:31:27.002 +00:00 [DBG] >LOG:1709321486,D,MANAGEMENT: CMD 'status'
2024-03-01 19:31:27.511 +00:00 [DBG] >LOG:1709321487,D,MANAGEMENT: CMD 'status'
2024-03-01 19:31:28.023 +00:00 [DBG] >LOG:1709321488,D,MANAGEMENT: CMD 'status'
2024-03-01 19:31:28.534 +00:00 [DBG] >LOG:1709321488,D,MANAGEMENT: CMD 'status'
2024-03-01 19:31:29.048 +00:00 [DBG] >LOG:1709321489,D,MANAGEMENT: CMD 'status'
2024-03-01 19:31:29.566 +00:00 [DBG] >LOG:1709321489,D,MANAGEMENT: CMD 'status'
2024-03-01 19:31:30.073 +00:00 [DBG] >LOG:1709321490,D,MANAGEMENT: CMD 'status'
2024-03-01 19:31:30.597 +00:00 [DBG] >LOG:1709321490,D,MANAGEMENT: CMD 'status'
2024-03-01 19:31:31.105 +00:00 [DBG] >LOG:1709321491,D,MANAGEMENT: CMD 'status'
2024-03-01 19:31:31.622 +00:00 [DBG] >LOG:1709321491,D,MANAGEMENT: CMD 'status'
2024-03-01 19:31:32.161 +00:00 [DBG] >LOG:1709321492,D,MANAGEMENT: CMD 'status'
2024-03-01 19:31:32.670 +00:00 [DBG] >LOG:1709321492,D,MANAGEMENT: CMD 'status'
2024-03-01 19:31:33.176 +00:00 [DBG] >LOG:1709321493,D,MANAGEMENT: CMD 'status'
2024-03-01 19:31:33.704 +00:00 [DBG] >LOG:1709321493,D,MANAGEMENT: CMD 'status'
2024-03-01 19:31:34.221 +00:00 [DBG] >LOG:1709321494,D,MANAGEMENT: CMD 'status'
2024-03-01 19:31:34.731 +00:00 [DBG] >LOG:1709321494,D,MANAGEMENT: CMD 'status'
2024-03-01 19:31:35.246 +00:00 [DBG] >LOG:1709321495,D,MANAGEMENT: CMD 'status'
2024-03-01 19:31:35.754 +00:00 [DBG] >LOG:1709321495,D,MANAGEMENT: CMD 'status'
2024-03-01 19:31:36.263 +00:00 [DBG] >LOG:1709321496,D,MANAGEMENT: CMD 'status'
2024-03-01 19:31:36.770 +00:00 [DBG] >LOG:1709321496,D,MANAGEMENT: CMD 'status'
2024-03-01 19:31:37.276 +00:00 [DBG] >LOG:1709321497,D,MANAGEMENT: CMD 'status'
2024-03-01 19:31:37.804 +00:00 [DBG] >LOG:1709321497,D,MANAGEMENT: CMD 'status'
2024-03-01 19:31:38.315 +00:00 [DBG] >LOG:1709321498,D,MANAGEMENT: CMD 'status'
2024-03-01 19:31:38.833 +00:00 [DBG] >LOG:1709321498,D,MANAGEMENT: CMD 'status'
2024-03-01 19:31:39.342 +00:00 [DBG] >LOG:1709321499,D,MANAGEMENT: CMD 'status'
2024-03-01 19:31:39.857 +00:00 [DBG] >LOG:1709321499,D,MANAGEMENT: CMD 'status'
2024-03-01 19:31:40.366 +00:00 [DBG] >LOG:1709321500,D,MANAGEMENT: CMD 'status'
2024-03-01 19:31:40.873 +00:00 [DBG] >LOG:1709321500,D,MANAGEMENT: CMD 'status'
2024-03-01 19:31:41.381 +00:00 [DBG] >LOG:1709321501,D,MANAGEMENT: CMD 'status'
2024-03-01 19:31:41.890 +00:00 [DBG] >LOG:1709321501,D,MANAGEMENT: CMD 'status'
2024-03-01 19:31:42.399 +00:00 [DBG] >LOG:1709321502,D,MANAGEMENT: CMD 'status'
2024-03-01 19:31:42.907 +00:00 [DBG] >LOG:1709321502,D,MANAGEMENT: CMD 'status'
2024-03-01 19:31:43.414 +00:00 [DBG] >LOG:1709321503,D,MANAGEMENT: CMD 'status'
2024-03-01 19:31:43.919 +00:00 [DBG] >LOG:1709321503,D,MANAGEMENT: CMD 'status'
2024-03-01 19:31:44.427 +00:00 [DBG] >LOG:1709321504,D,MANAGEMENT: CMD 'status'
2024-03-01 19:31:44.939 +00:00 [DBG] >LOG:1709321504,D,MANAGEMENT: CMD 'status'
2024-03-01 19:31:45.444 +00:00 [DBG] >LOG:1709321505,D,MANAGEMENT: CMD 'status'
2024-03-01 19:31:45.952 +00:00 [DBG] >LOG:1709321505,D,MANAGEMENT: CMD 'status'
2024-03-01 19:31:46.473 +00:00 [DBG] >LOG:1709321506,D,MANAGEMENT: CMD 'status'
2024-03-01 19:31:46.992 +00:00 [DBG] >LOG:1709321506,D,MANAGEMENT: CMD 'status'
2024-03-01 19:31:47.503 +00:00 [DBG] >LOG:1709321507,D,MANAGEMENT: CMD 'status'
2024-03-01 19:31:48.012 +00:00 [DBG] >LOG:1709321508,D,MANAGEMENT: CMD 'status'
2024-03-01 19:31:48.520 +00:00 [DBG] >LOG:1709321508,D,MANAGEMENT: CMD 'status'
2024-03-01 19:31:49.031 +00:00 [DBG] >LOG:1709321509,D,MANAGEMENT: CMD 'status'
2024-03-01 19:31:49.551 +00:00 [DBG] >LOG:1709321509,D,MANAGEMENT: CMD 'status'
2024-03-01 19:31:50.065 +00:00 [DBG] >LOG:1709321510,D,MANAGEMENT: CMD 'status'
2024-03-01 19:31:50.578 +00:00 [DBG] >LOG:1709321510,D,MANAGEMENT: CMD 'status'
2024-03-01 19:31:51.086 +00:00 [DBG] >LOG:1709321511,D,MANAGEMENT: CMD 'status'
2024-03-01 19:31:51.590 +00:00 [DBG] >LOG:1709321511,D,MANAGEMENT: CMD 'status'
2024-03-01 19:31:52.096 +00:00 [DBG] >LOG:1709321512,D,MANAGEMENT: CMD 'status'
2024-03-01 19:31:52.603 +00:00 [DBG] >LOG:1709321512,D,MANAGEMENT: CMD 'status'
2024-03-01 19:31:53.121 +00:00 [DBG] >LOG:1709321513,D,MANAGEMENT: CMD 'status'
2024-03-01 19:31:53.631 +00:00 [DBG] >LOG:1709321513,D,MANAGEMENT: CMD 'status'
2024-03-01 19:31:54.136 +00:00 [DBG] >LOG:1709321514,D,MANAGEMENT: CMD 'status'
2024-03-01 19:31:54.641 +00:00 [DBG] >LOG:1709321514,D,MANAGEMENT: CMD 'status'
2024-03-01 19:31:55.147 +00:00 [DBG] >LOG:1709321515,D,MANAGEMENT: CMD 'status'
2024-03-01 19:31:55.671 +00:00 [DBG] >LOG:1709321515,D,MANAGEMENT: CMD 'status'
2024-03-01 19:31:56.178 +00:00 [DBG] >LOG:1709321516,D,MANAGEMENT: CMD 'status'
2024-03-01 19:31:56.689 +00:00 [DBG] >LOG:1709321516,D,MANAGEMENT: CMD 'status'
2024-03-01 19:31:57.196 +00:00 [DBG] >LOG:1709321517,D,MANAGEMENT: CMD 'status'
2024-03-01 19:31:57.702 +00:00 [DBG] >LOG:1709321517,D,MANAGEMENT: CMD 'status'
2024-03-01 19:31:58.221 +00:00 [DBG] >LOG:1709321518,D,MANAGEMENT: CMD 'status'
2024-03-01 19:31:58.733 +00:00 [DBG] >LOG:1709321518,D,MANAGEMENT: CMD 'status'
2024-03-01 19:31:59.238 +00:00 [DBG] >LOG:1709321519,D,MANAGEMENT: CMD 'status'
2024-03-01 19:31:59.823 +00:00 [DBG] >LOG:1709321519,D,MANAGEMENT: CMD 'status'
2024-03-01 19:32:00.333 +00:00 [DBG] >LOG:1709321520,D,MANAGEMENT: CMD 'status'
2024-03-01 19:32:00.838 +00:00 [DBG] >LOG:1709321520,D,MANAGEMENT: CMD 'status'
2024-03-01 19:32:01.362 +00:00 [DBG] >LOG:1709321521,D,MANAGEMENT: CMD 'status'
2024-03-01 19:32:01.873 +00:00 [DBG] >LOG:1709321521,D,MANAGEMENT: CMD 'status'
2024-03-01 19:32:02.402 +00:00 [DBG] >LOG:1709321522,D,MANAGEMENT: CMD 'status'
2024-03-01 19:32:02.919 +00:00 [DBG] >LOG:1709321522,D,MANAGEMENT: CMD 'status'
2024-03-01 19:32:03.436 +00:00 [DBG] >LOG:1709321523,D,MANAGEMENT: CMD 'status'
2024-03-01 19:32:03.995 +00:00 [DBG] >LOG:1709321523,D,MANAGEMENT: CMD 'status'
2024-03-01 19:32:04.502 +00:00 [DBG] >LOG:1709321524,D,MANAGEMENT: CMD 'status'
2024-03-01 19:32:05.011 +00:00 [DBG] >LOG:1709321525,D,MANAGEMENT: CMD 'status'
2024-03-01 19:32:05.515 +00:00 [DBG] >LOG:1709321525,D,MANAGEMENT: CMD 'status'
2024-03-01 19:32:06.028 +00:00 [DBG] >LOG:1709321526,D,MANAGEMENT: CMD 'status'
2024-03-01 19:32:06.541 +00:00 [DBG] >LOG:1709321526,D,MANAGEMENT: CMD 'status'
2024-03-01 19:32:07.076 +00:00 [DBG] >LOG:1709321527,D,MANAGEMENT: CMD 'status'
2024-03-01 19:32:07.583 +00:00 [DBG] >LOG:1709321527,D,MANAGEMENT: CMD 'status'
2024-03-01 19:32:08.091 +00:00 [DBG] >LOG:1709321528,D,MANAGEMENT: CMD 'status'
2024-03-01 19:32:08.612 +00:00 [DBG] >LOG:1709321528,D,MANAGEMENT: CMD 'status'
2024-03-01 19:32:09.118 +00:00 [DBG] >LOG:1709321529,D,MANAGEMENT: CMD 'status'
2024-03-01 19:32:09.639 +00:00 [DBG] >LOG:1709321529,D,MANAGEMENT: CMD 'status'
2024-03-01 19:32:10.156 +00:00 [DBG] >LOG:1709321530,D,MANAGEMENT: CMD 'status'
2024-03-01 19:32:10.674 +00:00 [DBG] >LOG:1709321530,D,MANAGEMENT: CMD 'status'
2024-03-01 19:32:11.190 +00:00 [DBG] >LOG:1709321531,D,MANAGEMENT: CMD 'status'
2024-03-01 19:32:11.696 +00:00 [DBG] >LOG:1709321531,D,MANAGEMENT: CMD 'status'
2024-03-01 19:32:12.206 +00:00 [DBG] >LOG:1709321532,D,MANAGEMENT: CMD 'status'
2024-03-01 19:32:12.712 +00:00 [DBG] >LOG:1709321532,D,MANAGEMENT: CMD 'status'
2024-03-01 19:32:13.217 +00:00 [DBG] >LOG:1709321533,D,MANAGEMENT: CMD 'status'
2024-03-01 19:32:13.731 +00:00 [DBG] >LOG:1709321533,D,MANAGEMENT: CMD 'status'
2024-03-01 19:32:14.252 +00:00 [DBG] >LOG:1709321534,D,MANAGEMENT: CMD 'status'
2024-03-01 19:32:14.766 +00:00 [DBG] >LOG:1709321534,D,MANAGEMENT: CMD 'status'
2024-03-01 19:32:15.273 +00:00 [DBG] >LOG:1709321535,D,MANAGEMENT: CMD 'status'
2024-03-01 19:32:15.783 +00:00 [DBG] >LOG:1709321535,D,MANAGEMENT: CMD 'status'
2024-03-01 19:32:16.296 +00:00 [DBG] >LOG:1709321536,D,MANAGEMENT: CMD 'status'
2024-03-01 19:32:16.805 +00:00 [DBG] >LOG:1709321536,D,MANAGEMENT: CMD 'status'
2024-03-01 19:32:17.319 +00:00 [DBG] >LOG:1709321537,D,MANAGEMENT: CMD 'status'
2024-03-01 19:32:17.831 +00:00 [DBG] >LOG:1709321537,D,MANAGEMENT: CMD 'status'
2024-03-01 19:32:18.342 +00:00 [DBG] >LOG:1709321538,D,MANAGEMENT: CMD 'status'
2024-03-01 19:32:18.858 +00:00 [DBG] >LOG:1709321538,D,MANAGEMENT: CMD 'status'
2024-03-01 19:32:19.387 +00:00 [DBG] >LOG:1709321539,D,MANAGEMENT: CMD 'status'
2024-03-01 19:32:19.906 +00:00 [DBG] >LOG:1709321539,D,MANAGEMENT: CMD 'status'
2024-03-01 19:32:20.420 +00:00 [DBG] >LOG:1709321540,D,MANAGEMENT: CMD 'status'
2024-03-01 19:32:20.930 +00:00 [DBG] >LOG:1709321540,D,MANAGEMENT: CMD 'status'
2024-03-01 19:32:21.443 +00:00 [DBG] >LOG:1709321541,D,MANAGEMENT: CMD 'status'
2024-03-01 19:32:21.970 +00:00 [DBG] >LOG:1709321541,D,MANAGEMENT: CMD 'status'
2024-03-01 19:32:22.482 +00:00 [DBG] >LOG:1709321542,D,MANAGEMENT: CMD 'status'
2024-03-01 19:32:22.998 +00:00 [DBG] >LOG:1709321542,D,MANAGEMENT: CMD 'status'
2024-03-01 19:32:23.505 +00:00 [DBG] >LOG:1709321543,D,MANAGEMENT: CMD 'status'
2024-03-01 19:32:24.015 +00:00 [DBG] >LOG:1709321544,D,MANAGEMENT: CMD 'status'
2024-03-01 19:32:24.526 +00:00 [DBG] >LOG:1709321544,D,MANAGEMENT: CMD 'status'
2024-03-01 19:32:25.035 +00:00 [DBG] >LOG:1709321545,D,MANAGEMENT: CMD 'status'
2024-03-01 19:32:25.551 +00:00 [DBG] >LOG:1709321545,D,MANAGEMENT: CMD 'status'
2024-03-01 19:32:26.057 +00:00 [DBG] >LOG:1709321546,D,MANAGEMENT: CMD 'status'
2024-03-01 19:32:26.566 +00:00 [DBG] >LOG:1709321546,D,MANAGEMENT: CMD 'status'
2024-03-01 19:32:27.076 +00:00 [DBG] >LOG:1709321547,D,MANAGEMENT: CMD 'status'
2024-03-01 19:32:27.583 +00:00 [DBG] >LOG:1709321547,D,MANAGEMENT: CMD 'status'
2024-03-01 19:32:28.090 +00:00 [DBG] >LOG:1709321548,D,MANAGEMENT: CMD 'status'
2024-03-01 19:32:28.598 +00:00 [DBG] >LOG:1709321548,D,MANAGEMENT: CMD 'status'
2024-03-01 19:32:29.109 +00:00 [DBG] >LOG:1709321549,D,MANAGEMENT: CMD 'status'
2024-03-01 19:32:29.626 +00:00 [DBG] >LOG:1709321549,D,MANAGEMENT: CMD 'status'
2024-03-01 19:32:30.137 +00:00 [DBG] >LOG:1709321550,D,MANAGEMENT: CMD 'status'
2024-03-01 19:32:30.659 +00:00 [DBG] >LOG:1709321550,D,MANAGEMENT: CMD 'status'
2024-03-01 19:32:31.166 +00:00 [DBG] >LOG:1709321551,D,MANAGEMENT: CMD 'status'
2024-03-01 19:32:31.676 +00:00 [DBG] >LOG:1709321551,D,MANAGEMENT: CMD 'status'
2024-03-01 19:32:32.184 +00:00 [DBG] >LOG:1709321552,D,MANAGEMENT: CMD 'status'
2024-03-01 19:32:32.692 +00:00 [DBG] >LOG:1709321552,D,MANAGEMENT: CMD 'status'
2024-03-01 19:32:33.198 +00:00 [DBG] >LOG:1709321553,D,MANAGEMENT: CMD 'status'
2024-03-01 19:32:33.712 +00:00 [DBG] >LOG:1709321553,D,MANAGEMENT: CMD 'status'
2024-03-01 19:32:34.218 +00:00 [DBG] >LOG:1709321554,D,MANAGEMENT: CMD 'status'
2024-03-01 19:32:34.726 +00:00 [DBG] >LOG:1709321554,D,MANAGEMENT: CMD 'status'
2024-03-01 19:32:35.237 +00:00 [DBG] >LOG:1709321555,D,MANAGEMENT: CMD 'status'
2024-03-01 19:32:35.752 +00:00 [DBG] >LOG:1709321555,D,MANAGEMENT: CMD 'status'
2024-03-01 19:32:36.261 +00:00 [DBG] >LOG:1709321556,D,MANAGEMENT: CMD 'status'
2024-03-01 19:32:36.770 +00:00 [DBG] >LOG:1709321556,D,MANAGEMENT: CMD 'status'
2024-03-01 19:32:37.281 +00:00 [DBG] >LOG:1709321557,D,MANAGEMENT: CMD 'status'
2024-03-01 19:32:37.787 +00:00 [DBG] >LOG:1709321557,D,MANAGEMENT: CMD 'status'
2024-03-01 19:32:38.294 +00:00 [DBG] >LOG:1709321558,D,MANAGEMENT: CMD 'status'
2024-03-01 19:32:38.803 +00:00 [DBG] >LOG:1709321558,D,MANAGEMENT: CMD 'status'
2024-03-01 19:32:39.328 +00:00 [DBG] >LOG:1709321559,D,MANAGEMENT: CMD 'status'
2024-03-01 19:32:39.834 +00:00 [DBG] >LOG:1709321559,D,MANAGEMENT: CMD 'status'
2024-03-01 19:32:40.341 +00:00 [DBG] >LOG:1709321560,D,MANAGEMENT: CMD 'status'
2024-03-01 19:32:40.874 +00:00 [DBG] >LOG:1709321560,D,MANAGEMENT: CMD 'status'
2024-03-01 19:32:41.381 +00:00 [DBG] >LOG:1709321561,D,MANAGEMENT: CMD 'status'
2024-03-01 19:32:41.888 +00:00 [DBG] >LOG:1709321561,D,MANAGEMENT: CMD 'status'
2024-03-01 19:32:42.402 +00:00 [DBG] >LOG:1709321562,D,MANAGEMENT: CMD 'status'
2024-03-01 19:32:42.918 +00:00 [DBG] >LOG:1709321562,D,MANAGEMENT: CMD 'status'
2024-03-01 19:32:43.428 +00:00 [DBG] >LOG:1709321563,D,MANAGEMENT: CMD 'status'
2024-03-01 19:32:43.944 +00:00 [DBG] >LOG:1709321563,D,MANAGEMENT: CMD 'status'
2024-03-01 19:32:44.457 +00:00 [DBG] >LOG:1709321564,D,MANAGEMENT: CMD 'status'
2024-03-01 19:32:44.962 +00:00 [DBG] >LOG:1709321564,D,MANAGEMENT: CMD 'status'
2024-03-01 19:32:45.469 +00:00 [DBG] >LOG:1709321565,D,MANAGEMENT: CMD 'status'
2024-03-01 19:32:45.978 +00:00 [DBG] >LOG:1709321565,D,MANAGEMENT: CMD 'status'
2024-03-01 19:32:46.484 +00:00 [DBG] >LOG:1709321566,D,MANAGEMENT: CMD 'status'
2024-03-01 19:32:47.000 +00:00 [DBG] >LOG:1709321566,D,MANAGEMENT: CMD 'status'
2024-03-01 19:32:47.504 +00:00 [DBG] >LOG:1709321567,D,MANAGEMENT: CMD 'status'
2024-03-01 19:32:48.010 +00:00 [DBG] >LOG:1709321568,D,MANAGEMENT: CMD 'status'
2024-03-01 19:32:48.523 +00:00 [DBG] >LOG:1709321568,D,MANAGEMENT: CMD 'status'
2024-03-01 19:32:49.035 +00:00 [DBG] >LOG:1709321569,D,MANAGEMENT: CMD 'status'
2024-03-01 19:32:49.597 +00:00 [DBG] >LOG:1709321569,D,MANAGEMENT: CMD 'status'
2024-03-01 19:32:50.109 +00:00 [DBG] >LOG:1709321570,D,MANAGEMENT: CMD 'status'
2024-03-01 19:32:50.616 +00:00 [DBG] >LOG:1709321570,D,MANAGEMENT: CMD 'status'
2024-03-01 19:32:51.129 +00:00 [DBG] >LOG:1709321571,D,MANAGEMENT: CMD 'status'
2024-03-01 19:32:51.648 +00:00 [DBG] >LOG:1709321571,D,MANAGEMENT: CMD 'status'
2024-03-01 19:32:52.170 +00:00 [DBG] >LOG:1709321572,D,MANAGEMENT: CMD 'status'
2024-03-01 19:32:52.694 +00:00 [DBG] >LOG:1709321572,D,MANAGEMENT: CMD 'status'
2024-03-01 19:32:53.219 +00:00 [DBG] >LOG:1709321573,D,MANAGEMENT: CMD 'status'
2024-03-01 19:32:53.728 +00:00 [DBG] >LOG:1709321573,D,MANAGEMENT: CMD 'status'
2024-03-01 19:32:54.238 +00:00 [DBG] >LOG:1709321574,D,MANAGEMENT: CMD 'status'
2024-03-01 19:32:54.744 +00:00 [DBG] >LOG:1709321574,D,MANAGEMENT: CMD 'status'
2024-03-01 19:32:55.249 +00:00 [DBG] >LOG:1709321575,D,MANAGEMENT: CMD 'status'
2024-03-01 19:32:55.772 +00:00 [DBG] >LOG:1709321575,D,MANAGEMENT: CMD 'status'
2024-03-01 19:32:56.281 +00:00 [DBG] >LOG:1709321576,D,MANAGEMENT: CMD 'status'
2024-03-01 19:32:56.789 +00:00 [DBG] >LOG:1709321576,D,MANAGEMENT: CMD 'status'
2024-03-01 19:32:57.299 +00:00 [DBG] >LOG:1709321577,D,MANAGEMENT: CMD 'status'
2024-03-01 19:32:57.807 +00:00 [DBG] >LOG:1709321577,D,MANAGEMENT: CMD 'status'
2024-03-01 19:32:58.316 +00:00 [DBG] >LOG:1709321578,D,MANAGEMENT: CMD 'status'
2024-03-01 19:32:58.824 +00:00 [DBG] >LOG:1709321578,D,MANAGEMENT: CMD 'status'
2024-03-01 19:32:59.356 +00:00 [DBG] >LOG:1709321579,D,MANAGEMENT: CMD 'status'
2024-03-01 19:33:00.090 +00:00 [DBG] >LOG:1709321579,D,MANAGEMENT: CMD 'status'
2024-03-01 19:33:00.934 +00:00 [DBG] >LOG:1709321580,D,MANAGEMENT: CMD 'status'
2024-03-01 19:33:03.756 +00:00 [DBG] >LOG:1709321581,D,MANAGEMENT: CMD 'status'
2024-03-01 19:33:04.197 +00:00 [DBG] >LOG:1709321584,D,MANAGEMENT: CMD 'status'
2024-03-01 19:33:05.442 +00:00 [DBG] >LOG:1709321584,D,MANAGEMENT: CMD 'status'
2024-03-01 19:33:06.975 +00:00 [DBG] >LOG:1709321586,D,MANAGEMENT: CMD 'status'
2024-03-01 19:33:07.757 +00:00 [DBG] >LOG:1709321587,D,MANAGEMENT: CMD 'status'
2024-03-01 19:33:09.099 +00:00 [DBG] >LOG:1709321588,D,MANAGEMENT: CMD 'status'
2024-03-01 19:33:09.904 +00:00 [DBG] >LOG:1709321589,D,MANAGEMENT: CMD 'status'
2024-03-01 19:33:13.104 +00:00 [DBG] >LOG:1709321593,D,MANAGEMENT: CMD 'status'
2024-03-01 19:33:14.304 +00:00 [DBG] >LOG:1709321593,D,MANAGEMENT: CMD 'status'
2024-03-01 19:33:16.824 +00:00 [DBG] >LOG:1709321595,D,MANAGEMENT: CMD 'status'
2024-03-01 19:33:17.519 +00:00 [DBG] >LOG:1709321597,D,MANAGEMENT: CMD 'status'
2024-03-01 19:33:18.663 +00:00 [DBG] >LOG:1709321598,D,MANAGEMENT: CMD 'status'
2024-03-01 19:33:19.496 +00:00 [DBG] >LOG:1709321599,D,MANAGEMENT: CMD 'status'
2024-03-01 19:33:28.859 +00:00 [DBG] >LOG:1709321601,D,MANAGEMENT: CMD 'status'
2024-03-01 19:33:47.339 +00:00 [DBG] >LOG:1709321606,D,MANAGEMENT: CMD 'status'
2024-03-01 19:33:47.344 +00:00 [DBG] >LOG:1709321621,D,MANAGEMENT: CMD 'status'
2024-03-01 19:33:47.666 +00:00 [DBG] >LOG:1709321627,D,MANAGEMENT: CMD 'status'
2024-03-01 19:33:47.879 +00:00 [DBG] >LOG:1709321627,D,MANAGEMENT: CMD 'status'
2024-03-01 19:33:48.462 +00:00 [DBG] >LOG:1709321628,D,MANAGEMENT: CMD 'status'
2024-03-01 19:33:48.985 +00:00 [DBG] >LOG:1709321628,D,MANAGEMENT: CMD 'status'
2024-03-01 19:33:49.706 +00:00 [DBG] >LOG:1709321629,D,MANAGEMENT: CMD 'status'
2024-03-01 19:33:50.224 +00:00 [DBG] >LOG:1709321630,D,MANAGEMENT: CMD 'status'
2024-03-01 19:33:50.786 +00:00 [DBG] >LOG:1709321630,D,MANAGEMENT: CMD 'status'
2024-03-01 19:33:51.439 +00:00 [DBG] >LOG:1709321631,D,MANAGEMENT: CMD 'status'
2024-03-01 19:33:51.953 +00:00 [DBG] >LOG:1709321631,D,MANAGEMENT: CMD 'status'
2024-03-01 19:33:52.519 +00:00 [DBG] >LOG:1709321632,D,MANAGEMENT: CMD 'status'
2024-03-01 19:33:53.218 +00:00 [DBG] >LOG:1709321633,D,MANAGEMENT: CMD 'status'
2024-03-01 19:33:53.759 +00:00 [DBG] >LOG:1709321633,D,MANAGEMENT: CMD 'status'
2024-03-01 19:33:54.287 +00:00 [DBG] >LOG:1709321634,D,MANAGEMENT: CMD 'status'
2024-03-01 19:33:54.837 +00:00 [DBG] >LOG:1709321634,D,MANAGEMENT: CMD 'status'
2024-03-01 19:33:55.351 +00:00 [DBG] >LOG:1709321635,D,MANAGEMENT: CMD 'status'
2024-03-01 19:33:55.870 +00:00 [DBG] >LOG:1709321635,D,MANAGEMENT: CMD 'status'
2024-03-01 19:33:56.445 +00:00 [DBG] >LOG:1709321636,D,MANAGEMENT: CMD 'status'
2024-03-01 19:33:57.020 +00:00 [DBG] >LOG:1709321636,D,MANAGEMENT: CMD 'status'
2024-03-01 19:33:57.551 +00:00 [DBG] >LOG:1709321637,D,MANAGEMENT: CMD 'status'
2024-03-01 19:33:58.065 +00:00 [DBG] >LOG:1709321638,D,MANAGEMENT: CMD 'status'
2024-03-01 19:33:58.763 +00:00 [DBG] >LOG:1709321638,D,MANAGEMENT: CMD 'status'
2024-03-01 19:33:59.334 +00:00 [DBG] >LOG:1709321639,D,MANAGEMENT: CMD 'status'
2024-03-01 19:33:59.857 +00:00 [DBG] >LOG:1709321639,D,MANAGEMENT: CMD 'status'
2024-03-01 19:34:00.376 +00:00 [DBG] >LOG:1709321640,D,MANAGEMENT: CMD 'status'
2024-03-01 19:34:00.958 +00:00 [DBG] >LOG:1709321640,D,MANAGEMENT: CMD 'status'
2024-03-01 19:34:01.580 +00:00 [DBG] >LOG:1709321641,D,MANAGEMENT: CMD 'status'
2024-03-01 19:34:02.304 +00:00 [DBG] >LOG:1709321642,D,MANAGEMENT: CMD 'status'
2024-03-01 19:34:02.821 +00:00 [DBG] >LOG:1709321642,D,MANAGEMENT: CMD 'status'
2024-03-01 19:34:03.340 +00:00 [DBG] >LOG:1709321643,D,MANAGEMENT: CMD 'status'
2024-03-01 19:34:03.900 +00:00 [DBG] >LOG:1709321643,D,MANAGEMENT: CMD 'status'
2024-03-01 19:34:04.428 +00:00 [DBG] >LOG:1709321644,D,MANAGEMENT: CMD 'status'
2024-03-01 19:34:04.976 +00:00 [DBG] >LOG:1709321644,D,MANAGEMENT: CMD 'status'
2024-03-01 19:34:05.483 +00:00 [DBG] >LOG:1709321645,D,MANAGEMENT: CMD 'status'
2024-03-01 19:34:05.997 +00:00 [DBG] >LOG:1709321645,D,MANAGEMENT: CMD 'status'
2024-03-01 19:34:06.549 +00:00 [DBG] >LOG:1709321646,D,MANAGEMENT: CMD 'status'
2024-03-01 19:34:07.103 +00:00 [DBG] >LOG:1709321647,D,MANAGEMENT: CMD 'status'
2024-03-01 19:34:07.616 +00:00 [DBG] >LOG:1709321647,D,MANAGEMENT: CMD 'status'
2024-03-01 19:34:08.140 +00:00 [DBG] >LOG:1709321648,D,MANAGEMENT: CMD 'status'
2024-03-01 19:34:08.663 +00:00 [DBG] >LOG:1709321648,D,MANAGEMENT: CMD 'status'
2024-03-01 19:34:09.252 +00:00 [DBG] >LOG:1709321649,D,MANAGEMENT: CMD 'status'
2024-03-01 19:34:09.793 +00:00 [DBG] >LOG:1709321649,D,MANAGEMENT: CMD 'status'
2024-03-01 19:34:10.333 +00:00 [DBG] >LOG:1709321650,D,MANAGEMENT: CMD 'status'
2024-03-01 19:34:11.020 +00:00 [DBG] >LOG:1709321651,D,MANAGEMENT: CMD 'status'
2024-03-01 19:34:11.631 +00:00 [DBG] >LOG:1709321651,D,MANAGEMENT: CMD 'status'
2024-03-01 19:34:12.196 +00:00 [DBG] >LOG:1709321652,D,MANAGEMENT: CMD 'status'
2024-03-01 19:34:12.877 +00:00 [DBG] >LOG:1709321652,D,MANAGEMENT: CMD 'status'
2024-03-01 19:34:13.431 +00:00 [DBG] >LOG:1709321653,D,MANAGEMENT: CMD 'status'
2024-03-01 19:34:13.943 +00:00 [DBG] >LOG:1709321653,D,MANAGEMENT: CMD 'status'
2024-03-01 19:34:14.516 +00:00 [DBG] >LOG:1709321654,D,MANAGEMENT: CMD 'status'
2024-03-01 19:34:15.039 +00:00 [DBG] >LOG:1709321655,D,MANAGEMENT: CMD 'status'
2024-03-01 19:34:15.555 +00:00 [DBG] >LOG:1709321655,D,MANAGEMENT: CMD 'status'
2024-03-01 19:34:16.071 +00:00 [DBG] >LOG:1709321656,D,MANAGEMENT: CMD 'status'
2024-03-01 19:34:16.599 +00:00 [DBG] >LOG:1709321656,D,MANAGEMENT: CMD 'status'
2024-03-01 19:34:17.131 +00:00 [DBG] >LOG:1709321657,D,MANAGEMENT: CMD 'status'
2024-03-01 19:34:17.763 +00:00 [DBG] >LOG:1709321657,D,MANAGEMENT: CMD 'status'
2024-03-01 19:34:18.466 +00:00 [DBG] >LOG:1709321658,D,MANAGEMENT: CMD 'status'
2024-03-01 19:34:19.078 +00:00 [DBG] >LOG:1709321659,D,MANAGEMENT: CMD 'status'
2024-03-01 19:34:19.591 +00:00 [DBG] >LOG:1709321659,D,MANAGEMENT: CMD 'status'
2024-03-01 19:34:20.152 +00:00 [DBG] >LOG:1709321660,D,MANAGEMENT: CMD 'status'
2024-03-01 19:34:20.725 +00:00 [DBG] >LOG:1709321660,D,MANAGEMENT: CMD 'status'
2024-03-01 19:34:21.232 +00:00 [DBG] >LOG:1709321661,D,MANAGEMENT: CMD 'status'
2024-03-01 19:34:21.792 +00:00 [DBG] >LOG:1709321661,D,MANAGEMENT: CMD 'status'
2024-03-01 19:34:22.408 +00:00 [DBG] >LOG:1709321662,D,MANAGEMENT: CMD 'status'
2024-03-01 19:34:22.923 +00:00 [DBG] >LOG:1709321662,D,MANAGEMENT: CMD 'status'
2024-03-01 19:34:23.469 +00:00 [DBG] >LOG:1709321663,D,MANAGEMENT: CMD 'status'
2024-03-01 19:34:23.991 +00:00 [DBG] >LOG:1709321663,D,MANAGEMENT: CMD 'status'
2024-03-01 19:34:24.514 +00:00 [DBG] >LOG:1709321664,D,MANAGEMENT: CMD 'status'
2024-03-01 19:34:25.155 +00:00 [DBG] >LOG:1709321665,D,MANAGEMENT: CMD 'status'
2024-03-01 19:34:25.676 +00:00 [DBG] >LOG:1709321665,D,MANAGEMENT: CMD 'status'
2024-03-01 19:34:26.241 +00:00 [DBG] >LOG:1709321666,D,MANAGEMENT: CMD 'status'
2024-03-01 19:34:26.757 +00:00 [DBG] >LOG:1709321666,D,MANAGEMENT: CMD 'status'
2024-03-01 19:34:27.264 +00:00 [DBG] >LOG:1709321667,D,MANAGEMENT: CMD 'status'
2024-03-01 19:34:27.801 +00:00 [DBG] >LOG:1709321667,D,MANAGEMENT: CMD 'status'
2024-03-01 19:34:28.312 +00:00 [DBG] >LOG:1709321668,D,MANAGEMENT: CMD 'status'
2024-03-01 19:34:28.857 +00:00 [DBG] >LOG:1709321668,D,MANAGEMENT: CMD 'status'
2024-03-01 19:34:29.512 +00:00 [DBG] >LOG:1709321669,D,MANAGEMENT: CMD 'status'
2024-03-01 19:34:30.095 +00:00 [DBG] >LOG:1709321670,D,MANAGEMENT: CMD 'status'
2024-03-01 19:34:30.614 +00:00 [DBG] >LOG:1709321670,D,MANAGEMENT: CMD 'status'
2024-03-01 19:34:31.152 +00:00 [DBG] >LOG:1709321671,D,MANAGEMENT: CMD 'status'
2024-03-01 19:34:31.710 +00:00 [DBG] >LOG:1709321671,D,MANAGEMENT: CMD 'status'
2024-03-01 19:34:32.226 +00:00 [DBG] >LOG:1709321672,D,MANAGEMENT: CMD 'status'
2024-03-01 19:34:32.752 +00:00 [DBG] >LOG:1709321672,D,MANAGEMENT: CMD 'status'
2024-03-01 19:34:33.271 +00:00 [DBG] >LOG:1709321673,D,MANAGEMENT: CMD 'status'
2024-03-01 19:34:33.835 +00:00 [DBG] >LOG:1709321673,D,MANAGEMENT: CMD 'status'
2024-03-01 19:34:34.365 +00:00 [DBG] >LOG:1709321674,D,MANAGEMENT: CMD 'status'
2024-03-01 19:34:34.889 +00:00 [DBG] >LOG:1709321674,D,MANAGEMENT: CMD 'status'
2024-03-01 19:34:35.397 +00:00 [DBG] >LOG:1709321675,D,MANAGEMENT: CMD 'status'
2024-03-01 19:34:35.919 +00:00 [DBG] >LOG:1709321675,D,MANAGEMENT: CMD 'status'
2024-03-01 19:34:36.499 +00:00 [DBG] >LOG:1709321676,D,MANAGEMENT: CMD 'status'
2024-03-01 19:34:37.166 +00:00 [DBG] >LOG:1709321677,D,MANAGEMENT: CMD 'status'
2024-03-01 19:34:37.757 +00:00 [DBG] >LOG:1709321677,D,MANAGEMENT: CMD 'status'
2024-03-01 19:34:38.286 +00:00 [DBG] >LOG:1709321678,D,MANAGEMENT: CMD 'status'
2024-03-01 19:34:38.854 +00:00 [DBG] >LOG:1709321678,D,MANAGEMENT: CMD 'status'
2024-03-01 19:34:39.366 +00:00 [DBG] >LOG:1709321679,D,MANAGEMENT: CMD 'status'
2024-03-01 19:34:39.996 +00:00 [DBG] >LOG:1709321679,D,MANAGEMENT: CMD 'status'
2024-03-01 19:34:40.505 +00:00 [DBG] >LOG:1709321680,D,MANAGEMENT: CMD 'status'
2024-03-01 19:34:41.036 +00:00 [DBG] >LOG:1709321681,D,MANAGEMENT: CMD 'status'
2024-03-01 19:34:41.551 +00:00 [DBG] >LOG:1709321681,D,MANAGEMENT: CMD 'status'
2024-03-01 19:34:42.193 +00:00 [DBG] >LOG:1709321682,D,MANAGEMENT: CMD 'status'
2024-03-01 19:34:45.900 +00:00 [DBG] >LOG:1709321684,D,MANAGEMENT: CMD 'status'
2024-03-01 19:34:48.456 +00:00 [DBG] >LOG:1709321687,D,MANAGEMENT: CMD 'status'
2024-03-01 19:34:57.005 +00:00 [DBG] >LOG:1709321691,D,MANAGEMENT: CMD 'status'
2024-03-01 19:35:01.895 +00:00 [DBG] >LOG:1709321695,D,MANAGEMENT: CMD 'status'
2024-03-01 19:35:01.925 +00:00 [DBG] >LOG:1709321697,D,MANAGEMENT: CMD 'status'
2024-03-01 20:32:48.656 +00:00 [DBG] >LOG:1709321695,D,MANAGEMENT: CMD 'status'
2024-03-01 20:32:48.656 +00:00 [DBG] >LOG:1709321697,D,MANAGEMENT: CMD 'status'
2024-03-01 20:32:48.660 +00:00 [DBG] >LOG:1709325168,D,MANAGEMENT: CMD 'echo on'
2024-03-01 20:32:48.660 +00:00 [DBG] >LOG:1709325168,D,MANAGEMENT: CMD ''
2024-03-01 20:32:48.774 +00:00 [DBG] >LOG:1709325168,,Control Channel: TLSv1.2, cipher TLSv1/SSLv3 ECDHE-RSA-AES256-GCM-SHA384, 2048 bit RSA
2024-03-01 20:32:48.774 +00:00 [DBG] >LOG:1709325168,I,[server] Peer Connection Initiated with [AF_INET]3.74.138.27:443
2024-03-01 20:32:49.996 +00:00 [DBG] >LOG:1709325169,,MANAGEMENT: >STATE:1709325169,GET_CONFIG,,,,,,
2024-03-01 20:32:49.997 +00:00 [DBG] >LOG:1709325169,,SENT CONTROL [server]: 'PUSH_REQUEST' (status=1)
2024-03-01 20:32:55.837 +00:00 [DBG] >LOG:1709325170,,PUSH: Received control message: 'PUSH_REPLY,route 172.31.0.0 255.255.0.0,route-gateway 10.0.0.1,topology subnet,ping 1,ping-restart 20,echo,ifconfig 10.0.0.2 255.255.255.224,peer-id 1,cipher AES-256-GCM'
2024-03-01 20:32:55.838 +00:00 [DBG] >LOG:1709325170,,OPTIONS IMPORT: timers and/or timeouts modified
2024-03-01 20:32:55.838 +00:00 [DBG] >LOG:1709325170,,OPTIONS IMPORT: --ifconfig/up options modified
2024-03-01 20:32:55.838 +00:00 [DBG] >LOG:1709325170,,OPTIONS IMPORT: route options modified
2024-03-01 20:32:55.838 +00:00 [DBG] >LOG:1709325170,,OPTIONS IMPORT: route-related options modified
2024-03-01 20:32:55.838 +00:00 [DBG] >LOG:1709325170,,OPTIONS IMPORT: peer-id set
2024-03-01 20:32:55.838 +00:00 [DBG] >LOG:1709325170,,OPTIONS IMPORT: adjusting link_mtu to 1624
2024-03-01 20:32:55.838 +00:00 [DBG] >LOG:1709325170,,OPTIONS IMPORT: data channel crypto options modified
2024-03-01 20:32:55.838 +00:00 [DBG] >LOG:1709325170,,Outgoing Data Channel: Cipher 'AES-256-GCM' initialized with 256 bit key
2024-03-01 20:32:55.838 +00:00 [DBG] >LOG:1709325170,,Incoming Data Channel: Cipher 'AES-256-GCM' initialized with 256 bit key
2024-03-01 20:32:55.838 +00:00 [DBG] >LOG:1709325170,,ROUTE_GATEWAY 192.168.1.1/255.255.255.0 IFACE=en0 HWADDR=bc:d0:74:79:6b:44
2024-03-01 20:32:55.838 +00:00 [DBG] >LOG:1709325170,,Opening utun (connect(AF_SYS_CONTROL)): Resource busy (errno=16)
2024-03-01 20:32:55.838 +00:00 [DBG] >LOG:1709325170,,Opening utun (connect(AF_SYS_CONTROL)): Resource busy (errno=16)
2024-03-01 20:32:55.838 +00:00 [DBG] >LOG:1709325170,,Opening utun (connect(AF_SYS_CONTROL)): Resource busy (errno=16)
2024-03-01 20:32:55.838 +00:00 [DBG] >LOG:1709325170,,Opening utun (connect(AF_SYS_CONTROL)): Resource busy (errno=16)
2024-03-01 20:32:55.838 +00:00 [DBG] >LOG:1709325170,,Opening utun (connect(AF_SYS_CONTROL)): Resource busy (errno=16)
2024-03-01 20:32:55.839 +00:00 [DBG] >LOG:1709325170,,Opening utun (connect(AF_SYS_CONTROL)): Resource busy (errno=16)
2024-03-01 20:32:55.839 +00:00 [DBG] >LOG:1709325170,,Opening utun (connect(AF_SYS_CONTROL)): Resource busy (errno=16)
2024-03-01 20:32:55.839 +00:00 [DBG] >LOG:1709325170,I,Opened utun device utun7
2024-03-01 20:32:55.839 +00:00 [DBG] >LOG:1709325170,D,do_ifconfig, tt->did_ifconfig_ipv6_setup=0
2024-03-01 20:32:55.839 +00:00 [DBG] >LOG:1709325170,,MANAGEMENT: >STATE:1709325170,ASSIGN_IP,,10.0.0.2,,,,
2024-03-01 20:32:55.839 +00:00 [DBG] >LOG:1709325170,I,/sbin/ifconfig utun7 delete
2024-03-01 20:32:55.839 +00:00 [DBG] >LOG:1709325170,I,NOTE: Tried to delete pre-existing tun/tap instance -- No Problem if failure
2024-03-01 20:32:55.839 +00:00 [DBG] >LOG:1709325170,I,/sbin/ifconfig utun7 10.0.0.2 10.0.0.2 netmask 255.255.255.224 mtu 1500 up
2024-03-01 20:32:55.839 +00:00 [DBG] >LOG:1709325170,,/sbin/route add -net 10.0.0.0 10.0.0.2 255.255.255.224
2024-03-01 20:32:55.839 +00:00 [DBG] >LOG:1709325170,I,/Applications/AWS VPN Client/AWS VPN Client.app/Contents/Resources/openvpn/client.up utun7 1500 1552 10.0.0.2 255.255.255.224 init
2024-03-01 20:32:55.839 +00:00 [DBG] >LOG:1709325175,,MANAGEMENT: >STATE:1709325175,ADD_ROUTES,,,,,,
2024-03-01 20:32:55.839 +00:00 [DBG] >LOG:1709325175,,/sbin/route add -net 172.31.0.0 10.0.0.1 255.255.0.0
2024-03-01 20:32:55.839 +00:00 [DBG] >LOG:1709325175,W,WARNING: this configuration may cache passwords in memory -- use the auth-nocache option to prevent this
2024-03-01 20:32:55.839 +00:00 [DBG] >LOG:1709325175,I,Initialization Sequence Completed
2024-03-01 20:32:55.839 +00:00 [DBG] >LOG:1709325175,,MANAGEMENT: >STATE:1709325175,CONNECTED,SUCCESS,10.0.0.2,3.74.138.27,443,,
2024-03-01 20:32:56.912 +00:00 [DBG] >LOG:1709325175,D,MANAGEMENT: CMD 'status'
2024-03-01 20:32:56.938 +00:00 [DBG] >LOG:1709325176,D,MANAGEMENT: CMD 'status'
2024-03-01 20:32:57.418 +00:00 [DBG] >LOG:1709325177,D,MANAGEMENT: CMD 'status'
2024-03-01 20:32:57.930 +00:00 [DBG] >LOG:1709325177,D,MANAGEMENT: CMD 'status'
2024-03-01 20:32:58.444 +00:00 [DBG] >LOG:1709325178,D,MANAGEMENT: CMD 'status'
2024-03-01 20:32:58.956 +00:00 [DBG] >LOG:1709325178,D,MANAGEMENT: CMD 'status'
2024-03-01 20:32:59.478 +00:00 [DBG] >LOG:1709325179,D,MANAGEMENT: CMD 'status'
2024-03-01 20:33:00.022 +00:00 [DBG] >LOG:1709325180,D,MANAGEMENT: CMD 'status'
2024-03-01 20:33:00.540 +00:00 [DBG] >LOG:1709325180,D,MANAGEMENT: CMD 'status'
2024-03-01 20:33:01.045 +00:00 [DBG] >LOG:1709325181,D,MANAGEMENT: CMD 'status'
2024-03-01 20:33:01.562 +00:00 [DBG] >LOG:1709325181,D,MANAGEMENT: CMD 'status'
2024-03-01 20:33:02.161 +00:00 [DBG] >LOG:1709325182,D,MANAGEMENT: CMD 'status'
2024-03-01 20:33:02.689 +00:00 [DBG] >LOG:1709325182,D,MANAGEMENT: CMD 'status'
2024-03-01 20:33:03.268 +00:00 [DBG] >LOG:1709325183,D,MANAGEMENT: CMD 'status'
2024-03-01 20:33:03.839 +00:00 [DBG] >LOG:1709325183,D,MANAGEMENT: CMD 'status'
2024-03-01 20:33:04.346 +00:00 [DBG] >LOG:1709325184,D,MANAGEMENT: CMD 'status'
2024-03-01 20:33:05.062 +00:00 [DBG] >LOG:1709325184,D,MANAGEMENT: CMD 'status'
2024-03-01 20:33:05.569 +00:00 [DBG] >LOG:1709325185,D,MANAGEMENT: CMD 'status'
2024-03-01 20:33:06.122 +00:00 [DBG] >LOG:1709325186,D,MANAGEMENT: CMD 'status'
2024-03-01 20:33:06.669 +00:00 [DBG] >LOG:1709325186,D,MANAGEMENT: CMD 'status'
2024-03-01 20:33:07.207 +00:00 [DBG] >LOG:1709325187,D,MANAGEMENT: CMD 'status'
2024-03-01 20:33:07.763 +00:00 [DBG] >LOG:1709325187,D,MANAGEMENT: CMD 'status'
2024-03-01 20:33:08.276 +00:00 [DBG] >LOG:1709325188,D,MANAGEMENT: CMD 'status'
2024-03-01 20:33:08.879 +00:00 [DBG] >LOG:1709325188,D,MANAGEMENT: CMD 'status'
2024-03-01 20:33:09.406 +00:00 [DBG] >LOG:1709325189,D,MANAGEMENT: CMD 'status'
2024-03-01 20:33:09.996 +00:00 [DBG] >LOG:1709325189,D,MANAGEMENT: CMD 'status'
2024-03-01 20:33:10.545 +00:00 [DBG] >LOG:1709325190,D,MANAGEMENT: CMD 'status'
2024-03-01 20:33:11.070 +00:00 [DBG] >LOG:1709325191,D,MANAGEMENT: CMD 'status'
2024-03-01 20:33:11.601 +00:00 [DBG] >LOG:1709325191,D,MANAGEMENT: CMD 'status'
2024-03-01 20:33:12.111 +00:00 [DBG] >LOG:1709325192,D,MANAGEMENT: CMD 'status'
2024-03-01 20:33:12.635 +00:00 [DBG] >LOG:1709325192,D,MANAGEMENT: CMD 'status'
2024-03-01 20:33:13.158 +00:00 [DBG] >LOG:1709325193,D,MANAGEMENT: CMD 'status'
2024-03-01 20:33:13.703 +00:00 [DBG] >LOG:1709325193,D,MANAGEMENT: CMD 'status'
2024-03-01 20:33:14.211 +00:00 [DBG] >LOG:1709325194,D,MANAGEMENT: CMD 'status'
2024-03-01 20:33:14.758 +00:00 [DBG] >LOG:1709325194,D,MANAGEMENT: CMD 'status'
2024-03-01 20:33:15.319 +00:00 [DBG] >LOG:1709325195,D,MANAGEMENT: CMD 'status'
2024-03-01 20:33:15.908 +00:00 [DBG] >LOG:1709325195,D,MANAGEMENT: CMD 'status'
2024-03-01 20:33:16.579 +00:00 [DBG] >LOG:1709325196,D,MANAGEMENT: CMD 'status'
2024-03-01 20:33:17.098 +00:00 [DBG] >LOG:1709325197,D,MANAGEMENT: CMD 'status'
2024-03-01 20:33:17.684 +00:00 [DBG] >LOG:1709325197,D,MANAGEMENT: CMD 'status'
2024-03-01 20:33:18.297 +00:00 [DBG] >LOG:1709325198,D,MANAGEMENT: CMD 'status'
2024-03-01 20:33:18.814 +00:00 [DBG] >LOG:1709325198,D,MANAGEMENT: CMD 'status'
2024-03-01 20:33:19.377 +00:00 [DBG] >LOG:1709325199,D,MANAGEMENT: CMD 'status'
2024-03-01 20:33:19.924 +00:00 [DBG] >LOG:1709325199,D,MANAGEMENT: CMD 'status'
2024-03-01 20:33:20.476 +00:00 [DBG] >LOG:1709325200,D,MANAGEMENT: CMD 'status'
2024-03-01 20:33:21.160 +00:00 [DBG] >LOG:1709325201,D,MANAGEMENT: CMD 'status'
2024-03-01 20:33:21.665 +00:00 [DBG] >LOG:1709325201,D,MANAGEMENT: CMD 'status'
2024-03-01 20:33:22.293 +00:00 [DBG] >LOG:1709325202,D,MANAGEMENT: CMD 'status'
2024-03-01 20:33:22.819 +00:00 [DBG] >LOG:1709325202,D,MANAGEMENT: CMD 'status'
2024-03-01 20:33:23.344 +00:00 [DBG] >LOG:1709325203,D,MANAGEMENT: CMD 'status'
2024-03-01 20:33:23.878 +00:00 [DBG] >LOG:1709325203,D,MANAGEMENT: CMD 'status'
2024-03-01 20:33:24.422 +00:00 [DBG] >LOG:1709325204,D,MANAGEMENT: CMD 'status'
2024-03-01 20:33:24.987 +00:00 [DBG] >LOG:1709325204,D,MANAGEMENT: CMD 'status'
2024-03-01 20:33:25.546 +00:00 [DBG] >LOG:1709325205,D,MANAGEMENT: CMD 'status'
2024-03-01 20:33:26.131 +00:00 [DBG] >LOG:1709325206,D,MANAGEMENT: CMD 'status'
2024-03-01 20:33:26.654 +00:00 [DBG] >LOG:1709325206,D,MANAGEMENT: CMD 'status'
2024-03-01 20:33:27.206 +00:00 [DBG] >LOG:1709325207,D,MANAGEMENT: CMD 'status'
2024-03-01 20:33:27.717 +00:00 [DBG] >LOG:1709325207,D,MANAGEMENT: CMD 'status'
2024-03-01 20:33:28.405 +00:00 [DBG] >LOG:1709325208,D,MANAGEMENT: CMD 'status'
2024-03-01 20:33:28.911 +00:00 [DBG] >LOG:1709325208,D,MANAGEMENT: CMD 'status'
2024-03-01 20:33:29.427 +00:00 [DBG] >LOG:1709325209,D,MANAGEMENT: CMD 'status'
2024-03-01 20:33:30.012 +00:00 [DBG] >LOG:1709325210,D,MANAGEMENT: CMD 'status'
2024-03-01 20:33:30.517 +00:00 [DBG] >LOG:1709325210,D,MANAGEMENT: CMD 'status'
2024-03-01 20:33:31.064 +00:00 [DBG] >LOG:1709325211,D,MANAGEMENT: CMD 'status'
2024-03-01 20:33:31.577 +00:00 [DBG] >LOG:1709325211,D,MANAGEMENT: CMD 'status'
2024-03-01 20:33:32.136 +00:00 [DBG] >LOG:1709325212,D,MANAGEMENT: CMD 'status'
2024-03-01 20:33:32.651 +00:00 [DBG] >LOG:1709325212,D,MANAGEMENT: CMD 'status'
2024-03-01 20:33:33.214 +00:00 [DBG] >LOG:1709325213,D,MANAGEMENT: CMD 'status'
2024-03-01 20:33:33.760 +00:00 [DBG] >LOG:1709325213,D,MANAGEMENT: CMD 'status'
2024-03-01 20:33:34.365 +00:00 [DBG] >LOG:1709325214,D,MANAGEMENT: CMD 'status'
2024-03-01 20:33:34.872 +00:00 [DBG] >LOG:1709325214,D,MANAGEMENT: CMD 'status'
2024-03-01 20:33:35.404 +00:00 [DBG] >LOG:1709325215,D,MANAGEMENT: CMD 'status'
2024-03-01 20:33:35.931 +00:00 [DBG] >LOG:1709325215,D,MANAGEMENT: CMD 'status'
2024-03-01 20:33:36.621 +00:00 [DBG] >LOG:1709325216,D,MANAGEMENT: CMD 'status'
2024-03-01 20:33:37.171 +00:00 [DBG] >LOG:1709325217,D,MANAGEMENT: CMD 'status'
2024-03-01 20:33:37.691 +00:00 [DBG] >LOG:1709325217,D,MANAGEMENT: CMD 'status'
2024-03-01 20:33:38.227 +00:00 [DBG] >LOG:1709325218,D,MANAGEMENT: CMD 'status'
2024-03-01 20:33:38.734 +00:00 [DBG] >LOG:1709325218,D,MANAGEMENT: CMD 'status'
2024-03-01 20:33:39.419 +00:00 [DBG] >LOG:1709325219,D,MANAGEMENT: CMD 'status'
2024-03-01 20:33:39.928 +00:00 [DBG] >LOG:1709325219,D,MANAGEMENT: CMD 'status'
2024-03-01 20:33:40.457 +00:00 [DBG] >LOG:1709325220,D,MANAGEMENT: CMD 'status'
2024-03-01 20:33:40.975 +00:00 [DBG] >LOG:1709325220,D,MANAGEMENT: CMD 'status'
2024-03-01 20:33:41.479 +00:00 [DBG] >LOG:1709325221,D,MANAGEMENT: CMD 'status'
2024-03-01 20:33:41.988 +00:00 [DBG] >LOG:1709325221,D,MANAGEMENT: CMD 'status'
2024-03-01 20:33:42.510 +00:00 [DBG] >LOG:1709325222,D,MANAGEMENT: CMD 'status'
2024-03-01 20:33:43.018 +00:00 [DBG] >LOG:1709325223,D,MANAGEMENT: CMD 'status'
2024-03-01 20:33:43.531 +00:00 [DBG] >LOG:1709325223,D,MANAGEMENT: CMD 'status'
2024-03-01 20:33:44.036 +00:00 [DBG] >LOG:1709325224,D,MANAGEMENT: CMD 'status'
2024-03-01 20:33:44.541 +00:00 [DBG] >LOG:1709325224,D,MANAGEMENT: CMD 'status'
2024-03-01 20:33:45.045 +00:00 [DBG] >LOG:1709325225,D,MANAGEMENT: CMD 'status'
2024-03-01 20:33:45.550 +00:00 [DBG] >LOG:1709325225,D,MANAGEMENT: CMD 'status'
2024-03-01 20:33:46.057 +00:00 [DBG] >LOG:1709325226,D,MANAGEMENT: CMD 'status'
2024-03-01 20:33:46.583 +00:00 [DBG] >LOG:1709325226,D,MANAGEMENT: CMD 'status'
2024-03-01 20:33:47.087 +00:00 [DBG] >LOG:1709325227,D,MANAGEMENT: CMD 'status'
2024-03-01 20:33:47.594 +00:00 [DBG] >LOG:1709325227,D,MANAGEMENT: CMD 'status'
2024-03-01 20:33:48.098 +00:00 [DBG] >LOG:1709325228,D,MANAGEMENT: CMD 'status'
2024-03-01 20:33:48.603 +00:00 [DBG] >LOG:1709325228,D,MANAGEMENT: CMD 'status'
2024-03-01 20:33:49.108 +00:00 [DBG] >LOG:1709325229,D,MANAGEMENT: CMD 'status'
2024-03-01 20:33:49.620 +00:00 [DBG] >LOG:1709325229,D,MANAGEMENT: CMD 'status'
2024-03-01 20:33:50.166 +00:00 [DBG] >LOG:1709325230,D,MANAGEMENT: CMD 'status'
2024-03-01 20:33:50.672 +00:00 [DBG] >LOG:1709325230,D,MANAGEMENT: CMD 'status'
2024-03-01 20:33:51.225 +00:00 [DBG] >LOG:1709325231,D,MANAGEMENT: CMD 'status'
2024-03-01 20:33:51.789 +00:00 [DBG] >LOG:1709325231,D,MANAGEMENT: CMD 'status'
2024-03-01 20:33:52.294 +00:00 [DBG] >LOG:1709325232,D,MANAGEMENT: CMD 'status'
2024-03-01 20:33:52.802 +00:00 [DBG] >LOG:1709325232,D,MANAGEMENT: CMD 'status'
2024-03-01 20:33:53.359 +00:00 [DBG] >LOG:1709325233,D,MANAGEMENT: CMD 'status'
2024-03-01 20:33:53.884 +00:00 [DBG] >LOG:1709325233,D,MANAGEMENT: CMD 'status'
2024-03-01 20:33:54.392 +00:00 [DBG] >LOG:1709325234,D,MANAGEMENT: CMD 'status'
2024-03-01 20:33:54.908 +00:00 [DBG] >LOG:1709325234,D,MANAGEMENT: CMD 'status'
2024-03-01 20:33:55.425 +00:00 [DBG] >LOG:1709325235,D,MANAGEMENT: CMD 'status'
2024-03-01 20:33:55.951 +00:00 [DBG] >LOG:1709325235,D,MANAGEMENT: CMD 'status'
2024-03-01 20:33:56.459 +00:00 [DBG] >LOG:1709325236,D,MANAGEMENT: CMD 'status'
2024-03-01 20:33:56.965 +00:00 [DBG] >LOG:1709325236,D,MANAGEMENT: CMD 'status'
2024-03-01 20:33:57.474 +00:00 [DBG] >LOG:1709325237,D,MANAGEMENT: CMD 'status'
2024-03-01 20:33:57.980 +00:00 [DBG] >LOG:1709325237,D,MANAGEMENT: CMD 'status'
2024-03-01 20:33:58.492 +00:00 [DBG] >LOG:1709325238,D,MANAGEMENT: CMD 'status'
2024-03-01 20:33:59.001 +00:00 [DBG] >LOG:1709325238,D,MANAGEMENT: CMD 'status'
2024-03-01 20:33:59.506 +00:00 [DBG] >LOG:1709325239,D,MANAGEMENT: CMD 'status'
2024-03-01 20:34:00.035 +00:00 [DBG] >LOG:1709325240,D,MANAGEMENT: CMD 'status'
2024-03-01 20:34:00.553 +00:00 [DBG] >LOG:1709325240,D,MANAGEMENT: CMD 'status'
2024-03-01 20:34:01.059 +00:00 [DBG] >LOG:1709325241,D,MANAGEMENT: CMD 'status'
2024-03-01 20:34:01.566 +00:00 [DBG] >LOG:1709325241,D,MANAGEMENT: CMD 'status'
2024-03-01 20:34:02.079 +00:00 [DBG] >LOG:1709325242,D,MANAGEMENT: CMD 'status'
2024-03-01 20:34:02.585 +00:00 [DBG] >LOG:1709325242,D,MANAGEMENT: CMD 'status'
2024-03-01 20:34:03.091 +00:00 [DBG] >LOG:1709325243,D,MANAGEMENT: CMD 'status'
2024-03-01 20:34:03.627 +00:00 [DBG] >LOG:1709325243,D,MANAGEMENT: CMD 'status'
2024-03-01 20:34:04.136 +00:00 [DBG] >LOG:1709325244,D,MANAGEMENT: CMD 'status'
2024-03-01 20:34:04.740 +00:00 [DBG] >LOG:1709325244,D,MANAGEMENT: CMD 'status'
2024-03-01 20:34:05.252 +00:00 [DBG] >LOG:1709325245,D,MANAGEMENT: CMD 'status'
2024-03-01 20:34:05.782 +00:00 [DBG] >LOG:1709325245,D,MANAGEMENT: CMD 'status'
2024-03-01 20:34:06.294 +00:00 [DBG] >LOG:1709325246,D,MANAGEMENT: CMD 'status'
2024-03-01 20:34:06.801 +00:00 [DBG] >LOG:1709325246,D,MANAGEMENT: CMD 'status'
2024-03-01 20:34:07.315 +00:00 [DBG] >LOG:1709325247,D,MANAGEMENT: CMD 'status'
2024-03-01 20:34:07.822 +00:00 [DBG] >LOG:1709325247,D,MANAGEMENT: CMD 'status'
2024-03-01 20:34:08.330 +00:00 [DBG] >LOG:1709325248,D,MANAGEMENT: CMD 'status'
2024-03-01 20:34:08.839 +00:00 [DBG] >LOG:1709325248,D,MANAGEMENT: CMD 'status'
2024-03-01 20:34:09.346 +00:00 [DBG] >LOG:1709325249,D,MANAGEMENT: CMD 'status'
2024-03-01 20:34:09.851 +00:00 [DBG] >LOG:1709325249,D,MANAGEMENT: CMD 'status'
2024-03-01 20:34:10.361 +00:00 [DBG] >LOG:1709325250,D,MANAGEMENT: CMD 'status'
2024-03-01 20:34:10.868 +00:00 [DBG] >LOG:1709325250,D,MANAGEMENT: CMD 'status'
2024-03-01 20:34:11.375 +00:00 [DBG] >LOG:1709325251,D,MANAGEMENT: CMD 'status'
2024-03-01 20:34:11.893 +00:00 [DBG] >LOG:1709325251,D,MANAGEMENT: CMD 'status'
2024-03-01 20:34:12.399 +00:00 [DBG] >LOG:1709325252,D,MANAGEMENT: CMD 'status'
2024-03-01 20:34:12.906 +00:00 [DBG] >LOG:1709325252,D,MANAGEMENT: CMD 'status'
2024-03-01 20:34:13.428 +00:00 [DBG] >LOG:1709325253,D,MANAGEMENT: CMD 'status'
2024-03-01 20:34:13.950 +00:00 [DBG] >LOG:1709325253,D,MANAGEMENT: CMD 'status'
2024-03-01 20:34:14.469 +00:00 [DBG] >LOG:1709325254,D,MANAGEMENT: CMD 'status'
2024-03-01 20:34:14.980 +00:00 [DBG] >LOG:1709325254,D,MANAGEMENT: CMD 'status'
2024-03-01 20:34:15.490 +00:00 [DBG] >LOG:1709325255,D,MANAGEMENT: CMD 'status'
2024-03-01 20:34:15.998 +00:00 [DBG] >LOG:1709325255,D,MANAGEMENT: CMD 'status'
2024-03-01 20:34:16.507 +00:00 [DBG] >LOG:1709325256,D,MANAGEMENT: CMD 'status'
2024-03-01 20:34:17.014 +00:00 [DBG] >LOG:1709325257,D,MANAGEMENT: CMD 'status'
2024-03-01 20:34:17.521 +00:00 [DBG] >LOG:1709325257,D,MANAGEMENT: CMD 'status'
2024-03-01 20:34:18.029 +00:00 [DBG] >LOG:1709325258,D,MANAGEMENT: CMD 'status'
2024-03-01 20:34:18.540 +00:00 [DBG] >LOG:1709325258,D,MANAGEMENT: CMD 'status'
2024-03-01 20:34:19.051 +00:00 [DBG] >LOG:1709325259,D,MANAGEMENT: CMD 'status'
2024-03-01 20:34:19.557 +00:00 [DBG] >LOG:1709325259,D,MANAGEMENT: CMD 'status'
2024-03-01 20:34:20.063 +00:00 [DBG] >LOG:1709325260,D,MANAGEMENT: CMD 'status'
2024-03-01 20:34:20.567 +00:00 [DBG] >LOG:1709325260,D,MANAGEMENT: CMD 'status'
2024-03-01 20:34:21.074 +00:00 [DBG] >LOG:1709325261,D,MANAGEMENT: CMD 'status'
2024-03-01 20:34:21.582 +00:00 [DBG] >LOG:1709325261,D,MANAGEMENT: CMD 'status'
2024-03-01 20:34:22.094 +00:00 [DBG] >LOG:1709325262,D,MANAGEMENT: CMD 'status'
2024-03-01 20:34:22.599 +00:00 [DBG] >LOG:1709325262,D,MANAGEMENT: CMD 'status'
2024-03-01 20:34:23.106 +00:00 [DBG] >LOG:1709325263,D,MANAGEMENT: CMD 'status'
2024-03-01 20:34:23.615 +00:00 [DBG] >LOG:1709325263,D,MANAGEMENT: CMD 'status'
2024-03-01 20:34:24.121 +00:00 [DBG] >LOG:1709325264,D,MANAGEMENT: CMD 'status'
2024-03-01 20:34:24.626 +00:00 [DBG] >LOG:1709325264,D,MANAGEMENT: CMD 'status'
2024-03-01 20:34:25.140 +00:00 [DBG] >LOG:1709325265,D,MANAGEMENT: CMD 'status'
2024-03-01 20:34:25.661 +00:00 [DBG] >LOG:1709325265,D,MANAGEMENT: CMD 'status'
2024-03-01 20:34:26.175 +00:00 [DBG] >LOG:1709325266,D,MANAGEMENT: CMD 'status'
2024-03-01 20:34:26.687 +00:00 [DBG] >LOG:1709325266,D,MANAGEMENT: CMD 'status'
2024-03-01 20:34:27.196 +00:00 [DBG] >LOG:1709325267,D,MANAGEMENT: CMD 'status'
2024-03-01 20:34:27.701 +00:00 [DBG] >LOG:1709325267,D,MANAGEMENT: CMD 'status'
2024-03-01 20:34:28.206 +00:00 [DBG] >LOG:1709325268,D,MANAGEMENT: CMD 'status'
2024-03-01 20:34:28.712 +00:00 [DBG] >LOG:1709325268,D,MANAGEMENT: CMD 'status'
2024-03-01 20:34:29.216 +00:00 [DBG] >LOG:1709325269,D,MANAGEMENT: CMD 'status'
2024-03-01 20:34:29.720 +00:00 [DBG] >LOG:1709325269,D,MANAGEMENT: CMD 'status'
2024-03-01 20:34:30.228 +00:00 [DBG] >LOG:1709325270,D,MANAGEMENT: CMD 'status'
2024-03-01 20:34:30.735 +00:00 [DBG] >LOG:1709325270,D,MANAGEMENT: CMD 'status'
2024-03-01 20:34:31.332 +00:00 [DBG] >LOG:1709325271,D,MANAGEMENT: CMD 'status'
2024-03-01 20:34:31.842 +00:00 [DBG] >LOG:1709325271,D,MANAGEMENT: CMD 'status'
2024-03-01 20:34:32.353 +00:00 [DBG] >LOG:1709325272,D,MANAGEMENT: CMD 'status'
2024-03-01 20:34:32.862 +00:00 [DBG] >LOG:1709325272,D,MANAGEMENT: CMD 'status'
2024-03-01 20:34:33.405 +00:00 [DBG] >LOG:1709325273,D,MANAGEMENT: CMD 'status'
2024-03-01 20:34:33.912 +00:00 [DBG] >LOG:1709325273,D,MANAGEMENT: CMD 'status'
2024-03-01 20:34:34.429 +00:00 [DBG] >LOG:1709325274,D,MANAGEMENT: CMD 'status'
2024-03-01 20:34:34.933 +00:00 [DBG] >LOG:1709325274,D,MANAGEMENT: CMD 'status'
2024-03-01 20:34:35.447 +00:00 [DBG] >LOG:1709325275,D,MANAGEMENT: CMD 'status'
2024-03-01 20:34:35.959 +00:00 [DBG] >LOG:1709325275,D,MANAGEMENT: CMD 'status'
2024-03-01 20:34:36.473 +00:00 [DBG] >LOG:1709325276,D,MANAGEMENT: CMD 'status'
2024-03-01 20:34:36.982 +00:00 [DBG] >LOG:1709325276,D,MANAGEMENT: CMD 'status'
2024-03-01 20:34:37.492 +00:00 [DBG] >LOG:1709325277,D,MANAGEMENT: CMD 'status'
2024-03-01 20:34:37.999 +00:00 [DBG] >LOG:1709325277,D,MANAGEMENT: CMD 'status'
2024-03-01 20:34:38.509 +00:00 [DBG] >LOG:1709325278,D,MANAGEMENT: CMD 'status'
2024-03-01 20:34:39.019 +00:00 [DBG] >LOG:1709325279,D,MANAGEMENT: CMD 'status'
2024-03-01 20:34:39.526 +00:00 [DBG] >LOG:1709325279,D,MANAGEMENT: CMD 'status'
2024-03-01 20:34:40.036 +00:00 [DBG] >LOG:1709325280,D,MANAGEMENT: CMD 'status'
2024-03-01 20:34:40.542 +00:00 [DBG] >LOG:1709325280,D,MANAGEMENT: CMD 'status'
2024-03-01 20:34:41.047 +00:00 [DBG] >LOG:1709325281,D,MANAGEMENT: CMD 'status'
2024-03-01 20:34:41.555 +00:00 [DBG] >LOG:1709325281,D,MANAGEMENT: CMD 'status'
2024-03-01 20:34:42.066 +00:00 [DBG] >LOG:1709325282,D,MANAGEMENT: CMD 'status'
2024-03-01 20:34:42.579 +00:00 [DBG] >LOG:1709325282,D,MANAGEMENT: CMD 'status'
2024-03-01 20:34:43.087 +00:00 [DBG] >LOG:1709325283,D,MANAGEMENT: CMD 'status'
2024-03-01 20:34:43.596 +00:00 [DBG] >LOG:1709325283,D,MANAGEMENT: CMD 'status'
2024-03-01 20:34:44.103 +00:00 [DBG] >LOG:1709325284,D,MANAGEMENT: CMD 'status'
2024-03-01 20:34:44.616 +00:00 [DBG] >LOG:1709325284,D,MANAGEMENT: CMD 'status'
2024-03-01 20:34:45.131 +00:00 [DBG] >LOG:1709325285,D,MANAGEMENT: CMD 'status'
2024-03-01 20:34:45.637 +00:00 [DBG] >LOG:1709325285,D,MANAGEMENT: CMD 'status'
2024-03-01 20:34:46.150 +00:00 [DBG] >LOG:1709325286,D,MANAGEMENT: CMD 'status'
2024-03-01 20:34:46.657 +00:00 [DBG] >LOG:1709325286,D,MANAGEMENT: CMD 'status'
2024-03-01 20:34:47.164 +00:00 [DBG] >LOG:1709325287,D,MANAGEMENT: CMD 'status'
2024-03-01 20:34:47.672 +00:00 [DBG] >LOG:1709325287,D,MANAGEMENT: CMD 'status'
2024-03-01 20:34:48.192 +00:00 [DBG] >LOG:1709325288,D,MANAGEMENT: CMD 'status'
2024-03-01 20:34:48.703 +00:00 [DBG] >LOG:1709325288,D,MANAGEMENT: CMD 'status'
2024-03-01 20:34:49.209 +00:00 [DBG] >LOG:1709325289,D,MANAGEMENT: CMD 'status'
2024-03-01 20:34:49.719 +00:00 [DBG] >LOG:1709325289,D,MANAGEMENT: CMD 'status'
2024-03-01 20:34:50.223 +00:00 [DBG] >LOG:1709325290,D,MANAGEMENT: CMD 'status'
2024-03-01 20:34:50.732 +00:00 [DBG] >LOG:1709325290,D,MANAGEMENT: CMD 'status'
2024-03-01 20:34:51.240 +00:00 [DBG] >LOG:1709325291,D,MANAGEMENT: CMD 'status'
2024-03-01 20:34:51.752 +00:00 [DBG] >LOG:1709325291,D,MANAGEMENT: CMD 'status'
2024-03-01 20:34:52.263 +00:00 [DBG] >LOG:1709325292,D,MANAGEMENT: CMD 'status'
2024-03-01 20:34:52.773 +00:00 [DBG] >LOG:1709325292,D,MANAGEMENT: CMD 'status'
2024-03-01 20:34:53.285 +00:00 [DBG] >LOG:1709325293,D,MANAGEMENT: CMD 'status'
2024-03-01 20:34:53.801 +00:00 [DBG] >LOG:1709325293,D,MANAGEMENT: CMD 'status'
2024-03-01 20:34:54.309 +00:00 [DBG] >LOG:1709325294,D,MANAGEMENT: CMD 'status'
2024-03-01 20:34:54.817 +00:00 [DBG] >LOG:1709325294,D,MANAGEMENT: CMD 'status'
2024-03-01 20:34:55.327 +00:00 [DBG] >LOG:1709325295,D,MANAGEMENT: CMD 'status'
2024-03-01 20:34:55.836 +00:00 [DBG] >LOG:1709325295,D,MANAGEMENT: CMD 'status'
2024-03-01 20:34:56.346 +00:00 [DBG] >LOG:1709325296,D,MANAGEMENT: CMD 'status'
2024-03-01 20:34:56.859 +00:00 [DBG] >LOG:1709325296,D,MANAGEMENT: CMD 'status'
2024-03-01 20:34:57.369 +00:00 [DBG] >LOG:1709325297,D,MANAGEMENT: CMD 'status'
2024-03-01 20:34:57.880 +00:00 [DBG] >LOG:1709325297,D,MANAGEMENT: CMD 'status'
2024-03-01 20:34:58.387 +00:00 [DBG] >LOG:1709325298,D,MANAGEMENT: CMD 'status'
2024-03-01 20:34:58.896 +00:00 [DBG] >LOG:1709325298,D,MANAGEMENT: CMD 'status'
2024-03-01 20:34:59.419 +00:00 [DBG] >LOG:1709325299,D,MANAGEMENT: CMD 'status'
2024-03-01 20:34:59.931 +00:00 [DBG] >LOG:1709325299,D,MANAGEMENT: CMD 'status'
2024-03-01 20:35:00.443 +00:00 [DBG] >LOG:1709325300,D,MANAGEMENT: CMD 'status'
2024-03-01 20:35:00.953 +00:00 [DBG] >LOG:1709325300,D,MANAGEMENT: CMD 'status'
2024-03-01 20:35:01.461 +00:00 [DBG] >LOG:1709325301,D,MANAGEMENT: CMD 'status'
2024-03-01 20:35:01.969 +00:00 [DBG] >LOG:1709325301,D,MANAGEMENT: CMD 'status'
2024-03-01 20:35:02.477 +00:00 [DBG] >LOG:1709325302,D,MANAGEMENT: CMD 'status'
2024-03-01 20:35:02.986 +00:00 [DBG] >LOG:1709325302,D,MANAGEMENT: CMD 'status'
2024-03-01 20:35:03.495 +00:00 [DBG] >LOG:1709325303,D,MANAGEMENT: CMD 'status'
2024-03-01 20:35:04.009 +00:00 [DBG] >LOG:1709325304,D,MANAGEMENT: CMD 'status'
2024-03-01 20:35:04.515 +00:00 [DBG] >LOG:1709325304,D,MANAGEMENT: CMD 'status'
2024-03-01 20:35:05.041 +00:00 [DBG] >LOG:1709325305,D,MANAGEMENT: CMD 'status'
2024-03-01 20:35:05.554 +00:00 [DBG] >LOG:1709325305,D,MANAGEMENT: CMD 'status'
2024-03-01 20:35:06.062 +00:00 [DBG] >LOG:1709325306,D,MANAGEMENT: CMD 'status'
2024-03-01 20:35:06.569 +00:00 [DBG] >LOG:1709325306,D,MANAGEMENT: CMD 'status'
2024-03-01 20:35:07.079 +00:00 [DBG] >LOG:1709325307,D,MANAGEMENT: CMD 'status'
2024-03-01 20:35:07.584 +00:00 [DBG] >LOG:1709325307,D,MANAGEMENT: CMD 'status'
2024-03-01 20:35:08.103 +00:00 [DBG] >LOG:1709325308,D,MANAGEMENT: CMD 'status'
2024-03-01 20:35:08.626 +00:00 [DBG] >LOG:1709325308,D,MANAGEMENT: CMD 'status'
2024-03-01 20:35:09.144 +00:00 [DBG] >LOG:1709325309,D,MANAGEMENT: CMD 'status'
2024-03-01 20:35:09.652 +00:00 [DBG] >LOG:1709325309,D,MANAGEMENT: CMD 'status'
2024-03-01 20:35:10.159 +00:00 [DBG] >LOG:1709325310,D,MANAGEMENT: CMD 'status'
2024-03-01 20:35:10.699 +00:00 [DBG] >LOG:1709325310,D,MANAGEMENT: CMD 'status'
2024-03-01 20:35:11.218 +00:00 [DBG] >LOG:1709325311,D,MANAGEMENT: CMD 'status'
2024-03-01 20:35:11.754 +00:00 [DBG] >LOG:1709325311,D,MANAGEMENT: CMD 'status'
2024-03-01 20:35:12.275 +00:00 [DBG] >LOG:1709325312,D,MANAGEMENT: CMD 'status'
2024-03-01 20:35:12.783 +00:00 [DBG] >LOG:1709325312,D,MANAGEMENT: CMD 'status'
2024-03-01 20:35:13.296 +00:00 [DBG] >LOG:1709325313,D,MANAGEMENT: CMD 'status'
2024-03-01 20:35:13.830 +00:00 [DBG] >LOG:1709325313,D,MANAGEMENT: CMD 'status'
2024-03-01 20:35:14.344 +00:00 [DBG] >LOG:1709325314,D,MANAGEMENT: CMD 'status'
2024-03-01 20:35:14.852 +00:00 [DBG] >LOG:1709325314,D,MANAGEMENT: CMD 'status'
2024-03-01 20:35:15.360 +00:00 [DBG] >LOG:1709325315,D,MANAGEMENT: CMD 'status'
2024-03-01 20:35:15.867 +00:00 [DBG] >LOG:1709325315,D,MANAGEMENT: CMD 'status'
2024-03-01 20:35:16.372 +00:00 [DBG] >LOG:1709325316,D,MANAGEMENT: CMD 'status'
2024-03-01 20:35:16.878 +00:00 [DBG] >LOG:1709325316,D,MANAGEMENT: CMD 'status'
2024-03-01 20:35:17.390 +00:00 [DBG] >LOG:1709325317,D,MANAGEMENT: CMD 'status'
2024-03-01 20:35:17.897 +00:00 [DBG] >LOG:1709325317,D,MANAGEMENT: CMD 'status'
2024-03-01 20:35:18.403 +00:00 [DBG] >LOG:1709325318,D,MANAGEMENT: CMD 'status'
2024-03-01 20:35:18.916 +00:00 [DBG] >LOG:1709325318,D,MANAGEMENT: CMD 'status'
2024-03-01 20:35:19.423 +00:00 [DBG] >LOG:1709325319,D,MANAGEMENT: CMD 'status'
2024-03-01 20:35:19.937 +00:00 [DBG] >LOG:1709325319,D,MANAGEMENT: CMD 'status'
2024-03-01 20:35:20.467 +00:00 [DBG] >LOG:1709325320,D,MANAGEMENT: CMD 'status'
2024-03-01 20:35:20.975 +00:00 [DBG] >LOG:1709325320,D,MANAGEMENT: CMD 'status'
2024-03-01 20:35:21.482 +00:00 [DBG] >LOG:1709325321,D,MANAGEMENT: CMD 'status'
2024-03-01 20:35:21.988 +00:00 [DBG] >LOG:1709325321,D,MANAGEMENT: CMD 'status'
2024-03-01 20:35:22.496 +00:00 [DBG] >LOG:1709325322,D,MANAGEMENT: CMD 'status'
2024-03-01 20:35:23.004 +00:00 [DBG] >LOG:1709325323,D,MANAGEMENT: CMD 'status'
2024-03-01 20:35:23.527 +00:00 [DBG] >LOG:1709325323,D,MANAGEMENT: CMD 'status'
2024-03-01 20:35:24.035 +00:00 [DBG] >LOG:1709325324,D,MANAGEMENT: CMD 'status'
2024-03-01 20:35:24.543 +00:00 [DBG] >LOG:1709325324,D,MANAGEMENT: CMD 'status'
2024-03-01 20:35:25.052 +00:00 [DBG] >LOG:1709325325,D,MANAGEMENT: CMD 'status'
2024-03-01 20:35:25.560 +00:00 [DBG] >LOG:1709325325,D,MANAGEMENT: CMD 'status'
2024-03-01 20:35:26.071 +00:00 [DBG] >LOG:1709325326,D,MANAGEMENT: CMD 'status'
2024-03-01 20:35:26.581 +00:00 [DBG] >LOG:1709325326,D,MANAGEMENT: CMD 'status'
2024-03-01 20:35:27.091 +00:00 [DBG] >LOG:1709325327,D,MANAGEMENT: CMD 'status'
2024-03-01 20:35:27.597 +00:00 [DBG] >LOG:1709325327,D,MANAGEMENT: CMD 'status'
2024-03-01 20:35:28.105 +00:00 [DBG] >LOG:1709325328,D,MANAGEMENT: CMD 'status'
2024-03-01 20:35:28.622 +00:00 [DBG] >LOG:1709325328,D,MANAGEMENT: CMD 'status'
2024-03-01 20:35:29.166 +00:00 [DBG] >LOG:1709325329,D,MANAGEMENT: CMD 'status'
2024-03-01 20:35:29.672 +00:00 [DBG] >LOG:1709325329,D,MANAGEMENT: CMD 'status'
2024-03-01 20:35:30.177 +00:00 [DBG] >LOG:1709325330,D,MANAGEMENT: CMD 'status'
2024-03-01 20:35:30.687 +00:00 [DBG] >LOG:1709325330,D,MANAGEMENT: CMD 'status'
2024-03-01 20:35:31.193 +00:00 [DBG] >LOG:1709325331,D,MANAGEMENT: CMD 'status'
2024-03-01 20:35:31.697 +00:00 [DBG] >LOG:1709325331,D,MANAGEMENT: CMD 'status'
2024-03-01 20:35:32.204 +00:00 [DBG] >LOG:1709325332,D,MANAGEMENT: CMD 'status'
2024-03-01 20:35:32.715 +00:00 [DBG] >LOG:1709325332,D,MANAGEMENT: CMD 'status'
2024-03-01 20:35:33.224 +00:00 [DBG] >LOG:1709325333,D,MANAGEMENT: CMD 'status'
2024-03-01 20:35:33.732 +00:00 [DBG] >LOG:1709325333,D,MANAGEMENT: CMD 'status'
2024-03-01 20:35:34.242 +00:00 [DBG] >LOG:1709325334,D,MANAGEMENT: CMD 'status'
2024-03-01 20:35:34.750 +00:00 [DBG] >LOG:1709325334,D,MANAGEMENT: CMD 'status'
2024-03-01 20:35:35.256 +00:00 [DBG] >LOG:1709325335,D,MANAGEMENT: CMD 'status'
2024-03-01 20:35:35.768 +00:00 [DBG] >LOG:1709325335,D,MANAGEMENT: CMD 'status'
2024-03-01 20:35:36.279 +00:00 [DBG] >LOG:1709325336,D,MANAGEMENT: CMD 'status'
2024-03-01 20:35:36.818 +00:00 [DBG] >LOG:1709325336,D,MANAGEMENT: CMD 'status'
2024-03-01 20:35:37.325 +00:00 [DBG] >LOG:1709325337,D,MANAGEMENT: CMD 'status'
2024-03-01 20:35:37.831 +00:00 [DBG] >LOG:1709325337,D,MANAGEMENT: CMD 'status'
2024-03-01 20:35:38.338 +00:00 [DBG] >LOG:1709325338,D,MANAGEMENT: CMD 'status'
2024-03-01 20:35:38.872 +00:00 [DBG] >LOG:1709325338,D,MANAGEMENT: CMD 'status'
2024-03-01 20:35:39.397 +00:00 [DBG] >LOG:1709325339,D,MANAGEMENT: CMD 'status'
2024-03-01 20:35:39.913 +00:00 [DBG] >LOG:1709325339,D,MANAGEMENT: CMD 'status'
2024-03-01 20:35:40.418 +00:00 [DBG] >LOG:1709325340,D,MANAGEMENT: CMD 'status'
2024-03-01 20:35:40.958 +00:00 [DBG] >LOG:1709325340,D,MANAGEMENT: CMD 'status'
2024-03-01 20:35:41.513 +00:00 [DBG] >LOG:1709325341,D,MANAGEMENT: CMD 'status'
2024-03-01 20:35:42.050 +00:00 [DBG] >LOG:1709325342,D,MANAGEMENT: CMD 'status'
2024-03-01 20:35:42.597 +00:00 [DBG] >LOG:1709325342,D,MANAGEMENT: CMD 'status'
2024-03-01 20:35:43.128 +00:00 [DBG] >LOG:1709325343,D,MANAGEMENT: CMD 'status'
2024-03-01 20:35:43.733 +00:00 [DBG] >LOG:1709325343,D,MANAGEMENT: CMD 'status'
2024-03-01 20:35:44.279 +00:00 [DBG] >LOG:1709325344,D,MANAGEMENT: CMD 'status'
2024-03-01 20:35:44.884 +00:00 [DBG] >LOG:1709325344,D,MANAGEMENT: CMD 'status'
2024-03-01 20:35:45.597 +00:00 [DBG] >LOG:1709325345,D,MANAGEMENT: CMD 'status'
2024-03-01 20:35:46.167 +00:00 [DBG] >LOG:1709325346,D,MANAGEMENT: CMD 'status'
2024-03-01 20:35:46.685 +00:00 [DBG] >LOG:1709325346,D,MANAGEMENT: CMD 'status'
2024-03-01 20:35:47.253 +00:00 [DBG] >LOG:1709325347,D,MANAGEMENT: CMD 'status'
2024-03-01 20:35:47.796 +00:00 [DBG] >LOG:1709325347,D,MANAGEMENT: CMD 'status'
2024-03-01 20:35:48.332 +00:00 [DBG] >LOG:1709325348,D,MANAGEMENT: CMD 'status'
2024-03-01 20:35:48.866 +00:00 [DBG] >LOG:1709325348,D,MANAGEMENT: CMD 'status'
2024-03-01 20:35:49.592 +00:00 [DBG] >LOG:1709325349,D,MANAGEMENT: CMD 'status'
2024-03-01 20:35:50.321 +00:00 [DBG] >LOG:1709325350,D,MANAGEMENT: CMD 'status'
2024-03-01 20:35:50.970 +00:00 [DBG] >LOG:1709325350,D,MANAGEMENT: CMD 'status'
2024-03-01 20:35:51.602 +00:00 [DBG] >LOG:1709325351,D,MANAGEMENT: CMD 'status'
2024-03-01 20:35:52.271 +00:00 [DBG] >LOG:1709325352,D,MANAGEMENT: CMD 'status'
2024-03-01 20:35:52.811 +00:00 [DBG] >LOG:1709325352,D,MANAGEMENT: CMD 'status'
2024-03-01 20:35:53.709 +00:00 [DBG] >LOG:1709325353,D,MANAGEMENT: CMD 'status'
2024-03-01 20:35:54.652 +00:00 [DBG] >LOG:1709325354,D,MANAGEMENT: CMD 'status'
2024-03-01 20:35:55.266 +00:00 [DBG] >LOG:1709325355,D,MANAGEMENT: CMD 'status'
2024-03-01 20:35:55.777 +00:00 [DBG] >LOG:1709325355,D,MANAGEMENT: CMD 'status'
2024-03-01 20:35:56.291 +00:00 [DBG] >LOG:1709325356,D,MANAGEMENT: CMD 'status'
2024-03-01 20:35:56.884 +00:00 [DBG] >LOG:1709325356,D,MANAGEMENT: CMD 'status'
2024-03-01 20:35:57.391 +00:00 [DBG] >LOG:1709325357,D,MANAGEMENT: CMD 'status'
2024-03-01 20:35:57.912 +00:00 [DBG] >LOG:1709325357,D,MANAGEMENT: CMD 'status'
2024-03-01 20:35:58.688 +00:00 [DBG] >LOG:1709325358,D,MANAGEMENT: CMD 'status'
2024-03-01 20:36:00.038 +00:00 [DBG] >LOG:1709325359,D,MANAGEMENT: CMD 'status'
2024-03-01 20:36:00.776 +00:00 [DBG] >LOG:1709325360,D,MANAGEMENT: CMD 'status'
2024-03-01 20:36:01.911 +00:00 [DBG] >LOG:1709325361,D,MANAGEMENT: CMD 'status'
2024-03-01 20:36:02.441 +00:00 [DBG] >LOG:1709325362,D,MANAGEMENT: CMD 'status'
2024-03-01 20:36:02.989 +00:00 [DBG] >LOG:1709325362,D,MANAGEMENT: CMD 'status'
2024-03-01 20:36:04.762 +00:00 [DBG] >LOG:1709325363,D,MANAGEMENT: CMD 'status'
2024-03-01 20:36:05.012 +00:00 [DBG] >LOG:1709325364,D,MANAGEMENT: CMD 'status'
2024-03-01 20:36:05.599 +00:00 [DBG] >LOG:1709325365,D,MANAGEMENT: CMD 'status'
2024-03-01 20:36:06.173 +00:00 [DBG] >LOG:1709325366,D,MANAGEMENT: CMD 'status'
2024-03-01 20:36:06.686 +00:00 [DBG] >LOG:1709325366,D,MANAGEMENT: CMD 'status'
2024-03-01 20:36:07.360 +00:00 [DBG] >LOG:1709325367,D,MANAGEMENT: CMD 'status'
2024-03-01 20:36:08.033 +00:00 [DBG] >LOG:1709325367,D,MANAGEMENT: CMD 'status'
2024-03-01 20:36:08.658 +00:00 [DBG] >LOG:1709325368,D,MANAGEMENT: CMD 'status'
2024-03-01 20:36:09.479 +00:00 [DBG] >LOG:1709325369,D,MANAGEMENT: CMD 'status'
2024-03-01 20:36:09.992 +00:00 [DBG] >LOG:1709325369,D,MANAGEMENT: CMD 'status'
2024-03-01 20:36:10.527 +00:00 [DBG] >LOG:1709325370,D,MANAGEMENT: CMD 'status'
2024-03-01 20:36:11.117 +00:00 [DBG] >LOG:1709325371,D,MANAGEMENT: CMD 'status'
2024-03-01 20:36:11.672 +00:00 [DBG] >LOG:1709325371,D,MANAGEMENT: CMD 'status'
2024-03-01 20:36:12.267 +00:00 [DBG] >LOG:1709325372,D,MANAGEMENT: CMD 'status'
2024-03-01 20:36:12.964 +00:00 [DBG] >LOG:1709325372,D,MANAGEMENT: CMD 'status'
2024-03-01 20:36:14.762 +00:00 [DBG] >LOG:1709325373,D,MANAGEMENT: CMD 'status'
2024-03-01 20:36:15.375 +00:00 [DBG] >LOG:1709325375,D,MANAGEMENT: CMD 'status'
2024-03-01 20:36:15.971 +00:00 [DBG] >LOG:1709325375,D,MANAGEMENT: CMD 'status'
2024-03-01 20:36:16.500 +00:00 [DBG] >LOG:1709325376,D,MANAGEMENT: CMD 'status'
2024-03-01 20:36:17.385 +00:00 [DBG] >LOG:1709325377,D,MANAGEMENT: CMD 'status'
2024-03-01 20:36:18.400 +00:00 [DBG] >LOG:1709325378,D,MANAGEMENT: CMD 'status'
2024-03-01 20:36:19.700 +00:00 [DBG] >LOG:1709325379,D,MANAGEMENT: CMD 'status'
2024-03-01 20:36:20.605 +00:00 [DBG] >LOG:1709325380,D,MANAGEMENT: CMD 'status'
2024-03-01 20:36:21.345 +00:00 [DBG] >LOG:1709325381,D,MANAGEMENT: CMD 'status'
2024-03-01 20:36:22.064 +00:00 [DBG] >LOG:1709325381,D,MANAGEMENT: CMD 'status'
2024-03-01 20:36:22.591 +00:00 [DBG] >LOG:1709325382,D,MANAGEMENT: CMD 'status'
2024-03-01 20:36:23.274 +00:00 [DBG] >LOG:1709325383,D,MANAGEMENT: CMD 'status'
2024-03-01 20:36:24.438 +00:00 [DBG] >LOG:1709325384,D,MANAGEMENT: CMD 'status'
2024-03-01 20:36:25.557 +00:00 [DBG] >LOG:1709325385,D,MANAGEMENT: CMD 'status'
2024-03-01 20:36:26.095 +00:00 [DBG] >LOG:1709325386,D,MANAGEMENT: CMD 'status'
2024-03-01 20:36:26.629 +00:00 [DBG] >LOG:1709325386,D,MANAGEMENT: CMD 'status'
2024-03-01 20:36:27.497 +00:00 [DBG] >LOG:1709325387,D,MANAGEMENT: CMD 'status'
2024-03-01 20:36:28.335 +00:00 [DBG] >LOG:1709325388,D,MANAGEMENT: CMD 'status'
2024-03-01 20:36:28.955 +00:00 [DBG] >LOG:1709325388,D,MANAGEMENT: CMD 'status'
2024-03-01 20:36:29.494 +00:00 [DBG] >LOG:1709325389,D,MANAGEMENT: CMD 'status'
2024-03-01 20:36:30.558 +00:00 [DBG] >LOG:1709325390,D,MANAGEMENT: CMD 'status'
2024-03-01 20:36:32.380 +00:00 [DBG] >LOG:1709325391,D,MANAGEMENT: CMD 'status'
2024-03-01 20:36:33.714 +00:00 [DBG] >LOG:1709325393,D,MANAGEMENT: CMD 'status'
2024-03-01 20:36:38.024 +00:00 [DBG] >LOG:1709325396,D,MANAGEMENT: CMD 'status'
2024-03-01 20:36:38.833 +00:00 [DBG] >LOG:1709325398,D,MANAGEMENT: CMD 'status'
2024-03-01 20:36:39.417 +00:00 [DBG] >LOG:1709325399,D,MANAGEMENT: CMD 'status'
2024-03-01 20:36:39.982 +00:00 [DBG] >LOG:1709325399,D,MANAGEMENT: CMD 'status'
2024-03-01 20:36:40.733 +00:00 [DBG] >LOG:1709325400,D,MANAGEMENT: CMD 'status'
2024-03-01 20:36:41.395 +00:00 [DBG] >LOG:1709325401,D,MANAGEMENT: CMD 'status'
2024-03-01 20:36:42.597 +00:00 [DBG] >LOG:1709325402,D,MANAGEMENT: CMD 'status'
2024-03-01 20:36:45.306 +00:00 [DBG] >LOG:1709325403,D,MANAGEMENT: CMD 'status'
2024-03-01 20:36:49.745 +00:00 [DBG] >LOG:1709325409,D,MANAGEMENT: CMD 'status'
2024-03-01 20:36:50.373 +00:00 [DBG] >LOG:1709325410,D,MANAGEMENT: CMD 'status'
2024-03-01 20:37:00.310 +00:00 [DBG] >LOG:1709325411,D,MANAGEMENT: CMD 'status'
2024-03-01 20:37:01.541 +00:00 [DBG] >LOG:1709325417,D,MANAGEMENT: CMD 'status'
2024-03-01 20:37:01.638 +00:00 [DBG] >LOG:1709325421,D,MANAGEMENT: CMD 'status'
2024-03-01 20:37:05.960 +00:00 [DBG] >LOG:1709325422,D,MANAGEMENT: CMD 'status'
2024-03-01 20:37:06.008 +00:00 [DBG] >LOG:1709325425,D,MANAGEMENT: CMD 'status'
2024-03-01 20:37:06.870 +00:00 [DBG] >LOG:1709325426,D,MANAGEMENT: CMD 'status'
2024-03-01 20:37:07.549 +00:00 [DBG] >LOG:1709325427,D,MANAGEMENT: CMD 'status'
2024-03-01 20:37:08.093 +00:00 [DBG] >LOG:1709325428,D,MANAGEMENT: CMD 'status'
2024-03-01 20:37:08.793 +00:00 [DBG] >LOG:1709325428,D,MANAGEMENT: CMD 'status'
2024-03-01 20:37:09.721 +00:00 [DBG] >LOG:1709325429,D,MANAGEMENT: CMD 'status'
2024-03-01 20:37:10.555 +00:00 [DBG] >LOG:1709325430,D,MANAGEMENT: CMD 'status'
2024-03-01 20:37:21.160 +00:00 [DBG] >LOG:1709325432,D,MANAGEMENT: CMD 'status'
2024-03-01 20:37:21.324 +00:00 [DBG] >LOG:1709325441,D,MANAGEMENT: CMD 'status'
2024-03-01 20:37:22.011 +00:00 [DBG] >LOG:1709325441,D,MANAGEMENT: CMD 'status'
2024-03-01 20:37:22.616 +00:00 [DBG] >LOG:1709325442,D,MANAGEMENT: CMD 'status'
2024-03-01 20:37:24.151 +00:00 [DBG] >LOG:1709325443,D,MANAGEMENT: CMD 'status'
2024-03-01 20:37:32.735 +00:00 [DBG] >LOG:1709325444,D,MANAGEMENT: CMD 'status'
2024-03-01 20:37:32.832 +00:00 [DBG] >LOG:1709325450,D,MANAGEMENT: CMD 'status'
2024-03-01 20:37:32.847 +00:00 [DBG] >LOG:1709325452,D,MANAGEMENT: CMD 'status'
2024-03-01 20:37:33.317 +00:00 [DBG] >LOG:1709325453,D,MANAGEMENT: CMD 'status'
2024-03-01 20:37:33.847 +00:00 [DBG] >LOG:1709325453,D,MANAGEMENT: CMD 'status'
2024-03-01 20:37:34.355 +00:00 [DBG] >LOG:1709325454,D,MANAGEMENT: CMD 'status'
2024-03-01 20:37:34.863 +00:00 [DBG] >LOG:1709325454,D,MANAGEMENT: CMD 'status'
2024-03-01 20:37:35.376 +00:00 [DBG] >LOG:1709325455,D,MANAGEMENT: CMD 'status'
2024-03-01 20:37:35.888 +00:00 [DBG] >LOG:1709325455,D,MANAGEMENT: CMD 'status'
2024-03-01 20:37:36.399 +00:00 [DBG] >LOG:1709325456,D,MANAGEMENT: CMD 'status'
2024-03-01 20:37:36.904 +00:00 [DBG] >LOG:1709325456,D,MANAGEMENT: CMD 'status'
2024-03-01 20:37:37.415 +00:00 [DBG] >LOG:1709325457,D,MANAGEMENT: CMD 'status'
2024-03-01 20:37:37.941 +00:00 [DBG] >LOG:1709325457,D,MANAGEMENT: CMD 'status'
2024-03-01 20:37:38.447 +00:00 [DBG] >LOG:1709325458,D,MANAGEMENT: CMD 'status'
2024-03-01 20:37:38.951 +00:00 [DBG] >LOG:1709325458,D,MANAGEMENT: CMD 'status'
2024-03-01 20:37:39.458 +00:00 [DBG] >LOG:1709325459,D,MANAGEMENT: CMD 'status'
2024-03-01 20:37:39.963 +00:00 [DBG] >LOG:1709325459,D,MANAGEMENT: CMD 'status'
2024-03-01 20:37:40.470 +00:00 [DBG] >LOG:1709325460,D,MANAGEMENT: CMD 'status'
2024-03-01 20:37:40.977 +00:00 [DBG] >LOG:1709325460,D,MANAGEMENT: CMD 'status'
2024-03-01 20:37:41.489 +00:00 [DBG] >LOG:1709325461,D,MANAGEMENT: CMD 'status'
2024-03-01 20:37:41.997 +00:00 [DBG] >LOG:1709325461,D,MANAGEMENT: CMD 'status'
2024-03-01 20:37:42.506 +00:00 [DBG] >LOG:1709325462,D,MANAGEMENT: CMD 'status'
2024-03-01 20:37:43.013 +00:00 [DBG] >LOG:1709325463,D,MANAGEMENT: CMD 'status'
2024-03-01 20:37:43.558 +00:00 [DBG] >LOG:1709325463,D,MANAGEMENT: CMD 'status'
2024-03-01 20:37:44.064 +00:00 [DBG] >LOG:1709325464,D,MANAGEMENT: CMD 'status'
2024-03-01 20:37:44.572 +00:00 [DBG] >LOG:1709325464,D,MANAGEMENT: CMD 'status'
2024-03-01 20:37:45.106 +00:00 [DBG] >LOG:1709325465,D,MANAGEMENT: CMD 'status'
2024-03-01 20:37:45.613 +00:00 [DBG] >LOG:1709325465,D,MANAGEMENT: CMD 'status'
2024-03-01 20:37:46.126 +00:00 [DBG] >LOG:1709325466,D,MANAGEMENT: CMD 'status'
2024-03-01 20:37:46.635 +00:00 [DBG] >LOG:1709325466,D,MANAGEMENT: CMD 'status'
2024-03-01 20:37:47.146 +00:00 [DBG] >LOG:1709325467,D,MANAGEMENT: CMD 'status'
2024-03-01 20:37:47.666 +00:00 [DBG] >LOG:1709325467,D,MANAGEMENT: CMD 'status'
2024-03-01 20:37:48.184 +00:00 [DBG] >LOG:1709325468,D,MANAGEMENT: CMD 'status'
2024-03-01 20:37:48.709 +00:00 [DBG] >LOG:1709325468,D,MANAGEMENT: CMD 'status'
2024-03-01 20:37:49.225 +00:00 [DBG] >LOG:1709325469,D,MANAGEMENT: CMD 'status'
2024-03-01 20:37:49.729 +00:00 [DBG] >LOG:1709325469,D,MANAGEMENT: CMD 'status'
2024-03-01 20:37:50.247 +00:00 [DBG] >LOG:1709325470,D,MANAGEMENT: CMD 'status'
2024-03-01 20:37:50.752 +00:00 [DBG] >LOG:1709325470,D,MANAGEMENT: CMD 'status'
2024-03-01 20:37:51.260 +00:00 [DBG] >LOG:1709325471,D,MANAGEMENT: CMD 'status'
2024-03-01 20:37:51.767 +00:00 [DBG] >LOG:1709325471,D,MANAGEMENT: CMD 'status'
2024-03-01 20:37:52.297 +00:00 [DBG] >LOG:1709325472,D,MANAGEMENT: CMD 'status'
2024-03-01 20:37:52.804 +00:00 [DBG] >LOG:1709325472,D,MANAGEMENT: CMD 'status'
2024-03-01 20:37:53.404 +00:00 [DBG] >LOG:1709325473,D,MANAGEMENT: CMD 'status'
2024-03-01 20:37:53.929 +00:00 [DBG] >LOG:1709325473,D,MANAGEMENT: CMD 'status'
2024-03-01 20:37:54.439 +00:00 [DBG] >LOG:1709325474,D,MANAGEMENT: CMD 'status'
2024-03-01 20:37:54.944 +00:00 [DBG] >LOG:1709325474,D,MANAGEMENT: CMD 'status'
2024-03-01 20:37:55.456 +00:00 [DBG] >LOG:1709325475,D,MANAGEMENT: CMD 'status'
2024-03-01 20:37:55.966 +00:00 [DBG] >LOG:1709325475,D,MANAGEMENT: CMD 'status'
2024-03-01 20:37:56.471 +00:00 [DBG] >LOG:1709325476,D,MANAGEMENT: CMD 'status'
2024-03-01 20:37:56.978 +00:00 [DBG] >LOG:1709325476,D,MANAGEMENT: CMD 'status'
2024-03-01 20:37:57.483 +00:00 [DBG] >LOG:1709325477,D,MANAGEMENT: CMD 'status'
2024-03-01 20:37:57.989 +00:00 [DBG] >LOG:1709325477,D,MANAGEMENT: CMD 'status'
2024-03-01 20:37:58.493 +00:00 [DBG] >LOG:1709325478,D,MANAGEMENT: CMD 'status'
2024-03-01 20:37:58.996 +00:00 [DBG] >LOG:1709325478,D,MANAGEMENT: CMD 'status'
2024-03-01 20:37:59.499 +00:00 [DBG] >LOG:1709325479,D,MANAGEMENT: CMD 'status'
2024-03-01 20:38:00.033 +00:00 [DBG] >LOG:1709325480,D,MANAGEMENT: CMD 'status'
2024-03-01 20:38:00.544 +00:00 [DBG] >LOG:1709325480,D,MANAGEMENT: CMD 'status'
2024-03-01 20:38:01.049 +00:00 [DBG] >LOG:1709325481,D,MANAGEMENT: CMD 'status'
2024-03-01 20:38:01.557 +00:00 [DBG] >LOG:1709325481,D,MANAGEMENT: CMD 'status'
2024-03-01 20:38:02.061 +00:00 [DBG] >LOG:1709325482,D,MANAGEMENT: CMD 'status'
2024-03-01 20:38:02.566 +00:00 [DBG] >LOG:1709325482,D,MANAGEMENT: CMD 'status'
2024-03-01 20:38:03.072 +00:00 [DBG] >LOG:1709325483,D,MANAGEMENT: CMD 'status'
2024-03-01 20:38:03.579 +00:00 [DBG] >LOG:1709325483,D,MANAGEMENT: CMD 'status'
2024-03-01 20:38:04.085 +00:00 [DBG] >LOG:1709325484,D,MANAGEMENT: CMD 'status'
2024-03-01 20:38:04.591 +00:00 [DBG] >LOG:1709325484,D,MANAGEMENT: CMD 'status'
2024-03-01 20:38:05.096 +00:00 [DBG] >LOG:1709325485,D,MANAGEMENT: CMD 'status'
2024-03-01 20:38:05.600 +00:00 [DBG] >LOG:1709325485,D,MANAGEMENT: CMD 'status'
2024-03-01 20:38:06.104 +00:00 [DBG] >LOG:1709325486,D,MANAGEMENT: CMD 'status'
2024-03-01 20:38:06.612 +00:00 [DBG] >LOG:1709325486,D,MANAGEMENT: CMD 'status'
2024-03-01 20:38:07.119 +00:00 [DBG] >LOG:1709325487,D,MANAGEMENT: CMD 'status'
2024-03-01 20:38:07.626 +00:00 [DBG] >LOG:1709325487,D,MANAGEMENT: CMD 'status'
2024-03-01 20:38:08.135 +00:00 [DBG] >LOG:1709325488,D,MANAGEMENT: CMD 'status'
2024-03-01 20:38:08.641 +00:00 [DBG] >LOG:1709325488,D,MANAGEMENT: CMD 'status'
2024-03-01 20:38:09.157 +00:00 [DBG] >LOG:1709325489,D,MANAGEMENT: CMD 'status'
2024-03-01 20:38:09.661 +00:00 [DBG] >LOG:1709325489,D,MANAGEMENT: CMD 'status'
2024-03-01 20:38:10.170 +00:00 [DBG] >LOG:1709325490,D,MANAGEMENT: CMD 'status'
2024-03-01 20:38:10.677 +00:00 [DBG] >LOG:1709325490,D,MANAGEMENT: CMD 'status'
2024-03-01 20:38:11.187 +00:00 [DBG] >LOG:1709325491,D,MANAGEMENT: CMD 'status'
2024-03-01 20:38:11.693 +00:00 [DBG] >LOG:1709325491,D,MANAGEMENT: CMD 'status'
2024-03-01 20:38:12.197 +00:00 [DBG] >LOG:1709325492,D,MANAGEMENT: CMD 'status'
2024-03-01 20:38:12.748 +00:00 [DBG] >LOG:1709325492,D,MANAGEMENT: CMD 'status'
2024-03-01 20:38:13.259 +00:00 [DBG] >LOG:1709325493,D,MANAGEMENT: CMD 'status'
2024-03-01 20:38:13.779 +00:00 [DBG] >LOG:1709325493,D,MANAGEMENT: CMD 'status'
2024-03-01 20:38:14.286 +00:00 [DBG] >LOG:1709325494,D,MANAGEMENT: CMD 'status'
2024-03-01 20:38:14.790 +00:00 [DBG] >LOG:1709325494,D,MANAGEMENT: CMD 'status'
2024-03-01 20:38:15.294 +00:00 [DBG] >LOG:1709325495,D,MANAGEMENT: CMD 'status'
2024-03-01 20:38:15.800 +00:00 [DBG] >LOG:1709325495,D,MANAGEMENT: CMD 'status'
2024-03-01 20:38:16.305 +00:00 [DBG] >LOG:1709325496,D,MANAGEMENT: CMD 'status'
2024-03-01 20:38:16.810 +00:00 [DBG] >LOG:1709325496,D,MANAGEMENT: CMD 'status'
2024-03-01 20:38:17.313 +00:00 [DBG] >LOG:1709325497,D,MANAGEMENT: CMD 'status'
2024-03-01 20:38:17.817 +00:00 [DBG] >LOG:1709325497,D,MANAGEMENT: CMD 'status'
2024-03-01 20:38:18.324 +00:00 [DBG] >LOG:1709325498,D,MANAGEMENT: CMD 'status'
2024-03-01 20:38:18.829 +00:00 [DBG] >LOG:1709325498,D,MANAGEMENT: CMD 'status'
2024-03-01 20:38:19.334 +00:00 [DBG] >LOG:1709325499,D,MANAGEMENT: CMD 'status'
2024-03-01 20:38:19.844 +00:00 [DBG] >LOG:1709325499,D,MANAGEMENT: CMD 'status'
2024-03-01 20:38:20.351 +00:00 [DBG] >LOG:1709325500,D,MANAGEMENT: CMD 'status'
2024-03-01 20:38:20.862 +00:00 [DBG] >LOG:1709325500,D,MANAGEMENT: CMD 'status'
2024-03-01 20:38:21.367 +00:00 [DBG] >LOG:1709325501,D,MANAGEMENT: CMD 'status'
2024-03-01 20:38:21.871 +00:00 [DBG] >LOG:1709325501,D,MANAGEMENT: CMD 'status'
2024-03-01 20:38:22.377 +00:00 [DBG] >LOG:1709325502,D,MANAGEMENT: CMD 'status'
2024-03-01 20:38:22.881 +00:00 [DBG] >LOG:1709325502,D,MANAGEMENT: CMD 'status'
2024-03-01 20:38:23.389 +00:00 [DBG] >LOG:1709325503,D,MANAGEMENT: CMD 'status'
2024-03-01 20:38:23.896 +00:00 [DBG] >LOG:1709325503,D,MANAGEMENT: CMD 'status'
2024-03-01 20:38:24.404 +00:00 [DBG] >LOG:1709325504,D,MANAGEMENT: CMD 'status'
2024-03-01 20:38:24.912 +00:00 [DBG] >LOG:1709325504,D,MANAGEMENT: CMD 'status'
2024-03-01 20:38:25.417 +00:00 [DBG] >LOG:1709325505,D,MANAGEMENT: CMD 'status'
2024-03-01 20:38:25.934 +00:00 [DBG] >LOG:1709325505,D,MANAGEMENT: CMD 'status'
2024-03-01 20:38:26.450 +00:00 [DBG] >LOG:1709325506,D,MANAGEMENT: CMD 'status'
2024-03-01 20:38:26.957 +00:00 [DBG] >LOG:1709325506,D,MANAGEMENT: CMD 'status'
2024-03-01 20:38:27.463 +00:00 [DBG] >LOG:1709325507,D,MANAGEMENT: CMD 'status'
2024-03-01 20:38:27.971 +00:00 [DBG] >LOG:1709325507,D,MANAGEMENT: CMD 'status'
2024-03-01 20:38:28.478 +00:00 [DBG] >LOG:1709325508,D,MANAGEMENT: CMD 'status'
2024-03-01 20:38:28.983 +00:00 [DBG] >LOG:1709325508,D,MANAGEMENT: CMD 'status'
2024-03-01 20:38:29.489 +00:00 [DBG] >LOG:1709325509,D,MANAGEMENT: CMD 'status'
2024-03-01 20:38:29.997 +00:00 [DBG] >LOG:1709325509,D,MANAGEMENT: CMD 'status'
2024-03-01 20:38:30.505 +00:00 [DBG] >LOG:1709325510,D,MANAGEMENT: CMD 'status'
2024-03-01 20:38:31.014 +00:00 [DBG] >LOG:1709325511,D,MANAGEMENT: CMD 'status'
2024-03-01 20:38:31.520 +00:00 [DBG] >LOG:1709325511,D,MANAGEMENT: CMD 'status'
2024-03-01 20:38:32.026 +00:00 [DBG] >LOG:1709325512,D,MANAGEMENT: CMD 'status'
2024-03-01 20:38:32.531 +00:00 [DBG] >LOG:1709325512,D,MANAGEMENT: CMD 'status'
2024-03-01 20:38:33.036 +00:00 [DBG] >LOG:1709325513,D,MANAGEMENT: CMD 'status'
2024-03-01 20:38:33.543 +00:00 [DBG] >LOG:1709325513,D,MANAGEMENT: CMD 'status'
2024-03-01 20:38:34.052 +00:00 [DBG] >LOG:1709325514,D,MANAGEMENT: CMD 'status'
2024-03-01 20:38:34.556 +00:00 [DBG] >LOG:1709325514,D,MANAGEMENT: CMD 'status'
2024-03-01 20:38:35.061 +00:00 [DBG] >LOG:1709325515,D,MANAGEMENT: CMD 'status'
2024-03-01 20:38:35.567 +00:00 [DBG] >LOG:1709325515,D,MANAGEMENT: CMD 'status'
2024-03-01 20:38:36.072 +00:00 [DBG] >LOG:1709325516,D,MANAGEMENT: CMD 'status'
2024-03-01 20:38:36.581 +00:00 [DBG] >LOG:1709325516,D,MANAGEMENT: CMD 'status'
2024-03-01 20:38:37.092 +00:00 [DBG] >LOG:1709325517,D,MANAGEMENT: CMD 'status'
2024-03-01 20:38:37.599 +00:00 [DBG] >LOG:1709325517,D,MANAGEMENT: CMD 'status'
2024-03-01 20:38:38.106 +00:00 [DBG] >LOG:1709325518,D,MANAGEMENT: CMD 'status'
2024-03-01 20:38:38.610 +00:00 [DBG] >LOG:1709325518,D,MANAGEMENT: CMD 'status'
2024-03-01 20:38:39.118 +00:00 [DBG] >LOG:1709325519,D,MANAGEMENT: CMD 'status'
2024-03-01 20:38:39.626 +00:00 [DBG] >LOG:1709325519,D,MANAGEMENT: CMD 'status'
2024-03-01 20:38:40.134 +00:00 [DBG] >LOG:1709325520,D,MANAGEMENT: CMD 'status'
2024-03-01 20:38:40.644 +00:00 [DBG] >LOG:1709325520,D,MANAGEMENT: CMD 'status'
2024-03-01 20:38:41.154 +00:00 [DBG] >LOG:1709325521,D,MANAGEMENT: CMD 'status'
2024-03-01 20:38:41.659 +00:00 [DBG] >LOG:1709325521,D,MANAGEMENT: CMD 'status'
2024-03-01 20:38:42.165 +00:00 [DBG] >LOG:1709325522,D,MANAGEMENT: CMD 'status'
2024-03-01 20:38:42.673 +00:00 [DBG] >LOG:1709325522,D,MANAGEMENT: CMD 'status'
2024-03-01 20:38:43.180 +00:00 [DBG] >LOG:1709325523,D,MANAGEMENT: CMD 'status'
2024-03-01 20:38:43.686 +00:00 [DBG] >LOG:1709325523,D,MANAGEMENT: CMD 'status'
2024-03-01 20:38:44.193 +00:00 [DBG] >LOG:1709325524,D,MANAGEMENT: CMD 'status'
2024-03-01 20:38:44.724 +00:00 [DBG] >LOG:1709325524,D,MANAGEMENT: CMD 'status'
2024-03-01 20:38:45.227 +00:00 [DBG] >LOG:1709325525,D,MANAGEMENT: CMD 'status'
2024-03-01 20:38:45.733 +00:00 [DBG] >LOG:1709325525,D,MANAGEMENT: CMD 'status'
2024-03-01 20:38:46.239 +00:00 [DBG] >LOG:1709325526,D,MANAGEMENT: CMD 'status'
2024-03-01 20:38:46.747 +00:00 [DBG] >LOG:1709325526,D,MANAGEMENT: CMD 'status'
2024-03-01 20:38:47.254 +00:00 [DBG] >LOG:1709325527,D,MANAGEMENT: CMD 'status'
2024-03-01 20:38:47.765 +00:00 [DBG] >LOG:1709325527,D,MANAGEMENT: CMD 'status'
2024-03-01 20:38:48.274 +00:00 [DBG] >LOG:1709325528,D,MANAGEMENT: CMD 'status'
2024-03-01 20:38:48.779 +00:00 [DBG] >LOG:1709325528,D,MANAGEMENT: CMD 'status'
2024-03-01 20:38:49.284 +00:00 [DBG] >LOG:1709325529,D,MANAGEMENT: CMD 'status'
2024-03-01 20:38:49.788 +00:00 [DBG] >LOG:1709325529,D,MANAGEMENT: CMD 'status'
2024-03-01 20:38:50.295 +00:00 [DBG] >LOG:1709325530,D,MANAGEMENT: CMD 'status'
2024-03-01 20:38:50.799 +00:00 [DBG] >LOG:1709325530,D,MANAGEMENT: CMD 'status'
2024-03-01 20:38:51.308 +00:00 [DBG] >LOG:1709325531,D,MANAGEMENT: CMD 'status'
2024-03-01 20:38:51.815 +00:00 [DBG] >LOG:1709325531,D,MANAGEMENT: CMD 'status'
2024-03-01 20:38:52.325 +00:00 [DBG] >LOG:1709325532,D,MANAGEMENT: CMD 'status'
2024-03-01 20:38:52.836 +00:00 [DBG] >LOG:1709325532,D,MANAGEMENT: CMD 'status'
2024-03-01 20:38:53.351 +00:00 [DBG] >LOG:1709325533,D,MANAGEMENT: CMD 'status'
2024-03-01 20:38:53.856 +00:00 [DBG] >LOG:1709325533,D,MANAGEMENT: CMD 'status'
2024-03-01 20:38:54.370 +00:00 [DBG] >LOG:1709325534,D,MANAGEMENT: CMD 'status'
2024-03-01 20:38:54.879 +00:00 [DBG] >LOG:1709325534,D,MANAGEMENT: CMD 'status'
2024-03-01 20:38:55.388 +00:00 [DBG] >LOG:1709325535,D,MANAGEMENT: CMD 'status'
2024-03-01 20:38:55.896 +00:00 [DBG] >LOG:1709325535,D,MANAGEMENT: CMD 'status'
2024-03-01 20:38:56.407 +00:00 [DBG] >LOG:1709325536,D,MANAGEMENT: CMD 'status'
2024-03-01 20:38:56.914 +00:00 [DBG] >LOG:1709325536,D,MANAGEMENT: CMD 'status'
2024-03-01 20:38:57.428 +00:00 [DBG] >LOG:1709325537,D,MANAGEMENT: CMD 'status'
2024-03-01 20:38:57.937 +00:00 [DBG] >LOG:1709325537,D,MANAGEMENT: CMD 'status'
2024-03-01 20:38:58.447 +00:00 [DBG] >LOG:1709325538,D,MANAGEMENT: CMD 'status'
2024-03-01 20:38:58.957 +00:00 [DBG] >LOG:1709325538,D,MANAGEMENT: CMD 'status'
2024-03-01 20:38:59.473 +00:00 [DBG] >LOG:1709325539,D,MANAGEMENT: CMD 'status'
2024-03-01 20:38:59.981 +00:00 [DBG] >LOG:1709325539,D,MANAGEMENT: CMD 'status'
2024-03-01 20:39:00.489 +00:00 [DBG] >LOG:1709325540,D,MANAGEMENT: CMD 'status'
2024-03-01 20:39:01.002 +00:00 [DBG] >LOG:1709325540,D,MANAGEMENT: CMD 'status'
2024-03-01 20:39:01.515 +00:00 [DBG] >LOG:1709325541,D,MANAGEMENT: CMD 'status'
2024-03-01 20:39:02.022 +00:00 [DBG] >LOG:1709325542,D,MANAGEMENT: CMD 'status'
2024-03-01 20:39:02.531 +00:00 [DBG] >LOG:1709325542,D,MANAGEMENT: CMD 'status'
2024-03-01 20:39:03.042 +00:00 [DBG] >LOG:1709325543,D,MANAGEMENT: CMD 'status'
2024-03-01 20:39:03.587 +00:00 [DBG] >LOG:1709325543,D,MANAGEMENT: CMD 'status'
2024-03-01 20:39:04.097 +00:00 [DBG] >LOG:1709325544,D,MANAGEMENT: CMD 'status'
2024-03-01 20:39:04.606 +00:00 [DBG] >LOG:1709325544,D,MANAGEMENT: CMD 'status'
2024-03-01 20:39:05.115 +00:00 [DBG] >LOG:1709325545,D,MANAGEMENT: CMD 'status'
2024-03-01 20:39:05.624 +00:00 [DBG] >LOG:1709325545,D,MANAGEMENT: CMD 'status'
2024-03-01 20:39:06.132 +00:00 [DBG] >LOG:1709325546,D,MANAGEMENT: CMD 'status'
2024-03-01 20:39:06.645 +00:00 [DBG] >LOG:1709325546,D,MANAGEMENT: CMD 'status'
2024-03-01 20:39:07.159 +00:00 [DBG] >LOG:1709325547,D,MANAGEMENT: CMD 'status'
2024-03-01 20:39:07.670 +00:00 [DBG] >LOG:1709325547,D,MANAGEMENT: CMD 'status'
2024-03-01 20:39:08.187 +00:00 [DBG] >LOG:1709325548,D,MANAGEMENT: CMD 'status'
2024-03-01 20:39:08.695 +00:00 [DBG] >LOG:1709325548,D,MANAGEMENT: CMD 'status'
2024-03-01 20:39:09.214 +00:00 [DBG] >LOG:1709325549,D,MANAGEMENT: CMD 'status'
2024-03-01 20:39:09.722 +00:00 [DBG] >LOG:1709325549,D,MANAGEMENT: CMD 'status'
2024-03-01 20:39:10.244 +00:00 [DBG] >LOG:1709325550,D,MANAGEMENT: CMD 'status'
2024-03-01 20:39:10.754 +00:00 [DBG] >LOG:1709325550,D,MANAGEMENT: CMD 'status'
2024-03-01 20:39:11.262 +00:00 [DBG] >LOG:1709325551,D,MANAGEMENT: CMD 'status'
2024-03-01 20:39:11.788 +00:00 [DBG] >LOG:1709325551,D,MANAGEMENT: CMD 'status'
2024-03-01 20:39:12.296 +00:00 [DBG] >LOG:1709325552,D,MANAGEMENT: CMD 'status'
2024-03-01 20:39:12.803 +00:00 [DBG] >LOG:1709325552,D,MANAGEMENT: CMD 'status'
2024-03-01 20:39:13.348 +00:00 [DBG] >LOG:1709325553,D,MANAGEMENT: CMD 'status'
2024-03-01 20:39:13.907 +00:00 [DBG] >LOG:1709325553,D,MANAGEMENT: CMD 'status'
2024-03-01 20:39:14.419 +00:00 [DBG] >LOG:1709325554,D,MANAGEMENT: CMD 'status'
2024-03-01 20:39:14.929 +00:00 [DBG] >LOG:1709325554,D,MANAGEMENT: CMD 'status'
2024-03-01 20:39:15.448 +00:00 [DBG] >LOG:1709325555,D,MANAGEMENT: CMD 'status'
2024-03-01 20:39:15.957 +00:00 [DBG] >LOG:1709325555,D,MANAGEMENT: CMD 'status'
2024-03-01 20:39:16.465 +00:00 [DBG] >LOG:1709325556,D,MANAGEMENT: CMD 'status'
2024-03-01 20:39:16.973 +00:00 [DBG] >LOG:1709325556,D,MANAGEMENT: CMD 'status'
2024-03-01 20:39:17.482 +00:00 [DBG] >LOG:1709325557,D,MANAGEMENT: CMD 'status'
2024-03-01 20:39:17.996 +00:00 [DBG] >LOG:1709325557,D,MANAGEMENT: CMD 'status'
2024-03-01 20:39:18.505 +00:00 [DBG] >LOG:1709325558,D,MANAGEMENT: CMD 'status'
2024-03-01 20:39:19.032 +00:00 [DBG] >LOG:1709325559,D,MANAGEMENT: CMD 'status'
2024-03-01 20:39:19.552 +00:00 [DBG] >LOG:1709325559,D,MANAGEMENT: CMD 'status'
2024-03-01 20:39:20.057 +00:00 [DBG] >LOG:1709325560,D,MANAGEMENT: CMD 'status'
2024-03-01 20:39:20.562 +00:00 [DBG] >LOG:1709325560,D,MANAGEMENT: CMD 'status'
2024-03-01 20:39:21.067 +00:00 [DBG] >LOG:1709325561,D,MANAGEMENT: CMD 'status'
2024-03-01 20:39:21.578 +00:00 [DBG] >LOG:1709325561,D,MANAGEMENT: CMD 'status'
2024-03-01 20:39:22.088 +00:00 [DBG] >LOG:1709325562,D,MANAGEMENT: CMD 'status'
2024-03-01 20:39:22.604 +00:00 [DBG] >LOG:1709325562,D,MANAGEMENT: CMD 'status'
2024-03-01 20:39:23.110 +00:00 [DBG] >LOG:1709325563,D,MANAGEMENT: CMD 'status'
2024-03-01 20:39:23.619 +00:00 [DBG] >LOG:1709325563,D,MANAGEMENT: CMD 'status'
2024-03-01 20:39:24.128 +00:00 [DBG] >LOG:1709325564,D,MANAGEMENT: CMD 'status'
2024-03-01 20:39:24.641 +00:00 [DBG] >LOG:1709325564,D,MANAGEMENT: CMD 'status'
2024-03-01 20:39:25.151 +00:00 [DBG] >LOG:1709325565,D,MANAGEMENT: CMD 'status'
2024-03-01 20:39:25.657 +00:00 [DBG] >LOG:1709325565,D,MANAGEMENT: CMD 'status'
2024-03-01 20:39:26.165 +00:00 [DBG] >LOG:1709325566,D,MANAGEMENT: CMD 'status'
2024-03-01 20:39:26.672 +00:00 [DBG] >LOG:1709325566,D,MANAGEMENT: CMD 'status'
2024-03-01 20:39:27.178 +00:00 [DBG] >LOG:1709325567,D,MANAGEMENT: CMD 'status'
2024-03-01 20:39:27.687 +00:00 [DBG] >LOG:1709325567,D,MANAGEMENT: CMD 'status'
2024-03-01 20:39:28.194 +00:00 [DBG] >LOG:1709325568,D,MANAGEMENT: CMD 'status'
2024-03-01 20:39:28.699 +00:00 [DBG] >LOG:1709325568,D,MANAGEMENT: CMD 'status'
2024-03-01 20:39:29.218 +00:00 [DBG] >LOG:1709325569,D,MANAGEMENT: CMD 'status'
2024-03-01 20:39:29.723 +00:00 [DBG] >LOG:1709325569,D,MANAGEMENT: CMD 'status'
2024-03-01 20:39:30.230 +00:00 [DBG] >LOG:1709325570,D,MANAGEMENT: CMD 'status'
2024-03-01 20:39:30.784 +00:00 [DBG] >LOG:1709325570,D,MANAGEMENT: CMD 'status'
2024-03-01 20:39:31.295 +00:00 [DBG] >LOG:1709325571,D,MANAGEMENT: CMD 'status'
2024-03-01 20:39:31.835 +00:00 [DBG] >LOG:1709325571,D,MANAGEMENT: CMD 'status'
2024-03-01 20:39:32.345 +00:00 [DBG] >LOG:1709325572,D,MANAGEMENT: CMD 'status'
2024-03-01 20:39:32.850 +00:00 [DBG] >LOG:1709325572,D,MANAGEMENT: CMD 'status'
2024-03-01 20:39:33.710 +00:00 [DBG] >LOG:1709325573,D,MANAGEMENT: CMD 'status'
2024-03-01 20:39:34.664 +00:00 [DBG] >LOG:1709325574,D,MANAGEMENT: CMD 'status'
2024-03-01 20:39:35.219 +00:00 [DBG] >LOG:1709325575,D,MANAGEMENT: CMD 'status'
2024-03-01 20:39:35.748 +00:00 [DBG] >LOG:1709325575,D,MANAGEMENT: CMD 'status'
2024-03-01 20:39:36.968 +00:00 [DBG] >LOG:1709325576,D,MANAGEMENT: CMD 'status'
2024-03-01 20:39:37.615 +00:00 [DBG] >LOG:1709325577,D,MANAGEMENT: CMD 'status'
2024-03-01 20:39:38.240 +00:00 [DBG] >LOG:1709325578,D,MANAGEMENT: CMD 'status'
2024-03-01 20:39:39.380 +00:00 [DBG] >LOG:1709325578,D,MANAGEMENT: CMD 'status'
2024-03-01 20:39:40.475 +00:00 [DBG] >LOG:1709325580,D,MANAGEMENT: CMD 'status'
2024-03-01 20:39:41.519 +00:00 [DBG] >LOG:1709325581,D,MANAGEMENT: CMD 'status'
2024-03-01 20:39:42.282 +00:00 [DBG] >LOG:1709325582,D,MANAGEMENT: CMD 'status'
2024-03-01 20:39:56.094 +00:00 [DBG] >LOG:1709325583,D,MANAGEMENT: CMD 'status'
2024-03-01 20:40:00.424 +00:00 [DBG] >LOG:1709325591,D,MANAGEMENT: CMD 'status'
2024-03-01 20:40:00.425 +00:00 [DBG] >LOG:1709325598,D,MANAGEMENT: CMD 'status'
2024-03-01 20:40:01.506 +00:00 [DBG] >LOG:1709325600,D,MANAGEMENT: CMD 'status'
2024-03-01 20:40:02.546 +00:00 [DBG] >LOG:1709325602,D,MANAGEMENT: CMD 'status'
2024-03-01 20:40:03.173 +00:00 [DBG] >LOG:1709325603,D,MANAGEMENT: CMD 'status'
2024-03-01 20:40:09.502 +00:00 [DBG] >LOG:1709325605,D,MANAGEMENT: CMD 'status'
2024-03-01 20:40:09.549 +00:00 [DBG] >LOG:1709325609,D,MANAGEMENT: CMD 'status'
2024-03-01 20:40:10.128 +00:00 [DBG] >LOG:1709325610,D,MANAGEMENT: CMD 'status'
2024-03-01 20:40:10.775 +00:00 [DBG] >LOG:1709325610,D,MANAGEMENT: CMD 'status'
2024-03-01 20:40:12.990 +00:00 [DBG] >LOG:1709325611,D,MANAGEMENT: CMD 'status'
2024-03-01 20:40:15.416 +00:00 [DBG] >LOG:1709325612,D,MANAGEMENT: CMD 'status'
2024-03-01 20:40:34.503 +00:00 [DBG] >LOG:1709325615,D,MANAGEMENT: CMD 'status'
2024-03-01 20:41:12.981 +00:00 [DBG] >LOG:1709325622,D,MANAGEMENT: CMD 'status'
2024-03-01 20:41:21.879 +00:00 [DBG] >LOG:1709325636,D,MANAGEMENT: CMD 'status'
2024-03-01 20:41:21.880 +00:00 [DBG] >LOG:1709325645,D,MANAGEMENT: CMD 'status'
2024-03-01 20:41:21.883 +00:00 [DBG] >LOG:1709325655,D,MANAGEMENT: CMD 'status'
2024-03-01 20:41:21.884 +00:00 [DBG] >LOG:1709325661,D,MANAGEMENT: CMD 'status'
2024-03-01 20:41:21.907 +00:00 [DBG] >LOG:1709325672,D,MANAGEMENT: CMD 'status'
2024-03-01 20:41:21.908 +00:00 [DBG] >LOG:1709325681,D,MANAGEMENT: CMD 'status'
2024-03-01 20:41:22.361 +00:00 [DBG] >LOG:1709325682,D,MANAGEMENT: CMD 'status'
2024-03-01 20:41:22.867 +00:00 [DBG] >LOG:1709325682,D,MANAGEMENT: CMD 'status'
2024-03-01 20:41:23.408 +00:00 [DBG] >LOG:1709325683,D,MANAGEMENT: CMD 'status'
2024-03-01 20:41:23.920 +00:00 [DBG] >LOG:1709325683,D,MANAGEMENT: CMD 'status'
2024-03-01 20:41:24.434 +00:00 [DBG] >LOG:1709325684,D,MANAGEMENT: CMD 'status'
2024-03-01 20:41:24.956 +00:00 [DBG] >LOG:1709325684,D,MANAGEMENT: CMD 'status'
2024-03-01 20:41:25.463 +00:00 [DBG] >LOG:1709325685,D,MANAGEMENT: CMD 'status'
2024-03-01 20:41:25.977 +00:00 [DBG] >LOG:1709325685,D,MANAGEMENT: CMD 'status'
2024-03-01 20:41:26.486 +00:00 [DBG] >LOG:1709325686,D,MANAGEMENT: CMD 'status'
2024-03-01 20:41:27.026 +00:00 [DBG] >LOG:1709325686,D,MANAGEMENT: CMD 'status'
2024-03-01 20:41:27.543 +00:00 [DBG] >LOG:1709325687,D,MANAGEMENT: CMD 'status'
2024-03-01 20:41:28.054 +00:00 [DBG] >LOG:1709325688,D,MANAGEMENT: CMD 'status'
2024-03-01 20:41:28.564 +00:00 [DBG] >LOG:1709325688,D,MANAGEMENT: CMD 'status'
2024-03-01 20:41:29.076 +00:00 [DBG] >LOG:1709325689,D,MANAGEMENT: CMD 'status'
2024-03-01 20:41:29.589 +00:00 [DBG] >LOG:1709325689,D,MANAGEMENT: CMD 'status'
2024-03-01 20:41:30.096 +00:00 [DBG] >LOG:1709325690,D,MANAGEMENT: CMD 'status'
2024-03-01 20:41:30.603 +00:00 [DBG] >LOG:1709325690,D,MANAGEMENT: CMD 'status'
2024-03-01 20:41:31.112 +00:00 [DBG] >LOG:1709325691,D,MANAGEMENT: CMD 'status'
2024-03-01 20:41:31.621 +00:00 [DBG] >LOG:1709325691,D,MANAGEMENT: CMD 'status'
2024-03-01 20:41:32.130 +00:00 [DBG] >LOG:1709325692,D,MANAGEMENT: CMD 'status'
2024-03-01 20:41:32.639 +00:00 [DBG] >LOG:1709325692,D,MANAGEMENT: CMD 'status'
2024-03-01 20:41:33.147 +00:00 [DBG] >LOG:1709325693,D,MANAGEMENT: CMD 'status'
2024-03-01 20:41:33.671 +00:00 [DBG] >LOG:1709325693,D,MANAGEMENT: CMD 'status'
2024-03-01 20:41:34.177 +00:00 [DBG] >LOG:1709325694,D,MANAGEMENT: CMD 'status'
2024-03-01 20:41:34.689 +00:00 [DBG] >LOG:1709325694,D,MANAGEMENT: CMD 'status'
2024-03-01 20:41:35.199 +00:00 [DBG] >LOG:1709325695,D,MANAGEMENT: CMD 'status'
2024-03-01 20:41:35.711 +00:00 [DBG] >LOG:1709325695,D,MANAGEMENT: CMD 'status'
2024-03-01 20:41:36.220 +00:00 [DBG] >LOG:1709325696,D,MANAGEMENT: CMD 'status'
2024-03-01 20:41:36.731 +00:00 [DBG] >LOG:1709325696,D,MANAGEMENT: CMD 'status'
2024-03-01 20:41:37.243 +00:00 [DBG] >LOG:1709325697,D,MANAGEMENT: CMD 'status'
2024-03-01 20:41:37.767 +00:00 [DBG] >LOG:1709325697,D,MANAGEMENT: CMD 'status'
2024-03-01 20:41:38.276 +00:00 [DBG] >LOG:1709325698,D,MANAGEMENT: CMD 'status'
2024-03-01 20:41:38.842 +00:00 [DBG] >LOG:1709325698,D,MANAGEMENT: CMD 'status'
2024-03-01 20:41:39.354 +00:00 [DBG] >LOG:1709325699,D,MANAGEMENT: CMD 'status'
2024-03-01 20:41:39.862 +00:00 [DBG] >LOG:1709325699,D,MANAGEMENT: CMD 'status'
2024-03-01 20:41:40.370 +00:00 [DBG] >LOG:1709325700,D,MANAGEMENT: CMD 'status'
2024-03-01 20:41:40.878 +00:00 [DBG] >LOG:1709325700,D,MANAGEMENT: CMD 'status'
2024-03-01 20:41:41.388 +00:00 [DBG] >LOG:1709325701,D,MANAGEMENT: CMD 'status'
2024-03-01 20:41:41.896 +00:00 [DBG] >LOG:1709325701,D,MANAGEMENT: CMD 'status'
2024-03-01 20:41:42.409 +00:00 [DBG] >LOG:1709325702,D,MANAGEMENT: CMD 'status'
2024-03-01 20:41:42.917 +00:00 [DBG] >LOG:1709325702,D,MANAGEMENT: CMD 'status'
2024-03-01 20:41:43.422 +00:00 [DBG] >LOG:1709325703,D,MANAGEMENT: CMD 'status'
2024-03-01 20:41:43.934 +00:00 [DBG] >LOG:1709325703,D,MANAGEMENT: CMD 'status'
2024-03-01 20:41:44.445 +00:00 [DBG] >LOG:1709325704,D,MANAGEMENT: CMD 'status'
2024-03-01 20:41:44.955 +00:00 [DBG] >LOG:1709325704,D,MANAGEMENT: CMD 'status'
2024-03-01 20:41:45.465 +00:00 [DBG] >LOG:1709325705,D,MANAGEMENT: CMD 'status'
2024-03-01 20:41:45.973 +00:00 [DBG] >LOG:1709325705,D,MANAGEMENT: CMD 'status'
2024-03-01 20:41:46.484 +00:00 [DBG] >LOG:1709325706,D,MANAGEMENT: CMD 'status'
2024-03-01 20:41:46.993 +00:00 [DBG] >LOG:1709325706,D,MANAGEMENT: CMD 'status'
2024-03-01 20:41:47.502 +00:00 [DBG] >LOG:1709325707,D,MANAGEMENT: CMD 'status'
2024-03-01 20:41:48.011 +00:00 [DBG] >LOG:1709325708,D,MANAGEMENT: CMD 'status'
2024-03-01 20:41:48.519 +00:00 [DBG] >LOG:1709325708,D,MANAGEMENT: CMD 'status'
2024-03-01 20:41:49.029 +00:00 [DBG] >LOG:1709325709,D,MANAGEMENT: CMD 'status'
2024-03-01 20:41:49.534 +00:00 [DBG] >LOG:1709325709,D,MANAGEMENT: CMD 'status'
2024-03-01 20:41:50.041 +00:00 [DBG] >LOG:1709325710,D,MANAGEMENT: CMD 'status'
2024-03-01 20:41:50.563 +00:00 [DBG] >LOG:1709325710,D,MANAGEMENT: CMD 'status'
2024-03-01 20:41:51.074 +00:00 [DBG] >LOG:1709325711,D,MANAGEMENT: CMD 'status'
2024-03-01 20:41:51.643 +00:00 [DBG] >LOG:1709325711,D,MANAGEMENT: CMD 'status'
2024-03-01 20:41:52.151 +00:00 [DBG] >LOG:1709325712,D,MANAGEMENT: CMD 'status'
2024-03-01 20:41:52.660 +00:00 [DBG] >LOG:1709325712,D,MANAGEMENT: CMD 'status'
2024-03-01 20:41:53.168 +00:00 [DBG] >LOG:1709325713,D,MANAGEMENT: CMD 'status'
2024-03-01 20:41:53.679 +00:00 [DBG] >LOG:1709325713,D,MANAGEMENT: CMD 'status'
2024-03-01 20:41:54.185 +00:00 [DBG] >LOG:1709325714,D,MANAGEMENT: CMD 'status'
2024-03-01 20:41:54.692 +00:00 [DBG] >LOG:1709325714,D,MANAGEMENT: CMD 'status'
2024-03-01 20:41:55.201 +00:00 [DBG] >LOG:1709325715,D,MANAGEMENT: CMD 'status'
2024-03-01 20:41:55.709 +00:00 [DBG] >LOG:1709325715,D,MANAGEMENT: CMD 'status'
2024-03-01 20:41:56.219 +00:00 [DBG] >LOG:1709325716,D,MANAGEMENT: CMD 'status'
2024-03-01 20:41:56.735 +00:00 [DBG] >LOG:1709325716,D,MANAGEMENT: CMD 'status'
2024-03-01 20:41:57.251 +00:00 [DBG] >LOG:1709325717,D,MANAGEMENT: CMD 'status'
2024-03-01 20:41:57.759 +00:00 [DBG] >LOG:1709325717,D,MANAGEMENT: CMD 'status'
2024-03-01 20:41:58.271 +00:00 [DBG] >LOG:1709325718,D,MANAGEMENT: CMD 'status'
2024-03-01 20:41:58.780 +00:00 [DBG] >LOG:1709325718,D,MANAGEMENT: CMD 'status'
2024-03-01 20:41:59.308 +00:00 [DBG] >LOG:1709325719,D,MANAGEMENT: CMD 'status'
2024-03-01 20:41:59.835 +00:00 [DBG] >LOG:1709325719,D,MANAGEMENT: CMD 'status'
2024-03-01 20:42:00.345 +00:00 [DBG] >LOG:1709325720,D,MANAGEMENT: CMD 'status'
2024-03-01 20:42:00.855 +00:00 [DBG] >LOG:1709325720,D,MANAGEMENT: CMD 'status'
2024-03-01 20:42:01.360 +00:00 [DBG] >LOG:1709325721,D,MANAGEMENT: CMD 'status'
2024-03-01 20:42:01.878 +00:00 [DBG] >LOG:1709325721,D,MANAGEMENT: CMD 'status'
2024-03-01 20:42:02.388 +00:00 [DBG] >LOG:1709325722,D,MANAGEMENT: CMD 'status'
2024-03-01 20:42:02.904 +00:00 [DBG] >LOG:1709325722,D,MANAGEMENT: CMD 'status'
2024-03-01 20:42:03.435 +00:00 [DBG] >LOG:1709325723,D,MANAGEMENT: CMD 'status'
2024-03-01 20:42:03.947 +00:00 [DBG] >LOG:1709325723,D,MANAGEMENT: CMD 'status'
2024-03-01 20:42:04.456 +00:00 [DBG] >LOG:1709325724,D,MANAGEMENT: CMD 'status'
2024-03-01 20:42:04.964 +00:00 [DBG] >LOG:1709325724,D,MANAGEMENT: CMD 'status'
2024-03-01 20:42:05.476 +00:00 [DBG] >LOG:1709325725,D,MANAGEMENT: CMD 'status'
2024-03-01 20:42:05.987 +00:00 [DBG] >LOG:1709325725,D,MANAGEMENT: CMD 'status'
2024-03-01 20:42:06.509 +00:00 [DBG] >LOG:1709325726,D,MANAGEMENT: CMD 'status'
2024-03-01 20:42:07.028 +00:00 [DBG] >LOG:1709325727,D,MANAGEMENT: CMD 'status'
2024-03-01 20:42:07.549 +00:00 [DBG] >LOG:1709325727,D,MANAGEMENT: CMD 'status'
2024-03-01 20:42:08.058 +00:00 [DBG] >LOG:1709325728,D,MANAGEMENT: CMD 'status'
2024-03-01 20:42:08.589 +00:00 [DBG] >LOG:1709325728,D,MANAGEMENT: CMD 'status'
2024-03-01 20:42:09.097 +00:00 [DBG] >LOG:1709325729,D,MANAGEMENT: CMD 'status'
2024-03-01 20:42:09.608 +00:00 [DBG] >LOG:1709325729,D,MANAGEMENT: CMD 'status'
2024-03-01 20:42:10.120 +00:00 [DBG] >LOG:1709325730,D,MANAGEMENT: CMD 'status'
2024-03-01 20:42:10.634 +00:00 [DBG] >LOG:1709325730,D,MANAGEMENT: CMD 'status'
2024-03-01 20:42:11.147 +00:00 [DBG] >LOG:1709325731,D,MANAGEMENT: CMD 'status'
2024-03-01 20:42:11.663 +00:00 [DBG] >LOG:1709325731,D,MANAGEMENT: CMD 'status'
2024-03-01 20:42:12.173 +00:00 [DBG] >LOG:1709325732,D,MANAGEMENT: CMD 'status'
2024-03-01 20:42:12.682 +00:00 [DBG] >LOG:1709325732,D,MANAGEMENT: CMD 'status'
2024-03-01 20:42:13.190 +00:00 [DBG] >LOG:1709325733,D,MANAGEMENT: CMD 'status'
2024-03-01 20:42:13.698 +00:00 [DBG] >LOG:1709325733,D,MANAGEMENT: CMD 'status'
2024-03-01 20:42:14.206 +00:00 [DBG] >LOG:1709325734,D,MANAGEMENT: CMD 'status'
2024-03-01 20:42:14.715 +00:00 [DBG] >LOG:1709325734,D,MANAGEMENT: CMD 'status'
2024-03-01 20:42:15.222 +00:00 [DBG] >LOG:1709325735,D,MANAGEMENT: CMD 'status'
2024-03-01 20:42:15.731 +00:00 [DBG] >LOG:1709325735,D,MANAGEMENT: CMD 'status'
2024-03-01 20:42:16.239 +00:00 [DBG] >LOG:1709325736,D,MANAGEMENT: CMD 'status'
2024-03-01 20:42:16.750 +00:00 [DBG] >LOG:1709325736,D,MANAGEMENT: CMD 'status'
2024-03-01 20:42:17.261 +00:00 [DBG] >LOG:1709325737,D,MANAGEMENT: CMD 'status'
2024-03-01 20:42:17.770 +00:00 [DBG] >LOG:1709325737,D,MANAGEMENT: CMD 'status'
2024-03-01 20:42:18.277 +00:00 [DBG] >LOG:1709325738,D,MANAGEMENT: CMD 'status'
2024-03-01 20:42:18.792 +00:00 [DBG] >LOG:1709325738,D,MANAGEMENT: CMD 'status'
2024-03-01 20:42:19.305 +00:00 [DBG] >LOG:1709325739,D,MANAGEMENT: CMD 'status'
2024-03-01 20:42:19.836 +00:00 [DBG] >LOG:1709325739,D,MANAGEMENT: CMD 'status'
2024-03-01 20:42:20.345 +00:00 [DBG] >LOG:1709325740,D,MANAGEMENT: CMD 'status'
2024-03-01 20:42:20.854 +00:00 [DBG] >LOG:1709325740,D,MANAGEMENT: CMD 'status'
2024-03-01 20:42:21.363 +00:00 [DBG] >LOG:1709325741,D,MANAGEMENT: CMD 'status'
2024-03-01 20:42:21.868 +00:00 [DBG] >LOG:1709325741,D,MANAGEMENT: CMD 'status'
2024-03-01 20:42:22.377 +00:00 [DBG] >LOG:1709325742,D,MANAGEMENT: CMD 'status'
2024-03-01 20:42:22.892 +00:00 [DBG] >LOG:1709325742,D,MANAGEMENT: CMD 'status'
2024-03-01 20:42:23.397 +00:00 [DBG] >LOG:1709325743,D,MANAGEMENT: CMD 'status'
2024-03-01 20:42:23.910 +00:00 [DBG] >LOG:1709325743,D,MANAGEMENT: CMD 'status'
2024-03-01 20:42:24.443 +00:00 [DBG] >LOG:1709325744,D,MANAGEMENT: CMD 'status'
2024-03-01 20:42:24.953 +00:00 [DBG] >LOG:1709325744,D,MANAGEMENT: CMD 'status'
2024-03-01 20:42:25.467 +00:00 [DBG] >LOG:1709325745,D,MANAGEMENT: CMD 'status'
2024-03-01 20:42:25.973 +00:00 [DBG] >LOG:1709325745,D,MANAGEMENT: CMD 'status'
2024-03-01 20:42:26.481 +00:00 [DBG] >LOG:1709325746,D,MANAGEMENT: CMD 'status'
2024-03-01 20:42:26.991 +00:00 [DBG] >LOG:1709325746,D,MANAGEMENT: CMD 'status'
2024-03-01 20:42:27.501 +00:00 [DBG] >LOG:1709325747,D,MANAGEMENT: CMD 'status'
2024-03-01 20:42:28.009 +00:00 [DBG] >LOG:1709325748,D,MANAGEMENT: CMD 'status'
2024-03-01 20:42:28.516 +00:00 [DBG] >LOG:1709325748,D,MANAGEMENT: CMD 'status'
2024-03-01 20:42:29.022 +00:00 [DBG] >LOG:1709325749,D,MANAGEMENT: CMD 'status'
2024-03-01 20:42:29.529 +00:00 [DBG] >LOG:1709325749,D,MANAGEMENT: CMD 'status'
2024-03-01 20:42:30.037 +00:00 [DBG] >LOG:1709325750,D,MANAGEMENT: CMD 'status'
2024-03-01 20:55:40.032 +00:00 [DBG] >LOG:1709326539,D,MANAGEMENT: CMD 'status'
2024-03-01 20:55:40.036 +00:00 [DBG] >LOG:1709326539,I,[server] Inactivity timeout (--ping-restart), restarting
2024-03-01 20:55:40.207 +00:00 [DBG] >LOG:1709326540,,/sbin/route delete -net 172.31.0.0 10.0.0.1 255.255.0.0
2024-03-01 20:55:40.972 +00:00 [DBG] >LOG:1709326540,,Closing TUN/TAP interface
2024-03-01 20:55:40.972 +00:00 [DBG] >LOG:1709326540,I,/Applications/AWS VPN Client/AWS VPN Client.app/Contents/Resources/openvpn/client.down utun7 1500 1552 10.0.0.2 255.255.255.224 init
2024-03-01 20:55:42.081 +00:00 [DBG] >LOG:1709326542,I,SIGUSR1[soft,ping-restart] received, process restarting
2024-03-01 20:55:42.081 +00:00 [DBG] >LOG:1709326542,,MANAGEMENT: >STATE:1709326542,RECONNECTING,ping-restart,,,,,
2024-03-01 20:55:42.162 +00:00 [DBG] >LOG:1709326542,,Restart pause, 5 second(s)
2024-03-01 20:55:42.163 +00:00 [DBG] >LOG:1709326542,D,MANAGEMENT: CMD 'status'
2024-03-01 20:55:42.167 +00:00 [DBG] >LOG:1709326542,D,MANAGEMENT: CMD 'status'
2024-03-01 20:55:42.670 +00:00 [DBG] >LOG:1709326542,D,MANAGEMENT: CMD 'status'
2024-03-01 20:55:43.176 +00:00 [DBG] >LOG:1709326543,D,MANAGEMENT: CMD 'status'
2024-03-01 20:55:43.681 +00:00 [DBG] >LOG:1709326543,D,MANAGEMENT: CMD 'status'
2024-03-01 20:55:44.192 +00:00 [DBG] >LOG:1709326544,D,MANAGEMENT: CMD 'status'
2024-03-01 20:55:44.702 +00:00 [DBG] >LOG:1709326544,D,MANAGEMENT: CMD 'status'
2024-03-01 20:55:45.205 +00:00 [DBG] >LOG:1709326545,D,MANAGEMENT: CMD 'status'
2024-03-01 20:55:45.714 +00:00 [DBG] >LOG:1709326545,D,MANAGEMENT: CMD 'status'
2024-03-01 20:55:46.226 +00:00 [DBG] >LOG:1709326546,D,MANAGEMENT: CMD 'status'
2024-03-01 20:55:46.730 +00:00 [DBG] >LOG:1709326546,D,MANAGEMENT: CMD 'status'
2024-03-01 20:55:47.255 +00:00 [DBG] >LOG:1709326547,D,MANAGEMENT: CMD 'status'
2024-03-01 20:55:47.304 +00:00 [DBG] >LOG:1709326547,W,NOTE: the current --script-security setting may allow this configuration to call user-defined scripts
2024-03-01 20:55:47.305 +00:00 [DBG] >LOG:1709326547,I,TCP/UDP: Preserving recently used remote address: [AF_INET]3.74.138.27:443
2024-03-01 20:55:47.305 +00:00 [DBG] >LOG:1709326547,,Socket Buffers: R=[786896->786896] S=[9216->9216]
2024-03-01 20:55:47.305 +00:00 [DBG] >LOG:1709326547,I,UDP link local: (not bound)
2024-03-01 20:55:47.305 +00:00 [DBG] >LOG:1709326547,I,UDP link remote: [AF_INET]3.74.138.27:443
2024-03-01 20:55:47.306 +00:00 [DBG] >LOG:1709326547,,MANAGEMENT: >STATE:1709326547,WAIT,,,,,,
2024-03-01 20:55:47.366 +00:00 [DBG] >LOG:1709326547,,MANAGEMENT: >STATE:1709326547,AUTH,,,,,,
2024-03-01 20:55:47.367 +00:00 [DBG] >LOG:1709326547,,TLS: Initial packet from [AF_INET]3.74.138.27:443, sid=44b75e2f 99bacd0f
2024-03-01 20:55:47.447 +00:00 [DBG] >LOG:1709326547,,VERIFY OK: depth=1, CN=ishchenkogv
2024-03-01 20:55:47.448 +00:00 [DBG] >LOG:1709326547,,VERIFY KU OK
2024-03-01 20:55:47.448 +00:00 [DBG] >LOG:1709326547,,Validating certificate extended key usage
2024-03-01 20:55:47.448 +00:00 [DBG] >LOG:1709326547,,++ Certificate has EKU (str) TLS Web Server Authentication, expects TLS Web Server Authentication
2024-03-01 20:55:47.448 +00:00 [DBG] >LOG:1709326547,,VERIFY EKU OK
2024-03-01 20:55:47.448 +00:00 [DBG] >LOG:1709326547,,VERIFY X509NAME OK: CN=server
2024-03-01 20:55:47.448 +00:00 [DBG] >LOG:1709326547,,VERIFY OK: depth=0, CN=server
2024-03-01 20:55:47.553 +00:00 [DBG] >LOG:1709326547,,Control Channel: TLSv1.2, cipher TLSv1/SSLv3 ECDHE-RSA-AES256-GCM-SHA384, 2048 bit RSA
2024-03-01 20:55:47.553 +00:00 [DBG] >LOG:1709326547,I,[server] Peer Connection Initiated with [AF_INET]3.74.138.27:443
2024-03-01 20:55:47.793 +00:00 [DBG] >LOG:1709326547,D,MANAGEMENT: CMD 'status'
2024-03-01 20:55:48.300 +00:00 [DBG] >LOG:1709326548,D,MANAGEMENT: CMD 'status'
2024-03-01 20:55:48.306 +00:00 [DBG] >LOG:1709326548,,MANAGEMENT: >STATE:1709326548,GET_CONFIG,,,,,,
2024-03-01 20:55:48.306 +00:00 [DBG] >LOG:1709326548,,SENT CONTROL [server]: 'PUSH_REQUEST' (status=1)
2024-03-01 20:55:50.907 +00:00 [DBG] >LOG:1709326548,,PUSH: Received control message: 'PUSH_REPLY,route 172.31.0.0 255.255.0.0,route-gateway 10.0.0.33,topology subnet,ping 1,ping-restart 20,echo,ifconfig 10.0.0.34 255.255.255.224,peer-id 0,cipher AES-256-GCM'
2024-03-01 20:55:50.908 +00:00 [DBG] >LOG:1709326548,,OPTIONS IMPORT: timers and/or timeouts modified
2024-03-01 20:55:50.908 +00:00 [DBG] >LOG:1709326548,,OPTIONS IMPORT: --ifconfig/up options modified
2024-03-01 20:55:50.908 +00:00 [DBG] >LOG:1709326548,,OPTIONS IMPORT: route options modified
2024-03-01 20:55:50.909 +00:00 [DBG] >LOG:1709326548,,OPTIONS IMPORT: route-related options modified
2024-03-01 20:55:50.909 +00:00 [DBG] >LOG:1709326548,,OPTIONS IMPORT: peer-id set
2024-03-01 20:55:50.909 +00:00 [DBG] >LOG:1709326548,,OPTIONS IMPORT: adjusting link_mtu to 1624
2024-03-01 20:55:50.909 +00:00 [DBG] >LOG:1709326548,,OPTIONS IMPORT: data channel crypto options modified
2024-03-01 20:55:50.910 +00:00 [DBG] >LOG:1709326548,,Outgoing Data Channel: Cipher 'AES-256-GCM' initialized with 256 bit key
2024-03-01 20:55:50.910 +00:00 [DBG] >LOG:1709326548,,Incoming Data Channel: Cipher 'AES-256-GCM' initialized with 256 bit key
2024-03-01 20:55:50.910 +00:00 [DBG] >LOG:1709326548,,ROUTE_GATEWAY 192.168.1.1/255.255.255.0 IFACE=en0 HWADDR=bc:d0:74:79:6b:44
2024-03-01 20:55:50.910 +00:00 [DBG] >LOG:1709326548,,Opening utun (connect(AF_SYS_CONTROL)): Resource busy (errno=16)
2024-03-01 20:55:50.910 +00:00 [DBG] >LOG:1709326548,,Opening utun (connect(AF_SYS_CONTROL)): Resource busy (errno=16)
2024-03-01 20:55:50.910 +00:00 [DBG] >LOG:1709326548,,Opening utun (connect(AF_SYS_CONTROL)): Resource busy (errno=16)
2024-03-01 20:55:50.910 +00:00 [DBG] >LOG:1709326548,,Opening utun (connect(AF_SYS_CONTROL)): Resource busy (errno=16)
2024-03-01 20:55:50.911 +00:00 [DBG] >LOG:1709326548,,Opening utun (connect(AF_SYS_CONTROL)): Resource busy (errno=16)
2024-03-01 20:55:50.911 +00:00 [DBG] >LOG:1709326548,,Opening utun (connect(AF_SYS_CONTROL)): Resource busy (errno=16)
2024-03-01 20:55:50.911 +00:00 [DBG] >LOG:1709326548,,Opening utun (connect(AF_SYS_CONTROL)): Resource busy (errno=16)
2024-03-01 20:55:50.911 +00:00 [DBG] >LOG:1709326548,I,Opened utun device utun7
2024-03-01 20:55:50.911 +00:00 [DBG] >LOG:1709326548,D,do_ifconfig, tt->did_ifconfig_ipv6_setup=0
2024-03-01 20:55:50.911 +00:00 [DBG] >LOG:1709326548,,MANAGEMENT: >STATE:1709326548,ASSIGN_IP,,10.0.0.34,,,,
2024-03-01 20:55:50.911 +00:00 [DBG] >LOG:1709326548,I,/sbin/ifconfig utun7 delete
2024-03-01 20:55:50.911 +00:00 [DBG] >LOG:1709326548,I,NOTE: Tried to delete pre-existing tun/tap instance -- No Problem if failure
2024-03-01 20:55:50.912 +00:00 [DBG] >LOG:1709326548,I,/sbin/ifconfig utun7 10.0.0.34 10.0.0.34 netmask 255.255.255.224 mtu 1500 up
2024-03-01 20:55:50.912 +00:00 [DBG] >LOG:1709326548,,/sbin/route add -net 10.0.0.32 10.0.0.34 255.255.255.224
2024-03-01 20:55:50.912 +00:00 [DBG] >LOG:1709326548,I,/Applications/AWS VPN Client/AWS VPN Client.app/Contents/Resources/openvpn/client.up utun7 1500 1552 10.0.0.34 255.255.255.224 init
2024-03-01 20:55:50.912 +00:00 [DBG] >LOG:1709326550,,MANAGEMENT: >STATE:1709326550,ADD_ROUTES,,,,,,
2024-03-01 20:55:50.912 +00:00 [DBG] >LOG:1709326550,,/sbin/route add -net 172.31.0.0 10.0.0.33 255.255.0.0
2024-03-01 20:55:50.912 +00:00 [DBG] >LOG:1709326550,I,Initialization Sequence Completed
2024-03-01 20:55:50.912 +00:00 [DBG] >LOG:1709326550,,MANAGEMENT: >STATE:1709326550,CONNECTED,SUCCESS,10.0.0.34,3.74.138.27,443,,
2024-03-01 20:55:52.975 +00:00 [DBG] >LOG:1709326550,D,MANAGEMENT: CMD 'status'
2024-03-01 20:55:52.978 +00:00 [DBG] >LOG:1709326550,D,MANAGEMENT: CMD 'status'
2024-03-01 20:55:52.984 +00:00 [DBG] >LOG:1709326550,D,MANAGEMENT: CMD 'status'
2024-03-01 20:55:52.985 +00:00 [DBG] >LOG:1709326551,D,MANAGEMENT: CMD 'status'
2024-03-01 20:55:52.986 +00:00 [DBG] >LOG:1709326552,D,MANAGEMENT: CMD 'status'
2024-03-01 20:55:53.479 +00:00 [DBG] >LOG:1709326553,D,MANAGEMENT: CMD 'status'
2024-03-01 20:55:53.984 +00:00 [DBG] >LOG:1709326553,D,MANAGEMENT: CMD 'status'
2024-03-01 20:55:54.490 +00:00 [DBG] >LOG:1709326554,D,MANAGEMENT: CMD 'status'
2024-03-01 20:55:54.996 +00:00 [DBG] >LOG:1709326554,D,MANAGEMENT: CMD 'status'
2024-03-01 20:55:55.503 +00:00 [DBG] >LOG:1709326555,D,MANAGEMENT: CMD 'status'
2024-03-01 20:55:56.012 +00:00 [DBG] >LOG:1709326556,D,MANAGEMENT: CMD 'status'
2024-03-01 20:55:56.528 +00:00 [DBG] >LOG:1709326556,D,MANAGEMENT: CMD 'status'
2024-03-01 20:55:57.035 +00:00 [DBG] >LOG:1709326557,D,MANAGEMENT: CMD 'status'
2024-03-01 20:55:57.538 +00:00 [DBG] >LOG:1709326557,D,MANAGEMENT: CMD 'status'
2024-03-01 20:55:58.044 +00:00 [DBG] >LOG:1709326558,D,MANAGEMENT: CMD 'status'
2024-03-01 20:55:58.551 +00:00 [DBG] >LOG:1709326558,D,MANAGEMENT: CMD 'status'
2024-03-01 20:55:59.059 +00:00 [DBG] >LOG:1709326559,D,MANAGEMENT: CMD 'status'
2024-03-01 20:55:59.563 +00:00 [DBG] >LOG:1709326559,D,MANAGEMENT: CMD 'status'
2024-03-01 20:56:00.066 +00:00 [DBG] >LOG:1709326560,D,MANAGEMENT: CMD 'status'
2024-03-01 20:56:00.569 +00:00 [DBG] >LOG:1709326560,D,MANAGEMENT: CMD 'status'
2024-03-01 20:56:01.073 +00:00 [DBG] >LOG:1709326561,D,MANAGEMENT: CMD 'status'
2024-03-01 20:56:01.581 +00:00 [DBG] >LOG:1709326561,D,MANAGEMENT: CMD 'status'
2024-03-01 20:56:02.087 +00:00 [DBG] >LOG:1709326562,D,MANAGEMENT: CMD 'status'
2024-03-01 20:56:02.594 +00:00 [DBG] >LOG:1709326562,D,MANAGEMENT: CMD 'status'
2024-03-01 20:56:03.103 +00:00 [DBG] >LOG:1709326563,D,MANAGEMENT: CMD 'status'
2024-03-01 20:56:03.608 +00:00 [DBG] >LOG:1709326563,D,MANAGEMENT: CMD 'status'
2024-03-01 20:56:04.113 +00:00 [DBG] >LOG:1709326564,D,MANAGEMENT: CMD 'status'
2024-03-01 20:56:04.618 +00:00 [DBG] >LOG:1709326564,D,MANAGEMENT: CMD 'status'
2024-03-01 20:56:05.127 +00:00 [DBG] >LOG:1709326565,D,MANAGEMENT: CMD 'status'
2024-03-01 20:56:05.632 +00:00 [DBG] >LOG:1709326565,D,MANAGEMENT: CMD 'status'
2024-03-01 20:56:06.139 +00:00 [DBG] >LOG:1709326566,D,MANAGEMENT: CMD 'status'
2024-03-01 20:56:06.643 +00:00 [DBG] >LOG:1709326566,D,MANAGEMENT: CMD 'status'
2024-03-01 20:56:07.148 +00:00 [DBG] >LOG:1709326567,D,MANAGEMENT: CMD 'status'
2024-03-01 20:56:07.660 +00:00 [DBG] >LOG:1709326567,D,MANAGEMENT: CMD 'status'
2024-03-01 20:56:08.166 +00:00 [DBG] >LOG:1709326568,D,MANAGEMENT: CMD 'status'
2024-03-01 20:56:08.675 +00:00 [DBG] >LOG:1709326568,D,MANAGEMENT: CMD 'status'
2024-03-01 20:56:09.180 +00:00 [DBG] >LOG:1709326569,D,MANAGEMENT: CMD 'status'
2024-03-01 20:56:09.685 +00:00 [DBG] >LOG:1709326569,D,MANAGEMENT: CMD 'status'
2024-03-01 20:56:10.188 +00:00 [DBG] >LOG:1709326570,D,MANAGEMENT: CMD 'status'
2024-03-01 20:56:10.694 +00:00 [DBG] >LOG:1709326570,D,MANAGEMENT: CMD 'status'
2024-03-01 20:56:11.199 +00:00 [DBG] >LOG:1709326571,D,MANAGEMENT: CMD 'status'
2024-03-01 20:56:11.716 +00:00 [DBG] >LOG:1709326571,D,MANAGEMENT: CMD 'status'
2024-03-01 20:56:12.221 +00:00 [DBG] >LOG:1709326572,D,MANAGEMENT: CMD 'status'
2024-03-01 20:56:12.725 +00:00 [DBG] >LOG:1709326572,D,MANAGEMENT: CMD 'status'
2024-03-01 20:56:13.228 +00:00 [DBG] >LOG:1709326573,D,MANAGEMENT: CMD 'status'
2024-03-01 20:56:13.731 +00:00 [DBG] >LOG:1709326573,D,MANAGEMENT: CMD 'status'
2024-03-01 20:56:14.247 +00:00 [DBG] >LOG:1709326574,D,MANAGEMENT: CMD 'status'
2024-03-01 20:56:14.757 +00:00 [DBG] >LOG:1709326574,D,MANAGEMENT: CMD 'status'
2024-03-01 20:56:15.277 +00:00 [DBG] >LOG:1709326575,D,MANAGEMENT: CMD 'status'
2024-03-01 20:56:15.782 +00:00 [DBG] >LOG:1709326575,D,MANAGEMENT: CMD 'status'
2024-03-01 20:56:16.290 +00:00 [DBG] >LOG:1709326576,D,MANAGEMENT: CMD 'status'
2024-03-01 20:56:16.794 +00:00 [DBG] >LOG:1709326576,D,MANAGEMENT: CMD 'status'
2024-03-01 20:56:17.298 +00:00 [DBG] >LOG:1709326577,D,MANAGEMENT: CMD 'status'
2024-03-01 20:56:17.803 +00:00 [DBG] >LOG:1709326577,D,MANAGEMENT: CMD 'status'
2024-03-01 20:56:18.311 +00:00 [DBG] >LOG:1709326578,D,MANAGEMENT: CMD 'status'
2024-03-01 20:56:18.816 +00:00 [DBG] >LOG:1709326578,D,MANAGEMENT: CMD 'status'
2024-03-01 20:56:19.320 +00:00 [DBG] >LOG:1709326579,D,MANAGEMENT: CMD 'status'
2024-03-01 20:56:19.824 +00:00 [DBG] >LOG:1709326579,D,MANAGEMENT: CMD 'status'
2024-03-01 20:56:20.326 +00:00 [DBG] >LOG:1709326580,D,MANAGEMENT: CMD 'status'
2024-03-01 20:56:20.829 +00:00 [DBG] >LOG:1709326580,D,MANAGEMENT: CMD 'status'
2024-03-01 20:56:21.335 +00:00 [DBG] >LOG:1709326581,D,MANAGEMENT: CMD 'status'
2024-03-01 20:56:21.843 +00:00 [DBG] >LOG:1709326581,D,MANAGEMENT: CMD 'status'
2024-03-01 20:56:22.353 +00:00 [DBG] >LOG:1709326582,D,MANAGEMENT: CMD 'status'
2024-03-01 20:56:22.860 +00:00 [DBG] >LOG:1709326582,D,MANAGEMENT: CMD 'status'
2024-03-01 20:56:23.366 +00:00 [DBG] >LOG:1709326583,D,MANAGEMENT: CMD 'status'
2024-03-01 20:56:23.872 +00:00 [DBG] >LOG:1709326583,D,MANAGEMENT: CMD 'status'
2024-03-01 20:56:24.379 +00:00 [DBG] >LOG:1709326584,D,MANAGEMENT: CMD 'status'
2024-03-01 20:56:24.888 +00:00 [DBG] >LOG:1709326584,D,MANAGEMENT: CMD 'status'
2024-03-01 20:56:25.394 +00:00 [DBG] >LOG:1709326585,D,MANAGEMENT: CMD 'status'
2024-03-01 20:56:25.903 +00:00 [DBG] >LOG:1709326585,D,MANAGEMENT: CMD 'status'
2024-03-01 20:56:26.409 +00:00 [DBG] >LOG:1709326586,D,MANAGEMENT: CMD 'status'
2024-03-01 20:56:26.933 +00:00 [DBG] >LOG:1709326586,D,MANAGEMENT: CMD 'status'
2024-03-01 20:56:27.443 +00:00 [DBG] >LOG:1709326587,D,MANAGEMENT: CMD 'status'
2024-03-01 20:56:27.955 +00:00 [DBG] >LOG:1709326587,D,MANAGEMENT: CMD 'status'
2024-03-01 20:56:28.488 +00:00 [DBG] >LOG:1709326588,D,MANAGEMENT: CMD 'status'
2024-03-01 20:56:28.995 +00:00 [DBG] >LOG:1709326588,D,MANAGEMENT: CMD 'status'
2024-03-01 20:56:29.503 +00:00 [DBG] >LOG:1709326589,D,MANAGEMENT: CMD 'status'
2024-03-01 20:56:30.010 +00:00 [DBG] >LOG:1709326590,D,MANAGEMENT: CMD 'status'
2024-03-01 20:56:30.519 +00:00 [DBG] >LOG:1709326590,D,MANAGEMENT: CMD 'status'
2024-03-01 20:56:31.030 +00:00 [DBG] >LOG:1709326591,D,MANAGEMENT: CMD 'status'
2024-03-01 20:56:31.682 +00:00 [DBG] >LOG:1709326591,D,MANAGEMENT: CMD 'status'
2024-03-01 20:56:32.248 +00:00 [DBG] >LOG:1709326592,D,MANAGEMENT: CMD 'status'
2024-03-01 20:56:32.771 +00:00 [DBG] >LOG:1709326592,D,MANAGEMENT: CMD 'status'
2024-03-01 20:56:33.294 +00:00 [DBG] >LOG:1709326593,D,MANAGEMENT: CMD 'status'
2024-03-01 20:56:33.822 +00:00 [DBG] >LOG:1709326593,D,MANAGEMENT: CMD 'status'
2024-03-01 20:56:34.428 +00:00 [DBG] >LOG:1709326594,D,MANAGEMENT: CMD 'status'
2024-03-01 20:56:35.340 +00:00 [DBG] >LOG:1709326595,D,MANAGEMENT: CMD 'status'
2024-03-01 20:56:35.925 +00:00 [DBG] >LOG:1709326595,D,MANAGEMENT: CMD 'status'
2024-03-01 20:56:36.504 +00:00 [DBG] >LOG:1709326596,D,MANAGEMENT: CMD 'status'
2024-03-01 20:56:37.145 +00:00 [DBG] >LOG:1709326597,D,MANAGEMENT: CMD 'status'
2024-03-01 20:56:37.677 +00:00 [DBG] >LOG:1709326597,D,MANAGEMENT: CMD 'status'
2024-03-01 20:56:38.244 +00:00 [DBG] >LOG:1709326598,D,MANAGEMENT: CMD 'status'
2024-03-01 20:56:39.006 +00:00 [DBG] >LOG:1709326598,D,MANAGEMENT: CMD 'status'
2024-03-01 20:56:39.690 +00:00 [DBG] >LOG:1709326599,D,MANAGEMENT: CMD 'status'
2024-03-01 20:56:40.492 +00:00 [DBG] >LOG:1709326600,D,MANAGEMENT: CMD 'status'
2024-03-01 20:56:41.161 +00:00 [DBG] >LOG:1709326601,D,MANAGEMENT: CMD 'status'
2024-03-01 20:56:41.804 +00:00 [DBG] >LOG:1709326601,D,MANAGEMENT: CMD 'status'
2024-03-01 20:56:42.328 +00:00 [DBG] >LOG:1709326602,D,MANAGEMENT: CMD 'status'
2024-03-01 20:56:44.400 +00:00 [DBG] >LOG:1709326603,D,MANAGEMENT: CMD 'status'
2024-03-01 20:56:44.988 +00:00 [DBG] >LOG:1709326604,D,MANAGEMENT: CMD 'status'
2024-03-01 20:56:45.544 +00:00 [DBG] >LOG:1709326605,D,MANAGEMENT: CMD 'status'
2024-03-01 20:56:46.152 +00:00 [DBG] >LOG:1709326606,D,MANAGEMENT: CMD 'status'
2024-03-01 20:56:46.823 +00:00 [DBG] >LOG:1709326606,D,MANAGEMENT: CMD 'status'
2024-03-01 20:56:47.345 +00:00 [DBG] >LOG:1709326607,D,MANAGEMENT: CMD 'status'
2024-03-01 20:56:48.137 +00:00 [DBG] >LOG:1709326607,D,MANAGEMENT: CMD 'status'
2024-03-01 20:56:49.421 +00:00 [DBG] >LOG:1709326608,D,MANAGEMENT: CMD 'status'
2024-03-01 20:56:50.610 +00:00 [DBG] >LOG:1709326610,D,MANAGEMENT: CMD 'status'
2024-03-01 20:56:51.950 +00:00 [DBG] >LOG:1709326611,D,MANAGEMENT: CMD 'status'
2024-03-01 20:56:56.596 +00:00 [DBG] >LOG:1709326614,D,MANAGEMENT: CMD 'status'
2024-03-01 20:56:56.665 +00:00 [DBG] >LOG:1709326616,D,MANAGEMENT: CMD 'status'
2024-03-01 20:56:57.483 +00:00 [DBG] >LOG:1709326617,D,MANAGEMENT: CMD 'status'
2024-03-01 20:56:58.158 +00:00 [DBG] >LOG:1709326618,D,MANAGEMENT: CMD 'status'
2024-03-01 20:56:58.683 +00:00 [DBG] >LOG:1709326618,D,MANAGEMENT: CMD 'status'
2024-03-01 20:56:59.360 +00:00 [DBG] >LOG:1709326619,D,MANAGEMENT: CMD 'status'
2024-03-01 20:56:59.887 +00:00 [DBG] >LOG:1709326619,D,MANAGEMENT: CMD 'status'
2024-03-01 20:57:00.795 +00:00 [DBG] >LOG:1709326620,D,MANAGEMENT: CMD 'status'
2024-03-01 20:57:01.346 +00:00 [DBG] >LOG:1709326621,D,MANAGEMENT: CMD 'status'
2024-03-01 20:57:02.184 +00:00 [DBG] >LOG:1709326621,D,MANAGEMENT: CMD 'status'
2024-03-01 20:57:03.813 +00:00 [DBG] >LOG:1709326623,D,MANAGEMENT: CMD 'status'
2024-03-01 20:57:04.680 +00:00 [DBG] >LOG:1709326624,D,MANAGEMENT: CMD 'status'
2024-03-01 20:57:05.299 +00:00 [DBG] >LOG:1709326625,D,MANAGEMENT: CMD 'status'
2024-03-01 20:57:06.171 +00:00 [DBG] >LOG:1709326625,D,MANAGEMENT: CMD 'status'
2024-03-01 20:57:06.875 +00:00 [DBG] >LOG:1709326626,D,MANAGEMENT: CMD 'status'
2024-03-01 20:57:07.465 +00:00 [DBG] >LOG:1709326627,D,MANAGEMENT: CMD 'status'
2024-03-01 20:57:08.410 +00:00 [DBG] >LOG:1709326628,D,MANAGEMENT: CMD 'status'
2024-03-01 20:57:09.553 +00:00 [DBG] >LOG:1709326629,D,MANAGEMENT: CMD 'status'
2024-03-01 20:57:10.198 +00:00 [DBG] >LOG:1709326630,D,MANAGEMENT: CMD 'status'
2024-03-01 20:57:10.749 +00:00 [DBG] >LOG:1709326630,D,MANAGEMENT: CMD 'status'
2024-03-01 20:57:12.047 +00:00 [DBG] >LOG:1709326631,D,MANAGEMENT: CMD 'status'
2024-03-01 20:57:17.458 +00:00 [DBG] >LOG:1709326635,D,MANAGEMENT: CMD 'status'
2024-03-01 20:57:17.511 +00:00 [DBG] >LOG:1709326637,D,MANAGEMENT: CMD 'status'
2024-03-01 20:57:18.054 +00:00 [DBG] >LOG:1709326638,D,MANAGEMENT: CMD 'status'
2024-03-01 20:57:18.563 +00:00 [DBG] >LOG:1709326638,D,MANAGEMENT: CMD 'status'
2024-03-01 20:57:19.551 +00:00 [DBG] >LOG:1709326639,D,MANAGEMENT: CMD 'status'
2024-03-01 20:57:20.262 +00:00 [DBG] >LOG:1709326640,D,MANAGEMENT: CMD 'status'
2024-03-01 20:57:21.368 +00:00 [DBG] >LOG:1709326641,D,MANAGEMENT: CMD 'status'
2024-03-01 20:57:22.001 +00:00 [DBG] >LOG:1709326641,D,MANAGEMENT: CMD 'status'
2024-03-01 20:57:22.548 +00:00 [DBG] >LOG:1709326642,D,MANAGEMENT: CMD 'status'
2024-03-01 20:57:23.339 +00:00 [DBG] >LOG:1709326643,D,MANAGEMENT: CMD 'status'
2024-03-01 20:57:23.939 +00:00 [DBG] >LOG:1709326643,D,MANAGEMENT: CMD 'status'
2024-03-01 20:57:24.810 +00:00 [DBG] >LOG:1709326644,D,MANAGEMENT: CMD 'status'
2024-03-01 20:57:25.502 +00:00 [DBG] >LOG:1709326645,D,MANAGEMENT: CMD 'status'
2024-03-01 20:57:26.066 +00:00 [DBG] >LOG:1709326646,D,MANAGEMENT: CMD 'status'
2024-03-01 20:57:26.697 +00:00 [DBG] >LOG:1709326646,D,MANAGEMENT: CMD 'status'
2024-03-01 20:57:27.742 +00:00 [DBG] >LOG:1709326647,D,MANAGEMENT: CMD 'status'
2024-03-01 20:57:28.561 +00:00 [DBG] >LOG:1709326648,D,MANAGEMENT: CMD 'status'
2024-03-01 20:57:29.252 +00:00 [DBG] >LOG:1709326649,D,MANAGEMENT: CMD 'status'
2024-03-01 20:57:29.921 +00:00 [DBG] >LOG:1709326649,D,MANAGEMENT: CMD 'status'
2024-03-01 20:57:31.840 +00:00 [DBG] >LOG:1709326651,D,MANAGEMENT: CMD 'status'
2024-03-01 20:57:35.570 +00:00 [DBG] >LOG:1709326654,D,MANAGEMENT: CMD 'status'
2024-03-01 20:57:36.190 +00:00 [DBG] >LOG:1709326656,D,MANAGEMENT: CMD 'status'
2024-03-01 20:57:36.845 +00:00 [DBG] >LOG:1709326656,D,MANAGEMENT: CMD 'status'
2024-03-01 20:57:37.445 +00:00 [DBG] >LOG:1709326657,D,MANAGEMENT: CMD 'status'
2024-03-01 20:57:38.348 +00:00 [DBG] >LOG:1709326657,D,MANAGEMENT: CMD 'status'
2024-03-01 20:57:40.015 +00:00 [DBG] >LOG:1709326659,D,MANAGEMENT: CMD 'status'
2024-03-01 20:57:40.789 +00:00 [DBG] >LOG:1709326660,D,MANAGEMENT: CMD 'status'
2024-03-01 20:57:41.374 +00:00 [DBG] >LOG:1709326661,D,MANAGEMENT: CMD 'status'
2024-03-01 20:57:42.049 +00:00 [DBG] >LOG:1709326662,D,MANAGEMENT: CMD 'status'
2024-03-01 20:57:44.857 +00:00 [DBG] >LOG:1709326664,D,MANAGEMENT: CMD 'status'
2024-03-01 20:57:45.403 +00:00 [DBG] >LOG:1709326665,D,MANAGEMENT: CMD 'status'
2024-03-01 20:57:46.056 +00:00 [DBG] >LOG:1709326666,D,MANAGEMENT: CMD 'status'
2024-03-01 20:57:46.581 +00:00 [DBG] >LOG:1709326666,D,MANAGEMENT: CMD 'status'
2024-03-01 20:57:47.331 +00:00 [DBG] >LOG:1709326667,D,MANAGEMENT: CMD 'status'
2024-03-01 20:57:48.440 +00:00 [DBG] >LOG:1709326668,D,MANAGEMENT: CMD 'status'
2024-03-01 20:57:49.382 +00:00 [DBG] >LOG:1709326669,D,MANAGEMENT: CMD 'status'
2024-03-01 20:57:49.980 +00:00 [DBG] >LOG:1709326669,D,MANAGEMENT: CMD 'status'
2024-03-01 20:57:50.744 +00:00 [DBG] >LOG:1709326670,D,MANAGEMENT: CMD 'status'
2024-03-01 20:57:51.363 +00:00 [DBG] >LOG:1709326671,D,MANAGEMENT: CMD 'status'
2024-03-01 20:57:51.965 +00:00 [DBG] >LOG:1709326671,D,MANAGEMENT: CMD 'status'
2024-03-01 20:57:52.609 +00:00 [DBG] >LOG:1709326672,D,MANAGEMENT: CMD 'status'
2024-03-01 20:57:53.985 +00:00 [DBG] >LOG:1709326673,D,MANAGEMENT: CMD 'status'
2024-03-01 20:57:54.720 +00:00 [DBG] >LOG:1709326674,D,MANAGEMENT: CMD 'status'
2024-03-01 20:57:55.497 +00:00 [DBG] >LOG:1709326675,D,MANAGEMENT: CMD 'status'
2024-03-01 20:57:56.104 +00:00 [DBG] >LOG:1709326676,D,MANAGEMENT: CMD 'status'
2024-03-01 20:57:56.693 +00:00 [DBG] >LOG:1709326676,D,MANAGEMENT: CMD 'status'
2024-03-01 20:58:01.462 +00:00 [DBG] >LOG:1709326677,D,MANAGEMENT: CMD 'status'
2024-03-01 20:58:13.571 +00:00 [DBG] >LOG:1709326681,D,MANAGEMENT: CMD 'status'
2024-03-01 20:58:13.885 +00:00 [DBG] >LOG:1709326685,D,MANAGEMENT: CMD 'status'
2024-03-01 20:58:13.898 +00:00 [DBG] >LOG:1709326692,D,MANAGEMENT: CMD 'status'
2024-03-01 20:58:15.438 +00:00 [DBG] >LOG:1709326694,D,MANAGEMENT: CMD 'status'
2024-03-01 20:58:16.454 +00:00 [DBG] >LOG:1709326696,D,MANAGEMENT: CMD 'status'
2024-03-01 20:58:20.046 +00:00 [DBG] >LOG:1709326697,D,MANAGEMENT: CMD 'status'
2024-03-01 20:58:37.749 +00:00 [DBG] >LOG:1709326700,D,MANAGEMENT: CMD 'status'
2024-03-01 20:58:37.873 +00:00 [DBG] >LOG:1709326702,D,MANAGEMENT: CMD 'status'
2024-03-01 20:58:37.923 +00:00 [DBG] >LOG:1709326710,D,MANAGEMENT: CMD 'status'
2024-03-01 20:58:37.927 +00:00 [DBG] >LOG:1709326717,D,MANAGEMENT: CMD 'status'
2024-03-01 20:58:38.376 +00:00 [DBG] >LOG:1709326718,D,MANAGEMENT: CMD 'status'
2024-03-01 20:58:38.879 +00:00 [DBG] >LOG:1709326718,D,MANAGEMENT: CMD 'status'
2024-03-01 20:58:39.388 +00:00 [DBG] >LOG:1709326719,D,MANAGEMENT: CMD 'status'
2024-03-01 20:58:39.901 +00:00 [DBG] >LOG:1709326719,D,MANAGEMENT: CMD 'status'
2024-03-01 20:58:40.410 +00:00 [DBG] >LOG:1709326720,D,MANAGEMENT: CMD 'status'
2024-03-01 20:58:40.914 +00:00 [DBG] >LOG:1709326720,D,MANAGEMENT: CMD 'status'
2024-03-01 20:58:41.421 +00:00 [DBG] >LOG:1709326721,D,MANAGEMENT: CMD 'status'
2024-03-01 20:58:41.931 +00:00 [DBG] >LOG:1709326721,D,MANAGEMENT: CMD 'status'
2024-03-01 20:58:42.441 +00:00 [DBG] >LOG:1709326722,D,MANAGEMENT: CMD 'status'
2024-03-01 20:58:42.948 +00:00 [DBG] >LOG:1709326722,D,MANAGEMENT: CMD 'status'
2024-03-01 20:58:43.462 +00:00 [DBG] >LOG:1709326723,D,MANAGEMENT: CMD 'status'
2024-03-01 20:58:43.975 +00:00 [DBG] >LOG:1709326723,D,MANAGEMENT: CMD 'status'
2024-03-01 20:58:44.488 +00:00 [DBG] >LOG:1709326724,D,MANAGEMENT: CMD 'status'
2024-03-01 20:58:44.998 +00:00 [DBG] >LOG:1709326724,D,MANAGEMENT: CMD 'status'
2024-03-01 20:58:45.508 +00:00 [DBG] >LOG:1709326725,D,MANAGEMENT: CMD 'status'
2024-03-01 20:58:46.023 +00:00 [DBG] >LOG:1709326726,D,MANAGEMENT: CMD 'status'
2024-03-01 20:58:46.544 +00:00 [DBG] >LOG:1709326726,D,MANAGEMENT: CMD 'status'
2024-03-01 20:58:47.056 +00:00 [DBG] >LOG:1709326727,D,MANAGEMENT: CMD 'status'
2024-03-01 20:58:47.566 +00:00 [DBG] >LOG:1709326727,D,MANAGEMENT: CMD 'status'
2024-03-01 20:58:48.079 +00:00 [DBG] >LOG:1709326728,D,MANAGEMENT: CMD 'status'
2024-03-01 20:58:48.585 +00:00 [DBG] >LOG:1709326728,D,MANAGEMENT: CMD 'status'
2024-03-01 20:58:49.091 +00:00 [DBG] >LOG:1709326729,D,MANAGEMENT: CMD 'status'
2024-03-01 20:58:49.604 +00:00 [DBG] >LOG:1709326729,D,MANAGEMENT: CMD 'status'
2024-03-01 20:58:50.116 +00:00 [DBG] >LOG:1709326730,D,MANAGEMENT: CMD 'status'
2024-03-01 20:58:50.628 +00:00 [DBG] >LOG:1709326730,D,MANAGEMENT: CMD 'status'
2024-03-01 20:58:51.139 +00:00 [DBG] >LOG:1709326731,D,MANAGEMENT: CMD 'status'
2024-03-01 20:58:51.655 +00:00 [DBG] >LOG:1709326731,D,MANAGEMENT: CMD 'status'
2024-03-01 20:58:52.171 +00:00 [DBG] >LOG:1709326732,D,MANAGEMENT: CMD 'status'
2024-03-01 20:58:52.679 +00:00 [DBG] >LOG:1709326732,D,MANAGEMENT: CMD 'status'
2024-03-01 20:58:53.189 +00:00 [DBG] >LOG:1709326733,D,MANAGEMENT: CMD 'status'
2024-03-01 20:58:53.700 +00:00 [DBG] >LOG:1709326733,D,MANAGEMENT: CMD 'status'
2024-03-01 20:58:54.214 +00:00 [DBG] >LOG:1709326734,D,MANAGEMENT: CMD 'status'
2024-03-01 20:58:54.726 +00:00 [DBG] >LOG:1709326734,D,MANAGEMENT: CMD 'status'
2024-03-01 20:58:55.234 +00:00 [DBG] >LOG:1709326735,D,MANAGEMENT: CMD 'status'
2024-03-01 20:58:55.743 +00:00 [DBG] >LOG:1709326735,D,MANAGEMENT: CMD 'status'
2024-03-01 20:58:56.255 +00:00 [DBG] >LOG:1709326736,D,MANAGEMENT: CMD 'status'
2024-03-01 20:58:56.764 +00:00 [DBG] >LOG:1709326736,D,MANAGEMENT: CMD 'status'
2024-03-01 20:58:57.276 +00:00 [DBG] >LOG:1709326737,D,MANAGEMENT: CMD 'status'
2024-03-01 20:58:57.787 +00:00 [DBG] >LOG:1709326737,D,MANAGEMENT: CMD 'status'
2024-03-01 20:58:58.295 +00:00 [DBG] >LOG:1709326738,D,MANAGEMENT: CMD 'status'
2024-03-01 20:58:58.805 +00:00 [DBG] >LOG:1709326738,D,MANAGEMENT: CMD 'status'
2024-03-01 20:58:59.314 +00:00 [DBG] >LOG:1709326739,D,MANAGEMENT: CMD 'status'
2024-03-01 20:58:59.830 +00:00 [DBG] >LOG:1709326739,D,MANAGEMENT: CMD 'status'
2024-03-01 20:59:00.340 +00:00 [DBG] >LOG:1709326740,D,MANAGEMENT: CMD 'status'
2024-03-01 20:59:00.847 +00:00 [DBG] >LOG:1709326740,D,MANAGEMENT: CMD 'status'
2024-03-01 20:59:01.370 +00:00 [DBG] >LOG:1709326741,D,MANAGEMENT: CMD 'status'
2024-03-01 20:59:01.876 +00:00 [DBG] >LOG:1709326741,D,MANAGEMENT: CMD 'status'
2024-03-01 20:59:02.401 +00:00 [DBG] >LOG:1709326742,D,MANAGEMENT: CMD 'status'
2024-03-01 20:59:02.926 +00:00 [DBG] >LOG:1709326742,D,MANAGEMENT: CMD 'status'
2024-03-01 20:59:03.438 +00:00 [DBG] >LOG:1709326743,D,MANAGEMENT: CMD 'status'
2024-03-01 20:59:03.952 +00:00 [DBG] >LOG:1709326743,D,MANAGEMENT: CMD 'status'
2024-03-01 20:59:04.463 +00:00 [DBG] >LOG:1709326744,D,MANAGEMENT: CMD 'status'
2024-03-01 20:59:04.979 +00:00 [DBG] >LOG:1709326744,D,MANAGEMENT: CMD 'status'
2024-03-01 20:59:05.491 +00:00 [DBG] >LOG:1709326745,D,MANAGEMENT: CMD 'status'
2024-03-01 20:59:06.000 +00:00 [DBG] >LOG:1709326745,D,MANAGEMENT: CMD 'status'
2024-03-01 20:59:06.512 +00:00 [DBG] >LOG:1709326746,D,MANAGEMENT: CMD 'status'
2024-03-01 20:59:07.018 +00:00 [DBG] >LOG:1709326747,D,MANAGEMENT: CMD 'status'
2024-03-01 20:59:07.528 +00:00 [DBG] >LOG:1709326747,D,MANAGEMENT: CMD 'status'
2024-03-01 20:59:08.040 +00:00 [DBG] >LOG:1709326748,D,MANAGEMENT: CMD 'status'
2024-03-01 20:59:08.553 +00:00 [DBG] >LOG:1709326748,D,MANAGEMENT: CMD 'status'
2024-03-01 20:59:09.061 +00:00 [DBG] >LOG:1709326749,D,MANAGEMENT: CMD 'status'
2024-03-01 20:59:09.571 +00:00 [DBG] >LOG:1709326749,D,MANAGEMENT: CMD 'status'
2024-03-01 20:59:10.089 +00:00 [DBG] >LOG:1709326750,D,MANAGEMENT: CMD 'status'
2024-03-01 20:59:10.598 +00:00 [DBG] >LOG:1709326750,D,MANAGEMENT: CMD 'status'
2024-03-01 20:59:11.106 +00:00 [DBG] >LOG:1709326751,D,MANAGEMENT: CMD 'status'
2024-03-01 20:59:11.622 +00:00 [DBG] >LOG:1709326751,D,MANAGEMENT: CMD 'status'
2024-03-01 20:59:12.146 +00:00 [DBG] >LOG:1709326752,D,MANAGEMENT: CMD 'status'
2024-03-01 20:59:12.657 +00:00 [DBG] >LOG:1709326752,D,MANAGEMENT: CMD 'status'
2024-03-01 20:59:13.194 +00:00 [DBG] >LOG:1709326753,D,MANAGEMENT: CMD 'status'
2024-03-01 20:59:13.712 +00:00 [DBG] >LOG:1709326753,D,MANAGEMENT: CMD 'status'
2024-03-01 20:59:14.229 +00:00 [DBG] >LOG:1709326754,D,MANAGEMENT: CMD 'status'
2024-03-01 20:59:14.746 +00:00 [DBG] >LOG:1709326754,D,MANAGEMENT: CMD 'status'
2024-03-01 20:59:15.256 +00:00 [DBG] >LOG:1709326755,D,MANAGEMENT: CMD 'status'
2024-03-01 20:59:15.766 +00:00 [DBG] >LOG:1709326755,D,MANAGEMENT: CMD 'status'
2024-03-01 20:59:16.279 +00:00 [DBG] >LOG:1709326756,D,MANAGEMENT: CMD 'status'
2024-03-01 20:59:16.789 +00:00 [DBG] >LOG:1709326756,D,MANAGEMENT: CMD 'status'
2024-03-01 20:59:17.312 +00:00 [DBG] >LOG:1709326757,D,MANAGEMENT: CMD 'status'
2024-03-01 20:59:17.829 +00:00 [DBG] >LOG:1709326757,D,MANAGEMENT: CMD 'status'
2024-03-01 20:59:18.339 +00:00 [DBG] >LOG:1709326758,D,MANAGEMENT: CMD 'status'
2024-03-01 20:59:18.852 +00:00 [DBG] >LOG:1709326758,D,MANAGEMENT: CMD 'status'
2024-03-01 20:59:19.369 +00:00 [DBG] >LOG:1709326759,D,MANAGEMENT: CMD 'status'
2024-03-01 20:59:19.876 +00:00 [DBG] >LOG:1709326759,D,MANAGEMENT: CMD 'status'
2024-03-01 20:59:20.380 +00:00 [DBG] >LOG:1709326760,D,MANAGEMENT: CMD 'status'
2024-03-01 20:59:20.886 +00:00 [DBG] >LOG:1709326760,D,MANAGEMENT: CMD 'status'
2024-03-01 20:59:21.396 +00:00 [DBG] >LOG:1709326761,D,MANAGEMENT: CMD 'status'
2024-03-01 20:59:21.908 +00:00 [DBG] >LOG:1709326761,D,MANAGEMENT: CMD 'status'
2024-03-01 20:59:22.421 +00:00 [DBG] >LOG:1709326762,D,MANAGEMENT: CMD 'status'
2024-03-01 20:59:22.930 +00:00 [DBG] >LOG:1709326762,D,MANAGEMENT: CMD 'status'
2024-03-01 20:59:23.444 +00:00 [DBG] >LOG:1709326763,D,MANAGEMENT: CMD 'status'
2024-03-01 20:59:23.953 +00:00 [DBG] >LOG:1709326763,D,MANAGEMENT: CMD 'status'
2024-03-01 20:59:24.471 +00:00 [DBG] >LOG:1709326764,D,MANAGEMENT: CMD 'status'
2024-03-01 20:59:24.984 +00:00 [DBG] >LOG:1709326764,D,MANAGEMENT: CMD 'status'
2024-03-01 20:59:25.495 +00:00 [DBG] >LOG:1709326765,D,MANAGEMENT: CMD 'status'
2024-03-01 20:59:26.007 +00:00 [DBG] >LOG:1709326766,D,MANAGEMENT: CMD 'status'
2024-03-01 20:59:26.519 +00:00 [DBG] >LOG:1709326766,D,MANAGEMENT: CMD 'status'
2024-03-01 20:59:27.032 +00:00 [DBG] >LOG:1709326767,D,MANAGEMENT: CMD 'status'
2024-03-01 20:59:27.539 +00:00 [DBG] >LOG:1709326767,D,MANAGEMENT: CMD 'status'
2024-03-01 20:59:28.054 +00:00 [DBG] >LOG:1709326768,D,MANAGEMENT: CMD 'status'
2024-03-01 20:59:28.564 +00:00 [DBG] >LOG:1709326768,D,MANAGEMENT: CMD 'status'
2024-03-01 20:59:29.095 +00:00 [DBG] >LOG:1709326769,D,MANAGEMENT: CMD 'status'
2024-03-01 20:59:29.602 +00:00 [DBG] >LOG:1709326769,D,MANAGEMENT: CMD 'status'
2024-03-01 20:59:30.113 +00:00 [DBG] >LOG:1709326770,D,MANAGEMENT: CMD 'status'
2024-03-01 20:59:30.622 +00:00 [DBG] >LOG:1709326770,D,MANAGEMENT: CMD 'status'
2024-03-01 20:59:31.130 +00:00 [DBG] >LOG:1709326771,D,MANAGEMENT: CMD 'status'
2024-03-01 20:59:31.646 +00:00 [DBG] >LOG:1709326771,D,MANAGEMENT: CMD 'status'
2024-03-01 20:59:32.162 +00:00 [DBG] >LOG:1709326772,D,MANAGEMENT: CMD 'status'
2024-03-01 20:59:32.671 +00:00 [DBG] >LOG:1709326772,D,MANAGEMENT: CMD 'status'
2024-03-01 20:59:33.180 +00:00 [DBG] >LOG:1709326773,D,MANAGEMENT: CMD 'status'
2024-03-01 20:59:33.689 +00:00 [DBG] >LOG:1709326773,D,MANAGEMENT: CMD 'status'
2024-03-01 20:59:34.214 +00:00 [DBG] >LOG:1709326774,D,MANAGEMENT: CMD 'status'
2024-03-01 20:59:34.728 +00:00 [DBG] >LOG:1709326774,D,MANAGEMENT: CMD 'status'
2024-03-01 20:59:35.239 +00:00 [DBG] >LOG:1709326775,D,MANAGEMENT: CMD 'status'
2024-03-01 20:59:35.754 +00:00 [DBG] >LOG:1709326775,D,MANAGEMENT: CMD 'status'
2024-03-01 20:59:36.264 +00:00 [DBG] >LOG:1709326776,D,MANAGEMENT: CMD 'status'
2024-03-01 20:59:36.772 +00:00 [DBG] >LOG:1709326776,D,MANAGEMENT: CMD 'status'
2024-03-01 20:59:37.285 +00:00 [DBG] >LOG:1709326777,D,MANAGEMENT: CMD 'status'
2024-03-01 20:59:37.797 +00:00 [DBG] >LOG:1709326777,D,MANAGEMENT: CMD 'status'
2024-03-01 20:59:38.306 +00:00 [DBG] >LOG:1709326778,D,MANAGEMENT: CMD 'status'
2024-03-01 20:59:38.828 +00:00 [DBG] >LOG:1709326778,D,MANAGEMENT: CMD 'status'
2024-03-01 20:59:39.337 +00:00 [DBG] >LOG:1709326779,D,MANAGEMENT: CMD 'status'
2024-03-01 20:59:39.851 +00:00 [DBG] >LOG:1709326779,D,MANAGEMENT: CMD 'status'
2024-03-01 20:59:40.389 +00:00 [DBG] >LOG:1709326780,D,MANAGEMENT: CMD 'status'
2024-03-01 20:59:40.898 +00:00 [DBG] >LOG:1709326780,D,MANAGEMENT: CMD 'status'
2024-03-01 20:59:41.407 +00:00 [DBG] >LOG:1709326781,D,MANAGEMENT: CMD 'status'
2024-03-01 20:59:41.913 +00:00 [DBG] >LOG:1709326781,D,MANAGEMENT: CMD 'status'
2024-03-01 20:59:42.438 +00:00 [DBG] >LOG:1709326782,D,MANAGEMENT: CMD 'status'
2024-03-01 20:59:42.953 +00:00 [DBG] >LOG:1709326782,D,MANAGEMENT: CMD 'status'
2024-03-01 20:59:43.463 +00:00 [DBG] >LOG:1709326783,D,MANAGEMENT: CMD 'status'
2024-03-01 20:59:43.972 +00:00 [DBG] >LOG:1709326783,D,MANAGEMENT: CMD 'status'
2024-03-01 20:59:44.481 +00:00 [DBG] >LOG:1709326784,D,MANAGEMENT: CMD 'status'
2024-03-01 20:59:44.993 +00:00 [DBG] >LOG:1709326784,D,MANAGEMENT: CMD 'status'
2024-03-01 20:59:45.502 +00:00 [DBG] >LOG:1709326785,D,MANAGEMENT: CMD 'status'
2024-03-01 20:59:46.017 +00:00 [DBG] >LOG:1709326786,D,MANAGEMENT: CMD 'status'
2024-03-01 20:59:46.523 +00:00 [DBG] >LOG:1709326786,D,MANAGEMENT: CMD 'status'
2024-03-01 20:59:47.046 +00:00 [DBG] >LOG:1709326787,D,MANAGEMENT: CMD 'status'
2024-03-01 20:59:47.558 +00:00 [DBG] >LOG:1709326787,D,MANAGEMENT: CMD 'status'
2024-03-01 20:59:48.070 +00:00 [DBG] >LOG:1709326788,D,MANAGEMENT: CMD 'status'
2024-03-01 20:59:48.579 +00:00 [DBG] >LOG:1709326788,D,MANAGEMENT: CMD 'status'
2024-03-01 20:59:49.095 +00:00 [DBG] >LOG:1709326789,D,MANAGEMENT: CMD 'status'
2024-03-01 20:59:49.608 +00:00 [DBG] >LOG:1709326789,D,MANAGEMENT: CMD 'status'
2024-03-01 20:59:50.114 +00:00 [DBG] >LOG:1709326790,D,MANAGEMENT: CMD 'status'
2024-03-01 20:59:50.623 +00:00 [DBG] >LOG:1709326790,D,MANAGEMENT: CMD 'status'
2024-03-01 20:59:51.130 +00:00 [DBG] >LOG:1709326791,D,MANAGEMENT: CMD 'status'
2024-03-01 20:59:51.637 +00:00 [DBG] >LOG:1709326791,D,MANAGEMENT: CMD 'status'
2024-03-01 20:59:52.145 +00:00 [DBG] >LOG:1709326792,D,MANAGEMENT: CMD 'status'
2024-03-01 20:59:52.655 +00:00 [DBG] >LOG:1709326792,D,MANAGEMENT: CMD 'status'
2024-03-01 20:59:53.171 +00:00 [DBG] >LOG:1709326793,D,MANAGEMENT: CMD 'status'
2024-03-01 20:59:53.680 +00:00 [DBG] >LOG:1709326793,D,MANAGEMENT: CMD 'status'
2024-03-01 20:59:54.190 +00:00 [DBG] >LOG:1709326794,D,MANAGEMENT: CMD 'status'
2024-03-01 20:59:54.714 +00:00 [DBG] >LOG:1709326794,D,MANAGEMENT: CMD 'status'
2024-03-01 20:59:55.237 +00:00 [DBG] >LOG:1709326795,D,MANAGEMENT: CMD 'status'
2024-03-01 20:59:55.748 +00:00 [DBG] >LOG:1709326795,D,MANAGEMENT: CMD 'status'
2024-03-01 20:59:56.262 +00:00 [DBG] >LOG:1709326796,D,MANAGEMENT: CMD 'status'
2024-03-01 20:59:56.772 +00:00 [DBG] >LOG:1709326796,D,MANAGEMENT: CMD 'status'
2024-03-01 20:59:57.284 +00:00 [DBG] >LOG:1709326797,D,MANAGEMENT: CMD 'status'
2024-03-01 20:59:57.795 +00:00 [DBG] >LOG:1709326797,D,MANAGEMENT: CMD 'status'
2024-03-01 20:59:58.313 +00:00 [DBG] >LOG:1709326798,D,MANAGEMENT: CMD 'status'
2024-03-01 20:59:58.828 +00:00 [DBG] >LOG:1709326798,D,MANAGEMENT: CMD 'status'
2024-03-01 20:59:59.338 +00:00 [DBG] >LOG:1709326799,D,MANAGEMENT: CMD 'status'
2024-03-01 20:59:59.849 +00:00 [DBG] >LOG:1709326799,D,MANAGEMENT: CMD 'status'
2024-03-01 21:00:00.368 +00:00 [DBG] >LOG:1709326800,D,MANAGEMENT: CMD 'status'
2024-03-01 21:00:00.874 +00:00 [DBG] >LOG:1709326800,D,MANAGEMENT: CMD 'status'
2024-03-01 21:00:01.380 +00:00 [DBG] >LOG:1709326801,D,MANAGEMENT: CMD 'status'
2024-03-01 21:00:01.893 +00:00 [DBG] >LOG:1709326801,D,MANAGEMENT: CMD 'status'
2024-03-01 21:00:02.402 +00:00 [DBG] >LOG:1709326802,D,MANAGEMENT: CMD 'status'
2024-03-01 21:00:02.921 +00:00 [DBG] >LOG:1709326802,D,MANAGEMENT: CMD 'status'
2024-03-01 21:00:03.431 +00:00 [DBG] >LOG:1709326803,D,MANAGEMENT: CMD 'status'
2024-03-01 21:00:03.947 +00:00 [DBG] >LOG:1709326803,D,MANAGEMENT: CMD 'status'
2024-03-01 21:00:04.455 +00:00 [DBG] >LOG:1709326804,D,MANAGEMENT: CMD 'status'
2024-03-01 21:00:04.963 +00:00 [DBG] >LOG:1709326804,D,MANAGEMENT: CMD 'status'
2024-03-01 21:00:05.478 +00:00 [DBG] >LOG:1709326805,D,MANAGEMENT: CMD 'status'
2024-03-01 21:00:05.987 +00:00 [DBG] >LOG:1709326805,D,MANAGEMENT: CMD 'status'
2024-03-01 21:00:06.500 +00:00 [DBG] >LOG:1709326806,D,MANAGEMENT: CMD 'status'
2024-03-01 21:00:07.026 +00:00 [DBG] >LOG:1709326807,D,MANAGEMENT: CMD 'status'
2024-03-01 21:00:07.537 +00:00 [DBG] >LOG:1709326807,D,MANAGEMENT: CMD 'status'
2024-03-01 21:00:08.048 +00:00 [DBG] >LOG:1709326808,D,MANAGEMENT: CMD 'status'
2024-03-01 21:00:08.558 +00:00 [DBG] >LOG:1709326808,D,MANAGEMENT: CMD 'status'
2024-03-01 21:00:09.069 +00:00 [DBG] >LOG:1709326809,D,MANAGEMENT: CMD 'status'
2024-03-01 21:00:09.579 +00:00 [DBG] >LOG:1709326809,D,MANAGEMENT: CMD 'status'
2024-03-01 21:00:10.094 +00:00 [DBG] >LOG:1709326810,D,MANAGEMENT: CMD 'status'
2024-03-01 21:00:10.604 +00:00 [DBG] >LOG:1709326810,D,MANAGEMENT: CMD 'status'
2024-03-01 21:00:11.121 +00:00 [DBG] >LOG:1709326811,D,MANAGEMENT: CMD 'status'
2024-03-01 21:00:11.633 +00:00 [DBG] >LOG:1709326811,D,MANAGEMENT: CMD 'status'
2024-03-01 21:00:12.161 +00:00 [DBG] >LOG:1709326812,D,MANAGEMENT: CMD 'status'
2024-03-01 21:00:12.667 +00:00 [DBG] >LOG:1709326812,D,MANAGEMENT: CMD 'status'
2024-03-01 21:00:13.180 +00:00 [DBG] >LOG:1709326813,D,MANAGEMENT: CMD 'status'
2024-03-01 21:00:13.694 +00:00 [DBG] >LOG:1709326813,D,MANAGEMENT: CMD 'status'
2024-03-01 21:00:14.212 +00:00 [DBG] >LOG:1709326814,D,MANAGEMENT: CMD 'status'
2024-03-01 21:00:14.722 +00:00 [DBG] >LOG:1709326814,D,MANAGEMENT: CMD 'status'
2024-03-01 21:00:15.249 +00:00 [DBG] >LOG:1709326815,D,MANAGEMENT: CMD 'status'
2024-03-01 21:00:15.756 +00:00 [DBG] >LOG:1709326815,D,MANAGEMENT: CMD 'status'
2024-03-01 21:00:16.271 +00:00 [DBG] >LOG:1709326816,D,MANAGEMENT: CMD 'status'
2024-03-01 21:00:16.785 +00:00 [DBG] >LOG:1709326816,D,MANAGEMENT: CMD 'status'
2024-03-01 21:00:17.301 +00:00 [DBG] >LOG:1709326817,D,MANAGEMENT: CMD 'status'
2024-03-01 21:00:17.810 +00:00 [DBG] >LOG:1709326817,D,MANAGEMENT: CMD 'status'
2024-03-01 21:00:18.321 +00:00 [DBG] >LOG:1709326818,D,MANAGEMENT: CMD 'status'
2024-03-01 21:00:18.927 +00:00 [DBG] >LOG:1709326818,D,MANAGEMENT: CMD 'status'
2024-03-01 21:00:19.437 +00:00 [DBG] >LOG:1709326819,D,MANAGEMENT: CMD 'status'
2024-03-01 21:00:19.950 +00:00 [DBG] >LOG:1709326819,D,MANAGEMENT: CMD 'status'
2024-03-01 21:00:20.458 +00:00 [DBG] >LOG:1709326820,D,MANAGEMENT: CMD 'status'
2024-03-01 21:00:20.969 +00:00 [DBG] >LOG:1709326820,D,MANAGEMENT: CMD 'status'
2024-03-01 21:00:21.480 +00:00 [DBG] >LOG:1709326821,D,MANAGEMENT: CMD 'status'
2024-03-01 21:00:22.062 +00:00 [DBG] >LOG:1709326822,D,MANAGEMENT: CMD 'status'
2024-03-01 21:00:22.602 +00:00 [DBG] >LOG:1709326822,D,MANAGEMENT: CMD 'status'
2024-03-01 21:00:23.131 +00:00 [DBG] >LOG:1709326823,D,MANAGEMENT: CMD 'status'
2024-03-01 21:00:23.672 +00:00 [DBG] >LOG:1709326823,D,MANAGEMENT: CMD 'status'
2024-03-01 21:00:24.188 +00:00 [DBG] >LOG:1709326824,D,MANAGEMENT: CMD 'status'
2024-03-01 21:00:24.694 +00:00 [DBG] >LOG:1709326824,D,MANAGEMENT: CMD 'status'
2024-03-01 21:00:25.209 +00:00 [DBG] >LOG:1709326825,D,MANAGEMENT: CMD 'status'
2024-03-01 21:00:25.718 +00:00 [DBG] >LOG:1709326825,D,MANAGEMENT: CMD 'status'
2024-03-01 21:00:26.228 +00:00 [DBG] >LOG:1709326826,D,MANAGEMENT: CMD 'status'
2024-03-01 21:00:26.733 +00:00 [DBG] >LOG:1709326826,D,MANAGEMENT: CMD 'status'
2024-03-01 21:00:27.241 +00:00 [DBG] >LOG:1709326827,D,MANAGEMENT: CMD 'status'
2024-03-01 21:00:27.752 +00:00 [DBG] >LOG:1709326827,D,MANAGEMENT: CMD 'status'
2024-03-01 21:00:28.261 +00:00 [DBG] >LOG:1709326828,D,MANAGEMENT: CMD 'status'
2024-03-01 21:00:28.767 +00:00 [DBG] >LOG:1709326828,D,MANAGEMENT: CMD 'status'
2024-03-01 21:09:07.478 +00:00 [DBG] >LOG:1709327347,D,MANAGEMENT: CMD 'status'
2024-03-01 21:09:07.480 +00:00 [DBG] >LOG:1709327347,I,[server] Inactivity timeout (--ping-restart), restarting
2024-03-01 21:09:07.634 +00:00 [DBG] >LOG:1709327347,,/sbin/route delete -net 172.31.0.0 10.0.0.33 255.255.0.0
2024-03-01 21:09:07.919 +00:00 [DBG] >LOG:1709327347,,Closing TUN/TAP interface
2024-03-01 21:09:07.922 +00:00 [DBG] >LOG:1709327347,I,/Applications/AWS VPN Client/AWS VPN Client.app/Contents/Resources/openvpn/client.down utun7 1500 1552 10.0.0.34 255.255.255.224 init
2024-03-01 21:09:09.352 +00:00 [DBG] >LOG:1709327349,I,SIGUSR1[soft,ping-restart] received, process restarting
2024-03-01 21:09:09.352 +00:00 [DBG] >LOG:1709327349,,MANAGEMENT: >STATE:1709327349,RECONNECTING,ping-restart,,,,,
2024-03-01 21:09:09.413 +00:00 [DBG] >LOG:1709327349,,Restart pause, 5 second(s)
2024-03-01 21:09:09.414 +00:00 [DBG] >LOG:1709327349,D,MANAGEMENT: CMD 'status'
2024-03-01 21:09:09.416 +00:00 [DBG] >LOG:1709327349,D,MANAGEMENT: CMD 'status'
2024-03-01 21:09:09.921 +00:00 [DBG] >LOG:1709327349,D,MANAGEMENT: CMD 'status'
2024-03-01 21:09:10.427 +00:00 [DBG] >LOG:1709327350,D,MANAGEMENT: CMD 'status'
2024-03-01 21:09:10.937 +00:00 [DBG] >LOG:1709327350,D,MANAGEMENT: CMD 'status'
2024-03-01 21:09:11.442 +00:00 [DBG] >LOG:1709327351,D,MANAGEMENT: CMD 'status'
2024-03-01 21:09:11.950 +00:00 [DBG] >LOG:1709327351,D,MANAGEMENT: CMD 'status'
2024-03-01 21:09:12.462 +00:00 [DBG] >LOG:1709327352,D,MANAGEMENT: CMD 'status'
2024-03-01 21:09:12.972 +00:00 [DBG] >LOG:1709327352,D,MANAGEMENT: CMD 'status'
2024-03-01 21:09:13.477 +00:00 [DBG] >LOG:1709327353,D,MANAGEMENT: CMD 'status'
2024-03-01 21:09:13.982 +00:00 [DBG] >LOG:1709327353,D,MANAGEMENT: CMD 'status'
2024-03-01 21:09:14.486 +00:00 [DBG] >LOG:1709327354,D,MANAGEMENT: CMD 'status'
2024-03-01 21:09:14.493 +00:00 [DBG] >LOG:1709327354,W,NOTE: the current --script-security setting may allow this configuration to call user-defined scripts
2024-03-01 21:09:14.493 +00:00 [DBG] >LOG:1709327354,I,TCP/UDP: Preserving recently used remote address: [AF_INET]3.74.138.27:443
2024-03-01 21:09:14.493 +00:00 [DBG] >LOG:1709327354,,Socket Buffers: R=[786896->786896] S=[9216->9216]
2024-03-01 21:09:14.493 +00:00 [DBG] >LOG:1709327354,I,UDP link local: (not bound)
2024-03-01 21:09:14.493 +00:00 [DBG] >LOG:1709327354,I,UDP link remote: [AF_INET]3.74.138.27:443
2024-03-01 21:09:14.493 +00:00 [DBG] >LOG:1709327354,,MANAGEMENT: >STATE:1709327354,WAIT,,,,,,
2024-03-01 21:09:14.547 +00:00 [DBG] >LOG:1709327354,,MANAGEMENT: >STATE:1709327354,AUTH,,,,,,
2024-03-01 21:09:14.548 +00:00 [DBG] >LOG:1709327354,,TLS: Initial packet from [AF_INET]3.74.138.27:443, sid=293c681a 80af74bf
2024-03-01 21:09:14.605 +00:00 [DBG] >LOG:1709327354,,VERIFY OK: depth=1, CN=ishchenkogv
2024-03-01 21:09:14.605 +00:00 [DBG] >LOG:1709327354,,VERIFY KU OK
2024-03-01 21:09:14.606 +00:00 [DBG] >LOG:1709327354,,Validating certificate extended key usage
2024-03-01 21:09:14.606 +00:00 [DBG] >LOG:1709327354,,++ Certificate has EKU (str) TLS Web Server Authentication, expects TLS Web Server Authentication
2024-03-01 21:09:14.606 +00:00 [DBG] >LOG:1709327354,,VERIFY EKU OK
2024-03-01 21:09:14.606 +00:00 [DBG] >LOG:1709327354,,VERIFY X509NAME OK: CN=server
2024-03-01 21:09:14.606 +00:00 [DBG] >LOG:1709327354,,VERIFY OK: depth=0, CN=server
2024-03-01 21:09:14.705 +00:00 [DBG] >LOG:1709327354,,Control Channel: TLSv1.2, cipher TLSv1/SSLv3 ECDHE-RSA-AES256-GCM-SHA384, 2048 bit RSA
2024-03-01 21:09:14.706 +00:00 [DBG] >LOG:1709327354,I,[server] Peer Connection Initiated with [AF_INET]3.74.138.27:443
2024-03-01 21:09:14.994 +00:00 [DBG] >LOG:1709327354,D,MANAGEMENT: CMD 'status'
2024-03-01 21:09:15.498 +00:00 [DBG] >LOG:1709327355,D,MANAGEMENT: CMD 'status'
2024-03-01 21:09:15.500 +00:00 [DBG] >LOG:1709327355,,MANAGEMENT: >STATE:1709327355,GET_CONFIG,,,,,,
2024-03-01 21:09:15.500 +00:00 [DBG] >LOG:1709327355,,SENT CONTROL [server]: 'PUSH_REQUEST' (status=1)
2024-03-01 21:09:22.125 +00:00 [DBG] >LOG:1709327355,,PUSH: Received control message: 'PUSH_REPLY,route 172.31.0.0 255.255.0.0,route-gateway 10.0.0.1,topology subnet,ping 1,ping-restart 20,echo,ifconfig 10.0.0.2 255.255.255.224,peer-id 0,cipher AES-256-GCM'
2024-03-01 21:09:22.130 +00:00 [DBG] >LOG:1709327355,,OPTIONS IMPORT: timers and/or timeouts modified
2024-03-01 21:09:22.130 +00:00 [DBG] >LOG:1709327355,,OPTIONS IMPORT: --ifconfig/up options modified
2024-03-01 21:09:22.130 +00:00 [DBG] >LOG:1709327355,,OPTIONS IMPORT: route options modified
2024-03-01 21:09:22.130 +00:00 [DBG] >LOG:1709327355,,OPTIONS IMPORT: route-related options modified
2024-03-01 21:09:22.130 +00:00 [DBG] >LOG:1709327355,,OPTIONS IMPORT: peer-id set
2024-03-01 21:09:22.130 +00:00 [DBG] >LOG:1709327355,,OPTIONS IMPORT: adjusting link_mtu to 1624
2024-03-01 21:09:22.131 +00:00 [DBG] >LOG:1709327355,,OPTIONS IMPORT: data channel crypto options modified
2024-03-01 21:09:22.131 +00:00 [DBG] >LOG:1709327355,,Outgoing Data Channel: Cipher 'AES-256-GCM' initialized with 256 bit key
2024-03-01 21:09:22.131 +00:00 [DBG] >LOG:1709327355,,Incoming Data Channel: Cipher 'AES-256-GCM' initialized with 256 bit key
2024-03-01 21:09:22.131 +00:00 [DBG] >LOG:1709327355,,ROUTE_GATEWAY 192.168.1.1/255.255.255.0 IFACE=en0 HWADDR=bc:d0:74:79:6b:44
2024-03-01 21:09:22.131 +00:00 [DBG] >LOG:1709327355,,Opening utun (connect(AF_SYS_CONTROL)): Resource busy (errno=16)
2024-03-01 21:09:22.131 +00:00 [DBG] >LOG:1709327355,,Opening utun (connect(AF_SYS_CONTROL)): Resource busy (errno=16)
2024-03-01 21:09:22.131 +00:00 [DBG] >LOG:1709327355,,Opening utun (connect(AF_SYS_CONTROL)): Resource busy (errno=16)
2024-03-01 21:09:22.131 +00:00 [DBG] >LOG:1709327355,,Opening utun (connect(AF_SYS_CONTROL)): Resource busy (errno=16)
2024-03-01 21:09:22.131 +00:00 [DBG] >LOG:1709327355,,Opening utun (connect(AF_SYS_CONTROL)): Resource busy (errno=16)
2024-03-01 21:09:22.131 +00:00 [DBG] >LOG:1709327355,,Opening utun (connect(AF_SYS_CONTROL)): Resource busy (errno=16)
2024-03-01 21:09:22.131 +00:00 [DBG] >LOG:1709327355,,Opening utun (connect(AF_SYS_CONTROL)): Resource busy (errno=16)
2024-03-01 21:09:22.131 +00:00 [DBG] >LOG:1709327355,I,Opened utun device utun7
2024-03-01 21:09:22.131 +00:00 [DBG] >LOG:1709327355,D,do_ifconfig, tt->did_ifconfig_ipv6_setup=0
2024-03-01 21:09:22.132 +00:00 [DBG] >LOG:1709327355,,MANAGEMENT: >STATE:1709327355,ASSIGN_IP,,10.0.0.2,,,,
2024-03-01 21:09:22.132 +00:00 [DBG] >LOG:1709327355,I,/sbin/ifconfig utun7 delete
2024-03-01 21:09:22.132 +00:00 [DBG] >LOG:1709327355,I,NOTE: Tried to delete pre-existing tun/tap instance -- No Problem if failure
2024-03-01 21:09:22.132 +00:00 [DBG] >LOG:1709327355,I,/sbin/ifconfig utun7 10.0.0.2 10.0.0.2 netmask 255.255.255.224 mtu 1500 up
2024-03-01 21:09:22.132 +00:00 [DBG] >LOG:1709327355,,/sbin/route add -net 10.0.0.0 10.0.0.2 255.255.255.224
2024-03-01 21:09:22.132 +00:00 [DBG] >LOG:1709327355,I,/Applications/AWS VPN Client/AWS VPN Client.app/Contents/Resources/openvpn/client.up utun7 1500 1552 10.0.0.2 255.255.255.224 init
2024-03-01 21:09:22.132 +00:00 [DBG] >LOG:1709327361,,MANAGEMENT: >STATE:1709327361,ADD_ROUTES,,,,,,
2024-03-01 21:09:22.132 +00:00 [DBG] >LOG:1709327361,,/sbin/route add -net 172.31.0.0 10.0.0.1 255.255.0.0
2024-03-01 21:09:22.132 +00:00 [DBG] >LOG:1709327362,I,Initialization Sequence Completed
2024-03-01 21:09:22.132 +00:00 [DBG] >LOG:1709327362,,MANAGEMENT: >STATE:1709327362,CONNECTED,SUCCESS,10.0.0.2,3.74.138.27,443,,
2024-03-01 21:09:24.262 +00:00 [DBG] >LOG:1709327362,D,MANAGEMENT: CMD 'status'
2024-03-01 21:09:24.263 +00:00 [DBG] >LOG:1709327362,D,MANAGEMENT: CMD 'status'
2024-03-01 21:09:24.264 +00:00 [DBG] >LOG:1709327362,D,MANAGEMENT: CMD 'status'
2024-03-01 21:09:24.266 +00:00 [DBG] >LOG:1709327362,D,MANAGEMENT: CMD 'status'
2024-03-01 21:09:24.266 +00:00 [DBG] >LOG:1709327362,D,MANAGEMENT: CMD 'status'
2024-03-01 21:09:24.266 +00:00 [DBG] >LOG:1709327362,D,MANAGEMENT: CMD 'status'
2024-03-01 21:09:24.266 +00:00 [DBG] >LOG:1709327362,D,MANAGEMENT: CMD 'status'
2024-03-01 21:09:24.267 +00:00 [DBG] >LOG:1709327363,D,MANAGEMENT: CMD 'status'
2024-03-01 21:09:24.302 +00:00 [DBG] >LOG:1709327364,D,MANAGEMENT: CMD 'status'
2024-03-01 21:09:24.796 +00:00 [DBG] >LOG:1709327364,D,MANAGEMENT: CMD 'status'
2024-03-01 21:09:25.429 +00:00 [DBG] >LOG:1709327365,D,MANAGEMENT: CMD 'status'
2024-03-01 21:09:25.961 +00:00 [DBG] >LOG:1709327365,D,MANAGEMENT: CMD 'status'
2024-03-01 21:09:26.516 +00:00 [DBG] >LOG:1709327366,D,MANAGEMENT: CMD 'status'
2024-03-01 21:09:27.091 +00:00 [DBG] >LOG:1709327367,D,MANAGEMENT: CMD 'status'
2024-03-01 21:09:27.607 +00:00 [DBG] >LOG:1709327367,D,MANAGEMENT: CMD 'status'
2024-03-01 21:09:28.152 +00:00 [DBG] >LOG:1709327368,D,MANAGEMENT: CMD 'status'
2024-03-01 21:09:28.687 +00:00 [DBG] >LOG:1709327368,D,MANAGEMENT: CMD 'status'
2024-03-01 21:09:29.193 +00:00 [DBG] >LOG:1709327369,D,MANAGEMENT: CMD 'status'
2024-03-01 21:09:29.701 +00:00 [DBG] >LOG:1709327369,D,MANAGEMENT: CMD 'status'
2024-03-01 21:09:30.245 +00:00 [DBG] >LOG:1709327370,D,MANAGEMENT: CMD 'status'
2024-03-01 21:09:30.757 +00:00 [DBG] >LOG:1709327370,D,MANAGEMENT: CMD 'status'
2024-03-01 21:09:31.273 +00:00 [DBG] >LOG:1709327371,D,MANAGEMENT: CMD 'status'
2024-03-01 21:09:31.797 +00:00 [DBG] >LOG:1709327371,D,MANAGEMENT: CMD 'status'
2024-03-01 21:09:32.350 +00:00 [DBG] >LOG:1709327372,D,MANAGEMENT: CMD 'status'
2024-03-01 21:09:32.911 +00:00 [DBG] >LOG:1709327372,D,MANAGEMENT: CMD 'status'
2024-03-01 21:09:33.592 +00:00 [DBG] >LOG:1709327373,D,MANAGEMENT: CMD 'status'
2024-03-01 21:09:34.105 +00:00 [DBG] >LOG:1709327374,D,MANAGEMENT: CMD 'status'
2024-03-01 21:09:34.661 +00:00 [DBG] >LOG:1709327374,D,MANAGEMENT: CMD 'status'
2024-03-01 21:09:35.244 +00:00 [DBG] >LOG:1709327375,D,MANAGEMENT: CMD 'status'
2024-03-01 21:09:35.766 +00:00 [DBG] >LOG:1709327375,D,MANAGEMENT: CMD 'status'
2024-03-01 21:09:36.322 +00:00 [DBG] >LOG:1709327376,D,MANAGEMENT: CMD 'status'
2024-03-01 21:09:36.834 +00:00 [DBG] >LOG:1709327376,D,MANAGEMENT: CMD 'status'
2024-03-01 21:09:37.361 +00:00 [DBG] >LOG:1709327377,D,MANAGEMENT: CMD 'status'
2024-03-01 21:09:37.874 +00:00 [DBG] >LOG:1709327377,D,MANAGEMENT: CMD 'status'
2024-03-01 21:09:38.404 +00:00 [DBG] >LOG:1709327378,D,MANAGEMENT: CMD 'status'
2024-03-01 21:09:38.921 +00:00 [DBG] >LOG:1709327378,D,MANAGEMENT: CMD 'status'
2024-03-01 21:09:39.441 +00:00 [DBG] >LOG:1709327379,D,MANAGEMENT: CMD 'status'
2024-03-01 21:09:40.093 +00:00 [DBG] >LOG:1709327380,D,MANAGEMENT: CMD 'status'
2024-03-01 21:09:40.608 +00:00 [DBG] >LOG:1709327380,D,MANAGEMENT: CMD 'status'
2024-03-01 21:09:41.134 +00:00 [DBG] >LOG:1709327381,D,MANAGEMENT: CMD 'status'
2024-03-01 21:09:41.667 +00:00 [DBG] >LOG:1709327381,D,MANAGEMENT: CMD 'status'
2024-03-01 21:09:42.216 +00:00 [DBG] >LOG:1709327382,D,MANAGEMENT: CMD 'status'
2024-03-01 21:09:42.727 +00:00 [DBG] >LOG:1709327382,D,MANAGEMENT: CMD 'status'
2024-03-01 21:09:43.310 +00:00 [DBG] >LOG:1709327383,D,MANAGEMENT: CMD 'status'
2024-03-01 21:09:43.829 +00:00 [DBG] >LOG:1709327383,D,MANAGEMENT: CMD 'status'
2024-03-01 21:09:44.346 +00:00 [DBG] >LOG:1709327384,D,MANAGEMENT: CMD 'status'
2024-03-01 21:09:45.007 +00:00 [DBG] >LOG:1709327385,D,MANAGEMENT: CMD 'status'
2024-03-01 21:09:45.514 +00:00 [DBG] >LOG:1709327385,D,MANAGEMENT: CMD 'status'
2024-03-01 21:09:46.156 +00:00 [DBG] >LOG:1709327386,D,MANAGEMENT: CMD 'status'
2024-03-01 21:09:46.681 +00:00 [DBG] >LOG:1709327386,D,MANAGEMENT: CMD 'status'
2024-03-01 21:09:47.292 +00:00 [DBG] >LOG:1709327387,D,MANAGEMENT: CMD 'status'
2024-03-01 21:09:47.825 +00:00 [DBG] >LOG:1709327387,D,MANAGEMENT: CMD 'status'
2024-03-01 21:09:48.405 +00:00 [DBG] >LOG:1709327388,D,MANAGEMENT: CMD 'status'
2024-03-01 21:09:48.966 +00:00 [DBG] >LOG:1709327388,D,MANAGEMENT: CMD 'status'
2024-03-01 21:09:49.494 +00:00 [DBG] >LOG:1709327389,D,MANAGEMENT: CMD 'status'
2024-03-01 21:09:50.171 +00:00 [DBG] >LOG:1709327390,D,MANAGEMENT: CMD 'status'
2024-03-01 21:09:50.720 +00:00 [DBG] >LOG:1709327390,D,MANAGEMENT: CMD 'status'
2024-03-01 21:09:51.248 +00:00 [DBG] >LOG:1709327391,D,MANAGEMENT: CMD 'status'
2024-03-01 21:09:51.857 +00:00 [DBG] >LOG:1709327391,D,MANAGEMENT: CMD 'status'
2024-03-01 21:09:52.370 +00:00 [DBG] >LOG:1709327392,D,MANAGEMENT: CMD 'status'
2024-03-01 21:09:52.919 +00:00 [DBG] >LOG:1709327392,D,MANAGEMENT: CMD 'status'
2024-03-01 21:09:53.518 +00:00 [DBG] >LOG:1709327393,D,MANAGEMENT: CMD 'status'
2024-03-01 21:09:54.083 +00:00 [DBG] >LOG:1709327394,D,MANAGEMENT: CMD 'status'
2024-03-01 21:09:54.613 +00:00 [DBG] >LOG:1709327394,D,MANAGEMENT: CMD 'status'
2024-03-01 21:09:55.138 +00:00 [DBG] >LOG:1709327395,D,MANAGEMENT: CMD 'status'
2024-03-01 21:09:55.651 +00:00 [DBG] >LOG:1709327395,D,MANAGEMENT: CMD 'status'
2024-03-01 21:09:56.231 +00:00 [DBG] >LOG:1709327396,D,MANAGEMENT: CMD 'status'
2024-03-01 21:09:56.748 +00:00 [DBG] >LOG:1709327396,D,MANAGEMENT: CMD 'status'
2024-03-01 21:09:57.339 +00:00 [DBG] >LOG:1709327397,D,MANAGEMENT: CMD 'status'
2024-03-01 21:09:58.009 +00:00 [DBG] >LOG:1709327398,D,MANAGEMENT: CMD 'status'
2024-03-01 21:09:58.555 +00:00 [DBG] >LOG:1709327398,D,MANAGEMENT: CMD 'status'
2024-03-01 21:09:59.120 +00:00 [DBG] >LOG:1709327399,D,MANAGEMENT: CMD 'status'
2024-03-01 21:09:59.697 +00:00 [DBG] >LOG:1709327399,D,MANAGEMENT: CMD 'status'
2024-03-01 21:10:00.232 +00:00 [DBG] >LOG:1709327400,D,MANAGEMENT: CMD 'status'
2024-03-01 21:10:00.791 +00:00 [DBG] >LOG:1709327400,D,MANAGEMENT: CMD 'status'
2024-03-01 21:10:01.330 +00:00 [DBG] >LOG:1709327401,D,MANAGEMENT: CMD 'status'
2024-03-01 21:10:01.842 +00:00 [DBG] >LOG:1709327401,D,MANAGEMENT: CMD 'status'
2024-03-01 21:10:02.377 +00:00 [DBG] >LOG:1709327402,D,MANAGEMENT: CMD 'status'
2024-03-01 21:10:03.156 +00:00 [DBG] >LOG:1709327403,D,MANAGEMENT: CMD 'status'
2024-03-01 21:10:04.295 +00:00 [DBG] >LOG:1709327403,D,MANAGEMENT: CMD 'status'
2024-03-01 21:10:04.854 +00:00 [DBG] >LOG:1709327404,D,MANAGEMENT: CMD 'status'
2024-03-01 21:10:05.460 +00:00 [DBG] >LOG:1709327405,D,MANAGEMENT: CMD 'status'
2024-03-01 21:10:13.219 +00:00 [DBG] >LOG:1709327406,D,MANAGEMENT: CMD 'status'
2024-03-01 21:10:16.571 +00:00 [DBG] >LOG:1709327412,D,MANAGEMENT: CMD 'status'
2024-03-01 21:10:16.705 +00:00 [DBG] >LOG:1709327414,D,MANAGEMENT: CMD 'status'
2024-03-01 21:10:16.805 +00:00 [DBG] >LOG:1709327416,D,MANAGEMENT: CMD 'status'
2024-03-01 21:10:17.366 +00:00 [DBG] >LOG:1709327417,D,MANAGEMENT: CMD 'status'
2024-03-01 21:10:17.897 +00:00 [DBG] >LOG:1709327417,D,MANAGEMENT: CMD 'status'
2024-03-01 21:10:18.609 +00:00 [DBG] >LOG:1709327418,D,MANAGEMENT: CMD 'status'
2024-03-01 21:10:20.042 +00:00 [DBG] >LOG:1709327419,D,MANAGEMENT: CMD 'status'
2024-03-01 21:10:28.962 +00:00 [DBG] >LOG:1709327421,D,MANAGEMENT: CMD 'status'
2024-03-01 21:10:28.984 +00:00 [DBG] >LOG:1709327426,D,MANAGEMENT: CMD 'status'
2024-03-01 21:10:28.986 +00:00 [DBG] >LOG:1709327428,D,MANAGEMENT: CMD 'status'
2024-03-01 21:10:29.708 +00:00 [DBG] >LOG:1709327429,D,MANAGEMENT: CMD 'status'
2024-03-01 21:10:32.326 +00:00 [DBG] >LOG:1709327430,D,MANAGEMENT: CMD 'status'
2024-03-01 21:10:33.154 +00:00 [DBG] >LOG:1709327432,D,MANAGEMENT: CMD 'status'
2024-03-01 21:10:34.345 +00:00 [DBG] >LOG:1709327434,D,MANAGEMENT: CMD 'status'
2024-03-01 21:10:35.271 +00:00 [DBG] >LOG:1709327435,D,MANAGEMENT: CMD 'status'
2024-03-01 21:10:43.489 +00:00 [DBG] >LOG:1709327438,D,MANAGEMENT: CMD 'status'
2024-03-01 21:10:43.669 +00:00 [DBG] >LOG:1709327442,D,MANAGEMENT: CMD 'status'
2024-03-01 21:10:44.807 +00:00 [DBG] >LOG:1709327444,D,MANAGEMENT: CMD 'status'
2024-03-01 21:10:45.785 +00:00 [DBG] >LOG:1709327445,D,MANAGEMENT: CMD 'status'
2024-03-01 21:10:46.472 +00:00 [DBG] >LOG:1709327446,D,MANAGEMENT: CMD 'status'
2024-03-01 21:10:47.459 +00:00 [DBG] >LOG:1709327447,D,MANAGEMENT: CMD 'status'
2024-03-01 21:10:48.547 +00:00 [DBG] >LOG:1709327448,D,MANAGEMENT: CMD 'status'
2024-03-01 21:10:49.150 +00:00 [DBG] >LOG:1709327449,D,MANAGEMENT: CMD 'status'
2024-03-01 21:10:49.811 +00:00 [DBG] >LOG:1709327449,D,MANAGEMENT: CMD 'status'
2024-03-01 21:10:57.396 +00:00 [DBG] >LOG:1709327451,D,MANAGEMENT: CMD 'status'
2024-03-01 21:10:58.581 +00:00 [DBG] >LOG:1709327456,D,MANAGEMENT: CMD 'status'
2024-03-01 21:10:59.233 +00:00 [DBG] >LOG:1709327458,D,MANAGEMENT: CMD 'status'
2024-03-01 21:10:59.544 +00:00 [DBG] >LOG:1709327459,D,MANAGEMENT: CMD 'status'
2024-03-01 21:11:05.200 +00:00 [DBG] >LOG:1709327465,D,MANAGEMENT: CMD 'status'
2024-03-01 21:11:05.996 +00:00 [DBG] >LOG:1709327465,D,MANAGEMENT: CMD 'status'
2024-03-01 21:11:06.527 +00:00 [DBG] >LOG:1709327466,D,MANAGEMENT: CMD 'status'
2024-03-01 21:11:07.403 +00:00 [DBG] >LOG:1709327467,D,MANAGEMENT: CMD 'status'
2024-03-01 21:11:08.015 +00:00 [DBG] >LOG:1709327468,D,MANAGEMENT: CMD 'status'
2024-03-01 21:11:08.578 +00:00 [DBG] >LOG:1709327468,D,MANAGEMENT: CMD 'status'
2024-03-01 21:11:09.680 +00:00 [DBG] >LOG:1709327469,D,MANAGEMENT: CMD 'status'
2024-03-01 21:11:11.426 +00:00 [DBG] >LOG:1709327470,D,MANAGEMENT: CMD 'status'
2024-03-01 21:11:18.348 +00:00 [DBG] >LOG:1709327472,D,MANAGEMENT: CMD 'status'
2024-03-01 21:11:18.386 +00:00 [DBG] >LOG:1709327478,D,MANAGEMENT: CMD 'status'
2024-03-01 21:11:18.993 +00:00 [DBG] >LOG:1709327478,D,MANAGEMENT: CMD 'status'
2024-03-01 21:11:19.635 +00:00 [DBG] >LOG:1709327479,D,MANAGEMENT: CMD 'status'
2024-03-01 21:11:20.194 +00:00 [DBG] >LOG:1709327480,D,MANAGEMENT: CMD 'status'
2024-03-01 21:11:21.737 +00:00 [DBG] >LOG:1709327480,D,MANAGEMENT: CMD 'status'
2024-03-01 21:11:22.893 +00:00 [DBG] >LOG:1709327482,D,MANAGEMENT: CMD 'status'
2024-03-01 21:11:23.422 +00:00 [DBG] >LOG:1709327483,D,MANAGEMENT: CMD 'status'
2024-03-01 21:11:23.932 +00:00 [DBG] >LOG:1709327483,D,MANAGEMENT: CMD 'status'
2024-03-01 21:11:24.439 +00:00 [DBG] >LOG:1709327484,D,MANAGEMENT: CMD 'status'
2024-03-01 21:11:24.961 +00:00 [DBG] >LOG:1709327484,D,MANAGEMENT: CMD 'status'
2024-03-01 21:11:25.487 +00:00 [DBG] >LOG:1709327485,D,MANAGEMENT: CMD 'status'
2024-03-01 21:11:25.998 +00:00 [DBG] >LOG:1709327485,D,MANAGEMENT: CMD 'status'
2024-03-01 21:11:26.509 +00:00 [DBG] >LOG:1709327486,D,MANAGEMENT: CMD 'status'
2024-03-01 21:11:27.020 +00:00 [DBG] >LOG:1709327487,D,MANAGEMENT: CMD 'status'
2024-03-01 21:11:27.530 +00:00 [DBG] >LOG:1709327487,D,MANAGEMENT: CMD 'status'
2024-03-01 21:11:28.034 +00:00 [DBG] >LOG:1709327488,D,MANAGEMENT: CMD 'status'
2024-03-01 21:11:28.543 +00:00 [DBG] >LOG:1709327488,D,MANAGEMENT: CMD 'status'
2024-03-01 21:11:29.052 +00:00 [DBG] >LOG:1709327489,D,MANAGEMENT: CMD 'status'
2024-03-01 21:11:29.563 +00:00 [DBG] >LOG:1709327489,D,MANAGEMENT: CMD 'status'
2024-03-01 21:11:30.077 +00:00 [DBG] >LOG:1709327490,D,MANAGEMENT: CMD 'status'
2024-03-01 21:11:30.584 +00:00 [DBG] >LOG:1709327490,D,MANAGEMENT: CMD 'status'
2024-03-01 21:11:31.091 +00:00 [DBG] >LOG:1709327491,D,MANAGEMENT: CMD 'status'
2024-03-01 21:11:31.595 +00:00 [DBG] >LOG:1709327491,D,MANAGEMENT: CMD 'status'
2024-03-01 21:11:32.100 +00:00 [DBG] >LOG:1709327492,D,MANAGEMENT: CMD 'status'
2024-03-01 21:11:32.610 +00:00 [DBG] >LOG:1709327492,D,MANAGEMENT: CMD 'status'
2024-03-01 21:11:33.119 +00:00 [DBG] >LOG:1709327493,D,MANAGEMENT: CMD 'status'
2024-03-01 21:11:33.631 +00:00 [DBG] >LOG:1709327493,D,MANAGEMENT: CMD 'status'
2024-03-01 21:11:34.145 +00:00 [DBG] >LOG:1709327494,D,MANAGEMENT: CMD 'status'
2024-03-01 21:11:34.652 +00:00 [DBG] >LOG:1709327494,D,MANAGEMENT: CMD 'status'
2024-03-01 21:11:35.163 +00:00 [DBG] >LOG:1709327495,D,MANAGEMENT: CMD 'status'
2024-03-01 21:11:35.671 +00:00 [DBG] >LOG:1709327495,D,MANAGEMENT: CMD 'status'
2024-03-01 21:11:36.221 +00:00 [DBG] >LOG:1709327496,D,MANAGEMENT: CMD 'status'
2024-03-01 21:11:36.726 +00:00 [DBG] >LOG:1709327496,D,MANAGEMENT: CMD 'status'
2024-03-01 21:11:37.233 +00:00 [DBG] >LOG:1709327497,D,MANAGEMENT: CMD 'status'
2024-03-01 21:11:37.740 +00:00 [DBG] >LOG:1709327497,D,MANAGEMENT: CMD 'status'
2024-03-01 21:11:38.248 +00:00 [DBG] >LOG:1709327498,D,MANAGEMENT: CMD 'status'
2024-03-01 21:11:38.754 +00:00 [DBG] >LOG:1709327498,D,MANAGEMENT: CMD 'status'
2024-03-01 21:11:39.262 +00:00 [DBG] >LOG:1709327499,D,MANAGEMENT: CMD 'status'
2024-03-01 21:11:39.769 +00:00 [DBG] >LOG:1709327499,D,MANAGEMENT: CMD 'status'
2024-03-01 21:11:40.284 +00:00 [DBG] >LOG:1709327500,D,MANAGEMENT: CMD 'status'
2024-03-01 21:11:40.796 +00:00 [DBG] >LOG:1709327500,D,MANAGEMENT: CMD 'status'
2024-03-01 21:11:41.302 +00:00 [DBG] >LOG:1709327501,D,MANAGEMENT: CMD 'status'
2024-03-01 21:11:41.808 +00:00 [DBG] >LOG:1709327501,D,MANAGEMENT: CMD 'status'
2024-03-01 21:11:42.312 +00:00 [DBG] >LOG:1709327502,D,MANAGEMENT: CMD 'status'
2024-03-01 21:11:42.822 +00:00 [DBG] >LOG:1709327502,D,MANAGEMENT: CMD 'status'
2024-03-01 21:11:43.329 +00:00 [DBG] >LOG:1709327503,D,MANAGEMENT: CMD 'status'
2024-03-01 21:11:43.835 +00:00 [DBG] >LOG:1709327503,D,MANAGEMENT: CMD 'status'
2024-03-01 21:11:44.341 +00:00 [DBG] >LOG:1709327504,D,MANAGEMENT: CMD 'status'
2024-03-01 21:11:44.849 +00:00 [DBG] >LOG:1709327504,D,MANAGEMENT: CMD 'status'
2024-03-01 21:11:45.355 +00:00 [DBG] >LOG:1709327505,D,MANAGEMENT: CMD 'status'
2024-03-01 21:11:45.872 +00:00 [DBG] >LOG:1709327505,D,MANAGEMENT: CMD 'status'
2024-03-01 21:11:46.385 +00:00 [DBG] >LOG:1709327506,D,MANAGEMENT: CMD 'status'
2024-03-01 21:11:46.892 +00:00 [DBG] >LOG:1709327506,D,MANAGEMENT: CMD 'status'
2024-03-01 21:11:47.399 +00:00 [DBG] >LOG:1709327507,D,MANAGEMENT: CMD 'status'
2024-03-01 21:11:47.909 +00:00 [DBG] >LOG:1709327507,D,MANAGEMENT: CMD 'status'
2024-03-01 21:11:48.415 +00:00 [DBG] >LOG:1709327508,D,MANAGEMENT: CMD 'status'
2024-03-01 21:11:48.930 +00:00 [DBG] >LOG:1709327508,D,MANAGEMENT: CMD 'status'
2024-03-01 21:11:49.439 +00:00 [DBG] >LOG:1709327509,D,MANAGEMENT: CMD 'status'
2024-03-01 21:11:49.947 +00:00 [DBG] >LOG:1709327509,D,MANAGEMENT: CMD 'status'
2024-03-01 21:11:50.464 +00:00 [DBG] >LOG:1709327510,D,MANAGEMENT: CMD 'status'
2024-03-01 21:11:50.970 +00:00 [DBG] >LOG:1709327510,D,MANAGEMENT: CMD 'status'
2024-03-01 21:11:51.480 +00:00 [DBG] >LOG:1709327511,D,MANAGEMENT: CMD 'status'
2024-03-01 21:11:51.986 +00:00 [DBG] >LOG:1709327511,D,MANAGEMENT: CMD 'status'
2024-03-01 21:11:52.503 +00:00 [DBG] >LOG:1709327512,D,MANAGEMENT: CMD 'status'
2024-03-01 21:11:53.016 +00:00 [DBG] >LOG:1709327513,D,MANAGEMENT: CMD 'status'
2024-03-01 21:11:53.533 +00:00 [DBG] >LOG:1709327513,D,MANAGEMENT: CMD 'status'
2024-03-01 21:11:54.044 +00:00 [DBG] >LOG:1709327514,D,MANAGEMENT: CMD 'status'
2024-03-01 21:11:54.548 +00:00 [DBG] >LOG:1709327514,D,MANAGEMENT: CMD 'status'
2024-03-01 21:11:55.056 +00:00 [DBG] >LOG:1709327515,D,MANAGEMENT: CMD 'status'
2024-03-01 21:11:55.565 +00:00 [DBG] >LOG:1709327515,D,MANAGEMENT: CMD 'status'
2024-03-01 21:11:56.082 +00:00 [DBG] >LOG:1709327516,D,MANAGEMENT: CMD 'status'
2024-03-01 21:11:56.599 +00:00 [DBG] >LOG:1709327516,D,MANAGEMENT: CMD 'status'
2024-03-01 21:11:57.108 +00:00 [DBG] >LOG:1709327517,D,MANAGEMENT: CMD 'status'
2024-03-01 21:11:57.616 +00:00 [DBG] >LOG:1709327517,D,MANAGEMENT: CMD 'status'
2024-03-01 21:11:58.124 +00:00 [DBG] >LOG:1709327518,D,MANAGEMENT: CMD 'status'
2024-03-01 21:11:58.634 +00:00 [DBG] >LOG:1709327518,D,MANAGEMENT: CMD 'status'
2024-03-01 21:11:59.146 +00:00 [DBG] >LOG:1709327519,D,MANAGEMENT: CMD 'status'
2024-03-01 21:11:59.654 +00:00 [DBG] >LOG:1709327519,D,MANAGEMENT: CMD 'status'
2024-03-01 21:12:00.164 +00:00 [DBG] >LOG:1709327520,D,MANAGEMENT: CMD 'status'
2024-03-01 21:12:00.674 +00:00 [DBG] >LOG:1709327520,D,MANAGEMENT: CMD 'status'
2024-03-01 21:12:01.183 +00:00 [DBG] >LOG:1709327521,D,MANAGEMENT: CMD 'status'
2024-03-01 21:12:01.686 +00:00 [DBG] >LOG:1709327521,D,MANAGEMENT: CMD 'status'
2024-03-01 21:12:02.194 +00:00 [DBG] >LOG:1709327522,D,MANAGEMENT: CMD 'status'
2024-03-01 21:12:02.700 +00:00 [DBG] >LOG:1709327522,D,MANAGEMENT: CMD 'status'
2024-03-01 21:12:03.205 +00:00 [DBG] >LOG:1709327523,D,MANAGEMENT: CMD 'status'
2024-03-01 21:12:03.712 +00:00 [DBG] >LOG:1709327523,D,MANAGEMENT: CMD 'status'
2024-03-01 21:12:04.218 +00:00 [DBG] >LOG:1709327524,D,MANAGEMENT: CMD 'status'
2024-03-01 21:12:04.727 +00:00 [DBG] >LOG:1709327524,D,MANAGEMENT: CMD 'status'
2024-03-01 21:12:05.233 +00:00 [DBG] >LOG:1709327525,D,MANAGEMENT: CMD 'status'
2024-03-01 21:12:05.741 +00:00 [DBG] >LOG:1709327525,D,MANAGEMENT: CMD 'status'
2024-03-01 21:12:06.248 +00:00 [DBG] >LOG:1709327526,D,MANAGEMENT: CMD 'status'
2024-03-01 21:12:06.756 +00:00 [DBG] >LOG:1709327526,D,MANAGEMENT: CMD 'status'
2024-03-01 21:12:07.267 +00:00 [DBG] >LOG:1709327527,D,MANAGEMENT: CMD 'status'
2024-03-01 21:12:07.774 +00:00 [DBG] >LOG:1709327527,D,MANAGEMENT: CMD 'status'
2024-03-01 21:12:08.280 +00:00 [DBG] >LOG:1709327528,D,MANAGEMENT: CMD 'status'
2024-03-01 21:12:08.789 +00:00 [DBG] >LOG:1709327528,D,MANAGEMENT: CMD 'status'
2024-03-01 21:12:09.307 +00:00 [DBG] >LOG:1709327529,D,MANAGEMENT: CMD 'status'
2024-03-01 21:12:09.815 +00:00 [DBG] >LOG:1709327529,D,MANAGEMENT: CMD 'status'
2024-03-01 21:12:10.388 +00:00 [DBG] >LOG:1709327530,D,MANAGEMENT: CMD 'status'
2024-03-01 21:12:10.899 +00:00 [DBG] >LOG:1709327530,D,MANAGEMENT: CMD 'status'
2024-03-01 21:12:11.407 +00:00 [DBG] >LOG:1709327531,D,MANAGEMENT: CMD 'status'
2024-03-01 21:12:11.913 +00:00 [DBG] >LOG:1709327531,D,MANAGEMENT: CMD 'status'
2024-03-01 21:12:12.435 +00:00 [DBG] >LOG:1709327532,D,MANAGEMENT: CMD 'status'
2024-03-01 21:12:12.941 +00:00 [DBG] >LOG:1709327532,D,MANAGEMENT: CMD 'status'
2024-03-01 21:12:13.451 +00:00 [DBG] >LOG:1709327533,D,MANAGEMENT: CMD 'status'
2024-03-01 21:12:13.959 +00:00 [DBG] >LOG:1709327533,D,MANAGEMENT: CMD 'status'
2024-03-01 21:12:14.464 +00:00 [DBG] >LOG:1709327534,D,MANAGEMENT: CMD 'status'
2024-03-01 21:12:14.971 +00:00 [DBG] >LOG:1709327534,D,MANAGEMENT: CMD 'status'
2024-03-01 21:12:15.477 +00:00 [DBG] >LOG:1709327535,D,MANAGEMENT: CMD 'status'
2024-03-01 21:12:15.985 +00:00 [DBG] >LOG:1709327535,D,MANAGEMENT: CMD 'status'
2024-03-01 21:12:16.493 +00:00 [DBG] >LOG:1709327536,D,MANAGEMENT: CMD 'status'
2024-03-01 21:12:17.002 +00:00 [DBG] >LOG:1709327536,D,MANAGEMENT: CMD 'status'
2024-03-01 21:12:17.507 +00:00 [DBG] >LOG:1709327537,D,MANAGEMENT: CMD 'status'
2024-03-01 21:12:18.016 +00:00 [DBG] >LOG:1709327538,D,MANAGEMENT: CMD 'status'
2024-03-01 21:12:18.523 +00:00 [DBG] >LOG:1709327538,D,MANAGEMENT: CMD 'status'
2024-03-01 21:12:19.035 +00:00 [DBG] >LOG:1709327539,D,MANAGEMENT: CMD 'status'
2024-03-01 21:12:19.543 +00:00 [DBG] >LOG:1709327539,D,MANAGEMENT: CMD 'status'
2024-03-01 21:12:20.051 +00:00 [DBG] >LOG:1709327540,D,MANAGEMENT: CMD 'status'
2024-03-01 21:12:20.578 +00:00 [DBG] >LOG:1709327540,D,MANAGEMENT: CMD 'status'
2024-03-01 21:12:21.087 +00:00 [DBG] >LOG:1709327541,D,MANAGEMENT: CMD 'status'
2024-03-01 21:12:21.596 +00:00 [DBG] >LOG:1709327541,D,MANAGEMENT: CMD 'status'
2024-03-01 21:12:22.104 +00:00 [DBG] >LOG:1709327542,D,MANAGEMENT: CMD 'status'
2024-03-01 21:12:22.618 +00:00 [DBG] >LOG:1709327542,D,MANAGEMENT: CMD 'status'
2024-03-01 21:12:23.154 +00:00 [DBG] >LOG:1709327543,D,MANAGEMENT: CMD 'status'
2024-03-01 21:12:23.668 +00:00 [DBG] >LOG:1709327543,D,MANAGEMENT: CMD 'status'
2024-03-01 21:12:24.175 +00:00 [DBG] >LOG:1709327544,D,MANAGEMENT: CMD 'status'
2024-03-01 21:12:24.683 +00:00 [DBG] >LOG:1709327544,D,MANAGEMENT: CMD 'status'
2024-03-01 21:12:25.197 +00:00 [DBG] >LOG:1709327545,D,MANAGEMENT: CMD 'status'
2024-03-01 21:12:25.702 +00:00 [DBG] >LOG:1709327545,D,MANAGEMENT: CMD 'status'
2024-03-01 21:12:26.206 +00:00 [DBG] >LOG:1709327546,D,MANAGEMENT: CMD 'status'
2024-03-01 21:12:26.713 +00:00 [DBG] >LOG:1709327546,D,MANAGEMENT: CMD 'status'
2024-03-01 21:12:27.220 +00:00 [DBG] >LOG:1709327547,D,MANAGEMENT: CMD 'status'
2024-03-01 21:12:27.725 +00:00 [DBG] >LOG:1709327547,D,MANAGEMENT: CMD 'status'
2024-03-01 21:12:28.237 +00:00 [DBG] >LOG:1709327548,D,MANAGEMENT: CMD 'status'
2024-03-01 21:12:28.749 +00:00 [DBG] >LOG:1709327548,D,MANAGEMENT: CMD 'status'
2024-03-01 21:12:29.257 +00:00 [DBG] >LOG:1709327549,D,MANAGEMENT: CMD 'status'
2024-03-01 21:12:29.765 +00:00 [DBG] >LOG:1709327549,D,MANAGEMENT: CMD 'status'
2024-03-01 21:12:30.275 +00:00 [DBG] >LOG:1709327550,D,MANAGEMENT: CMD 'status'
2024-03-01 21:12:30.814 +00:00 [DBG] >LOG:1709327550,D,MANAGEMENT: CMD 'status'
2024-03-01 21:12:31.322 +00:00 [DBG] >LOG:1709327551,D,MANAGEMENT: CMD 'status'
2024-03-01 21:12:31.846 +00:00 [DBG] >LOG:1709327551,D,MANAGEMENT: CMD 'status'
2024-03-01 21:12:32.351 +00:00 [DBG] >LOG:1709327552,D,MANAGEMENT: CMD 'status'
2024-03-01 21:12:32.883 +00:00 [DBG] >LOG:1709327552,D,MANAGEMENT: CMD 'status'
2024-03-01 21:12:33.389 +00:00 [DBG] >LOG:1709327553,D,MANAGEMENT: CMD 'status'
2024-03-01 21:12:33.939 +00:00 [DBG] >LOG:1709327553,D,MANAGEMENT: CMD 'status'
2024-03-01 21:12:34.449 +00:00 [DBG] >LOG:1709327554,D,MANAGEMENT: CMD 'status'
2024-03-01 21:12:34.954 +00:00 [DBG] >LOG:1709327554,D,MANAGEMENT: CMD 'status'
2024-03-01 21:12:35.460 +00:00 [DBG] >LOG:1709327555,D,MANAGEMENT: CMD 'status'
2024-03-01 21:12:35.969 +00:00 [DBG] >LOG:1709327555,D,MANAGEMENT: CMD 'status'
2024-03-01 21:12:36.475 +00:00 [DBG] >LOG:1709327556,D,MANAGEMENT: CMD 'status'
2024-03-01 21:12:36.980 +00:00 [DBG] >LOG:1709327556,D,MANAGEMENT: CMD 'status'
2024-03-01 21:12:37.487 +00:00 [DBG] >LOG:1709327557,D,MANAGEMENT: CMD 'status'
2024-03-01 21:12:37.995 +00:00 [DBG] >LOG:1709327557,D,MANAGEMENT: CMD 'status'
2024-03-01 21:12:38.504 +00:00 [DBG] >LOG:1709327558,D,MANAGEMENT: CMD 'status'
2024-03-01 21:12:39.011 +00:00 [DBG] >LOG:1709327559,D,MANAGEMENT: CMD 'status'
2024-03-01 21:12:39.518 +00:00 [DBG] >LOG:1709327559,D,MANAGEMENT: CMD 'status'
2024-03-01 21:12:40.023 +00:00 [DBG] >LOG:1709327560,D,MANAGEMENT: CMD 'status'
2024-03-01 21:12:40.532 +00:00 [DBG] >LOG:1709327560,D,MANAGEMENT: CMD 'status'
2024-03-01 21:12:41.041 +00:00 [DBG] >LOG:1709327561,D,MANAGEMENT: CMD 'status'
2024-03-01 21:12:41.549 +00:00 [DBG] >LOG:1709327561,D,MANAGEMENT: CMD 'status'
2024-03-01 21:12:42.057 +00:00 [DBG] >LOG:1709327562,D,MANAGEMENT: CMD 'status'
2024-03-01 21:12:42.566 +00:00 [DBG] >LOG:1709327562,D,MANAGEMENT: CMD 'status'
2024-03-01 21:12:43.078 +00:00 [DBG] >LOG:1709327563,D,MANAGEMENT: CMD 'status'
2024-03-01 21:12:43.609 +00:00 [DBG] >LOG:1709327563,D,MANAGEMENT: CMD 'status'
2024-03-01 21:12:44.114 +00:00 [DBG] >LOG:1709327564,D,MANAGEMENT: CMD 'status'
2024-03-01 21:12:44.627 +00:00 [DBG] >LOG:1709327564,D,MANAGEMENT: CMD 'status'
2024-03-01 21:12:45.143 +00:00 [DBG] >LOG:1709327565,D,MANAGEMENT: CMD 'status'
2024-03-01 21:12:45.658 +00:00 [DBG] >LOG:1709327565,D,MANAGEMENT: CMD 'status'
2024-03-01 21:12:46.166 +00:00 [DBG] >LOG:1709327566,D,MANAGEMENT: CMD 'status'
2024-03-01 21:12:46.674 +00:00 [DBG] >LOG:1709327566,D,MANAGEMENT: CMD 'status'
2024-03-01 21:12:47.182 +00:00 [DBG] >LOG:1709327567,D,MANAGEMENT: CMD 'status'
2024-03-01 21:12:47.690 +00:00 [DBG] >LOG:1709327567,D,MANAGEMENT: CMD 'status'
2024-03-01 21:12:48.199 +00:00 [DBG] >LOG:1709327568,D,MANAGEMENT: CMD 'status'
2024-03-01 21:12:48.708 +00:00 [DBG] >LOG:1709327568,D,MANAGEMENT: CMD 'status'
2024-03-01 21:12:49.218 +00:00 [DBG] >LOG:1709327569,D,MANAGEMENT: CMD 'status'
2024-03-01 21:12:49.725 +00:00 [DBG] >LOG:1709327569,D,MANAGEMENT: CMD 'status'
2024-03-01 21:12:50.254 +00:00 [DBG] >LOG:1709327570,D,MANAGEMENT: CMD 'status'
2024-03-01 21:12:50.763 +00:00 [DBG] >LOG:1709327570,D,MANAGEMENT: CMD 'status'
2024-03-01 21:12:51.272 +00:00 [DBG] >LOG:1709327571,D,MANAGEMENT: CMD 'status'
2024-03-01 21:12:51.783 +00:00 [DBG] >LOG:1709327571,D,MANAGEMENT: CMD 'status'
2024-03-01 21:12:52.291 +00:00 [DBG] >LOG:1709327572,D,MANAGEMENT: CMD 'status'
2024-03-01 21:12:52.799 +00:00 [DBG] >LOG:1709327572,D,MANAGEMENT: CMD 'status'
2024-03-01 21:12:53.317 +00:00 [DBG] >LOG:1709327573,D,MANAGEMENT: CMD 'status'
2024-03-01 21:12:53.842 +00:00 [DBG] >LOG:1709327573,D,MANAGEMENT: CMD 'status'
2024-03-01 21:12:54.365 +00:00 [DBG] >LOG:1709327574,D,MANAGEMENT: CMD 'status'
2024-03-01 21:12:54.874 +00:00 [DBG] >LOG:1709327574,D,MANAGEMENT: CMD 'status'
2024-03-01 21:12:55.384 +00:00 [DBG] >LOG:1709327575,D,MANAGEMENT: CMD 'status'
2024-03-01 21:12:55.894 +00:00 [DBG] >LOG:1709327575,D,MANAGEMENT: CMD 'status'
2024-03-01 21:12:56.405 +00:00 [DBG] >LOG:1709327576,D,MANAGEMENT: CMD 'status'
2024-03-01 21:12:56.916 +00:00 [DBG] >LOG:1709327576,D,MANAGEMENT: CMD 'status'
2024-03-01 21:12:57.431 +00:00 [DBG] >LOG:1709327577,D,MANAGEMENT: CMD 'status'
2024-03-01 21:12:57.954 +00:00 [DBG] >LOG:1709327577,D,MANAGEMENT: CMD 'status'
2024-03-01 21:12:58.466 +00:00 [DBG] >LOG:1709327578,D,MANAGEMENT: CMD 'status'
2024-03-01 21:12:58.981 +00:00 [DBG] >LOG:1709327578,D,MANAGEMENT: CMD 'status'
2024-03-01 21:12:59.489 +00:00 [DBG] >LOG:1709327579,D,MANAGEMENT: CMD 'status'
2024-03-01 21:12:59.996 +00:00 [DBG] >LOG:1709327579,D,MANAGEMENT: CMD 'status'
2024-03-01 21:13:00.502 +00:00 [DBG] >LOG:1709327580,D,MANAGEMENT: CMD 'status'
2024-03-01 21:13:01.010 +00:00 [DBG] >LOG:1709327581,D,MANAGEMENT: CMD 'status'
2024-03-01 21:13:01.520 +00:00 [DBG] >LOG:1709327581,D,MANAGEMENT: CMD 'status'
2024-03-01 21:13:02.033 +00:00 [DBG] >LOG:1709327582,D,MANAGEMENT: CMD 'status'
2024-03-01 21:13:02.544 +00:00 [DBG] >LOG:1709327582,D,MANAGEMENT: CMD 'status'
2024-03-01 21:13:03.053 +00:00 [DBG] >LOG:1709327583,D,MANAGEMENT: CMD 'status'
2024-03-01 21:13:03.562 +00:00 [DBG] >LOG:1709327583,D,MANAGEMENT: CMD 'status'
2024-03-01 21:13:04.070 +00:00 [DBG] >LOG:1709327584,D,MANAGEMENT: CMD 'status'
2024-03-01 21:13:04.579 +00:00 [DBG] >LOG:1709327584,D,MANAGEMENT: CMD 'status'
2024-03-01 21:13:05.089 +00:00 [DBG] >LOG:1709327585,D,MANAGEMENT: CMD 'status'
2024-03-01 21:13:05.599 +00:00 [DBG] >LOG:1709327585,D,MANAGEMENT: CMD 'status'
2024-03-01 21:13:06.120 +00:00 [DBG] >LOG:1709327586,D,MANAGEMENT: CMD 'status'
2024-03-01 21:13:06.627 +00:00 [DBG] >LOG:1709327586,D,MANAGEMENT: CMD 'status'
2024-03-01 21:13:07.137 +00:00 [DBG] >LOG:1709327587,D,MANAGEMENT: CMD 'status'
2024-03-01 21:13:07.677 +00:00 [DBG] >LOG:1709327587,D,MANAGEMENT: CMD 'status'
2024-03-01 21:13:08.184 +00:00 [DBG] >LOG:1709327588,D,MANAGEMENT: CMD 'status'
2024-03-01 21:13:08.700 +00:00 [DBG] >LOG:1709327588,D,MANAGEMENT: CMD 'status'
2024-03-01 21:13:09.223 +00:00 [DBG] >LOG:1709327589,D,MANAGEMENT: CMD 'status'
2024-03-01 21:13:09.752 +00:00 [DBG] >LOG:1709327589,D,MANAGEMENT: CMD 'status'
2024-03-01 21:13:10.266 +00:00 [DBG] >LOG:1709327590,D,MANAGEMENT: CMD 'status'
2024-03-01 21:13:10.780 +00:00 [DBG] >LOG:1709327590,D,MANAGEMENT: CMD 'status'
2024-03-01 21:13:11.288 +00:00 [DBG] >LOG:1709327591,D,MANAGEMENT: CMD 'status'
2024-03-01 21:13:11.796 +00:00 [DBG] >LOG:1709327591,D,MANAGEMENT: CMD 'status'
2024-03-01 21:13:12.307 +00:00 [DBG] >LOG:1709327592,D,MANAGEMENT: CMD 'status'
2024-03-01 21:13:12.826 +00:00 [DBG] >LOG:1709327592,D,MANAGEMENT: CMD 'status'
2024-03-01 21:13:13.346 +00:00 [DBG] >LOG:1709327593,D,MANAGEMENT: CMD 'status'
2024-03-01 21:13:13.853 +00:00 [DBG] >LOG:1709327593,D,MANAGEMENT: CMD 'status'
2024-03-01 21:13:14.365 +00:00 [DBG] >LOG:1709327594,D,MANAGEMENT: CMD 'status'
2024-03-01 21:13:14.872 +00:00 [DBG] >LOG:1709327594,D,MANAGEMENT: CMD 'status'
2024-03-01 21:13:15.380 +00:00 [DBG] >LOG:1709327595,D,MANAGEMENT: CMD 'status'
2024-03-01 21:13:15.891 +00:00 [DBG] >LOG:1709327595,D,MANAGEMENT: CMD 'status'
2024-03-01 21:13:16.400 +00:00 [DBG] >LOG:1709327596,D,MANAGEMENT: CMD 'status'
2024-03-01 21:13:16.908 +00:00 [DBG] >LOG:1709327596,D,MANAGEMENT: CMD 'status'
2024-03-01 21:13:17.420 +00:00 [DBG] >LOG:1709327597,D,MANAGEMENT: CMD 'status'
2024-03-01 21:13:17.930 +00:00 [DBG] >LOG:1709327597,D,MANAGEMENT: CMD 'status'
2024-03-01 21:13:18.435 +00:00 [DBG] >LOG:1709327598,D,MANAGEMENT: CMD 'status'
2024-03-01 21:13:18.942 +00:00 [DBG] >LOG:1709327598,D,MANAGEMENT: CMD 'status'
2024-03-01 21:13:19.458 +00:00 [DBG] >LOG:1709327599,D,MANAGEMENT: CMD 'status'
2024-03-01 21:13:19.972 +00:00 [DBG] >LOG:1709327599,D,MANAGEMENT: CMD 'status'
2024-03-01 21:13:20.482 +00:00 [DBG] >LOG:1709327600,D,MANAGEMENT: CMD 'status'
2024-03-01 21:13:20.992 +00:00 [DBG] >LOG:1709327600,D,MANAGEMENT: CMD 'status'
2024-03-01 21:13:21.515 +00:00 [DBG] >LOG:1709327601,D,MANAGEMENT: CMD 'status'
2024-03-01 21:13:22.026 +00:00 [DBG] >LOG:1709327602,D,MANAGEMENT: CMD 'status'
2024-03-01 21:13:22.533 +00:00 [DBG] >LOG:1709327602,D,MANAGEMENT: CMD 'status'
2024-03-01 21:13:23.042 +00:00 [DBG] >LOG:1709327603,D,MANAGEMENT: CMD 'status'
2024-03-01 21:13:23.560 +00:00 [DBG] >LOG:1709327603,D,MANAGEMENT: CMD 'status'
2024-03-01 21:13:24.071 +00:00 [DBG] >LOG:1709327604,D,MANAGEMENT: CMD 'status'
2024-03-01 21:13:24.638 +00:00 [DBG] >LOG:1709327604,D,MANAGEMENT: CMD 'status'
2024-03-01 21:13:25.306 +00:00 [DBG] >LOG:1709327605,D,MANAGEMENT: CMD 'status'
2024-03-01 21:13:25.866 +00:00 [DBG] >LOG:1709327605,D,MANAGEMENT: CMD 'status'
2024-03-01 21:13:26.389 +00:00 [DBG] >LOG:1709327606,D,MANAGEMENT: CMD 'status'
2024-03-01 21:13:26.979 +00:00 [DBG] >LOG:1709327606,D,MANAGEMENT: CMD 'status'
2024-03-01 21:13:27.675 +00:00 [DBG] >LOG:1709327607,D,MANAGEMENT: CMD 'status'
2024-03-01 21:13:28.610 +00:00 [DBG] >LOG:1709327608,D,MANAGEMENT: CMD 'status'
2024-03-01 21:13:29.409 +00:00 [DBG] >LOG:1709327609,D,MANAGEMENT: CMD 'status'
2024-03-01 21:13:30.880 +00:00 [DBG] >LOG:1709327610,D,MANAGEMENT: CMD 'status'
2024-03-01 21:13:38.000 +00:00 [DBG] >LOG:1709327617,D,MANAGEMENT: CMD 'status'
2024-03-01 21:13:39.250 +00:00 [DBG] >LOG:1709327619,D,MANAGEMENT: CMD 'status'
2024-03-01 21:13:39.935 +00:00 [DBG] >LOG:1709327619,D,MANAGEMENT: CMD 'status'
2024-03-01 21:13:45.801 +00:00 [DBG] >LOG:1709327621,D,MANAGEMENT: CMD 'status'
2024-03-01 21:13:45.973 +00:00 [DBG] >LOG:1709327625,D,MANAGEMENT: CMD 'status'
2024-03-01 21:13:46.738 +00:00 [DBG] >LOG:1709327626,D,MANAGEMENT: CMD 'status'
2024-03-01 21:13:47.947 +00:00 [DBG] >LOG:1709327627,D,MANAGEMENT: CMD 'status'
2024-03-01 21:13:49.282 +00:00 [DBG] >LOG:1709327628,D,MANAGEMENT: CMD 'status'
2024-03-01 21:13:49.908 +00:00 [DBG] >LOG:1709327629,D,MANAGEMENT: CMD 'status'
2024-03-01 21:13:52.612 +00:00 [DBG] >LOG:1709327630,D,MANAGEMENT: CMD 'status'
2024-03-01 21:13:55.511 +00:00 [DBG] >LOG:1709327635,D,MANAGEMENT: CMD 'status'
2024-03-01 21:13:56.060 +00:00 [DBG] >LOG:1709327636,D,MANAGEMENT: CMD 'status'
2024-03-01 21:13:56.604 +00:00 [DBG] >LOG:1709327636,D,MANAGEMENT: CMD 'status'
2024-03-01 21:13:57.760 +00:00 [DBG] >LOG:1709327637,D,MANAGEMENT: CMD 'status'
2024-03-01 21:13:59.289 +00:00 [DBG] >LOG:1709327638,D,MANAGEMENT: CMD 'status'
2024-03-01 21:14:00.441 +00:00 [DBG] >LOG:1709327639,D,MANAGEMENT: CMD 'status'
2024-03-01 21:14:06.264 +00:00 [DBG] >LOG:1709327645,D,MANAGEMENT: CMD 'status'
2024-03-01 21:14:06.862 +00:00 [DBG] >LOG:1709327646,D,MANAGEMENT: CMD 'status'
2024-03-01 21:14:17.526 +00:00 [DBG] >LOG:1709327649,D,MANAGEMENT: CMD 'status'
2024-03-01 21:14:21.110 +00:00 [DBG] >LOG:1709327657,D,MANAGEMENT: CMD 'status'
2024-03-01 21:14:40.731 +00:00 [DBG] >LOG:1709327660,D,MANAGEMENT: CMD 'status'
2024-03-01 21:14:45.521 +00:00 [DBG] >LOG:1709327672,D,MANAGEMENT: CMD 'status'
2024-03-01 21:14:45.660 +00:00 [DBG] >LOG:1709327681,D,MANAGEMENT: CMD 'status'
2024-03-01 21:14:45.715 +00:00 [DBG] >LOG:1709327685,D,MANAGEMENT: CMD 'status'
2024-03-01 21:14:46.373 +00:00 [DBG] >LOG:1709327686,D,MANAGEMENT: CMD 'status'
2024-03-01 21:14:49.325 +00:00 [DBG] >LOG:1709327688,D,MANAGEMENT: CMD 'status'
2024-03-01 21:14:49.969 +00:00 [DBG] >LOG:1709327689,D,MANAGEMENT: CMD 'status'
2024-03-01 21:14:51.801 +00:00 [DBG] >LOG:1709327691,D,MANAGEMENT: CMD 'status'
2024-03-01 21:14:54.411 +00:00 [DBG] >LOG:1709327693,D,MANAGEMENT: CMD 'status'
2024-03-01 21:14:55.191 +00:00 [DBG] >LOG:1709327695,D,MANAGEMENT: CMD 'status'
2024-03-01 21:14:55.870 +00:00 [DBG] >LOG:1709327695,D,MANAGEMENT: CMD 'status'
2024-03-01 21:14:56.462 +00:00 [DBG] >LOG:1709327696,D,MANAGEMENT: CMD 'status'
2024-03-01 21:14:58.274 +00:00 [DBG] >LOG:1709327697,D,MANAGEMENT: CMD 'status'
2024-03-01 21:14:58.912 +00:00 [DBG] >LOG:1709327698,D,MANAGEMENT: CMD 'status'
2024-03-01 21:14:59.427 +00:00 [DBG] >LOG:1709327699,D,MANAGEMENT: CMD 'status'
2024-03-01 21:15:01.182 +00:00 [DBG] >LOG:1709327699,D,MANAGEMENT: CMD 'status'
2024-03-01 21:15:01.335 +00:00 [DBG] >LOG:1709327701,D,MANAGEMENT: CMD 'status'
2024-03-01 21:15:01.732 +00:00 [DBG] >LOG:1709327701,D,MANAGEMENT: CMD 'status'
2024-03-01 21:17:03.869 +00:00 [DBG] >LOG:1709327823,D,MANAGEMENT: CMD 'status'
2024-03-01 21:17:08.228 +00:00 [DBG] >LOG:1709327825,D,MANAGEMENT: CMD 'status'
2024-03-01 21:17:08.966 +00:00 [DBG] >LOG:1709327828,D,MANAGEMENT: CMD 'status'
2024-03-01 21:17:08.969 +00:00 [DBG] >LOG:1709327828,D,MANAGEMENT: CMD 'status'
2024-03-01 21:17:09.483 +00:00 [DBG] >LOG:1709327829,D,MANAGEMENT: CMD 'status'
2024-03-01 21:17:16.409 +00:00 [DBG] >LOG:1709327835,D,MANAGEMENT: CMD 'status'
2024-03-01 21:20:50.897 +00:00 [DBG] >LOG:1709328050,I,[server] Inactivity timeout (--ping-restart), restarting
2024-03-01 21:20:50.898 +00:00 [DBG] >LOG:1709328050,,/sbin/route delete -net 172.31.0.0 10.0.0.1 255.255.0.0
2024-03-01 21:20:51.045 +00:00 [DBG] >LOG:1709328051,,Closing TUN/TAP interface
2024-03-01 21:20:51.046 +00:00 [DBG] >LOG:1709328051,I,/Applications/AWS VPN Client/AWS VPN Client.app/Contents/Resources/openvpn/client.down utun7 1500 1552 10.0.0.2 255.255.255.224 init
2024-03-01 21:20:52.691 +00:00 [DBG] >LOG:1709328052,I,SIGUSR1[soft,ping-restart] received, process restarting
2024-03-01 21:20:52.691 +00:00 [DBG] >LOG:1709328052,,MANAGEMENT: >STATE:1709328052,RECONNECTING,ping-restart,,,,,
2024-03-01 21:20:52.762 +00:00 [DBG] >LOG:1709328052,,Restart pause, 5 second(s)
2024-03-01 21:20:52.762 +00:00 [DBG] >LOG:1709328052,D,MANAGEMENT: CMD 'status'
2024-03-01 21:20:52.763 +00:00 [DBG] >LOG:1709328052,D,MANAGEMENT: CMD 'status'
2024-03-01 21:20:53.267 +00:00 [DBG] >LOG:1709328053,D,MANAGEMENT: CMD 'status'
2024-03-01 21:20:53.790 +00:00 [DBG] >LOG:1709328053,D,MANAGEMENT: CMD 'status'
2024-03-01 21:20:54.297 +00:00 [DBG] >LOG:1709328054,D,MANAGEMENT: CMD 'status'
2024-03-01 21:20:54.804 +00:00 [DBG] >LOG:1709328054,D,MANAGEMENT: CMD 'status'
2024-03-01 21:20:55.310 +00:00 [DBG] >LOG:1709328055,D,MANAGEMENT: CMD 'status'
2024-03-01 21:20:55.838 +00:00 [DBG] >LOG:1709328055,D,MANAGEMENT: CMD 'status'
2024-03-01 21:20:56.346 +00:00 [DBG] >LOG:1709328056,D,MANAGEMENT: CMD 'status'
2024-03-01 21:20:56.887 +00:00 [DBG] >LOG:1709328056,D,MANAGEMENT: CMD 'status'
2024-03-01 21:20:57.395 +00:00 [DBG] >LOG:1709328057,D,MANAGEMENT: CMD 'status'
2024-03-01 21:20:57.399 +00:00 [DBG] >LOG:1709328057,W,NOTE: the current --script-security setting may allow this configuration to call user-defined scripts
2024-03-01 21:20:57.399 +00:00 [DBG] >LOG:1709328057,I,TCP/UDP: Preserving recently used remote address: [AF_INET]3.74.138.27:443
2024-03-01 21:20:57.399 +00:00 [DBG] >LOG:1709328057,,Socket Buffers: R=[786896->786896] S=[9216->9216]
2024-03-01 21:20:57.399 +00:00 [DBG] >LOG:1709328057,I,UDP link local: (not bound)
2024-03-01 21:20:57.399 +00:00 [DBG] >LOG:1709328057,I,UDP link remote: [AF_INET]3.74.138.27:443
2024-03-01 21:20:57.399 +00:00 [DBG] >LOG:1709328057,,MANAGEMENT: >STATE:1709328057,WAIT,,,,,,
2024-03-01 21:20:57.451 +00:00 [DBG] >LOG:1709328057,,MANAGEMENT: >STATE:1709328057,AUTH,,,,,,
2024-03-01 21:20:57.451 +00:00 [DBG] >LOG:1709328057,,TLS: Initial packet from [AF_INET]3.74.138.27:443, sid=d7144215 252d55eb
2024-03-01 21:20:57.515 +00:00 [DBG] >LOG:1709328057,,VERIFY OK: depth=1, CN=ishchenkogv
2024-03-01 21:20:57.515 +00:00 [DBG] >LOG:1709328057,,VERIFY KU OK
2024-03-01 21:20:57.515 +00:00 [DBG] >LOG:1709328057,,Validating certificate extended key usage
2024-03-01 21:20:57.515 +00:00 [DBG] >LOG:1709328057,,++ Certificate has EKU (str) TLS Web Server Authentication, expects TLS Web Server Authentication
2024-03-01 21:20:57.516 +00:00 [DBG] >LOG:1709328057,,VERIFY EKU OK
2024-03-01 21:20:57.516 +00:00 [DBG] >LOG:1709328057,,VERIFY X509NAME OK: CN=server
2024-03-01 21:20:57.516 +00:00 [DBG] >LOG:1709328057,,VERIFY OK: depth=0, CN=server
2024-03-01 21:20:57.620 +00:00 [DBG] >LOG:1709328057,,Control Channel: TLSv1.2, cipher TLSv1/SSLv3 ECDHE-RSA-AES256-GCM-SHA384, 2048 bit RSA
2024-03-01 21:20:57.620 +00:00 [DBG] >LOG:1709328057,I,[server] Peer Connection Initiated with [AF_INET]3.74.138.27:443
2024-03-01 21:20:57.907 +00:00 [DBG] >LOG:1709328057,D,MANAGEMENT: CMD 'status'
2024-03-01 21:20:58.418 +00:00 [DBG] >LOG:1709328058,D,MANAGEMENT: CMD 'status'
2024-03-01 21:20:58.422 +00:00 [DBG] >LOG:1709328058,,MANAGEMENT: >STATE:1709328058,GET_CONFIG,,,,,,
2024-03-01 21:20:58.422 +00:00 [DBG] >LOG:1709328058,,SENT CONTROL [server]: 'PUSH_REQUEST' (status=1)
2024-03-01 21:21:36.558 +00:00 [DBG] >LOG:1709328058,,PUSH: Received control message: 'PUSH_REPLY,route 172.31.0.0 255.255.0.0,route-gateway 10.0.0.1,topology subnet,ping 1,ping-restart 20,echo,ifconfig 10.0.0.2 255.255.255.224,peer-id 0,cipher AES-256-GCM'
2024-03-01 21:21:36.559 +00:00 [DBG] >LOG:1709328058,,OPTIONS IMPORT: timers and/or timeouts modified
2024-03-01 21:21:36.560 +00:00 [DBG] >LOG:1709328058,,OPTIONS IMPORT: --ifconfig/up options modified
2024-03-01 21:21:36.560 +00:00 [DBG] >LOG:1709328058,,OPTIONS IMPORT: route options modified
2024-03-01 21:21:36.560 +00:00 [DBG] >LOG:1709328058,,OPTIONS IMPORT: route-related options modified
2024-03-01 21:21:36.561 +00:00 [DBG] >LOG:1709328058,,OPTIONS IMPORT: peer-id set
2024-03-01 21:21:36.561 +00:00 [DBG] >LOG:1709328058,,OPTIONS IMPORT: adjusting link_mtu to 1624
2024-03-01 21:21:36.561 +00:00 [DBG] >LOG:1709328058,,OPTIONS IMPORT: data channel crypto options modified
2024-03-01 21:21:36.561 +00:00 [DBG] >LOG:1709328058,,Outgoing Data Channel: Cipher 'AES-256-GCM' initialized with 256 bit key
2024-03-01 21:21:36.562 +00:00 [DBG] >LOG:1709328058,,Incoming Data Channel: Cipher 'AES-256-GCM' initialized with 256 bit key
2024-03-01 21:21:36.562 +00:00 [DBG] >LOG:1709328058,,ROUTE_GATEWAY 192.168.1.1/255.255.255.0 IFACE=en0 HWADDR=bc:d0:74:79:6b:44
2024-03-01 21:21:36.562 +00:00 [DBG] >LOG:1709328058,,Opening utun (connect(AF_SYS_CONTROL)): Resource busy (errno=16)
2024-03-01 21:21:36.563 +00:00 [DBG] >LOG:1709328058,,Opening utun (connect(AF_SYS_CONTROL)): Resource busy (errno=16)
2024-03-01 21:21:36.590 +00:00 [DBG] >LOG:1709328058,,Opening utun (connect(AF_SYS_CONTROL)): Resource busy (errno=16)
2024-03-01 21:21:36.592 +00:00 [DBG] >LOG:1709328058,,Opening utun (connect(AF_SYS_CONTROL)): Resource busy (errno=16)
2024-03-01 21:21:36.592 +00:00 [DBG] >LOG:1709328058,,Opening utun (connect(AF_SYS_CONTROL)): Resource busy (errno=16)
2024-03-01 21:21:36.592 +00:00 [DBG] >LOG:1709328058,,Opening utun (connect(AF_SYS_CONTROL)): Resource busy (errno=16)
2024-03-01 21:21:36.592 +00:00 [DBG] >LOG:1709328058,,Opening utun (connect(AF_SYS_CONTROL)): Resource busy (errno=16)
2024-03-01 21:21:36.592 +00:00 [DBG] >LOG:1709328058,I,Opened utun device utun7
2024-03-01 21:21:36.592 +00:00 [DBG] >LOG:1709328058,D,do_ifconfig, tt->did_ifconfig_ipv6_setup=0
2024-03-01 21:21:36.592 +00:00 [DBG] >LOG:1709328058,,MANAGEMENT: >STATE:1709328058,ASSIGN_IP,,10.0.0.2,,,,
2024-03-01 21:21:36.593 +00:00 [DBG] >LOG:1709328058,I,/sbin/ifconfig utun7 delete
2024-03-01 21:21:36.593 +00:00 [DBG] >LOG:1709328058,I,NOTE: Tried to delete pre-existing tun/tap instance -- No Problem if failure
2024-03-01 21:21:36.593 +00:00 [DBG] >LOG:1709328058,I,/sbin/ifconfig utun7 10.0.0.2 10.0.0.2 netmask 255.255.255.224 mtu 1500 up
2024-03-01 21:21:36.594 +00:00 [DBG] >LOG:1709328058,,/sbin/route add -net 10.0.0.0 10.0.0.2 255.255.255.224
2024-03-01 21:21:36.595 +00:00 [DBG] >LOG:1709328058,I,/Applications/AWS VPN Client/AWS VPN Client.app/Contents/Resources/openvpn/client.up utun7 1500 1552 10.0.0.2 255.255.255.224 init
2024-03-01 21:21:36.596 +00:00 [DBG] >LOG:1709328096,,MANAGEMENT: >STATE:1709328096,ADD_ROUTES,,,,,,
2024-03-01 21:21:36.596 +00:00 [DBG] >LOG:1709328096,,/sbin/route add -net 172.31.0.0 10.0.0.1 255.255.0.0
2024-03-01 21:21:36.596 +00:00 [DBG] >LOG:1709328096,I,Initialization Sequence Completed
2024-03-01 21:21:36.596 +00:00 [DBG] >LOG:1709328096,,MANAGEMENT: >STATE:1709328096,CONNECTED,SUCCESS,10.0.0.2,3.74.138.27,443,,
2024-03-01 21:21:38.711 +00:00 [DBG] >LOG:1709328096,I,[server] Inactivity timeout (--ping-restart), restarting
2024-03-01 21:21:38.720 +00:00 [DBG] >LOG:1709328096,,/sbin/route delete -net 172.31.0.0 10.0.0.1 255.255.0.0
2024-03-01 21:21:38.730 +00:00 [DBG] >LOG:1709328096,,Closing TUN/TAP interface
2024-03-01 21:21:38.739 +00:00 [DBG] >LOG:1709328096,I,/Applications/AWS VPN Client/AWS VPN Client.app/Contents/Resources/openvpn/client.down utun7 1500 1552 10.0.0.2 255.255.255.224 init
2024-03-01 21:21:38.739 +00:00 [DBG] >LOG:1709328097,I,SIGUSR1[soft,ping-restart] received, process restarting
2024-03-01 21:21:38.739 +00:00 [DBG] >LOG:1709328097,,MANAGEMENT: >STATE:1709328097,RECONNECTING,ping-restart,,,,,
2024-03-01 21:21:38.856 +00:00 [DBG] >LOG:1709328097,,Restart pause, 5 second(s)
2024-03-01 21:21:38.856 +00:00 [DBG] >LOG:1709328097,D,MANAGEMENT: CMD 'status'
2024-03-01 21:21:38.858 +00:00 [DBG] >LOG:1709328097,D,MANAGEMENT: CMD 'status'
2024-03-01 21:21:38.860 +00:00 [DBG] >LOG:1709328097,D,MANAGEMENT: CMD 'status'
2024-03-01 21:21:38.861 +00:00 [DBG] >LOG:1709328097,D,MANAGEMENT: CMD 'status'
2024-03-01 21:21:38.862 +00:00 [DBG] >LOG:1709328098,D,MANAGEMENT: CMD 'status'
2024-03-01 21:21:39.361 +00:00 [DBG] >LOG:1709328099,D,MANAGEMENT: CMD 'status'
2024-03-01 21:21:40.081 +00:00 [DBG] >LOG:1709328099,D,MANAGEMENT: CMD 'status'
2024-03-01 21:21:40.590 +00:00 [DBG] >LOG:1709328100,D,MANAGEMENT: CMD 'status'
2024-03-01 21:21:41.123 +00:00 [DBG] >LOG:1709328101,D,MANAGEMENT: CMD 'status'
2024-03-01 21:39:13.787 +00:00 [DBG] >LOG:1709329153,D,MANAGEMENT: CMD 'status'
2024-03-01 21:39:13.824 +00:00 [DBG] >LOG:1709329153,W,NOTE: the current --script-security setting may allow this configuration to call user-defined scripts
2024-03-01 21:39:13.824 +00:00 [DBG] >LOG:1709329153,I,TCP/UDP: Preserving recently used remote address: [AF_INET]3.74.138.27:443
2024-03-01 21:39:13.824 +00:00 [DBG] >LOG:1709329153,,Socket Buffers: R=[786896->786896] S=[9216->9216]
2024-03-01 21:39:13.824 +00:00 [DBG] >LOG:1709329153,I,UDP link local: (not bound)
2024-03-01 21:39:13.824 +00:00 [DBG] >LOG:1709329153,I,UDP link remote: [AF_INET]3.74.138.27:443
2024-03-01 21:39:13.824 +00:00 [DBG] >LOG:1709329153,,MANAGEMENT: >STATE:1709329153,WAIT,,,,,,
2024-03-01 21:39:13.986 +00:00 [DBG] >LOG:1709329153,,MANAGEMENT: >STATE:1709329153,AUTH,,,,,,
2024-03-01 21:39:13.986 +00:00 [DBG] >LOG:1709329153,,TLS: Initial packet from [AF_INET]3.74.138.27:443, sid=03fafd15 61c016b9
2024-03-01 21:39:14.121 +00:00 [DBG] >LOG:1709329154,,VERIFY OK: depth=1, CN=ishchenkogv
2024-03-01 21:39:14.121 +00:00 [DBG] >LOG:1709329154,,VERIFY KU OK
2024-03-01 21:39:14.122 +00:00 [DBG] >LOG:1709329154,,Validating certificate extended key usage
2024-03-01 21:39:14.122 +00:00 [DBG] >LOG:1709329154,,++ Certificate has EKU (str) TLS Web Server Authentication, expects TLS Web Server Authentication
2024-03-01 21:39:14.122 +00:00 [DBG] >LOG:1709329154,,VERIFY EKU OK
2024-03-01 21:39:14.122 +00:00 [DBG] >LOG:1709329154,,VERIFY X509NAME OK: CN=server
2024-03-01 21:39:14.122 +00:00 [DBG] >LOG:1709329154,,VERIFY OK: depth=0, CN=server
2024-03-01 21:39:14.261 +00:00 [DBG] >LOG:1709329154,,Control Channel: TLSv1.2, cipher TLSv1/SSLv3 ECDHE-RSA-AES256-GCM-SHA384, 2048 bit RSA
2024-03-01 21:39:14.261 +00:00 [DBG] >LOG:1709329154,I,[server] Peer Connection Initiated with [AF_INET]3.74.138.27:443
2024-03-01 21:39:14.306 +00:00 [DBG] >LOG:1709329154,D,MANAGEMENT: CMD 'status'
2024-03-01 21:39:14.811 +00:00 [DBG] >LOG:1709329154,D,MANAGEMENT: CMD 'status'
2024-03-01 21:39:15.335 +00:00 [DBG] >LOG:1709329155,D,MANAGEMENT: CMD 'status'
2024-03-01 21:39:15.338 +00:00 [DBG] >LOG:1709329155,,MANAGEMENT: >STATE:1709329155,GET_CONFIG,,,,,,
2024-03-01 21:39:15.338 +00:00 [DBG] >LOG:1709329155,,SENT CONTROL [server]: 'PUSH_REQUEST' (status=1)
2024-03-01 21:39:17.935 +00:00 [DBG] >LOG:1709329155,,PUSH: Received control message: 'PUSH_REPLY,route 172.31.0.0 255.255.0.0,route-gateway 10.0.0.33,topology subnet,ping 1,ping-restart 20,echo,ifconfig 10.0.0.34 255.255.255.224,peer-id 0,cipher AES-256-GCM'
2024-03-01 21:39:17.935 +00:00 [DBG] >LOG:1709329155,,OPTIONS IMPORT: timers and/or timeouts modified
2024-03-01 21:39:17.935 +00:00 [DBG] >LOG:1709329155,,OPTIONS IMPORT: --ifconfig/up options modified
2024-03-01 21:39:17.936 +00:00 [DBG] >LOG:1709329155,,OPTIONS IMPORT: route options modified
2024-03-01 21:39:17.936 +00:00 [DBG] >LOG:1709329155,,OPTIONS IMPORT: route-related options modified
2024-03-01 21:39:17.936 +00:00 [DBG] >LOG:1709329155,,OPTIONS IMPORT: peer-id set
2024-03-01 21:39:17.936 +00:00 [DBG] >LOG:1709329155,,OPTIONS IMPORT: adjusting link_mtu to 1624
2024-03-01 21:39:17.936 +00:00 [DBG] >LOG:1709329155,,OPTIONS IMPORT: data channel crypto options modified
2024-03-01 21:39:17.936 +00:00 [DBG] >LOG:1709329155,,Outgoing Data Channel: Cipher 'AES-256-GCM' initialized with 256 bit key
2024-03-01 21:39:17.936 +00:00 [DBG] >LOG:1709329155,,Incoming Data Channel: Cipher 'AES-256-GCM' initialized with 256 bit key
2024-03-01 21:39:17.936 +00:00 [DBG] >LOG:1709329155,,ROUTE_GATEWAY 192.168.1.1/255.255.255.0 IFACE=en0 HWADDR=bc:d0:74:79:6b:44
2024-03-01 21:39:17.936 +00:00 [DBG] >LOG:1709329155,,Opening utun (connect(AF_SYS_CONTROL)): Resource busy (errno=16)
2024-03-01 21:39:17.937 +00:00 [DBG] >LOG:1709329155,,Opening utun (connect(AF_SYS_CONTROL)): Resource busy (errno=16)
2024-03-01 21:39:17.937 +00:00 [DBG] >LOG:1709329155,,Opening utun (connect(AF_SYS_CONTROL)): Resource busy (errno=16)
2024-03-01 21:39:17.937 +00:00 [DBG] >LOG:1709329155,,Opening utun (connect(AF_SYS_CONTROL)): Resource busy (errno=16)
2024-03-01 21:39:17.937 +00:00 [DBG] >LOG:1709329155,,Opening utun (connect(AF_SYS_CONTROL)): Resource busy (errno=16)
2024-03-01 21:39:17.937 +00:00 [DBG] >LOG:1709329155,,Opening utun (connect(AF_SYS_CONTROL)): Resource busy (errno=16)
2024-03-01 21:39:17.937 +00:00 [DBG] >LOG:1709329155,,Opening utun (connect(AF_SYS_CONTROL)): Resource busy (errno=16)
2024-03-01 21:39:17.937 +00:00 [DBG] >LOG:1709329155,I,Opened utun device utun7
2024-03-01 21:39:17.937 +00:00 [DBG] >LOG:1709329155,D,do_ifconfig, tt->did_ifconfig_ipv6_setup=0
2024-03-01 21:39:17.938 +00:00 [DBG] >LOG:1709329155,,MANAGEMENT: >STATE:1709329155,ASSIGN_IP,,10.0.0.34,,,,
2024-03-01 21:39:17.938 +00:00 [DBG] >LOG:1709329155,I,/sbin/ifconfig utun7 delete
2024-03-01 21:39:17.938 +00:00 [DBG] >LOG:1709329155,I,NOTE: Tried to delete pre-existing tun/tap instance -- No Problem if failure
2024-03-01 21:39:17.938 +00:00 [DBG] >LOG:1709329155,I,/sbin/ifconfig utun7 10.0.0.34 10.0.0.34 netmask 255.255.255.224 mtu 1500 up
2024-03-01 21:39:17.938 +00:00 [DBG] >LOG:1709329155,,/sbin/route add -net 10.0.0.32 10.0.0.34 255.255.255.224
2024-03-01 21:39:17.938 +00:00 [DBG] >LOG:1709329155,I,/Applications/AWS VPN Client/AWS VPN Client.app/Contents/Resources/openvpn/client.up utun7 1500 1552 10.0.0.34 255.255.255.224 init
2024-03-01 21:39:17.938 +00:00 [DBG] >LOG:1709329157,,MANAGEMENT: >STATE:1709329157,ADD_ROUTES,,,,,,
2024-03-01 21:39:17.939 +00:00 [DBG] >LOG:1709329157,,/sbin/route add -net 172.31.0.0 10.0.0.33 255.255.0.0
2024-03-01 21:39:17.939 +00:00 [DBG] >LOG:1709329157,I,Initialization Sequence Completed
2024-03-01 21:39:17.939 +00:00 [DBG] >LOG:1709329157,,MANAGEMENT: >STATE:1709329157,CONNECTED,SUCCESS,10.0.0.34,3.74.138.27,443,,
2024-03-01 21:39:20.146 +00:00 [DBG] >LOG:1709329157,D,MANAGEMENT: CMD 'status'
2024-03-01 21:39:20.171 +00:00 [DBG] >LOG:1709329157,D,MANAGEMENT: CMD 'status'
2024-03-01 21:39:20.177 +00:00 [DBG] >LOG:1709329157,D,MANAGEMENT: CMD 'status'
2024-03-01 21:39:20.206 +00:00 [DBG] >LOG:1709329158,D,MANAGEMENT: CMD 'status'
2024-03-01 21:39:20.207 +00:00 [DBG] >LOG:1709329159,D,MANAGEMENT: CMD 'status'
2024-03-01 21:39:20.680 +00:00 [DBG] >LOG:1709329160,D,MANAGEMENT: CMD 'status'
2024-03-01 21:49:20.431 +00:00 [DBG] >LOG:1709329760,D,MANAGEMENT: CMD 'status'
2024-03-01 21:49:20.431 +00:00 [DBG] >LOG:1709329760,I,[server] Inactivity timeout (--ping-restart), restarting
2024-03-01 21:49:20.431 +00:00 [DBG] >LOG:1709329760,,/sbin/route delete -net 172.31.0.0 10.0.0.33 255.255.0.0
2024-03-01 21:49:20.445 +00:00 [DBG] >LOG:1709329760,,Closing TUN/TAP interface
2024-03-01 21:49:20.446 +00:00 [DBG] >LOG:1709329760,I,/Applications/AWS VPN Client/AWS VPN Client.app/Contents/Resources/openvpn/client.down utun7 1500 1552 10.0.0.34 255.255.255.224 init
2024-03-01 21:49:21.818 +00:00 [DBG] >LOG:1709329761,I,SIGUSR1[soft,ping-restart] received, process restarting
2024-03-01 21:49:21.819 +00:00 [DBG] >LOG:1709329761,,MANAGEMENT: >STATE:1709329761,RECONNECTING,ping-restart,,,,,
2024-03-01 21:49:21.856 +00:00 [DBG] >LOG:1709329761,,Restart pause, 5 second(s)
2024-03-01 21:49:21.856 +00:00 [DBG] >LOG:1709329761,D,MANAGEMENT: CMD 'status'
2024-03-01 21:49:22.368 +00:00 [DBG] >LOG:1709329762,D,MANAGEMENT: CMD 'status'
2024-03-01 21:49:22.878 +00:00 [DBG] >LOG:1709329762,D,MANAGEMENT: CMD 'status'
2024-03-01 21:49:23.386 +00:00 [DBG] >LOG:1709329763,D,MANAGEMENT: CMD 'status'
2024-03-01 21:49:23.900 +00:00 [DBG] >LOG:1709329763,D,MANAGEMENT: CMD 'status'
2024-03-01 21:49:24.407 +00:00 [DBG] >LOG:1709329764,D,MANAGEMENT: CMD 'status'
2024-03-01 21:49:24.918 +00:00 [DBG] >LOG:1709329764,D,MANAGEMENT: CMD 'status'
2024-03-01 21:49:25.431 +00:00 [DBG] >LOG:1709329765,D,MANAGEMENT: CMD 'status'
2024-03-01 21:49:25.939 +00:00 [DBG] >LOG:1709329765,D,MANAGEMENT: CMD 'status'
2024-03-01 21:49:26.448 +00:00 [DBG] >LOG:1709329766,D,MANAGEMENT: CMD 'status'
2024-03-01 21:49:26.455 +00:00 [DBG] >LOG:1709329766,W,NOTE: the current --script-security setting may allow this configuration to call user-defined scripts
2024-03-01 21:49:26.456 +00:00 [DBG] >LOG:1709329766,I,TCP/UDP: Preserving recently used remote address: [AF_INET]3.74.138.27:443
2024-03-01 21:49:26.456 +00:00 [DBG] >LOG:1709329766,,Socket Buffers: R=[786896->786896] S=[9216->9216]
2024-03-01 21:49:26.456 +00:00 [DBG] >LOG:1709329766,I,UDP link local: (not bound)
2024-03-01 21:49:26.456 +00:00 [DBG] >LOG:1709329766,I,UDP link remote: [AF_INET]3.74.138.27:443
2024-03-01 21:49:26.457 +00:00 [DBG] >LOG:1709329766,,MANAGEMENT: >STATE:1709329766,WAIT,,,,,,
2024-03-01 21:49:26.512 +00:00 [DBG] >LOG:1709329766,,MANAGEMENT: >STATE:1709329766,AUTH,,,,,,
2024-03-01 21:49:26.512 +00:00 [DBG] >LOG:1709329766,,TLS: Initial packet from [AF_INET]3.74.138.27:443, sid=61fcffe9 67e382e2
2024-03-01 21:49:26.572 +00:00 [DBG] >LOG:1709329766,,VERIFY OK: depth=1, CN=ishchenkogv
2024-03-01 21:49:26.572 +00:00 [DBG] >LOG:1709329766,,VERIFY KU OK
2024-03-01 21:49:26.572 +00:00 [DBG] >LOG:1709329766,,Validating certificate extended key usage
2024-03-01 21:49:26.572 +00:00 [DBG] >LOG:1709329766,,++ Certificate has EKU (str) TLS Web Server Authentication, expects TLS Web Server Authentication
2024-03-01 21:49:26.572 +00:00 [DBG] >LOG:1709329766,,VERIFY EKU OK
2024-03-01 21:49:26.572 +00:00 [DBG] >LOG:1709329766,,VERIFY X509NAME OK: CN=server
2024-03-01 21:49:26.573 +00:00 [DBG] >LOG:1709329766,,VERIFY OK: depth=0, CN=server
2024-03-01 21:49:26.666 +00:00 [DBG] >LOG:1709329766,,Control Channel: TLSv1.2, cipher TLSv1/SSLv3 ECDHE-RSA-AES256-GCM-SHA384, 2048 bit RSA
2024-03-01 21:49:26.666 +00:00 [DBG] >LOG:1709329766,I,[server] Peer Connection Initiated with [AF_INET]3.74.138.27:443
2024-03-01 21:49:26.958 +00:00 [DBG] >LOG:1709329766,D,MANAGEMENT: CMD 'status'
2024-03-01 21:49:27.467 +00:00 [DBG] >LOG:1709329767,D,MANAGEMENT: CMD 'status'
2024-03-01 21:49:27.472 +00:00 [DBG] >LOG:1709329767,,MANAGEMENT: >STATE:1709329767,GET_CONFIG,,,,,,
2024-03-01 21:49:27.472 +00:00 [DBG] >LOG:1709329767,,SENT CONTROL [server]: 'PUSH_REQUEST' (status=1)
2024-03-01 22:07:22.063 +00:00 [DBG] >LOG:1709329767,,PUSH: Received control message: 'PUSH_REPLY,route 172.31.0.0 255.255.0.0,route-gateway 10.0.0.1,topology subnet,ping 1,ping-restart 20,echo,ifconfig 10.0.0.2 255.255.255.224,peer-id 0,cipher AES-256-GCM'
2024-03-01 22:07:22.064 +00:00 [DBG] >LOG:1709329767,,OPTIONS IMPORT: timers and/or timeouts modified
2024-03-01 22:07:22.064 +00:00 [DBG] >LOG:1709329767,,OPTIONS IMPORT: --ifconfig/up options modified
2024-03-01 22:07:22.064 +00:00 [DBG] >LOG:1709329767,,OPTIONS IMPORT: route options modified
2024-03-01 22:07:22.064 +00:00 [DBG] >LOG:1709329767,,OPTIONS IMPORT: route-related options modified
2024-03-01 22:07:22.064 +00:00 [DBG] >LOG:1709329767,,OPTIONS IMPORT: peer-id set
2024-03-01 22:07:22.064 +00:00 [DBG] >LOG:1709329767,,OPTIONS IMPORT: adjusting link_mtu to 1624
2024-03-01 22:07:22.064 +00:00 [DBG] >LOG:1709329767,,OPTIONS IMPORT: data channel crypto options modified
2024-03-01 22:07:22.065 +00:00 [DBG] >LOG:1709329767,,Outgoing Data Channel: Cipher 'AES-256-GCM' initialized with 256 bit key
2024-03-01 22:07:22.065 +00:00 [DBG] >LOG:1709329767,,Incoming Data Channel: Cipher 'AES-256-GCM' initialized with 256 bit key
2024-03-01 22:07:22.065 +00:00 [DBG] >LOG:1709329767,,ROUTE_GATEWAY 192.168.1.1/255.255.255.0 IFACE=en0 HWADDR=bc:d0:74:79:6b:44
2024-03-01 22:07:22.065 +00:00 [DBG] >LOG:1709329767,,Opening utun (connect(AF_SYS_CONTROL)): Resource busy (errno=16)
2024-03-01 22:07:22.065 +00:00 [DBG] >LOG:1709329767,,Opening utun (connect(AF_SYS_CONTROL)): Resource busy (errno=16)
2024-03-01 22:07:22.065 +00:00 [DBG] >LOG:1709329767,,Opening utun (connect(AF_SYS_CONTROL)): Resource busy (errno=16)
2024-03-01 22:07:22.065 +00:00 [DBG] >LOG:1709329767,,Opening utun (connect(AF_SYS_CONTROL)): Resource busy (errno=16)
2024-03-01 22:07:22.065 +00:00 [DBG] >LOG:1709329767,,Opening utun (connect(AF_SYS_CONTROL)): Resource busy (errno=16)
2024-03-01 22:07:22.066 +00:00 [DBG] >LOG:1709329767,,Opening utun (connect(AF_SYS_CONTROL)): Resource busy (errno=16)
2024-03-01 22:07:22.066 +00:00 [DBG] >LOG:1709329767,,Opening utun (connect(AF_SYS_CONTROL)): Resource busy (errno=16)
2024-03-01 22:07:22.066 +00:00 [DBG] >LOG:1709329767,I,Opened utun device utun7
2024-03-01 22:07:22.066 +00:00 [DBG] >LOG:1709329767,D,do_ifconfig, tt->did_ifconfig_ipv6_setup=0
2024-03-01 22:07:22.066 +00:00 [DBG] >LOG:1709329767,,MANAGEMENT: >STATE:1709329767,ASSIGN_IP,,10.0.0.2,,,,
2024-03-01 22:07:22.066 +00:00 [DBG] >LOG:1709329767,I,/sbin/ifconfig utun7 delete
2024-03-01 22:07:22.066 +00:00 [DBG] >LOG:1709329767,I,NOTE: Tried to delete pre-existing tun/tap instance -- No Problem if failure
2024-03-01 22:07:22.066 +00:00 [DBG] >LOG:1709329767,I,/sbin/ifconfig utun7 10.0.0.2 10.0.0.2 netmask 255.255.255.224 mtu 1500 up
2024-03-01 22:07:22.067 +00:00 [DBG] >LOG:1709329767,,/sbin/route add -net 10.0.0.0 10.0.0.2 255.255.255.224
2024-03-01 22:07:22.067 +00:00 [DBG] >LOG:1709329767,I,/Applications/AWS VPN Client/AWS VPN Client.app/Contents/Resources/openvpn/client.up utun7 1500 1552 10.0.0.2 255.255.255.224 init
2024-03-01 22:07:22.067 +00:00 [DBG] >LOG:1709330842,,MANAGEMENT: >STATE:1709330842,ADD_ROUTES,,,,,,
2024-03-01 22:07:22.067 +00:00 [DBG] >LOG:1709330842,,/sbin/route add -net 172.31.0.0 10.0.0.1 255.255.0.0
2024-03-01 22:07:22.067 +00:00 [DBG] >LOG:1709330842,I,Initialization Sequence Completed
2024-03-01 22:07:22.067 +00:00 [DBG] >LOG:1709330842,,MANAGEMENT: >STATE:1709330842,CONNECTED,SUCCESS,10.0.0.2,3.74.138.27,443,,
2024-03-01 22:07:24.122 +00:00 [DBG] >LOG:1709330842,I,[server] Inactivity timeout (--ping-restart), restarting
2024-03-01 22:07:24.137 +00:00 [DBG] >LOG:1709330842,,/sbin/route delete -net 172.31.0.0 10.0.0.1 255.255.0.0
2024-03-01 22:07:24.137 +00:00 [DBG] >LOG:1709330842,,Closing TUN/TAP interface
2024-03-01 22:07:24.138 +00:00 [DBG] >LOG:1709330842,I,/Applications/AWS VPN Client/AWS VPN Client.app/Contents/Resources/openvpn/client.down utun7 1500 1552 10.0.0.2 255.255.255.224 init
2024-03-01 22:07:24.138 +00:00 [DBG] >LOG:1709330843,I,SIGUSR1[soft,ping-restart] received, process restarting
2024-03-01 22:07:24.138 +00:00 [DBG] >LOG:1709330843,,MANAGEMENT: >STATE:1709330843,RECONNECTING,ping-restart,,,,,
2024-03-01 22:07:24.213 +00:00 [DBG] >LOG:1709330843,,Restart pause, 5 second(s)
2024-03-01 22:07:24.213 +00:00 [DBG] >LOG:1709330843,D,MANAGEMENT: CMD 'status'
2024-03-01 22:07:24.218 +00:00 [DBG] >LOG:1709330843,D,MANAGEMENT: CMD 'status'
2024-03-01 22:07:24.219 +00:00 [DBG] >LOG:1709330843,D,MANAGEMENT: CMD 'status'
2024-03-01 22:07:24.220 +00:00 [DBG] >LOG:1709330843,D,MANAGEMENT: CMD 'status'
2024-03-01 22:07:24.221 +00:00 [DBG] >LOG:1709330843,D,MANAGEMENT: CMD 'status'
2024-03-01 22:07:24.733 +00:00 [DBG] >LOG:1709330844,D,MANAGEMENT: CMD 'status'
2024-03-01 22:07:25.243 +00:00 [DBG] >LOG:1709330845,D,MANAGEMENT: CMD 'status'
2024-03-01 22:07:25.769 +00:00 [DBG] >LOG:1709330845,D,MANAGEMENT: CMD 'status'
2024-03-01 22:07:26.279 +00:00 [DBG] >LOG:1709330846,D,MANAGEMENT: CMD 'status'
2024-03-01 22:07:26.792 +00:00 [DBG] >LOG:1709330846,D,MANAGEMENT: CMD 'status'
2024-03-01 22:07:27.300 +00:00 [DBG] >LOG:1709330847,D,MANAGEMENT: CMD 'status'
2024-03-01 22:22:35.794 +00:00 [DBG] >LOG:1709331755,D,MANAGEMENT: CMD 'status'
2024-03-01 22:22:35.797 +00:00 [DBG] >LOG:1709331755,W,NOTE: the current --script-security setting may allow this configuration to call user-defined scripts
2024-03-01 22:22:35.797 +00:00 [DBG] >LOG:1709331755,I,TCP/UDP: Preserving recently used remote address: [AF_INET]3.74.138.27:443
2024-03-01 22:22:35.797 +00:00 [DBG] >LOG:1709331755,,Socket Buffers: R=[786896->786896] S=[9216->9216]
2024-03-01 22:22:35.797 +00:00 [DBG] >LOG:1709331755,I,UDP link local: (not bound)
2024-03-01 22:22:35.797 +00:00 [DBG] >LOG:1709331755,I,UDP link remote: [AF_INET]3.74.138.27:443
2024-03-01 22:22:35.797 +00:00 [DBG] >LOG:1709331755,,MANAGEMENT: >STATE:1709331755,WAIT,,,,,,
2024-03-01 22:22:36.080 +00:00 [DBG] >LOG:1709331756,,MANAGEMENT: >STATE:1709331756,AUTH,,,,,,
2024-03-01 22:22:36.081 +00:00 [DBG] >LOG:1709331756,,TLS: Initial packet from [AF_INET]3.74.138.27:443, sid=e99eeed8 817290a8
2024-03-01 22:22:36.178 +00:00 [DBG] >LOG:1709331756,,VERIFY OK: depth=1, CN=ishchenkogv
2024-03-01 22:22:36.178 +00:00 [DBG] >LOG:1709331756,,VERIFY KU OK
2024-03-01 22:22:36.178 +00:00 [DBG] >LOG:1709331756,,Validating certificate extended key usage
2024-03-01 22:22:36.178 +00:00 [DBG] >LOG:1709331756,,++ Certificate has EKU (str) TLS Web Server Authentication, expects TLS Web Server Authentication
2024-03-01 22:22:36.178 +00:00 [DBG] >LOG:1709331756,,VERIFY EKU OK
2024-03-01 22:22:36.178 +00:00 [DBG] >LOG:1709331756,,VERIFY X509NAME OK: CN=server
2024-03-01 22:22:36.178 +00:00 [DBG] >LOG:1709331756,,VERIFY OK: depth=0, CN=server
2024-03-01 22:22:36.285 +00:00 [DBG] >LOG:1709331756,,Control Channel: TLSv1.2, cipher TLSv1/SSLv3 ECDHE-RSA-AES256-GCM-SHA384, 2048 bit RSA
2024-03-01 22:22:36.285 +00:00 [DBG] >LOG:1709331756,I,[server] Peer Connection Initiated with [AF_INET]3.74.138.27:443
2024-03-01 22:22:36.300 +00:00 [DBG] >LOG:1709331756,D,MANAGEMENT: CMD 'status'
2024-03-01 22:22:36.807 +00:00 [DBG] >LOG:1709331756,D,MANAGEMENT: CMD 'status'
2024-03-01 22:22:37.358 +00:00 [DBG] >LOG:1709331757,D,MANAGEMENT: CMD 'status'
2024-03-01 22:22:37.362 +00:00 [DBG] >LOG:1709331757,,MANAGEMENT: >STATE:1709331757,GET_CONFIG,,,,,,
2024-03-01 22:22:37.362 +00:00 [DBG] >LOG:1709331757,,SENT CONTROL [server]: 'PUSH_REQUEST' (status=1)
2024-03-01 22:22:40.044 +00:00 [DBG] >LOG:1709331757,,PUSH: Received control message: 'PUSH_REPLY,route 172.31.0.0 255.255.0.0,route-gateway 10.0.0.1,topology subnet,ping 1,ping-restart 20,echo,ifconfig 10.0.0.2 255.255.255.224,peer-id 0,cipher AES-256-GCM'
2024-03-01 22:22:40.044 +00:00 [DBG] >LOG:1709331757,,OPTIONS IMPORT: timers and/or timeouts modified
2024-03-01 22:22:40.044 +00:00 [DBG] >LOG:1709331757,,OPTIONS IMPORT: --ifconfig/up options modified
2024-03-01 22:22:40.045 +00:00 [DBG] >LOG:1709331757,,OPTIONS IMPORT: route options modified
2024-03-01 22:22:40.045 +00:00 [DBG] >LOG:1709331757,,OPTIONS IMPORT: route-related options modified
2024-03-01 22:22:40.045 +00:00 [DBG] >LOG:1709331757,,OPTIONS IMPORT: peer-id set
2024-03-01 22:22:40.045 +00:00 [DBG] >LOG:1709331757,,OPTIONS IMPORT: adjusting link_mtu to 1624
2024-03-01 22:22:40.045 +00:00 [DBG] >LOG:1709331757,,OPTIONS IMPORT: data channel crypto options modified
2024-03-01 22:22:40.045 +00:00 [DBG] >LOG:1709331757,,Outgoing Data Channel: Cipher 'AES-256-GCM' initialized with 256 bit key
2024-03-01 22:22:40.045 +00:00 [DBG] >LOG:1709331757,,Incoming Data Channel: Cipher 'AES-256-GCM' initialized with 256 bit key
2024-03-01 22:22:40.046 +00:00 [DBG] >LOG:1709331757,,ROUTE_GATEWAY 192.168.1.1/255.255.255.0 IFACE=en0 HWADDR=bc:d0:74:79:6b:44
2024-03-01 22:22:40.046 +00:00 [DBG] >LOG:1709331757,,Opening utun (connect(AF_SYS_CONTROL)): Resource busy (errno=16)
2024-03-01 22:22:40.046 +00:00 [DBG] >LOG:1709331757,,Opening utun (connect(AF_SYS_CONTROL)): Resource busy (errno=16)
2024-03-01 22:22:40.046 +00:00 [DBG] >LOG:1709331757,,Opening utun (connect(AF_SYS_CONTROL)): Resource busy (errno=16)
2024-03-01 22:22:40.046 +00:00 [DBG] >LOG:1709331757,,Opening utun (connect(AF_SYS_CONTROL)): Resource busy (errno=16)
2024-03-01 22:22:40.047 +00:00 [DBG] >LOG:1709331757,,Opening utun (connect(AF_SYS_CONTROL)): Resource busy (errno=16)
2024-03-01 22:22:40.047 +00:00 [DBG] >LOG:1709331757,,Opening utun (connect(AF_SYS_CONTROL)): Resource busy (errno=16)
2024-03-01 22:22:40.047 +00:00 [DBG] >LOG:1709331757,,Opening utun (connect(AF_SYS_CONTROL)): Resource busy (errno=16)
2024-03-01 22:22:40.047 +00:00 [DBG] >LOG:1709331757,I,Opened utun device utun7
2024-03-01 22:22:40.047 +00:00 [DBG] >LOG:1709331757,D,do_ifconfig, tt->did_ifconfig_ipv6_setup=0
2024-03-01 22:22:40.047 +00:00 [DBG] >LOG:1709331757,,MANAGEMENT: >STATE:1709331757,ASSIGN_IP,,10.0.0.2,,,,
2024-03-01 22:22:40.047 +00:00 [DBG] >LOG:1709331757,I,/sbin/ifconfig utun7 delete
2024-03-01 22:22:40.048 +00:00 [DBG] >LOG:1709331757,I,NOTE: Tried to delete pre-existing tun/tap instance -- No Problem if failure
2024-03-01 22:22:40.048 +00:00 [DBG] >LOG:1709331757,I,/sbin/ifconfig utun7 10.0.0.2 10.0.0.2 netmask 255.255.255.224 mtu 1500 up
2024-03-01 22:22:40.048 +00:00 [DBG] >LOG:1709331757,,/sbin/route add -net 10.0.0.0 10.0.0.2 255.255.255.224
2024-03-01 22:22:40.048 +00:00 [DBG] >LOG:1709331757,I,/Applications/AWS VPN Client/AWS VPN Client.app/Contents/Resources/openvpn/client.up utun7 1500 1552 10.0.0.2 255.255.255.224 init
2024-03-01 22:22:40.048 +00:00 [DBG] >LOG:1709331760,,MANAGEMENT: >STATE:1709331760,ADD_ROUTES,,,,,,
2024-03-01 22:22:40.048 +00:00 [DBG] >LOG:1709331760,,/sbin/route add -net 172.31.0.0 10.0.0.1 255.255.0.0
2024-03-01 22:22:40.048 +00:00 [DBG] >LOG:1709331760,I,Initialization Sequence Completed
2024-03-01 22:22:40.049 +00:00 [DBG] >LOG:1709331760,,MANAGEMENT: >STATE:1709331760,CONNECTED,SUCCESS,10.0.0.2,3.74.138.27,443,,
2024-03-01 22:38:03.982 +00:00 [DBG] >LOG:1709331760,D,MANAGEMENT: CMD 'status'
2024-03-01 22:38:03.993 +00:00 [DBG] >LOG:1709331760,D,MANAGEMENT: CMD 'status'
2024-03-01 22:38:03.994 +00:00 [DBG] >LOG:1709331760,D,MANAGEMENT: CMD 'status'
2024-03-01 22:38:03.994 +00:00 [DBG] >LOG:1709331760,D,MANAGEMENT: CMD 'status'
2024-03-01 22:38:03.995 +00:00 [DBG] >LOG:1709332683,D,MANAGEMENT: CMD 'status'
2024-03-01 22:38:03.995 +00:00 [DBG] >LOG:1709332683,I,[server] Inactivity timeout (--ping-restart), restarting
2024-03-01 22:38:03.995 +00:00 [DBG] >LOG:1709332683,,/sbin/route delete -net 172.31.0.0 10.0.0.1 255.255.0.0
2024-03-01 22:38:03.996 +00:00 [DBG] >LOG:1709332683,,Closing TUN/TAP interface
2024-03-01 22:38:03.996 +00:00 [DBG] >LOG:1709332683,I,/Applications/AWS VPN Client/AWS VPN Client.app/Contents/Resources/openvpn/client.down utun7 1500 1552 10.0.0.2 255.255.255.224 init
2024-03-01 22:38:05.231 +00:00 [DBG] >LOG:1709332685,I,SIGUSR1[soft,ping-restart] received, process restarting
2024-03-01 22:38:05.233 +00:00 [DBG] >LOG:1709332685,,MANAGEMENT: >STATE:1709332685,RECONNECTING,ping-restart,,,,,
2024-03-01 22:38:05.277 +00:00 [DBG] >LOG:1709332685,,Restart pause, 5 second(s)
2024-03-01 22:38:05.277 +00:00 [DBG] >LOG:1709332685,D,MANAGEMENT: CMD 'status'
2024-03-01 22:38:05.785 +00:00 [DBG] >LOG:1709332685,D,MANAGEMENT: CMD 'status'
2024-03-01 22:38:06.296 +00:00 [DBG] >LOG:1709332686,D,MANAGEMENT: CMD 'status'
2024-03-01 22:38:06.810 +00:00 [DBG] >LOG:1709332686,D,MANAGEMENT: CMD 'status'
2024-03-01 22:38:07.318 +00:00 [DBG] >LOG:1709332687,D,MANAGEMENT: CMD 'status'
2024-03-01 22:38:07.854 +00:00 [DBG] >LOG:1709332687,D,MANAGEMENT: CMD 'status'
2024-03-01 22:38:08.368 +00:00 [DBG] >LOG:1709332688,D,MANAGEMENT: CMD 'status'
2024-03-01 22:38:08.876 +00:00 [DBG] >LOG:1709332688,D,MANAGEMENT: CMD 'status'
2024-03-01 22:38:09.388 +00:00 [DBG] >LOG:1709332689,D,MANAGEMENT: CMD 'status'
2024-03-01 22:48:29.128 +00:00 [DBG] >LOG:1709333309,D,MANAGEMENT: CMD 'status'
2024-03-01 22:48:29.133 +00:00 [DBG] >LOG:1709333309,W,NOTE: the current --script-security setting may allow this configuration to call user-defined scripts
2024-03-01 22:48:29.134 +00:00 [DBG] >LOG:1709333309,I,TCP/UDP: Preserving recently used remote address: [AF_INET]3.74.138.27:443
2024-03-01 22:48:29.134 +00:00 [DBG] >LOG:1709333309,,Socket Buffers: R=[786896->786896] S=[9216->9216]
2024-03-01 22:48:29.134 +00:00 [DBG] >LOG:1709333309,I,UDP link local: (not bound)
2024-03-01 22:48:29.134 +00:00 [DBG] >LOG:1709333309,I,UDP link remote: [AF_INET]3.74.138.27:443
2024-03-01 22:48:29.134 +00:00 [DBG] >LOG:1709333309,,MANAGEMENT: >STATE:1709333309,WAIT,,,,,,
2024-03-01 22:48:29.193 +00:00 [DBG] >LOG:1709333309,,MANAGEMENT: >STATE:1709333309,AUTH,,,,,,
2024-03-01 22:48:29.193 +00:00 [DBG] >LOG:1709333309,,TLS: Initial packet from [AF_INET]3.74.138.27:443, sid=29843e51 70846a16
2024-03-01 22:48:29.266 +00:00 [DBG] >LOG:1709333309,,VERIFY OK: depth=1, CN=ishchenkogv
2024-03-01 22:48:29.266 +00:00 [DBG] >LOG:1709333309,,VERIFY KU OK
2024-03-01 22:48:29.266 +00:00 [DBG] >LOG:1709333309,,Validating certificate extended key usage
2024-03-01 22:48:29.267 +00:00 [DBG] >LOG:1709333309,,++ Certificate has EKU (str) TLS Web Server Authentication, expects TLS Web Server Authentication
2024-03-01 22:48:29.267 +00:00 [DBG] >LOG:1709333309,,VERIFY EKU OK
2024-03-01 22:48:29.267 +00:00 [DBG] >LOG:1709333309,,VERIFY X509NAME OK: CN=server
2024-03-01 22:48:29.268 +00:00 [DBG] >LOG:1709333309,,VERIFY OK: depth=0, CN=server
2024-03-01 22:48:29.380 +00:00 [DBG] >LOG:1709333309,,Control Channel: TLSv1.2, cipher TLSv1/SSLv3 ECDHE-RSA-AES256-GCM-SHA384, 2048 bit RSA
2024-03-01 22:48:29.381 +00:00 [DBG] >LOG:1709333309,I,[server] Peer Connection Initiated with [AF_INET]3.74.138.27:443
2024-03-01 22:48:29.636 +00:00 [DBG] >LOG:1709333309,D,MANAGEMENT: CMD 'status'
2024-03-01 22:48:30.141 +00:00 [DBG] >LOG:1709333310,D,MANAGEMENT: CMD 'status'
2024-03-01 22:48:30.143 +00:00 [DBG] >LOG:1709333310,,MANAGEMENT: >STATE:1709333310,GET_CONFIG,,,,,,
2024-03-01 22:48:30.143 +00:00 [DBG] >LOG:1709333310,,SENT CONTROL [server]: 'PUSH_REQUEST' (status=1)
2024-03-01 22:48:32.701 +00:00 [DBG] >LOG:1709333310,,PUSH: Received control message: 'PUSH_REPLY,route 172.31.0.0 255.255.0.0,route-gateway 10.0.0.33,topology subnet,ping 1,ping-restart 20,echo,ifconfig 10.0.0.34 255.255.255.224,peer-id 0,cipher AES-256-GCM'
2024-03-01 22:48:32.701 +00:00 [DBG] >LOG:1709333310,,OPTIONS IMPORT: timers and/or timeouts modified
2024-03-01 22:48:32.701 +00:00 [DBG] >LOG:1709333310,,OPTIONS IMPORT: --ifconfig/up options modified
2024-03-01 22:48:32.701 +00:00 [DBG] >LOG:1709333310,,OPTIONS IMPORT: route options modified
2024-03-01 22:48:32.701 +00:00 [DBG] >LOG:1709333310,,OPTIONS IMPORT: route-related options modified
2024-03-01 22:48:32.701 +00:00 [DBG] >LOG:1709333310,,OPTIONS IMPORT: peer-id set
2024-03-01 22:48:32.701 +00:00 [DBG] >LOG:1709333310,,OPTIONS IMPORT: adjusting link_mtu to 1624
2024-03-01 22:48:32.702 +00:00 [DBG] >LOG:1709333310,,OPTIONS IMPORT: data channel crypto options modified
2024-03-01 22:48:32.702 +00:00 [DBG] >LOG:1709333310,,Outgoing Data Channel: Cipher 'AES-256-GCM' initialized with 256 bit key
2024-03-01 22:48:32.702 +00:00 [DBG] >LOG:1709333310,,Incoming Data Channel: Cipher 'AES-256-GCM' initialized with 256 bit key
2024-03-01 22:48:32.702 +00:00 [DBG] >LOG:1709333310,,ROUTE_GATEWAY 192.168.1.1/255.255.255.0 IFACE=en0 HWADDR=bc:d0:74:79:6b:44
2024-03-01 22:48:32.702 +00:00 [DBG] >LOG:1709333310,,Opening utun (connect(AF_SYS_CONTROL)): Resource busy (errno=16)
2024-03-01 22:48:32.702 +00:00 [DBG] >LOG:1709333310,,Opening utun (connect(AF_SYS_CONTROL)): Resource busy (errno=16)
2024-03-01 22:48:32.703 +00:00 [DBG] >LOG:1709333310,,Opening utun (connect(AF_SYS_CONTROL)): Resource busy (errno=16)
2024-03-01 22:48:32.703 +00:00 [DBG] >LOG:1709333310,,Opening utun (connect(AF_SYS_CONTROL)): Resource busy (errno=16)
2024-03-01 22:48:32.703 +00:00 [DBG] >LOG:1709333310,,Opening utun (connect(AF_SYS_CONTROL)): Resource busy (errno=16)
2024-03-01 22:48:32.703 +00:00 [DBG] >LOG:1709333310,,Opening utun (connect(AF_SYS_CONTROL)): Resource busy (errno=16)
2024-03-01 22:48:32.703 +00:00 [DBG] >LOG:1709333310,,Opening utun (connect(AF_SYS_CONTROL)): Resource busy (errno=16)
2024-03-01 22:48:32.703 +00:00 [DBG] >LOG:1709333310,I,Opened utun device utun7
2024-03-01 22:48:32.703 +00:00 [DBG] >LOG:1709333310,D,do_ifconfig, tt->did_ifconfig_ipv6_setup=0
2024-03-01 22:48:32.707 +00:00 [DBG] >LOG:1709333310,,MANAGEMENT: >STATE:1709333310,ASSIGN_IP,,10.0.0.34,,,,
2024-03-01 22:48:32.707 +00:00 [DBG] >LOG:1709333310,I,/sbin/ifconfig utun7 delete
2024-03-01 22:48:32.707 +00:00 [DBG] >LOG:1709333310,I,NOTE: Tried to delete pre-existing tun/tap instance -- No Problem if failure
2024-03-01 22:48:32.707 +00:00 [DBG] >LOG:1709333310,I,/sbin/ifconfig utun7 10.0.0.34 10.0.0.34 netmask 255.255.255.224 mtu 1500 up
2024-03-01 22:48:32.707 +00:00 [DBG] >LOG:1709333310,,/sbin/route add -net 10.0.0.32 10.0.0.34 255.255.255.224
2024-03-01 22:48:32.707 +00:00 [DBG] >LOG:1709333310,I,/Applications/AWS VPN Client/AWS VPN Client.app/Contents/Resources/openvpn/client.up utun7 1500 1552 10.0.0.34 255.255.255.224 init
2024-03-01 22:48:32.708 +00:00 [DBG] >LOG:1709333312,,MANAGEMENT: >STATE:1709333312,ADD_ROUTES,,,,,,
2024-03-01 22:48:32.708 +00:00 [DBG] >LOG:1709333312,,/sbin/route add -net 172.31.0.0 10.0.0.33 255.255.0.0
2024-03-01 22:48:32.708 +00:00 [DBG] >LOG:1709333312,I,Initialization Sequence Completed
2024-03-01 22:48:32.708 +00:00 [DBG] >LOG:1709333312,,MANAGEMENT: >STATE:1709333312,CONNECTED,SUCCESS,10.0.0.34,3.74.138.27,443,,
2024-03-01 22:48:34.806 +00:00 [DBG] >LOG:1709333312,D,MANAGEMENT: CMD 'status'
2024-03-01 22:48:34.810 +00:00 [DBG] >LOG:1709333312,D,MANAGEMENT: CMD 'status'
2024-03-01 22:48:34.813 +00:00 [DBG] >LOG:1709333312,D,MANAGEMENT: CMD 'status'
2024-03-01 22:48:34.832 +00:00 [DBG] >LOG:1709333313,D,MANAGEMENT: CMD 'status'
2024-03-01 22:48:34.835 +00:00 [DBG] >LOG:1709333314,D,MANAGEMENT: CMD 'status'
2024-03-01 22:48:35.322 +00:00 [DBG] >LOG:1709333315,D,MANAGEMENT: CMD 'status'
2024-03-01 22:48:35.831 +00:00 [DBG] >LOG:1709333315,D,MANAGEMENT: CMD 'status'
2024-03-01 22:48:36.342 +00:00 [DBG] >LOG:1709333316,D,MANAGEMENT: CMD 'status'
2024-03-01 22:48:36.860 +00:00 [DBG] >LOG:1709333316,D,MANAGEMENT: CMD 'status'
2024-03-01 22:48:37.371 +00:00 [DBG] >LOG:1709333317,D,MANAGEMENT: CMD 'status'
2024-03-01 22:48:37.878 +00:00 [DBG] >LOG:1709333317,D,MANAGEMENT: CMD 'status'
2024-03-01 22:48:38.395 +00:00 [DBG] >LOG:1709333318,D,MANAGEMENT: CMD 'status'
2024-03-01 22:55:35.949 +00:00 [DBG] >LOG:1709333735,D,MANAGEMENT: CMD 'status'
2024-03-01 22:55:35.960 +00:00 [DBG] >LOG:1709333735,I,[server] Inactivity timeout (--ping-restart), restarting
2024-03-01 22:55:35.961 +00:00 [DBG] >LOG:1709333735,,/sbin/route delete -net 172.31.0.0 10.0.0.33 255.255.0.0
2024-03-01 22:55:36.028 +00:00 [DBG] >LOG:1709333736,,Closing TUN/TAP interface
2024-03-01 22:55:36.028 +00:00 [DBG] >LOG:1709333736,I,/Applications/AWS VPN Client/AWS VPN Client.app/Contents/Resources/openvpn/client.down utun7 1500 1552 10.0.0.34 255.255.255.224 init
2024-03-01 22:55:37.427 +00:00 [DBG] >LOG:1709333737,I,SIGUSR1[soft,ping-restart] received, process restarting
2024-03-01 22:55:37.428 +00:00 [DBG] >LOG:1709333737,,MANAGEMENT: >STATE:1709333737,RECONNECTING,ping-restart,,,,,
2024-03-01 22:55:37.472 +00:00 [DBG] >LOG:1709333737,,Restart pause, 5 second(s)
2024-03-01 22:55:37.472 +00:00 [DBG] >LOG:1709333737,D,MANAGEMENT: CMD 'status'
2024-03-01 22:55:37.475 +00:00 [DBG] >LOG:1709333737,D,MANAGEMENT: CMD 'status'
2024-03-01 22:55:37.979 +00:00 [DBG] >LOG:1709333737,D,MANAGEMENT: CMD 'status'
2024-03-01 22:55:38.484 +00:00 [DBG] >LOG:1709333738,D,MANAGEMENT: CMD 'status'
2024-03-01 22:55:38.993 +00:00 [DBG] >LOG:1709333738,D,MANAGEMENT: CMD 'status'
2024-03-01 22:55:39.498 +00:00 [DBG] >LOG:1709333739,D,MANAGEMENT: CMD 'status'
2024-03-01 22:55:40.005 +00:00 [DBG] >LOG:1709333740,D,MANAGEMENT: CMD 'status'
2024-03-01 22:55:40.526 +00:00 [DBG] >LOG:1709333740,D,MANAGEMENT: CMD 'status'
2024-03-01 22:55:41.078 +00:00 [DBG] >LOG:1709333741,D,MANAGEMENT: CMD 'status'
2024-03-01 22:55:41.587 +00:00 [DBG] >LOG:1709333741,D,MANAGEMENT: CMD 'status'
2024-03-01 22:55:42.104 +00:00 [DBG] >LOG:1709333742,D,MANAGEMENT: CMD 'status'
2024-03-01 22:55:42.107 +00:00 [DBG] >LOG:1709333742,W,NOTE: the current --script-security setting may allow this configuration to call user-defined scripts
2024-03-01 22:55:42.107 +00:00 [DBG] >LOG:1709333742,I,TCP/UDP: Preserving recently used remote address: [AF_INET]3.74.138.27:443
2024-03-01 22:55:42.107 +00:00 [DBG] >LOG:1709333742,,Socket Buffers: R=[786896->786896] S=[9216->9216]
2024-03-01 22:55:42.107 +00:00 [DBG] >LOG:1709333742,I,UDP link local: (not bound)
2024-03-01 22:55:42.107 +00:00 [DBG] >LOG:1709333742,I,UDP link remote: [AF_INET]3.74.138.27:443
2024-03-01 22:55:42.107 +00:00 [DBG] >LOG:1709333742,,MANAGEMENT: >STATE:1709333742,WAIT,,,,,,
2024-03-01 22:55:42.151 +00:00 [DBG] >LOG:1709333742,,MANAGEMENT: >STATE:1709333742,AUTH,,,,,,
2024-03-01 22:55:42.152 +00:00 [DBG] >LOG:1709333742,,TLS: Initial packet from [AF_INET]3.74.138.27:443, sid=79c1c639 a060ed77
2024-03-01 22:55:42.213 +00:00 [DBG] >LOG:1709333742,,VERIFY OK: depth=1, CN=ishchenkogv
2024-03-01 22:55:42.213 +00:00 [DBG] >LOG:1709333742,,VERIFY KU OK
2024-03-01 22:55:42.213 +00:00 [DBG] >LOG:1709333742,,Validating certificate extended key usage
2024-03-01 22:55:42.213 +00:00 [DBG] >LOG:1709333742,,++ Certificate has EKU (str) TLS Web Server Authentication, expects TLS Web Server Authentication
2024-03-01 22:55:42.214 +00:00 [DBG] >LOG:1709333742,,VERIFY EKU OK
2024-03-01 22:55:42.214 +00:00 [DBG] >LOG:1709333742,,VERIFY X509NAME OK: CN=server
2024-03-01 22:55:42.214 +00:00 [DBG] >LOG:1709333742,,VERIFY OK: depth=0, CN=server
2024-03-01 22:55:42.301 +00:00 [DBG] >LOG:1709333742,,Control Channel: TLSv1.2, cipher TLSv1/SSLv3 ECDHE-RSA-AES256-GCM-SHA384, 2048 bit RSA
2024-03-01 22:55:42.301 +00:00 [DBG] >LOG:1709333742,I,[server] Peer Connection Initiated with [AF_INET]3.74.138.27:443
2024-03-01 22:55:42.610 +00:00 [DBG] >LOG:1709333742,D,MANAGEMENT: CMD 'status'
2024-03-01 22:55:43.116 +00:00 [DBG] >LOG:1709333743,D,MANAGEMENT: CMD 'status'
2024-03-01 22:55:43.119 +00:00 [DBG] >LOG:1709333743,,MANAGEMENT: >STATE:1709333743,GET_CONFIG,,,,,,
2024-03-01 22:55:43.119 +00:00 [DBG] >LOG:1709333743,,SENT CONTROL [server]: 'PUSH_REQUEST' (status=1)
2024-03-01 23:04:16.169 +00:00 [DBG] >LOG:1709333743,,PUSH: Received control message: 'PUSH_REPLY,route 172.31.0.0 255.255.0.0,route-gateway 10.0.0.1,topology subnet,ping 1,ping-restart 20,echo,ifconfig 10.0.0.2 255.255.255.224,peer-id 0,cipher AES-256-GCM'
2024-03-01 23:04:16.169 +00:00 [DBG] >LOG:1709333743,,OPTIONS IMPORT: timers and/or timeouts modified
2024-03-01 23:04:16.170 +00:00 [DBG] >LOG:1709333743,,OPTIONS IMPORT: --ifconfig/up options modified
2024-03-01 23:04:16.170 +00:00 [DBG] >LOG:1709333743,,OPTIONS IMPORT: route options modified
2024-03-01 23:04:16.170 +00:00 [DBG] >LOG:1709333743,,OPTIONS IMPORT: route-related options modified
2024-03-01 23:04:16.170 +00:00 [DBG] >LOG:1709333743,,OPTIONS IMPORT: peer-id set
2024-03-01 23:04:16.170 +00:00 [DBG] >LOG:1709333743,,OPTIONS IMPORT: adjusting link_mtu to 1624
2024-03-01 23:04:16.170 +00:00 [DBG] >LOG:1709333743,,OPTIONS IMPORT: data channel crypto options modified
2024-03-01 23:04:16.170 +00:00 [DBG] >LOG:1709333743,,Outgoing Data Channel: Cipher 'AES-256-GCM' initialized with 256 bit key
2024-03-01 23:04:16.171 +00:00 [DBG] >LOG:1709333743,,Incoming Data Channel: Cipher 'AES-256-GCM' initialized with 256 bit key
2024-03-01 23:04:16.171 +00:00 [DBG] >LOG:1709333743,,ROUTE_GATEWAY 192.168.1.1/255.255.255.0 IFACE=en0 HWADDR=bc:d0:74:79:6b:44
2024-03-01 23:04:16.172 +00:00 [DBG] >LOG:1709333743,,Opening utun (connect(AF_SYS_CONTROL)): Resource busy (errno=16)
2024-03-01 23:04:16.172 +00:00 [DBG] >LOG:1709333743,,Opening utun (connect(AF_SYS_CONTROL)): Resource busy (errno=16)
2024-03-01 23:04:16.172 +00:00 [DBG] >LOG:1709333743,,Opening utun (connect(AF_SYS_CONTROL)): Resource busy (errno=16)
2024-03-01 23:04:16.172 +00:00 [DBG] >LOG:1709333743,,Opening utun (connect(AF_SYS_CONTROL)): Resource busy (errno=16)
2024-03-01 23:04:16.172 +00:00 [DBG] >LOG:1709333743,,Opening utun (connect(AF_SYS_CONTROL)): Resource busy (errno=16)
2024-03-01 23:04:16.172 +00:00 [DBG] >LOG:1709333743,,Opening utun (connect(AF_SYS_CONTROL)): Resource busy (errno=16)
2024-03-01 23:04:16.172 +00:00 [DBG] >LOG:1709333743,,Opening utun (connect(AF_SYS_CONTROL)): Resource busy (errno=16)
2024-03-01 23:04:16.172 +00:00 [DBG] >LOG:1709333743,I,Opened utun device utun7
2024-03-01 23:04:16.173 +00:00 [DBG] >LOG:1709333743,D,do_ifconfig, tt->did_ifconfig_ipv6_setup=0
2024-03-01 23:04:16.173 +00:00 [DBG] >LOG:1709333743,,MANAGEMENT: >STATE:1709333743,ASSIGN_IP,,10.0.0.2,,,,
2024-03-01 23:04:16.173 +00:00 [DBG] >LOG:1709333743,I,/sbin/ifconfig utun7 delete
2024-03-01 23:04:16.173 +00:00 [DBG] >LOG:1709333743,I,NOTE: Tried to delete pre-existing tun/tap instance -- No Problem if failure
2024-03-01 23:04:16.173 +00:00 [DBG] >LOG:1709333743,I,/sbin/ifconfig utun7 10.0.0.2 10.0.0.2 netmask 255.255.255.224 mtu 1500 up
2024-03-01 23:04:16.173 +00:00 [DBG] >LOG:1709333743,,/sbin/route add -net 10.0.0.0 10.0.0.2 255.255.255.224
2024-03-01 23:04:16.174 +00:00 [DBG] >LOG:1709333743,I,/Applications/AWS VPN Client/AWS VPN Client.app/Contents/Resources/openvpn/client.up utun7 1500 1552 10.0.0.2 255.255.255.224 init
2024-03-01 23:04:16.174 +00:00 [DBG] >LOG:1709334256,,MANAGEMENT: >STATE:1709334256,ADD_ROUTES,,,,,,
2024-03-01 23:04:16.204 +00:00 [DBG] >LOG:1709334256,,/sbin/route add -net 172.31.0.0 10.0.0.1 255.255.0.0
2024-03-01 23:04:16.205 +00:00 [DBG] >LOG:1709334256,I,Initialization Sequence Completed
2024-03-01 23:04:16.205 +00:00 [DBG] >LOG:1709334256,,MANAGEMENT: >STATE:1709334256,CONNECTED,SUCCESS,10.0.0.2,3.74.138.27,443,,
2024-03-01 23:04:18.323 +00:00 [DBG] >LOG:1709334256,I,[server] Inactivity timeout (--ping-restart), restarting
2024-03-01 23:04:18.326 +00:00 [DBG] >LOG:1709334256,,/sbin/route delete -net 172.31.0.0 10.0.0.1 255.255.0.0
2024-03-01 23:04:18.326 +00:00 [DBG] >LOG:1709334256,,Closing TUN/TAP interface
2024-03-01 23:04:18.326 +00:00 [DBG] >LOG:1709334256,I,/Applications/AWS VPN Client/AWS VPN Client.app/Contents/Resources/openvpn/client.down utun7 1500 1552 10.0.0.2 255.255.255.224 init
2024-03-01 23:04:18.327 +00:00 [DBG] >LOG:1709334257,I,SIGUSR1[soft,ping-restart] received, process restarting
2024-03-01 23:04:18.327 +00:00 [DBG] >LOG:1709334257,,MANAGEMENT: >STATE:1709334257,RECONNECTING,ping-restart,,,,,
2024-03-01 23:04:18.383 +00:00 [DBG] >LOG:1709334257,,Restart pause, 5 second(s)
2024-03-01 23:04:18.384 +00:00 [DBG] >LOG:1709334257,D,MANAGEMENT: CMD 'status'
2024-03-01 23:04:18.386 +00:00 [DBG] >LOG:1709334257,D,MANAGEMENT: CMD 'status'
2024-03-01 23:04:18.387 +00:00 [DBG] >LOG:1709334257,D,MANAGEMENT: CMD 'status'
2024-03-01 23:04:18.388 +00:00 [DBG] >LOG:1709334257,D,MANAGEMENT: CMD 'status'
2024-03-01 23:04:18.390 +00:00 [DBG] >LOG:1709334258,D,MANAGEMENT: CMD 'status'
2024-03-01 23:04:18.888 +00:00 [DBG] >LOG:1709334258,D,MANAGEMENT: CMD 'status'
2024-03-01 23:04:19.395 +00:00 [DBG] >LOG:1709334259,D,MANAGEMENT: CMD 'status'
2024-03-01 23:04:19.903 +00:00 [DBG] >LOG:1709334259,D,MANAGEMENT: CMD 'status'
2024-03-01 23:04:20.412 +00:00 [DBG] >LOG:1709334260,D,MANAGEMENT: CMD 'status'
2024-03-01 23:04:20.921 +00:00 [DBG] >LOG:1709334260,D,MANAGEMENT: CMD 'status'
2024-03-01 23:04:21.427 +00:00 [DBG] >LOG:1709334261,D,MANAGEMENT: CMD 'status'
2024-03-01 23:20:27.624 +00:00 [DBG] >LOG:1709335227,D,MANAGEMENT: CMD 'status'
2024-03-01 23:20:27.749 +00:00 [DBG] >LOG:1709335227,W,NOTE: the current --script-security setting may allow this configuration to call user-defined scripts
2024-03-01 23:20:27.751 +00:00 [DBG] >LOG:1709335227,I,TCP/UDP: Preserving recently used remote address: [AF_INET]3.74.138.27:443
2024-03-01 23:20:27.751 +00:00 [DBG] >LOG:1709335227,,Socket Buffers: R=[786896->786896] S=[9216->9216]
2024-03-01 23:20:27.751 +00:00 [DBG] >LOG:1709335227,I,UDP link local: (not bound)
2024-03-01 23:20:27.751 +00:00 [DBG] >LOG:1709335227,I,UDP link remote: [AF_INET]3.74.138.27:443
2024-03-01 23:20:27.752 +00:00 [DBG] >LOG:1709335227,,MANAGEMENT: >STATE:1709335227,WAIT,,,,,,
2024-03-01 23:20:28.038 +00:00 [DBG] >LOG:1709335228,,MANAGEMENT: >STATE:1709335228,AUTH,,,,,,
2024-03-01 23:20:28.038 +00:00 [DBG] >LOG:1709335228,,TLS: Initial packet from [AF_INET]3.74.138.27:443, sid=2f04e68c a4235492
2024-03-01 23:20:28.119 +00:00 [DBG] >LOG:1709335228,,VERIFY OK: depth=1, CN=ishchenkogv
2024-03-01 23:20:28.119 +00:00 [DBG] >LOG:1709335228,,VERIFY KU OK
2024-03-01 23:20:28.119 +00:00 [DBG] >LOG:1709335228,,Validating certificate extended key usage
2024-03-01 23:20:28.119 +00:00 [DBG] >LOG:1709335228,,++ Certificate has EKU (str) TLS Web Server Authentication, expects TLS Web Server Authentication
2024-03-01 23:20:28.119 +00:00 [DBG] >LOG:1709335228,,VERIFY EKU OK
2024-03-01 23:20:28.120 +00:00 [DBG] >LOG:1709335228,,VERIFY X509NAME OK: CN=server
2024-03-01 23:20:28.120 +00:00 [DBG] >LOG:1709335228,,VERIFY OK: depth=0, CN=server
2024-03-01 23:20:28.229 +00:00 [DBG] >LOG:1709335228,,Control Channel: TLSv1.2, cipher TLSv1/SSLv3 ECDHE-RSA-AES256-GCM-SHA384, 2048 bit RSA
2024-03-01 23:20:28.229 +00:00 [DBG] >LOG:1709335228,I,[server] Peer Connection Initiated with [AF_INET]3.74.138.27:443
2024-03-01 23:20:28.252 +00:00 [DBG] >LOG:1709335228,D,MANAGEMENT: CMD 'status'
2024-03-01 23:20:28.758 +00:00 [DBG] >LOG:1709335228,D,MANAGEMENT: CMD 'status'
2024-03-01 23:20:29.272 +00:00 [DBG] >LOG:1709335229,D,MANAGEMENT: CMD 'status'
2024-03-01 23:20:29.274 +00:00 [DBG] >LOG:1709335229,,MANAGEMENT: >STATE:1709335229,GET_CONFIG,,,,,,
2024-03-01 23:20:29.274 +00:00 [DBG] >LOG:1709335229,,SENT CONTROL [server]: 'PUSH_REQUEST' (status=1)
2024-03-01 23:20:31.999 +00:00 [DBG] >LOG:1709335229,,PUSH: Received control message: 'PUSH_REPLY,route 172.31.0.0 255.255.0.0,route-gateway 10.0.0.1,topology subnet,ping 1,ping-restart 20,echo,ifconfig 10.0.0.2 255.255.255.224,peer-id 0,cipher AES-256-GCM'
2024-03-01 23:20:31.999 +00:00 [DBG] >LOG:1709335229,,OPTIONS IMPORT: timers and/or timeouts modified
2024-03-01 23:20:31.999 +00:00 [DBG] >LOG:1709335229,,OPTIONS IMPORT: --ifconfig/up options modified
2024-03-01 23:20:32.000 +00:00 [DBG] >LOG:1709335229,,OPTIONS IMPORT: route options modified
2024-03-01 23:20:32.000 +00:00 [DBG] >LOG:1709335229,,OPTIONS IMPORT: route-related options modified
2024-03-01 23:20:32.000 +00:00 [DBG] >LOG:1709335229,,OPTIONS IMPORT: peer-id set
2024-03-01 23:20:32.000 +00:00 [DBG] >LOG:1709335229,,OPTIONS IMPORT: adjusting link_mtu to 1624
2024-03-01 23:20:32.000 +00:00 [DBG] >LOG:1709335229,,OPTIONS IMPORT: data channel crypto options modified
2024-03-01 23:20:32.000 +00:00 [DBG] >LOG:1709335229,,Outgoing Data Channel: Cipher 'AES-256-GCM' initialized with 256 bit key
2024-03-01 23:20:32.000 +00:00 [DBG] >LOG:1709335229,,Incoming Data Channel: Cipher 'AES-256-GCM' initialized with 256 bit key
2024-03-01 23:20:32.000 +00:00 [DBG] >LOG:1709335229,,ROUTE_GATEWAY 192.168.1.1/255.255.255.0 IFACE=en0 HWADDR=bc:d0:74:79:6b:44
2024-03-01 23:20:32.000 +00:00 [DBG] >LOG:1709335229,,Opening utun (connect(AF_SYS_CONTROL)): Resource busy (errno=16)
2024-03-01 23:20:32.001 +00:00 [DBG] >LOG:1709335229,,Opening utun (connect(AF_SYS_CONTROL)): Resource busy (errno=16)
2024-03-01 23:20:32.001 +00:00 [DBG] >LOG:1709335229,,Opening utun (connect(AF_SYS_CONTROL)): Resource busy (errno=16)
2024-03-01 23:20:32.001 +00:00 [DBG] >LOG:1709335229,,Opening utun (connect(AF_SYS_CONTROL)): Resource busy (errno=16)
2024-03-01 23:20:32.001 +00:00 [DBG] >LOG:1709335229,,Opening utun (connect(AF_SYS_CONTROL)): Resource busy (errno=16)
2024-03-01 23:20:32.001 +00:00 [DBG] >LOG:1709335229,,Opening utun (connect(AF_SYS_CONTROL)): Resource busy (errno=16)
2024-03-01 23:20:32.001 +00:00 [DBG] >LOG:1709335229,,Opening utun (connect(AF_SYS_CONTROL)): Resource busy (errno=16)
2024-03-01 23:20:32.001 +00:00 [DBG] >LOG:1709335229,I,Opened utun device utun7
2024-03-01 23:20:32.001 +00:00 [DBG] >LOG:1709335229,D,do_ifconfig, tt->did_ifconfig_ipv6_setup=0
2024-03-01 23:20:32.001 +00:00 [DBG] >LOG:1709335229,,MANAGEMENT: >STATE:1709335229,ASSIGN_IP,,10.0.0.2,,,,
2024-03-01 23:20:32.002 +00:00 [DBG] >LOG:1709335229,I,/sbin/ifconfig utun7 delete
2024-03-01 23:20:32.002 +00:00 [DBG] >LOG:1709335229,I,NOTE: Tried to delete pre-existing tun/tap instance -- No Problem if failure
2024-03-01 23:20:32.002 +00:00 [DBG] >LOG:1709335229,I,/sbin/ifconfig utun7 10.0.0.2 10.0.0.2 netmask 255.255.255.224 mtu 1500 up
2024-03-01 23:20:32.002 +00:00 [DBG] >LOG:1709335229,,/sbin/route add -net 10.0.0.0 10.0.0.2 255.255.255.224
2024-03-01 23:20:32.002 +00:00 [DBG] >LOG:1709335229,I,/Applications/AWS VPN Client/AWS VPN Client.app/Contents/Resources/openvpn/client.up utun7 1500 1552 10.0.0.2 255.255.255.224 init
2024-03-01 23:20:32.002 +00:00 [DBG] >LOG:1709335231,,MANAGEMENT: >STATE:1709335231,ADD_ROUTES,,,,,,
2024-03-01 23:20:32.003 +00:00 [DBG] >LOG:1709335231,,/sbin/route add -net 172.31.0.0 10.0.0.1 255.255.0.0
2024-03-01 23:20:32.003 +00:00 [DBG] >LOG:1709335231,I,Initialization Sequence Completed
2024-03-01 23:20:32.003 +00:00 [DBG] >LOG:1709335231,,MANAGEMENT: >STATE:1709335231,CONNECTED,SUCCESS,10.0.0.2,3.74.138.27,443,,
2024-03-01 23:23:47.857 +00:00 [DBG] >LOG:1709335231,D,MANAGEMENT: CMD 'status'
2024-03-01 23:23:47.859 +00:00 [DBG] >LOG:1709335231,D,MANAGEMENT: CMD 'status'
2024-03-01 23:23:47.860 +00:00 [DBG] >LOG:1709335231,D,MANAGEMENT: CMD 'status'
2024-03-01 23:23:47.860 +00:00 [DBG] >LOG:1709335232,D,MANAGEMENT: CMD 'status'
2024-03-01 23:23:47.861 +00:00 [DBG] >LOG:1709335427,D,MANAGEMENT: CMD 'status'
2024-03-01 23:23:47.861 +00:00 [DBG] >LOG:1709335427,I,[server] Inactivity timeout (--ping-restart), restarting
2024-03-01 23:23:47.861 +00:00 [DBG] >LOG:1709335427,,/sbin/route delete -net 172.31.0.0 10.0.0.1 255.255.0.0
2024-03-01 23:23:47.861 +00:00 [DBG] >LOG:1709335427,,Closing TUN/TAP interface
2024-03-01 23:23:47.861 +00:00 [DBG] >LOG:1709335427,I,/Applications/AWS VPN Client/AWS VPN Client.app/Contents/Resources/openvpn/client.down utun7 1500 1552 10.0.0.2 255.255.255.224 init
2024-03-01 23:23:49.324 +00:00 [DBG] >LOG:1709335429,I,SIGUSR1[soft,ping-restart] received, process restarting
2024-03-01 23:23:49.324 +00:00 [DBG] >LOG:1709335429,,MANAGEMENT: >STATE:1709335429,RECONNECTING,ping-restart,,,,,
2024-03-01 23:23:49.350 +00:00 [DBG] >LOG:1709335429,,Restart pause, 5 second(s)
2024-03-01 23:23:49.350 +00:00 [DBG] >LOG:1709335429,D,MANAGEMENT: CMD 'status'
2024-03-01 23:23:49.856 +00:00 [DBG] >LOG:1709335429,D,MANAGEMENT: CMD 'status'
2024-03-01 23:23:50.393 +00:00 [DBG] >LOG:1709335430,D,MANAGEMENT: CMD 'status'
2024-03-01 23:23:50.914 +00:00 [DBG] >LOG:1709335430,D,MANAGEMENT: CMD 'status'
2024-03-01 23:23:51.427 +00:00 [DBG] >LOG:1709335431,D,MANAGEMENT: CMD 'status'
2024-03-01 23:23:51.934 +00:00 [DBG] >LOG:1709335431,D,MANAGEMENT: CMD 'status'
2024-03-01 23:23:52.451 +00:00 [DBG] >LOG:1709335432,D,MANAGEMENT: CMD 'status'
2024-03-01 23:23:52.958 +00:00 [DBG] >LOG:1709335432,D,MANAGEMENT: CMD 'status'
2024-03-01 23:23:53.465 +00:00 [DBG] >LOG:1709335433,D,MANAGEMENT: CMD 'status'
2024-03-01 23:23:53.969 +00:00 [DBG] >LOG:1709335433,D,MANAGEMENT: CMD 'status'
2024-03-01 23:23:54.477 +00:00 [DBG] >LOG:1709335434,D,MANAGEMENT: CMD 'status'
2024-03-01 23:23:54.501 +00:00 [DBG] >LOG:1709335434,W,NOTE: the current --script-security setting may allow this configuration to call user-defined scripts
2024-03-01 23:23:54.501 +00:00 [DBG] >LOG:1709335434,I,TCP/UDP: Preserving recently used remote address: [AF_INET]3.74.138.27:443
2024-03-01 23:23:54.501 +00:00 [DBG] >LOG:1709335434,,Socket Buffers: R=[786896->786896] S=[9216->9216]
2024-03-01 23:23:54.501 +00:00 [DBG] >LOG:1709335434,I,UDP link local: (not bound)
2024-03-01 23:23:54.501 +00:00 [DBG] >LOG:1709335434,I,UDP link remote: [AF_INET]3.74.138.27:443
2024-03-01 23:23:54.501 +00:00 [DBG] >LOG:1709335434,,MANAGEMENT: >STATE:1709335434,WAIT,,,,,,
2024-03-01 23:23:54.560 +00:00 [DBG] >LOG:1709335434,,MANAGEMENT: >STATE:1709335434,AUTH,,,,,,
2024-03-01 23:23:54.560 +00:00 [DBG] >LOG:1709335434,,TLS: Initial packet from [AF_INET]3.74.138.27:443, sid=2f5bcc11 b32585e2
2024-03-01 23:23:54.616 +00:00 [DBG] >LOG:1709335434,,VERIFY OK: depth=1, CN=ishchenkogv
2024-03-01 23:23:54.617 +00:00 [DBG] >LOG:1709335434,,VERIFY KU OK
2024-03-01 23:23:54.617 +00:00 [DBG] >LOG:1709335434,,Validating certificate extended key usage
2024-03-01 23:23:54.617 +00:00 [DBG] >LOG:1709335434,,++ Certificate has EKU (str) TLS Web Server Authentication, expects TLS Web Server Authentication
2024-03-01 23:23:54.617 +00:00 [DBG] >LOG:1709335434,,VERIFY EKU OK
2024-03-01 23:23:54.617 +00:00 [DBG] >LOG:1709335434,,VERIFY X509NAME OK: CN=server
2024-03-01 23:23:54.617 +00:00 [DBG] >LOG:1709335434,,VERIFY OK: depth=0, CN=server
2024-03-01 23:23:54.711 +00:00 [DBG] >LOG:1709335434,,Control Channel: TLSv1.2, cipher TLSv1/SSLv3 ECDHE-RSA-AES256-GCM-SHA384, 2048 bit RSA
2024-03-01 23:23:54.711 +00:00 [DBG] >LOG:1709335434,I,[server] Peer Connection Initiated with [AF_INET]3.74.138.27:443
2024-03-01 23:23:55.008 +00:00 [DBG] >LOG:1709335435,D,MANAGEMENT: CMD 'status'
2024-03-01 23:23:55.011 +00:00 [DBG] >LOG:1709335435,,MANAGEMENT: >STATE:1709335435,GET_CONFIG,,,,,,
2024-03-01 23:23:55.011 +00:00 [DBG] >LOG:1709335435,,SENT CONTROL [server]: 'PUSH_REQUEST' (status=1)
2024-03-01 23:23:57.607 +00:00 [DBG] >LOG:1709335435,,PUSH: Received control message: 'PUSH_REPLY,route 172.31.0.0 255.255.0.0,route-gateway 10.0.0.33,topology subnet,ping 1,ping-restart 20,echo,ifconfig 10.0.0.34 255.255.255.224,peer-id 0,cipher AES-256-GCM'
2024-03-01 23:23:57.608 +00:00 [DBG] >LOG:1709335435,,OPTIONS IMPORT: timers and/or timeouts modified
2024-03-01 23:23:57.608 +00:00 [DBG] >LOG:1709335435,,OPTIONS IMPORT: --ifconfig/up options modified
2024-03-01 23:23:57.608 +00:00 [DBG] >LOG:1709335435,,OPTIONS IMPORT: route options modified
2024-03-01 23:23:57.608 +00:00 [DBG] >LOG:1709335435,,OPTIONS IMPORT: route-related options modified
2024-03-01 23:23:57.608 +00:00 [DBG] >LOG:1709335435,,OPTIONS IMPORT: peer-id set
2024-03-01 23:23:57.609 +00:00 [DBG] >LOG:1709335435,,OPTIONS IMPORT: adjusting link_mtu to 1624
2024-03-01 23:23:57.609 +00:00 [DBG] >LOG:1709335435,,OPTIONS IMPORT: data channel crypto options modified
2024-03-01 23:23:57.609 +00:00 [DBG] >LOG:1709335435,,Outgoing Data Channel: Cipher 'AES-256-GCM' initialized with 256 bit key
2024-03-01 23:23:57.609 +00:00 [DBG] >LOG:1709335435,,Incoming Data Channel: Cipher 'AES-256-GCM' initialized with 256 bit key
2024-03-01 23:23:57.609 +00:00 [DBG] >LOG:1709335435,,ROUTE_GATEWAY 192.168.1.1/255.255.255.0 IFACE=en0 HWADDR=bc:d0:74:79:6b:44
2024-03-01 23:23:57.609 +00:00 [DBG] >LOG:1709335435,,Opening utun (connect(AF_SYS_CONTROL)): Resource busy (errno=16)
2024-03-01 23:23:57.609 +00:00 [DBG] >LOG:1709335435,,Opening utun (connect(AF_SYS_CONTROL)): Resource busy (errno=16)
2024-03-01 23:23:57.610 +00:00 [DBG] >LOG:1709335435,,Opening utun (connect(AF_SYS_CONTROL)): Resource busy (errno=16)
2024-03-01 23:23:57.610 +00:00 [DBG] >LOG:1709335435,,Opening utun (connect(AF_SYS_CONTROL)): Resource busy (errno=16)
2024-03-01 23:23:57.610 +00:00 [DBG] >LOG:1709335435,,Opening utun (connect(AF_SYS_CONTROL)): Resource busy (errno=16)
2024-03-01 23:23:57.610 +00:00 [DBG] >LOG:1709335435,,Opening utun (connect(AF_SYS_CONTROL)): Resource busy (errno=16)
2024-03-01 23:23:57.610 +00:00 [DBG] >LOG:1709335435,,Opening utun (connect(AF_SYS_CONTROL)): Resource busy (errno=16)
2024-03-01 23:23:57.611 +00:00 [DBG] >LOG:1709335435,I,Opened utun device utun7
2024-03-01 23:23:57.611 +00:00 [DBG] >LOG:1709335435,D,do_ifconfig, tt->did_ifconfig_ipv6_setup=0
2024-03-01 23:23:57.611 +00:00 [DBG] >LOG:1709335435,,MANAGEMENT: >STATE:1709335435,ASSIGN_IP,,10.0.0.34,,,,
2024-03-01 23:23:57.611 +00:00 [DBG] >LOG:1709335435,I,/sbin/ifconfig utun7 delete
2024-03-01 23:23:57.611 +00:00 [DBG] >LOG:1709335435,I,NOTE: Tried to delete pre-existing tun/tap instance -- No Problem if failure
2024-03-01 23:23:57.612 +00:00 [DBG] >LOG:1709335435,I,/sbin/ifconfig utun7 10.0.0.34 10.0.0.34 netmask 255.255.255.224 mtu 1500 up
2024-03-01 23:23:57.612 +00:00 [DBG] >LOG:1709335435,,/sbin/route add -net 10.0.0.32 10.0.0.34 255.255.255.224
2024-03-01 23:23:57.612 +00:00 [DBG] >LOG:1709335435,I,/Applications/AWS VPN Client/AWS VPN Client.app/Contents/Resources/openvpn/client.up utun7 1500 1552 10.0.0.34 255.255.255.224 init
2024-03-01 23:23:57.612 +00:00 [DBG] >LOG:1709335437,,MANAGEMENT: >STATE:1709335437,ADD_ROUTES,,,,,,
2024-03-01 23:23:57.612 +00:00 [DBG] >LOG:1709335437,,/sbin/route add -net 172.31.0.0 10.0.0.33 255.255.0.0
2024-03-01 23:23:57.612 +00:00 [DBG] >LOG:1709335437,I,Initialization Sequence Completed
2024-03-01 23:23:57.612 +00:00 [DBG] >LOG:1709335437,,MANAGEMENT: >STATE:1709335437,CONNECTED,SUCCESS,10.0.0.34,3.74.138.27,443,,
2024-03-01 23:23:59.661 +00:00 [DBG] >LOG:1709335437,D,MANAGEMENT: CMD 'status'
2024-03-01 23:23:59.662 +00:00 [DBG] >LOG:1709335437,D,MANAGEMENT: CMD 'status'
2024-03-01 23:23:59.662 +00:00 [DBG] >LOG:1709335437,D,MANAGEMENT: CMD 'status'
2024-03-01 23:23:59.663 +00:00 [DBG] >LOG:1709335438,D,MANAGEMENT: CMD 'status'
2024-03-01 23:23:59.664 +00:00 [DBG] >LOG:1709335439,D,MANAGEMENT: CMD 'status'
2024-03-01 23:24:00.166 +00:00 [DBG] >LOG:1709335440,D,MANAGEMENT: CMD 'status'
2024-03-01 23:24:00.684 +00:00 [DBG] >LOG:1709335440,D,MANAGEMENT: CMD 'status'
2024-03-01 23:24:01.188 +00:00 [DBG] >LOG:1709335441,D,MANAGEMENT: CMD 'status'
2024-03-01 23:24:01.696 +00:00 [DBG] >LOG:1709335441,D,MANAGEMENT: CMD 'status'
2024-03-01 23:24:02.202 +00:00 [DBG] >LOG:1709335442,D,MANAGEMENT: CMD 'status'
2024-03-01 23:24:02.710 +00:00 [DBG] >LOG:1709335442,D,MANAGEMENT: CMD 'status'
2024-03-01 23:24:03.220 +00:00 [DBG] >LOG:1709335443,D,MANAGEMENT: CMD 'status'
2024-03-01 23:24:03.724 +00:00 [DBG] >LOG:1709335443,D,MANAGEMENT: CMD 'status'
2024-03-01 23:24:04.228 +00:00 [DBG] >LOG:1709335444,D,MANAGEMENT: CMD 'status'
2024-03-01 23:24:04.741 +00:00 [DBG] >LOG:1709335444,D,MANAGEMENT: CMD 'status'
2024-03-01 23:24:05.246 +00:00 [DBG] >LOG:1709335445,D,MANAGEMENT: CMD 'status'
2024-03-01 23:24:05.753 +00:00 [DBG] >LOG:1709335445,D,MANAGEMENT: CMD 'status'
2024-03-01 23:24:06.264 +00:00 [DBG] >LOG:1709335446,D,MANAGEMENT: CMD 'status'
2024-03-01 23:24:06.768 +00:00 [DBG] >LOG:1709335446,D,MANAGEMENT: CMD 'status'
2024-03-01 23:24:07.272 +00:00 [DBG] >LOG:1709335447,D,MANAGEMENT: CMD 'status'
2024-03-01 23:24:07.776 +00:00 [DBG] >LOG:1709335447,D,MANAGEMENT: CMD 'status'
2024-03-01 23:24:08.280 +00:00 [DBG] >LOG:1709335448,D,MANAGEMENT: CMD 'status'
2024-03-01 23:24:08.788 +00:00 [DBG] >LOG:1709335448,D,MANAGEMENT: CMD 'status'
2024-03-01 23:24:09.293 +00:00 [DBG] >LOG:1709335449,D,MANAGEMENT: CMD 'status'
2024-03-01 23:24:09.796 +00:00 [DBG] >LOG:1709335449,D,MANAGEMENT: CMD 'status'
2024-03-01 23:24:10.300 +00:00 [DBG] >LOG:1709335450,D,MANAGEMENT: CMD 'status'
2024-03-01 23:24:10.805 +00:00 [DBG] >LOG:1709335450,D,MANAGEMENT: CMD 'status'
2024-03-01 23:24:11.310 +00:00 [DBG] >LOG:1709335451,D,MANAGEMENT: CMD 'status'
2024-03-01 23:24:11.815 +00:00 [DBG] >LOG:1709335451,D,MANAGEMENT: CMD 'status'
2024-03-01 23:24:12.321 +00:00 [DBG] >LOG:1709335452,D,MANAGEMENT: CMD 'status'
2024-03-01 23:24:12.827 +00:00 [DBG] >LOG:1709335452,D,MANAGEMENT: CMD 'status'
2024-03-01 23:24:13.336 +00:00 [DBG] >LOG:1709335453,D,MANAGEMENT: CMD 'status'
2024-03-01 23:24:13.843 +00:00 [DBG] >LOG:1709335453,D,MANAGEMENT: CMD 'status'
2024-03-01 23:24:14.348 +00:00 [DBG] >LOG:1709335454,D,MANAGEMENT: CMD 'status'
2024-03-01 23:24:14.854 +00:00 [DBG] >LOG:1709335454,D,MANAGEMENT: CMD 'status'
2024-03-01 23:24:15.360 +00:00 [DBG] >LOG:1709335455,D,MANAGEMENT: CMD 'status'
2024-03-01 23:24:15.867 +00:00 [DBG] >LOG:1709335455,D,MANAGEMENT: CMD 'status'
2024-03-01 23:24:16.373 +00:00 [DBG] >LOG:1709335456,D,MANAGEMENT: CMD 'status'
2024-03-01 23:24:16.879 +00:00 [DBG] >LOG:1709335456,D,MANAGEMENT: CMD 'status'
2024-03-01 23:24:17.384 +00:00 [DBG] >LOG:1709335457,D,MANAGEMENT: CMD 'status'
2024-03-01 23:24:17.897 +00:00 [DBG] >LOG:1709335457,D,MANAGEMENT: CMD 'status'
2024-03-01 23:24:18.403 +00:00 [DBG] >LOG:1709335458,D,MANAGEMENT: CMD 'status'
2024-03-01 23:24:18.910 +00:00 [DBG] >LOG:1709335458,D,MANAGEMENT: CMD 'status'
2024-03-01 23:24:19.417 +00:00 [DBG] >LOG:1709335459,D,MANAGEMENT: CMD 'status'
2024-03-01 23:24:19.922 +00:00 [DBG] >LOG:1709335459,D,MANAGEMENT: CMD 'status'
2024-03-01 23:24:20.426 +00:00 [DBG] >LOG:1709335460,D,MANAGEMENT: CMD 'status'
2024-03-01 23:24:20.929 +00:00 [DBG] >LOG:1709335460,D,MANAGEMENT: CMD 'status'
2024-03-01 23:24:21.439 +00:00 [DBG] >LOG:1709335461,D,MANAGEMENT: CMD 'status'
2024-03-01 23:24:21.943 +00:00 [DBG] >LOG:1709335461,D,MANAGEMENT: CMD 'status'
2024-03-01 23:24:22.448 +00:00 [DBG] >LOG:1709335462,D,MANAGEMENT: CMD 'status'
2024-03-01 23:24:22.955 +00:00 [DBG] >LOG:1709335462,D,MANAGEMENT: CMD 'status'
2024-03-01 23:24:23.460 +00:00 [DBG] >LOG:1709335463,D,MANAGEMENT: CMD 'status'
2024-03-01 23:24:23.965 +00:00 [DBG] >LOG:1709335463,D,MANAGEMENT: CMD 'status'
2024-03-01 23:24:24.479 +00:00 [DBG] >LOG:1709335464,D,MANAGEMENT: CMD 'status'
2024-03-01 23:24:25.057 +00:00 [DBG] >LOG:1709335465,D,MANAGEMENT: CMD 'status'
2024-03-01 23:24:25.581 +00:00 [DBG] >LOG:1709335465,D,MANAGEMENT: CMD 'status'
2024-03-01 23:24:26.113 +00:00 [DBG] >LOG:1709335466,D,MANAGEMENT: CMD 'status'
2024-03-01 23:24:26.777 +00:00 [DBG] >LOG:1709335466,D,MANAGEMENT: CMD 'status'
2024-03-01 23:24:27.385 +00:00 [DBG] >LOG:1709335467,D,MANAGEMENT: CMD 'status'
2024-03-01 23:24:27.983 +00:00 [DBG] >LOG:1709335467,D,MANAGEMENT: CMD 'status'
2024-03-01 23:24:28.707 +00:00 [DBG] >LOG:1709335468,D,MANAGEMENT: CMD 'status'
2024-03-01 23:24:29.382 +00:00 [DBG] >LOG:1709335469,D,MANAGEMENT: CMD 'status'
2024-03-01 23:24:29.934 +00:00 [DBG] >LOG:1709335469,D,MANAGEMENT: CMD 'status'
2024-03-01 23:24:30.469 +00:00 [DBG] >LOG:1709335470,D,MANAGEMENT: CMD 'status'
2024-03-01 23:24:30.981 +00:00 [DBG] >LOG:1709335470,D,MANAGEMENT: CMD 'status'
2024-03-01 23:24:31.694 +00:00 [DBG] >LOG:1709335471,D,MANAGEMENT: CMD 'status'
2024-03-01 23:24:32.324 +00:00 [DBG] >LOG:1709335472,D,MANAGEMENT: CMD 'status'
2024-03-01 23:24:32.951 +00:00 [DBG] >LOG:1709335472,D,MANAGEMENT: CMD 'status'
2024-03-01 23:24:33.467 +00:00 [DBG] >LOG:1709335473,D,MANAGEMENT: CMD 'status'
2024-03-01 23:24:34.013 +00:00 [DBG] >LOG:1709335474,D,MANAGEMENT: CMD 'status'
2024-03-01 23:24:34.545 +00:00 [DBG] >LOG:1709335474,D,MANAGEMENT: CMD 'status'
2024-03-01 23:24:35.095 +00:00 [DBG] >LOG:1709335475,D,MANAGEMENT: CMD 'status'
2024-03-01 23:24:35.671 +00:00 [DBG] >LOG:1709335475,D,MANAGEMENT: CMD 'status'
2024-03-01 23:24:36.447 +00:00 [DBG] >LOG:1709335476,D,MANAGEMENT: CMD 'status'
2024-03-01 23:24:37.017 +00:00 [DBG] >LOG:1709335477,D,MANAGEMENT: CMD 'status'
2024-03-01 23:24:37.749 +00:00 [DBG] >LOG:1709335477,D,MANAGEMENT: CMD 'status'
2024-03-01 23:24:38.467 +00:00 [DBG] >LOG:1709335478,D,MANAGEMENT: CMD 'status'
2024-03-01 23:24:39.063 +00:00 [DBG] >LOG:1709335479,D,MANAGEMENT: CMD 'status'
2024-03-01 23:24:39.608 +00:00 [DBG] >LOG:1709335479,D,MANAGEMENT: CMD 'status'
2024-03-01 23:24:40.244 +00:00 [DBG] >LOG:1709335480,D,MANAGEMENT: CMD 'status'
2024-03-01 23:24:40.896 +00:00 [DBG] >LOG:1709335480,D,MANAGEMENT: CMD 'status'
2024-03-01 23:24:41.523 +00:00 [DBG] >LOG:1709335481,D,MANAGEMENT: CMD 'status'
2024-03-01 23:24:42.034 +00:00 [DBG] >LOG:1709335482,D,MANAGEMENT: CMD 'status'
2024-03-01 23:27:43.141 +00:00 [DBG] >LOG:1709335661,D,MANAGEMENT: CMD 'status'
2024-03-01 23:27:43.148 +00:00 [DBG] >LOG:1709335663,I,[server] Inactivity timeout (--ping-restart), restarting
2024-03-01 23:27:43.488 +00:00 [DBG] >LOG:1709335663,,/sbin/route delete -net 172.31.0.0 10.0.0.33 255.255.0.0
2024-03-01 23:27:45.468 +00:00 [DBG] >LOG:1709335665,,Closing TUN/TAP interface
2024-03-01 23:27:45.562 +00:00 [DBG] >LOG:1709335665,I,/Applications/AWS VPN Client/AWS VPN Client.app/Contents/Resources/openvpn/client.down utun7 1500 1552 10.0.0.34 255.255.255.224 init
2024-03-01 23:28:28.233 +00:00 [DBG] >LOG:1709335678,I,SIGUSR1[soft,ping-restart] received, process restarting
2024-03-01 23:28:28.258 +00:00 [DBG] >LOG:1709335678,,MANAGEMENT: >STATE:1709335678,RECONNECTING,ping-restart,,,,,
2024-03-01 23:28:30.308 +00:00 [DBG] >LOG:1709335678,,Restart pause, 5 second(s)
2024-03-01 23:28:30.308 +00:00 [DBG] >LOG:1709335678,D,MANAGEMENT: CMD 'status'
2024-03-01 23:28:30.309 +00:00 [DBG] >LOG:1709335678,D,MANAGEMENT: CMD 'status'
2024-03-01 23:28:30.310 +00:00 [DBG] >LOG:1709335678,D,MANAGEMENT: CMD 'status'
2024-03-01 23:28:30.310 +00:00 [DBG] >LOG:1709335678,D,MANAGEMENT: CMD 'status'
2024-03-01 23:28:30.310 +00:00 [DBG] >LOG:1709335678,D,MANAGEMENT: CMD 'status'
2024-03-01 23:28:30.314 +00:00 [DBG] >LOG:1709335684,W,NOTE: the current --script-security setting may allow this configuration to call user-defined scripts
2024-03-01 23:28:30.314 +00:00 [DBG] >LOG:1709335684,I,TCP/UDP: Preserving recently used remote address: [AF_INET]3.74.138.27:443
2024-03-01 23:28:30.314 +00:00 [DBG] >LOG:1709335684,,Socket Buffers: R=[786896->786896] S=[9216->9216]
2024-03-01 23:28:30.314 +00:00 [DBG] >LOG:1709335684,I,UDP link local: (not bound)
2024-03-01 23:28:30.314 +00:00 [DBG] >LOG:1709335684,I,UDP link remote: [AF_INET]3.74.138.27:443
2024-03-01 23:28:30.314 +00:00 [DBG] >LOG:1709335684,,MANAGEMENT: >STATE:1709335684,WAIT,,,,,,
2024-03-01 23:28:30.314 +00:00 [DBG] >LOG:1709335684,,MANAGEMENT: >STATE:1709335684,AUTH,,,,,,
2024-03-01 23:28:30.314 +00:00 [DBG] >LOG:1709335684,,TLS: Initial packet from [AF_INET]3.74.138.27:443, sid=e5c34902 a8cad4a6
2024-03-01 23:28:30.314 +00:00 [DBG] >LOG:1709335684,,VERIFY OK: depth=1, CN=ishchenkogv
2024-03-01 23:28:30.315 +00:00 [DBG] >LOG:1709335684,,VERIFY KU OK
2024-03-01 23:28:30.315 +00:00 [DBG] >LOG:1709335684,,Validating certificate extended key usage
2024-03-01 23:28:30.315 +00:00 [DBG] >LOG:1709335684,,++ Certificate has EKU (str) TLS Web Server Authentication, expects TLS Web Server Authentication
2024-03-01 23:28:30.315 +00:00 [DBG] >LOG:1709335684,,VERIFY EKU OK
2024-03-01 23:28:30.315 +00:00 [DBG] >LOG:1709335684,,VERIFY X509NAME OK: CN=server
2024-03-01 23:28:30.315 +00:00 [DBG] >LOG:1709335684,,VERIFY OK: depth=0, CN=server
2024-03-01 23:28:30.315 +00:00 [DBG] >LOG:1709335685,,Control Channel: TLSv1.2, cipher TLSv1/SSLv3 ECDHE-RSA-AES256-GCM-SHA384, 2048 bit RSA
2024-03-01 23:28:30.315 +00:00 [DBG] >LOG:1709335685,I,[server] Peer Connection Initiated with [AF_INET]3.74.138.27:443
2024-03-01 23:28:30.315 +00:00 [DBG] >LOG:1709335686,,MANAGEMENT: >STATE:1709335686,GET_CONFIG,,,,,,
2024-03-01 23:28:30.315 +00:00 [DBG] >LOG:1709335686,,SENT CONTROL [server]: 'PUSH_REQUEST' (status=1)
2024-03-01 23:28:30.315 +00:00 [DBG] >LOG:1709335686,,PUSH: Received control message: 'PUSH_REPLY,route 172.31.0.0 255.255.0.0,route-gateway 10.0.0.1,topology subnet,ping 1,ping-restart 20,echo,ifconfig 10.0.0.2 255.255.255.224,peer-id 0,cipher AES-256-GCM'
2024-03-01 23:28:30.316 +00:00 [DBG] >LOG:1709335686,,OPTIONS IMPORT: timers and/or timeouts modified
2024-03-01 23:28:30.316 +00:00 [DBG] >LOG:1709335686,,OPTIONS IMPORT: --ifconfig/up options modified
2024-03-01 23:28:30.316 +00:00 [DBG] >LOG:1709335686,,OPTIONS IMPORT: route options modified
2024-03-01 23:28:30.316 +00:00 [DBG] >LOG:1709335686,,OPTIONS IMPORT: route-related options modified
2024-03-01 23:28:30.316 +00:00 [DBG] >LOG:1709335686,,OPTIONS IMPORT: peer-id set
2024-03-01 23:28:30.316 +00:00 [DBG] >LOG:1709335686,,OPTIONS IMPORT: adjusting link_mtu to 1624
2024-03-01 23:28:30.316 +00:00 [DBG] >LOG:1709335686,,OPTIONS IMPORT: data channel crypto options modified
2024-03-01 23:28:30.316 +00:00 [DBG] >LOG:1709335686,,Outgoing Data Channel: Cipher 'AES-256-GCM' initialized with 256 bit key
2024-03-01 23:28:30.316 +00:00 [DBG] >LOG:1709335686,,Incoming Data Channel: Cipher 'AES-256-GCM' initialized with 256 bit key
2024-03-01 23:28:30.316 +00:00 [DBG] >LOG:1709335686,,ROUTE_GATEWAY 192.168.1.1/255.255.255.0 IFACE=en0 HWADDR=bc:d0:74:79:6b:44
2024-03-01 23:28:30.316 +00:00 [DBG] >LOG:1709335686,,Opening utun (connect(AF_SYS_CONTROL)): Resource busy (errno=16)
2024-03-01 23:28:30.316 +00:00 [DBG] >LOG:1709335686,,Opening utun (connect(AF_SYS_CONTROL)): Resource busy (errno=16)
2024-03-01 23:28:30.317 +00:00 [DBG] >LOG:1709335686,,Opening utun (connect(AF_SYS_CONTROL)): Resource busy (errno=16)
2024-03-01 23:28:30.317 +00:00 [DBG] >LOG:1709335686,,Opening utun (connect(AF_SYS_CONTROL)): Resource busy (errno=16)
2024-03-01 23:28:30.317 +00:00 [DBG] >LOG:1709335686,,Opening utun (connect(AF_SYS_CONTROL)): Resource busy (errno=16)
2024-03-01 23:28:30.317 +00:00 [DBG] >LOG:1709335686,,Opening utun (connect(AF_SYS_CONTROL)): Resource busy (errno=16)
2024-03-01 23:28:30.317 +00:00 [DBG] >LOG:1709335686,,Opening utun (connect(AF_SYS_CONTROL)): Resource busy (errno=16)
2024-03-01 23:28:30.317 +00:00 [DBG] >LOG:1709335686,I,Opened utun device utun7
2024-03-01 23:28:30.317 +00:00 [DBG] >LOG:1709335686,D,do_ifconfig, tt->did_ifconfig_ipv6_setup=0
2024-03-01 23:28:30.317 +00:00 [DBG] >LOG:1709335686,,MANAGEMENT: >STATE:1709335686,ASSIGN_IP,,10.0.0.2,,,,
2024-03-01 23:28:30.317 +00:00 [DBG] >LOG:1709335686,I,/sbin/ifconfig utun7 delete
2024-03-01 23:28:30.317 +00:00 [DBG] >LOG:1709335687,I,NOTE: Tried to delete pre-existing tun/tap instance -- No Problem if failure
2024-03-01 23:28:30.317 +00:00 [DBG] >LOG:1709335687,I,/sbin/ifconfig utun7 10.0.0.2 10.0.0.2 netmask 255.255.255.224 mtu 1500 up
2024-03-01 23:28:30.317 +00:00 [DBG] >LOG:1709335687,,/sbin/route add -net 10.0.0.0 10.0.0.2 255.255.255.224
2024-03-01 23:28:30.317 +00:00 [DBG] >LOG:1709335688,I,/Applications/AWS VPN Client/AWS VPN Client.app/Contents/Resources/openvpn/client.up utun7 1500 1552 10.0.0.2 255.255.255.224 init
2024-03-01 23:28:30.317 +00:00 [DBG] >LOG:1709335703,,MANAGEMENT: >STATE:1709335703,ADD_ROUTES,,,,,,
2024-03-01 23:28:30.317 +00:00 [DBG] >LOG:1709335703,,/sbin/route add -net 172.31.0.0 10.0.0.1 255.255.0.0
2024-03-01 23:28:30.317 +00:00 [DBG] >LOG:1709335703,I,Initialization Sequence Completed
2024-03-01 23:28:30.317 +00:00 [DBG] >LOG:1709335703,,MANAGEMENT: >STATE:1709335703,CONNECTED,SUCCESS,10.0.0.2,3.74.138.27,443,,
2024-03-01 23:28:32.391 +00:00 [DBG] >LOG:1709335703,D,MANAGEMENT: CMD 'status'
2024-03-01 23:28:32.393 +00:00 [DBG] >LOG:1709335705,D,MANAGEMENT: CMD 'status'
2024-03-01 23:28:32.393 +00:00 [DBG] >LOG:1709335708,D,MANAGEMENT: CMD 'status'
2024-03-01 23:28:32.397 +00:00 [DBG] >LOG:1709335710,D,MANAGEMENT: CMD 'status'
2024-03-01 23:28:32.397 +00:00 [DBG] >LOG:1709335710,D,MANAGEMENT: CMD 'status'
2024-03-01 23:28:32.398 +00:00 [DBG] >LOG:1709335711,D,MANAGEMENT: CMD 'status'
2024-03-01 23:28:32.899 +00:00 [DBG] >LOG:1709335712,D,MANAGEMENT: CMD 'status'
2024-03-01 23:28:33.427 +00:00 [DBG] >LOG:1709335713,D,MANAGEMENT: CMD 'status'
2024-03-01 23:28:33.941 +00:00 [DBG] >LOG:1709335713,D,MANAGEMENT: CMD 'status'
2024-03-01 23:28:34.503 +00:00 [DBG] >LOG:1709335714,D,MANAGEMENT: CMD 'status'
2024-03-01 23:28:35.039 +00:00 [DBG] >LOG:1709335715,D,MANAGEMENT: CMD 'status'
2024-03-01 23:28:35.685 +00:00 [DBG] >LOG:1709335715,D,MANAGEMENT: CMD 'status'
2024-03-01 23:28:36.330 +00:00 [DBG] >LOG:1709335716,D,MANAGEMENT: CMD 'status'
2024-03-01 23:28:36.888 +00:00 [DBG] >LOG:1709335716,D,MANAGEMENT: CMD 'status'
2024-03-01 23:28:37.452 +00:00 [DBG] >LOG:1709335717,D,MANAGEMENT: CMD 'status'
2024-03-01 23:28:38.048 +00:00 [DBG] >LOG:1709335718,D,MANAGEMENT: CMD 'status'
2024-03-01 23:28:38.580 +00:00 [DBG] >LOG:1709335718,D,MANAGEMENT: CMD 'status'
2024-03-01 23:28:39.116 +00:00 [DBG] >LOG:1709335719,D,MANAGEMENT: CMD 'status'
2024-03-01 23:28:39.707 +00:00 [DBG] >LOG:1709335719,D,MANAGEMENT: CMD 'status'
2024-03-01 23:28:40.213 +00:00 [DBG] >LOG:1709335720,D,MANAGEMENT: CMD 'status'
2024-03-01 23:28:40.814 +00:00 [DBG] >LOG:1709335720,D,MANAGEMENT: CMD 'status'
2024-03-01 23:28:41.413 +00:00 [DBG] >LOG:1709335721,D,MANAGEMENT: CMD 'status'
2024-03-01 23:28:42.080 +00:00 [DBG] >LOG:1709335722,D,MANAGEMENT: CMD 'status'
2024-03-01 23:28:42.663 +00:00 [DBG] >LOG:1709335722,D,MANAGEMENT: CMD 'status'
2024-03-01 23:28:43.175 +00:00 [DBG] >LOG:1709335723,D,MANAGEMENT: CMD 'status'
2024-03-01 23:28:43.820 +00:00 [DBG] >LOG:1709335723,D,MANAGEMENT: CMD 'status'
2024-03-01 23:28:44.383 +00:00 [DBG] >LOG:1709335724,D,MANAGEMENT: CMD 'status'
2024-03-01 23:28:44.921 +00:00 [DBG] >LOG:1709335724,D,MANAGEMENT: CMD 'status'
2024-03-01 23:28:45.530 +00:00 [DBG] >LOG:1709335725,D,MANAGEMENT: CMD 'status'
2024-03-01 23:28:46.038 +00:00 [DBG] >LOG:1709335726,D,MANAGEMENT: CMD 'status'
2024-03-01 23:28:46.627 +00:00 [DBG] >LOG:1709335726,D,MANAGEMENT: CMD 'status'
2024-03-01 23:28:47.134 +00:00 [DBG] >LOG:1709335727,D,MANAGEMENT: CMD 'status'
2024-03-01 23:28:47.747 +00:00 [DBG] >LOG:1709335727,D,MANAGEMENT: CMD 'status'
2024-03-01 23:28:48.292 +00:00 [DBG] >LOG:1709335728,D,MANAGEMENT: CMD 'status'
2024-03-01 23:28:48.848 +00:00 [DBG] >LOG:1709335728,D,MANAGEMENT: CMD 'status'
2024-03-01 23:28:49.417 +00:00 [DBG] >LOG:1709335729,D,MANAGEMENT: CMD 'status'
2024-03-01 23:28:50.026 +00:00 [DBG] >LOG:1709335730,D,MANAGEMENT: CMD 'status'
2024-03-01 23:28:50.549 +00:00 [DBG] >LOG:1709335730,D,MANAGEMENT: CMD 'status'
2024-03-01 23:28:51.079 +00:00 [DBG] >LOG:1709335731,D,MANAGEMENT: CMD 'status'
2024-03-01 23:28:51.636 +00:00 [DBG] >LOG:1709335731,D,MANAGEMENT: CMD 'status'
2024-03-01 23:28:52.186 +00:00 [DBG] >LOG:1709335732,D,MANAGEMENT: CMD 'status'
2024-03-01 23:28:52.722 +00:00 [DBG] >LOG:1709335732,D,MANAGEMENT: CMD 'status'
2024-03-01 23:28:53.342 +00:00 [DBG] >LOG:1709335733,D,MANAGEMENT: CMD 'status'
2024-03-01 23:28:53.913 +00:00 [DBG] >LOG:1709335733,D,MANAGEMENT: CMD 'status'
2024-03-01 23:28:54.491 +00:00 [DBG] >LOG:1709335734,D,MANAGEMENT: CMD 'status'
2024-03-01 23:28:55.106 +00:00 [DBG] >LOG:1709335735,D,MANAGEMENT: CMD 'status'
2024-03-01 23:28:55.621 +00:00 [DBG] >LOG:1709335735,D,MANAGEMENT: CMD 'status'
2024-03-01 23:28:56.164 +00:00 [DBG] >LOG:1709335736,D,MANAGEMENT: CMD 'status'
2024-03-01 23:28:56.681 +00:00 [DBG] >LOG:1709335736,D,MANAGEMENT: CMD 'status'
2024-03-01 23:28:57.305 +00:00 [DBG] >LOG:1709335737,D,MANAGEMENT: CMD 'status'
2024-03-01 23:28:57.828 +00:00 [DBG] >LOG:1709335737,D,MANAGEMENT: CMD 'status'
2024-03-01 23:28:58.402 +00:00 [DBG] >LOG:1709335738,D,MANAGEMENT: CMD 'status'
2024-03-01 23:28:59.037 +00:00 [DBG] >LOG:1709335738,D,MANAGEMENT: CMD 'status'
2024-03-01 23:28:59.668 +00:00 [DBG] >LOG:1709335739,D,MANAGEMENT: CMD 'status'
2024-03-01 23:29:00.251 +00:00 [DBG] >LOG:1709335740,D,MANAGEMENT: CMD 'status'
2024-03-01 23:29:00.891 +00:00 [DBG] >LOG:1709335740,D,MANAGEMENT: CMD 'status'
2024-03-01 23:29:01.579 +00:00 [DBG] >LOG:1709335741,D,MANAGEMENT: CMD 'status'
2024-03-01 23:29:02.233 +00:00 [DBG] >LOG:1709335742,D,MANAGEMENT: CMD 'status'
2024-03-01 23:29:02.813 +00:00 [DBG] >LOG:1709335742,D,MANAGEMENT: CMD 'status'
2024-03-01 23:29:03.385 +00:00 [DBG] >LOG:1709335743,D,MANAGEMENT: CMD 'status'
2024-03-01 23:29:03.980 +00:00 [DBG] >LOG:1709335743,D,MANAGEMENT: CMD 'status'
2024-03-01 23:29:04.571 +00:00 [DBG] >LOG:1709335744,D,MANAGEMENT: CMD 'status'
2024-03-01 23:29:05.089 +00:00 [DBG] >LOG:1709335745,D,MANAGEMENT: CMD 'status'
2024-03-01 23:29:05.611 +00:00 [DBG] >LOG:1709335745,D,MANAGEMENT: CMD 'status'
2024-03-01 23:29:06.206 +00:00 [DBG] >LOG:1709335746,D,MANAGEMENT: CMD 'status'
2024-03-01 23:29:06.779 +00:00 [DBG] >LOG:1709335746,D,MANAGEMENT: CMD 'status'
2024-03-01 23:29:07.456 +00:00 [DBG] >LOG:1709335747,D,MANAGEMENT: CMD 'status'
2024-03-01 23:29:08.065 +00:00 [DBG] >LOG:1709335748,D,MANAGEMENT: CMD 'status'
2024-03-01 23:29:08.664 +00:00 [DBG] >LOG:1709335748,D,MANAGEMENT: CMD 'status'
2024-03-01 23:29:09.178 +00:00 [DBG] >LOG:1709335749,D,MANAGEMENT: CMD 'status'
2024-03-01 23:29:09.781 +00:00 [DBG] >LOG:1709335749,D,MANAGEMENT: CMD 'status'
2024-03-01 23:29:10.353 +00:00 [DBG] >LOG:1709335750,D,MANAGEMENT: CMD 'status'
2024-03-01 23:29:10.882 +00:00 [DBG] >LOG:1709335750,D,MANAGEMENT: CMD 'status'
2024-03-01 23:29:11.516 +00:00 [DBG] >LOG:1709335751,D,MANAGEMENT: CMD 'status'
2024-03-01 23:29:12.050 +00:00 [DBG] >LOG:1709335752,D,MANAGEMENT: CMD 'status'
2024-03-01 23:29:12.585 +00:00 [DBG] >LOG:1709335752,D,MANAGEMENT: CMD 'status'
2024-03-01 23:29:13.144 +00:00 [DBG] >LOG:1709335753,D,MANAGEMENT: CMD 'status'
2024-03-01 23:29:13.684 +00:00 [DBG] >LOG:1709335753,D,MANAGEMENT: CMD 'status'
2024-03-01 23:29:14.324 +00:00 [DBG] >LOG:1709335754,D,MANAGEMENT: CMD 'status'
2024-03-01 23:29:14.858 +00:00 [DBG] >LOG:1709335754,D,MANAGEMENT: CMD 'status'
2024-03-01 23:29:15.537 +00:00 [DBG] >LOG:1709335755,D,MANAGEMENT: CMD 'status'
2024-03-01 23:29:16.083 +00:00 [DBG] >LOG:1709335756,D,MANAGEMENT: CMD 'status'
2024-03-01 23:29:16.607 +00:00 [DBG] >LOG:1709335756,D,MANAGEMENT: CMD 'status'
2024-03-01 23:29:17.168 +00:00 [DBG] >LOG:1709335757,D,MANAGEMENT: CMD 'status'
2024-03-01 23:29:17.881 +00:00 [DBG] >LOG:1709335757,D,MANAGEMENT: CMD 'status'
2024-03-01 23:29:18.484 +00:00 [DBG] >LOG:1709335758,D,MANAGEMENT: CMD 'status'
2024-03-01 23:29:19.106 +00:00 [DBG] >LOG:1709335759,D,MANAGEMENT: CMD 'status'
2024-03-01 23:29:19.683 +00:00 [DBG] >LOG:1709335759,D,MANAGEMENT: CMD 'status'
2024-03-01 23:29:20.302 +00:00 [DBG] >LOG:1709335760,D,MANAGEMENT: CMD 'status'
2024-03-01 23:29:20.945 +00:00 [DBG] >LOG:1709335760,D,MANAGEMENT: CMD 'status'
2024-03-01 23:29:21.590 +00:00 [DBG] >LOG:1709335761,D,MANAGEMENT: CMD 'status'
2024-03-01 23:29:22.134 +00:00 [DBG] >LOG:1709335762,D,MANAGEMENT: CMD 'status'
2024-03-01 23:29:22.699 +00:00 [DBG] >LOG:1709335762,D,MANAGEMENT: CMD 'status'
2024-03-01 23:29:23.245 +00:00 [DBG] >LOG:1709335763,D,MANAGEMENT: CMD 'status'
2024-03-01 23:29:23.898 +00:00 [DBG] >LOG:1709335763,D,MANAGEMENT: CMD 'status'
2024-03-01 23:29:24.413 +00:00 [DBG] >LOG:1709335764,D,MANAGEMENT: CMD 'status'
2024-03-01 23:29:25.028 +00:00 [DBG] >LOG:1709335765,D,MANAGEMENT: CMD 'status'
2024-03-01 23:29:25.707 +00:00 [DBG] >LOG:1709335765,D,MANAGEMENT: CMD 'status'
2024-03-01 23:29:26.224 +00:00 [DBG] >LOG:1709335766,D,MANAGEMENT: CMD 'status'
2024-03-01 23:29:26.757 +00:00 [DBG] >LOG:1709335766,D,MANAGEMENT: CMD 'status'
2024-03-01 23:29:27.343 +00:00 [DBG] >LOG:1709335767,D,MANAGEMENT: CMD 'status'
2024-03-01 23:29:27.926 +00:00 [DBG] >LOG:1709335767,D,MANAGEMENT: CMD 'status'
2024-03-01 23:29:28.477 +00:00 [DBG] >LOG:1709335768,D,MANAGEMENT: CMD 'status'
2024-03-01 23:29:28.996 +00:00 [DBG] >LOG:1709335768,D,MANAGEMENT: CMD 'status'
2024-03-01 23:29:29.613 +00:00 [DBG] >LOG:1709335769,D,MANAGEMENT: CMD 'status'
2024-03-01 23:29:30.194 +00:00 [DBG] >LOG:1709335770,D,MANAGEMENT: CMD 'status'
2024-03-01 23:29:30.702 +00:00 [DBG] >LOG:1709335770,D,MANAGEMENT: CMD 'status'
2024-03-01 23:29:31.207 +00:00 [DBG] >LOG:1709335771,D,MANAGEMENT: CMD 'status'
2024-03-01 23:29:31.712 +00:00 [DBG] >LOG:1709335771,D,MANAGEMENT: CMD 'status'
2024-03-01 23:29:32.220 +00:00 [DBG] >LOG:1709335772,D,MANAGEMENT: CMD 'status'
2024-03-01 23:29:32.725 +00:00 [DBG] >LOG:1709335772,D,MANAGEMENT: CMD 'status'
2024-03-01 23:29:33.236 +00:00 [DBG] >LOG:1709335773,D,MANAGEMENT: CMD 'status'
2024-03-01 23:29:33.746 +00:00 [DBG] >LOG:1709335773,D,MANAGEMENT: CMD 'status'
2024-03-01 23:29:34.253 +00:00 [DBG] >LOG:1709335774,D,MANAGEMENT: CMD 'status'
2024-03-01 23:29:34.760 +00:00 [DBG] >LOG:1709335774,D,MANAGEMENT: CMD 'status'
2024-03-01 23:29:35.264 +00:00 [DBG] >LOG:1709335775,D,MANAGEMENT: CMD 'status'
2024-03-01 23:29:35.771 +00:00 [DBG] >LOG:1709335775,D,MANAGEMENT: CMD 'status'
2024-03-01 23:29:36.278 +00:00 [DBG] >LOG:1709335776,D,MANAGEMENT: CMD 'status'
2024-03-01 23:29:36.785 +00:00 [DBG] >LOG:1709335776,D,MANAGEMENT: CMD 'status'
2024-03-01 23:29:37.293 +00:00 [DBG] >LOG:1709335777,D,MANAGEMENT: CMD 'status'
2024-03-01 23:29:37.801 +00:00 [DBG] >LOG:1709335777,D,MANAGEMENT: CMD 'status'
2024-03-01 23:29:38.323 +00:00 [DBG] >LOG:1709335778,D,MANAGEMENT: CMD 'status'
2024-03-01 23:29:38.831 +00:00 [DBG] >LOG:1709335778,D,MANAGEMENT: CMD 'status'
2024-03-01 23:29:39.339 +00:00 [DBG] >LOG:1709335779,D,MANAGEMENT: CMD 'status'
2024-03-01 23:29:39.849 +00:00 [DBG] >LOG:1709335779,D,MANAGEMENT: CMD 'status'
2024-03-01 23:29:40.355 +00:00 [DBG] >LOG:1709335780,D,MANAGEMENT: CMD 'status'
2024-03-01 23:29:40.868 +00:00 [DBG] >LOG:1709335780,D,MANAGEMENT: CMD 'status'
2024-03-01 23:29:41.376 +00:00 [DBG] >LOG:1709335781,D,MANAGEMENT: CMD 'status'
2024-03-01 23:29:41.902 +00:00 [DBG] >LOG:1709335781,D,MANAGEMENT: CMD 'status'
2024-03-01 23:29:42.408 +00:00 [DBG] >LOG:1709335782,D,MANAGEMENT: CMD 'status'
2024-03-01 23:29:42.922 +00:00 [DBG] >LOG:1709335782,D,MANAGEMENT: CMD 'status'
2024-03-01 23:29:43.431 +00:00 [DBG] >LOG:1709335783,D,MANAGEMENT: CMD 'status'
2024-03-01 23:29:43.941 +00:00 [DBG] >LOG:1709335783,D,MANAGEMENT: CMD 'status'
2024-03-01 23:29:44.449 +00:00 [DBG] >LOG:1709335784,D,MANAGEMENT: CMD 'status'
2024-03-01 23:29:44.953 +00:00 [DBG] >LOG:1709335784,D,MANAGEMENT: CMD 'status'
2024-03-01 23:29:45.458 +00:00 [DBG] >LOG:1709335785,D,MANAGEMENT: CMD 'status'
2024-03-01 23:29:45.969 +00:00 [DBG] >LOG:1709335785,D,MANAGEMENT: CMD 'status'
2024-03-01 23:29:46.480 +00:00 [DBG] >LOG:1709335786,D,MANAGEMENT: CMD 'status'
2024-03-01 23:29:46.988 +00:00 [DBG] >LOG:1709335786,D,MANAGEMENT: CMD 'status'
2024-03-01 23:29:47.506 +00:00 [DBG] >LOG:1709335787,D,MANAGEMENT: CMD 'status'
2024-03-01 23:29:48.016 +00:00 [DBG] >LOG:1709335788,D,MANAGEMENT: CMD 'status'
2024-03-01 23:29:48.544 +00:00 [DBG] >LOG:1709335788,D,MANAGEMENT: CMD 'status'
2024-03-01 23:29:49.055 +00:00 [DBG] >LOG:1709335789,D,MANAGEMENT: CMD 'status'
2024-03-01 23:29:49.563 +00:00 [DBG] >LOG:1709335789,D,MANAGEMENT: CMD 'status'
2024-03-01 23:29:50.224 +00:00 [DBG] >LOG:1709335790,D,MANAGEMENT: CMD 'status'
2024-03-01 23:29:50.734 +00:00 [DBG] >LOG:1709335790,D,MANAGEMENT: CMD 'status'
2024-03-01 23:29:51.242 +00:00 [DBG] >LOG:1709335791,D,MANAGEMENT: CMD 'status'
2024-03-01 23:29:51.747 +00:00 [DBG] >LOG:1709335791,D,MANAGEMENT: CMD 'status'
2024-03-01 23:29:52.259 +00:00 [DBG] >LOG:1709335792,D,MANAGEMENT: CMD 'status'
2024-03-01 23:29:52.765 +00:00 [DBG] >LOG:1709335792,D,MANAGEMENT: CMD 'status'
2024-03-01 23:29:53.272 +00:00 [DBG] >LOG:1709335793,D,MANAGEMENT: CMD 'status'
2024-03-01 23:29:53.781 +00:00 [DBG] >LOG:1709335793,D,MANAGEMENT: CMD 'status'
2024-03-01 23:29:54.291 +00:00 [DBG] >LOG:1709335794,D,MANAGEMENT: CMD 'status'
2024-03-01 23:29:54.811 +00:00 [DBG] >LOG:1709335794,D,MANAGEMENT: CMD 'status'
2024-03-01 23:29:55.317 +00:00 [DBG] >LOG:1709335795,D,MANAGEMENT: CMD 'status'
2024-03-01 23:29:55.820 +00:00 [DBG] >LOG:1709335795,D,MANAGEMENT: CMD 'status'
2024-03-01 23:29:56.351 +00:00 [DBG] >LOG:1709335796,D,MANAGEMENT: CMD 'status'
2024-03-01 23:29:56.867 +00:00 [DBG] >LOG:1709335796,D,MANAGEMENT: CMD 'status'
2024-03-01 23:29:57.386 +00:00 [DBG] >LOG:1709335797,D,MANAGEMENT: CMD 'status'
2024-03-01 23:29:57.917 +00:00 [DBG] >LOG:1709335797,D,MANAGEMENT: CMD 'status'
2024-03-01 23:29:58.457 +00:00 [DBG] >LOG:1709335798,D,MANAGEMENT: CMD 'status'
2024-03-01 23:29:59.084 +00:00 [DBG] >LOG:1709335799,D,MANAGEMENT: CMD 'status'
2024-03-01 23:29:59.597 +00:00 [DBG] >LOG:1709335799,D,MANAGEMENT: CMD 'status'
2024-03-01 23:30:00.104 +00:00 [DBG] >LOG:1709335800,D,MANAGEMENT: CMD 'status'
2024-03-01 23:30:00.609 +00:00 [DBG] >LOG:1709335800,D,MANAGEMENT: CMD 'status'
2024-03-01 23:30:01.113 +00:00 [DBG] >LOG:1709335801,D,MANAGEMENT: CMD 'status'
2024-03-01 23:30:01.626 +00:00 [DBG] >LOG:1709335801,D,MANAGEMENT: CMD 'status'
2024-03-01 23:30:02.153 +00:00 [DBG] >LOG:1709335802,D,MANAGEMENT: CMD 'status'
2024-03-01 23:30:02.663 +00:00 [DBG] >LOG:1709335802,D,MANAGEMENT: CMD 'status'
2024-03-01 23:30:03.172 +00:00 [DBG] >LOG:1709335803,D,MANAGEMENT: CMD 'status'
2024-03-01 23:30:03.684 +00:00 [DBG] >LOG:1709335803,D,MANAGEMENT: CMD 'status'
2024-03-01 23:30:04.190 +00:00 [DBG] >LOG:1709335804,D,MANAGEMENT: CMD 'status'
2024-03-01 23:30:04.698 +00:00 [DBG] >LOG:1709335804,D,MANAGEMENT: CMD 'status'
2024-03-01 23:30:05.214 +00:00 [DBG] >LOG:1709335805,D,MANAGEMENT: CMD 'status'
2024-03-01 23:30:05.741 +00:00 [DBG] >LOG:1709335805,D,MANAGEMENT: CMD 'status'
2024-03-01 23:30:06.252 +00:00 [DBG] >LOG:1709335806,D,MANAGEMENT: CMD 'status'
2024-03-01 23:30:06.760 +00:00 [DBG] >LOG:1709335806,D,MANAGEMENT: CMD 'status'
2024-03-01 23:30:07.264 +00:00 [DBG] >LOG:1709335807,D,MANAGEMENT: CMD 'status'
2024-03-01 23:30:07.768 +00:00 [DBG] >LOG:1709335807,D,MANAGEMENT: CMD 'status'
2024-03-01 23:30:08.290 +00:00 [DBG] >LOG:1709335808,D,MANAGEMENT: CMD 'status'
2024-03-01 23:30:08.805 +00:00 [DBG] >LOG:1709335808,D,MANAGEMENT: CMD 'status'
2024-03-01 23:30:09.318 +00:00 [DBG] >LOG:1709335809,D,MANAGEMENT: CMD 'status'
2024-03-01 23:30:09.825 +00:00 [DBG] >LOG:1709335809,D,MANAGEMENT: CMD 'status'
2024-03-01 23:30:10.331 +00:00 [DBG] >LOG:1709335810,D,MANAGEMENT: CMD 'status'
2024-03-01 23:30:10.844 +00:00 [DBG] >LOG:1709335810,D,MANAGEMENT: CMD 'status'
2024-03-01 23:30:11.349 +00:00 [DBG] >LOG:1709335811,D,MANAGEMENT: CMD 'status'
2024-03-01 23:30:11.858 +00:00 [DBG] >LOG:1709335811,D,MANAGEMENT: CMD 'status'
2024-03-01 23:30:12.366 +00:00 [DBG] >LOG:1709335812,D,MANAGEMENT: CMD 'status'
2024-03-01 23:30:12.875 +00:00 [DBG] >LOG:1709335812,D,MANAGEMENT: CMD 'status'
2024-03-01 23:30:13.386 +00:00 [DBG] >LOG:1709335813,D,MANAGEMENT: CMD 'status'
2024-03-01 23:30:13.889 +00:00 [DBG] >LOG:1709335813,D,MANAGEMENT: CMD 'status'
2024-03-01 23:30:14.394 +00:00 [DBG] >LOG:1709335814,D,MANAGEMENT: CMD 'status'
2024-03-01 23:30:14.898 +00:00 [DBG] >LOG:1709335814,D,MANAGEMENT: CMD 'status'
2024-03-01 23:30:15.406 +00:00 [DBG] >LOG:1709335815,D,MANAGEMENT: CMD 'status'
2024-03-01 23:30:15.914 +00:00 [DBG] >LOG:1709335815,D,MANAGEMENT: CMD 'status'
2024-03-01 23:30:16.424 +00:00 [DBG] >LOG:1709335816,D,MANAGEMENT: CMD 'status'
2024-03-01 23:30:16.938 +00:00 [DBG] >LOG:1709335816,D,MANAGEMENT: CMD 'status'
2024-03-01 23:30:17.443 +00:00 [DBG] >LOG:1709335817,D,MANAGEMENT: CMD 'status'
2024-03-01 23:30:17.956 +00:00 [DBG] >LOG:1709335817,D,MANAGEMENT: CMD 'status'
2024-03-01 23:30:18.467 +00:00 [DBG] >LOG:1709335818,D,MANAGEMENT: CMD 'status'
2024-03-01 23:30:18.984 +00:00 [DBG] >LOG:1709335818,D,MANAGEMENT: CMD 'status'
2024-03-01 23:30:19.498 +00:00 [DBG] >LOG:1709335819,D,MANAGEMENT: CMD 'status'
2024-03-01 23:30:20.008 +00:00 [DBG] >LOG:1709335820,D,MANAGEMENT: CMD 'status'
2024-03-01 23:30:20.513 +00:00 [DBG] >LOG:1709335820,D,MANAGEMENT: CMD 'status'
2024-03-01 23:30:21.020 +00:00 [DBG] >LOG:1709335821,D,MANAGEMENT: CMD 'status'
2024-03-01 23:30:21.532 +00:00 [DBG] >LOG:1709335821,D,MANAGEMENT: CMD 'status'
2024-03-01 23:30:22.048 +00:00 [DBG] >LOG:1709335822,D,MANAGEMENT: CMD 'status'
2024-03-01 23:30:22.556 +00:00 [DBG] >LOG:1709335822,D,MANAGEMENT: CMD 'status'
2024-03-01 23:30:23.066 +00:00 [DBG] >LOG:1709335823,D,MANAGEMENT: CMD 'status'
2024-03-01 23:30:23.575 +00:00 [DBG] >LOG:1709335823,D,MANAGEMENT: CMD 'status'
2024-03-01 23:30:24.081 +00:00 [DBG] >LOG:1709335824,D,MANAGEMENT: CMD 'status'
2024-03-01 23:30:24.584 +00:00 [DBG] >LOG:1709335824,D,MANAGEMENT: CMD 'status'
2024-03-01 23:30:25.094 +00:00 [DBG] >LOG:1709335825,D,MANAGEMENT: CMD 'status'
2024-03-01 23:30:25.610 +00:00 [DBG] >LOG:1709335825,D,MANAGEMENT: CMD 'status'
2024-03-01 23:30:26.118 +00:00 [DBG] >LOG:1709335826,D,MANAGEMENT: CMD 'status'
2024-03-01 23:30:26.630 +00:00 [DBG] >LOG:1709335826,D,MANAGEMENT: CMD 'status'
2024-03-01 23:30:27.139 +00:00 [DBG] >LOG:1709335827,D,MANAGEMENT: CMD 'status'
2024-03-01 23:30:27.649 +00:00 [DBG] >LOG:1709335827,D,MANAGEMENT: CMD 'status'
2024-03-01 23:30:28.155 +00:00 [DBG] >LOG:1709335828,D,MANAGEMENT: CMD 'status'
2024-03-01 23:30:28.665 +00:00 [DBG] >LOG:1709335828,D,MANAGEMENT: CMD 'status'
2024-03-01 23:30:29.175 +00:00 [DBG] >LOG:1709335829,D,MANAGEMENT: CMD 'status'
2024-03-01 23:30:29.686 +00:00 [DBG] >LOG:1709335829,D,MANAGEMENT: CMD 'status'
2024-03-01 23:30:30.196 +00:00 [DBG] >LOG:1709335830,D,MANAGEMENT: CMD 'status'
2024-03-01 23:30:30.704 +00:00 [DBG] >LOG:1709335830,D,MANAGEMENT: CMD 'status'
2024-03-01 23:30:31.216 +00:00 [DBG] >LOG:1709335831,D,MANAGEMENT: CMD 'status'
2024-03-01 23:30:31.722 +00:00 [DBG] >LOG:1709335831,D,MANAGEMENT: CMD 'status'
2024-03-01 23:30:32.233 +00:00 [DBG] >LOG:1709335832,D,MANAGEMENT: CMD 'status'
2024-03-01 23:30:32.747 +00:00 [DBG] >LOG:1709335832,D,MANAGEMENT: CMD 'status'
2024-03-01 23:30:33.254 +00:00 [DBG] >LOG:1709335833,D,MANAGEMENT: CMD 'status'
2024-03-01 23:30:33.759 +00:00 [DBG] >LOG:1709335833,D,MANAGEMENT: CMD 'status'
2024-03-01 23:30:34.263 +00:00 [DBG] >LOG:1709335834,D,MANAGEMENT: CMD 'status'
2024-03-01 23:30:34.787 +00:00 [DBG] >LOG:1709335834,D,MANAGEMENT: CMD 'status'
2024-03-01 23:30:35.296 +00:00 [DBG] >LOG:1709335835,D,MANAGEMENT: CMD 'status'
2024-03-01 23:30:35.804 +00:00 [DBG] >LOG:1709335835,D,MANAGEMENT: CMD 'status'
2024-03-01 23:30:36.310 +00:00 [DBG] >LOG:1709335836,D,MANAGEMENT: CMD 'status'
2024-03-01 23:30:36.819 +00:00 [DBG] >LOG:1709335836,D,MANAGEMENT: CMD 'status'
2024-03-01 23:30:37.325 +00:00 [DBG] >LOG:1709335837,D,MANAGEMENT: CMD 'status'
2024-03-01 23:30:37.830 +00:00 [DBG] >LOG:1709335837,D,MANAGEMENT: CMD 'status'
2024-03-01 23:30:38.337 +00:00 [DBG] >LOG:1709335838,D,MANAGEMENT: CMD 'status'
2024-03-01 23:30:38.847 +00:00 [DBG] >LOG:1709335838,D,MANAGEMENT: CMD 'status'
2024-03-01 23:30:39.361 +00:00 [DBG] >LOG:1709335839,D,MANAGEMENT: CMD 'status'
2024-03-01 23:30:39.869 +00:00 [DBG] >LOG:1709335839,D,MANAGEMENT: CMD 'status'
2024-03-01 23:30:40.373 +00:00 [DBG] >LOG:1709335840,D,MANAGEMENT: CMD 'status'
2024-03-01 23:30:40.879 +00:00 [DBG] >LOG:1709335840,D,MANAGEMENT: CMD 'status'
2024-03-01 23:30:41.384 +00:00 [DBG] >LOG:1709335841,D,MANAGEMENT: CMD 'status'
2024-03-01 23:30:41.890 +00:00 [DBG] >LOG:1709335841,D,MANAGEMENT: CMD 'status'
2024-03-01 23:30:42.397 +00:00 [DBG] >LOG:1709335842,D,MANAGEMENT: CMD 'status'
2024-03-01 23:30:42.905 +00:00 [DBG] >LOG:1709335842,D,MANAGEMENT: CMD 'status'
2024-03-01 23:30:43.409 +00:00 [DBG] >LOG:1709335843,D,MANAGEMENT: CMD 'status'
2024-03-01 23:30:43.914 +00:00 [DBG] >LOG:1709335843,D,MANAGEMENT: CMD 'status'
2024-03-01 23:30:44.420 +00:00 [DBG] >LOG:1709335844,D,MANAGEMENT: CMD 'status'
2024-03-01 23:30:44.924 +00:00 [DBG] >LOG:1709335844,D,MANAGEMENT: CMD 'status'
2024-03-01 23:30:45.432 +00:00 [DBG] >LOG:1709335845,D,MANAGEMENT: CMD 'status'
2024-03-01 23:30:45.942 +00:00 [DBG] >LOG:1709335845,D,MANAGEMENT: CMD 'status'
2024-03-01 23:30:46.449 +00:00 [DBG] >LOG:1709335846,D,MANAGEMENT: CMD 'status'
2024-03-01 23:30:46.955 +00:00 [DBG] >LOG:1709335846,D,MANAGEMENT: CMD 'status'
2024-03-01 23:30:47.462 +00:00 [DBG] >LOG:1709335847,D,MANAGEMENT: CMD 'status'
2024-03-01 23:30:47.969 +00:00 [DBG] >LOG:1709335847,D,MANAGEMENT: CMD 'status'
2024-03-01 23:30:48.476 +00:00 [DBG] >LOG:1709335848,D,MANAGEMENT: CMD 'status'
2024-03-01 23:30:48.985 +00:00 [DBG] >LOG:1709335848,D,MANAGEMENT: CMD 'status'
2024-03-01 23:30:49.492 +00:00 [DBG] >LOG:1709335849,D,MANAGEMENT: CMD 'status'
2024-03-01 23:30:50.000 +00:00 [DBG] >LOG:1709335849,D,MANAGEMENT: CMD 'status'
2024-03-01 23:30:50.507 +00:00 [DBG] >LOG:1709335850,D,MANAGEMENT: CMD 'status'
2024-03-01 23:30:51.018 +00:00 [DBG] >LOG:1709335851,D,MANAGEMENT: CMD 'status'
2024-03-01 23:30:51.523 +00:00 [DBG] >LOG:1709335851,D,MANAGEMENT: CMD 'status'
2024-03-01 23:30:52.027 +00:00 [DBG] >LOG:1709335852,D,MANAGEMENT: CMD 'status'
2024-03-01 23:30:52.532 +00:00 [DBG] >LOG:1709335852,D,MANAGEMENT: CMD 'status'
2024-03-01 23:30:53.048 +00:00 [DBG] >LOG:1709335853,D,MANAGEMENT: CMD 'status'
2024-03-01 23:30:53.556 +00:00 [DBG] >LOG:1709335853,D,MANAGEMENT: CMD 'status'
2024-03-01 23:30:54.065 +00:00 [DBG] >LOG:1709335854,D,MANAGEMENT: CMD 'status'
2024-03-01 23:30:54.578 +00:00 [DBG] >LOG:1709335854,D,MANAGEMENT: CMD 'status'
2024-03-01 23:30:55.089 +00:00 [DBG] >LOG:1709335855,D,MANAGEMENT: CMD 'status'
2024-03-01 23:30:55.601 +00:00 [DBG] >LOG:1709335855,D,MANAGEMENT: CMD 'status'
2024-03-01 23:30:56.110 +00:00 [DBG] >LOG:1709335856,D,MANAGEMENT: CMD 'status'
2024-03-01 23:30:56.618 +00:00 [DBG] >LOG:1709335856,D,MANAGEMENT: CMD 'status'
2024-03-01 23:30:57.125 +00:00 [DBG] >LOG:1709335857,D,MANAGEMENT: CMD 'status'
2024-03-01 23:30:57.666 +00:00 [DBG] >LOG:1709335857,D,MANAGEMENT: CMD 'status'
2024-03-01 23:30:58.169 +00:00 [DBG] >LOG:1709335858,D,MANAGEMENT: CMD 'status'
2024-03-01 23:30:58.673 +00:00 [DBG] >LOG:1709335858,D,MANAGEMENT: CMD 'status'
2024-03-01 23:30:59.181 +00:00 [DBG] >LOG:1709335859,D,MANAGEMENT: CMD 'status'
2024-03-01 23:30:59.688 +00:00 [DBG] >LOG:1709335859,D,MANAGEMENT: CMD 'status'
2024-03-01 23:31:00.194 +00:00 [DBG] >LOG:1709335860,D,MANAGEMENT: CMD 'status'
2024-03-01 23:31:00.697 +00:00 [DBG] >LOG:1709335860,D,MANAGEMENT: CMD 'status'
2024-03-01 23:31:01.201 +00:00 [DBG] >LOG:1709335861,D,MANAGEMENT: CMD 'status'
2024-03-01 23:31:01.704 +00:00 [DBG] >LOG:1709335861,D,MANAGEMENT: CMD 'status'
2024-03-01 23:31:02.208 +00:00 [DBG] >LOG:1709335862,D,MANAGEMENT: CMD 'status'
2024-03-01 23:31:02.715 +00:00 [DBG] >LOG:1709335862,D,MANAGEMENT: CMD 'status'
2024-03-01 23:31:03.228 +00:00 [DBG] >LOG:1709335863,D,MANAGEMENT: CMD 'status'
2024-03-01 23:31:03.734 +00:00 [DBG] >LOG:1709335863,D,MANAGEMENT: CMD 'status'
2024-03-01 23:31:04.242 +00:00 [DBG] >LOG:1709335864,D,MANAGEMENT: CMD 'status'
2024-03-01 23:31:04.749 +00:00 [DBG] >LOG:1709335864,D,MANAGEMENT: CMD 'status'
2024-03-01 23:31:05.255 +00:00 [DBG] >LOG:1709335865,D,MANAGEMENT: CMD 'status'
2024-03-01 23:31:05.766 +00:00 [DBG] >LOG:1709335865,D,MANAGEMENT: CMD 'status'
2024-03-01 23:31:06.281 +00:00 [DBG] >LOG:1709335866,D,MANAGEMENT: CMD 'status'
2024-03-01 23:31:06.797 +00:00 [DBG] >LOG:1709335866,D,MANAGEMENT: CMD 'status'
2024-03-01 23:31:07.305 +00:00 [DBG] >LOG:1709335867,D,MANAGEMENT: CMD 'status'
2024-03-01 23:31:07.811 +00:00 [DBG] >LOG:1709335867,D,MANAGEMENT: CMD 'status'
2024-03-01 23:31:08.319 +00:00 [DBG] >LOG:1709335868,D,MANAGEMENT: CMD 'status'
2024-03-01 23:31:08.844 +00:00 [DBG] >LOG:1709335868,D,MANAGEMENT: CMD 'status'
2024-03-01 23:31:09.352 +00:00 [DBG] >LOG:1709335869,D,MANAGEMENT: CMD 'status'
2024-03-01 23:31:09.867 +00:00 [DBG] >LOG:1709335869,D,MANAGEMENT: CMD 'status'
2024-03-01 23:31:10.377 +00:00 [DBG] >LOG:1709335870,D,MANAGEMENT: CMD 'status'
2024-03-01 23:31:10.882 +00:00 [DBG] >LOG:1709335870,D,MANAGEMENT: CMD 'status'
2024-03-01 23:31:11.390 +00:00 [DBG] >LOG:1709335871,D,MANAGEMENT: CMD 'status'
2024-03-01 23:31:11.900 +00:00 [DBG] >LOG:1709335871,D,MANAGEMENT: CMD 'status'
2024-03-01 23:31:12.407 +00:00 [DBG] >LOG:1709335872,D,MANAGEMENT: CMD 'status'
2024-03-01 23:31:12.920 +00:00 [DBG] >LOG:1709335872,D,MANAGEMENT: CMD 'status'
2024-03-01 23:31:13.435 +00:00 [DBG] >LOG:1709335873,D,MANAGEMENT: CMD 'status'
2024-03-01 23:31:13.942 +00:00 [DBG] >LOG:1709335873,D,MANAGEMENT: CMD 'status'
2024-03-01 23:31:14.449 +00:00 [DBG] >LOG:1709335874,D,MANAGEMENT: CMD 'status'
2024-03-01 23:31:14.952 +00:00 [DBG] >LOG:1709335874,D,MANAGEMENT: CMD 'status'
2024-03-01 23:31:15.462 +00:00 [DBG] >LOG:1709335875,D,MANAGEMENT: CMD 'status'
2024-03-01 23:31:15.970 +00:00 [DBG] >LOG:1709335875,D,MANAGEMENT: CMD 'status'
2024-03-01 23:31:16.478 +00:00 [DBG] >LOG:1709335876,D,MANAGEMENT: CMD 'status'
2024-03-01 23:31:16.987 +00:00 [DBG] >LOG:1709335876,D,MANAGEMENT: CMD 'status'
2024-03-01 23:31:17.491 +00:00 [DBG] >LOG:1709335877,D,MANAGEMENT: CMD 'status'
2024-03-01 23:31:17.996 +00:00 [DBG] >LOG:1709335877,D,MANAGEMENT: CMD 'status'
2024-03-01 23:31:18.503 +00:00 [DBG] >LOG:1709335878,D,MANAGEMENT: CMD 'status'
2024-03-01 23:31:19.014 +00:00 [DBG] >LOG:1709335879,D,MANAGEMENT: CMD 'status'
2024-03-01 23:31:19.523 +00:00 [DBG] >LOG:1709335879,D,MANAGEMENT: CMD 'status'
2024-03-01 23:31:20.041 +00:00 [DBG] >LOG:1709335880,D,MANAGEMENT: CMD 'status'
2024-03-01 23:31:20.546 +00:00 [DBG] >LOG:1709335880,D,MANAGEMENT: CMD 'status'
2024-03-01 23:31:21.052 +00:00 [DBG] >LOG:1709335881,D,MANAGEMENT: CMD 'status'
2024-03-01 23:31:21.563 +00:00 [DBG] >LOG:1709335881,D,MANAGEMENT: CMD 'status'
2024-03-01 23:31:22.080 +00:00 [DBG] >LOG:1709335882,D,MANAGEMENT: CMD 'status'
2024-03-01 23:31:22.587 +00:00 [DBG] >LOG:1709335882,D,MANAGEMENT: CMD 'status'
2024-03-01 23:31:23.107 +00:00 [DBG] >LOG:1709335883,D,MANAGEMENT: CMD 'status'
2024-03-01 23:31:23.625 +00:00 [DBG] >LOG:1709335883,D,MANAGEMENT: CMD 'status'
2024-03-01 23:31:24.129 +00:00 [DBG] >LOG:1709335884,D,MANAGEMENT: CMD 'status'
2024-03-01 23:31:24.633 +00:00 [DBG] >LOG:1709335884,D,MANAGEMENT: CMD 'status'
2024-03-01 23:31:25.141 +00:00 [DBG] >LOG:1709335885,D,MANAGEMENT: CMD 'status'
2024-03-01 23:31:25.663 +00:00 [DBG] >LOG:1709335885,D,MANAGEMENT: CMD 'status'
2024-03-01 23:31:26.176 +00:00 [DBG] >LOG:1709335886,D,MANAGEMENT: CMD 'status'
2024-03-01 23:31:26.685 +00:00 [DBG] >LOG:1709335886,D,MANAGEMENT: CMD 'status'
2024-03-01 23:31:27.193 +00:00 [DBG] >LOG:1709335887,D,MANAGEMENT: CMD 'status'
2024-03-01 23:31:27.707 +00:00 [DBG] >LOG:1709335887,D,MANAGEMENT: CMD 'status'
2024-03-01 23:31:28.212 +00:00 [DBG] >LOG:1709335888,D,MANAGEMENT: CMD 'status'
2024-03-01 23:31:28.721 +00:00 [DBG] >LOG:1709335888,D,MANAGEMENT: CMD 'status'
2024-03-01 23:31:29.230 +00:00 [DBG] >LOG:1709335889,D,MANAGEMENT: CMD 'status'
2024-03-01 23:31:29.745 +00:00 [DBG] >LOG:1709335889,D,MANAGEMENT: CMD 'status'
2024-03-01 23:31:30.249 +00:00 [DBG] >LOG:1709335890,D,MANAGEMENT: CMD 'status'
2024-03-01 23:31:30.752 +00:00 [DBG] >LOG:1709335890,D,MANAGEMENT: CMD 'status'
2024-03-01 23:31:31.269 +00:00 [DBG] >LOG:1709335891,D,MANAGEMENT: CMD 'status'
2024-03-01 23:31:31.807 +00:00 [DBG] >LOG:1709335891,D,MANAGEMENT: CMD 'status'
2024-03-01 23:31:32.352 +00:00 [DBG] >LOG:1709335892,D,MANAGEMENT: CMD 'status'
2024-03-01 23:31:32.961 +00:00 [DBG] >LOG:1709335892,D,MANAGEMENT: CMD 'status'
2024-03-01 23:31:33.573 +00:00 [DBG] >LOG:1709335893,D,MANAGEMENT: CMD 'status'
2024-03-01 23:31:34.299 +00:00 [DBG] >LOG:1709335894,D,MANAGEMENT: CMD 'status'
2024-03-01 23:31:34.825 +00:00 [DBG] >LOG:1709335894,D,MANAGEMENT: CMD 'status'
2024-03-01 23:31:35.344 +00:00 [DBG] >LOG:1709335895,D,MANAGEMENT: CMD 'status'
2024-03-01 23:31:36.071 +00:00 [DBG] >LOG:1709335896,D,MANAGEMENT: CMD 'status'
2024-03-01 23:31:36.666 +00:00 [DBG] >LOG:1709335896,D,MANAGEMENT: CMD 'status'
2024-03-01 23:31:37.300 +00:00 [DBG] >LOG:1709335897,D,MANAGEMENT: CMD 'status'
2024-03-01 23:31:37.844 +00:00 [DBG] >LOG:1709335897,D,MANAGEMENT: CMD 'status'
2024-03-01 23:31:38.497 +00:00 [DBG] >LOG:1709335898,D,MANAGEMENT: CMD 'status'
2024-03-01 23:31:39.081 +00:00 [DBG] >LOG:1709335899,D,MANAGEMENT: CMD 'status'
2024-03-01 23:31:39.753 +00:00 [DBG] >LOG:1709335899,D,MANAGEMENT: CMD 'status'
2024-03-01 23:31:40.269 +00:00 [DBG] >LOG:1709335900,D,MANAGEMENT: CMD 'status'
2024-03-01 23:31:40.903 +00:00 [DBG] >LOG:1709335900,D,MANAGEMENT: CMD 'status'
2024-03-01 23:31:41.642 +00:00 [DBG] >LOG:1709335901,D,MANAGEMENT: CMD 'status'
2024-03-01 23:31:42.242 +00:00 [DBG] >LOG:1709335902,D,MANAGEMENT: CMD 'status'
2024-03-01 23:31:42.881 +00:00 [DBG] >LOG:1709335902,D,MANAGEMENT: CMD 'status'
2024-03-01 23:31:43.554 +00:00 [DBG] >LOG:1709335903,D,MANAGEMENT: CMD 'status'
2024-03-01 23:31:44.081 +00:00 [DBG] >LOG:1709335904,D,MANAGEMENT: CMD 'status'
2024-03-01 23:31:44.616 +00:00 [DBG] >LOG:1709335904,D,MANAGEMENT: CMD 'status'
2024-03-01 23:31:45.296 +00:00 [DBG] >LOG:1709335905,D,MANAGEMENT: CMD 'status'
2024-03-01 23:31:45.888 +00:00 [DBG] >LOG:1709335905,D,MANAGEMENT: CMD 'status'
2024-03-01 23:32:04.924 +00:00 [DBG] >LOG:1709335906,D,MANAGEMENT: CMD 'status'
2024-03-01 23:32:51.035 +00:00 [DBG] >LOG:1709335914,D,MANAGEMENT: CMD 'status'
2024-03-01 23:33:25.280 +00:00 [DBG] >LOG:1709335923,D,MANAGEMENT: CMD 'status'
2024-03-01 23:33:25.336 +00:00 [DBG] >LOG:1709335934,D,MANAGEMENT: CMD 'status'
2024-03-01 23:33:25.349 +00:00 [DBG] >LOG:1709335942,D,MANAGEMENT: CMD 'status'
2024-03-01 23:33:25.432 +00:00 [DBG] >LOG:1709335958,D,MANAGEMENT: CMD 'status'
2024-03-01 23:33:25.433 +00:00 [DBG] >LOG:1709335973,D,MANAGEMENT: CMD 'status'
2024-03-01 23:33:25.439 +00:00 [DBG] >LOG:1709335989,D,MANAGEMENT: CMD 'status'
2024-03-01 23:33:25.440 +00:00 [DBG] >LOG:1709335999,D,MANAGEMENT: CMD 'status'
2024-03-01 23:33:25.445 +00:00 [DBG] >LOG:1709336005,D,MANAGEMENT: CMD 'status'
2024-03-01 23:33:25.844 +00:00 [DBG] >LOG:1709336005,D,MANAGEMENT: CMD 'status'
2024-03-01 23:33:26.384 +00:00 [DBG] >LOG:1709336006,D,MANAGEMENT: CMD 'status'
2024-03-01 23:33:26.909 +00:00 [DBG] >LOG:1709336006,D,MANAGEMENT: CMD 'status'
2024-03-01 23:33:27.424 +00:00 [DBG] >LOG:1709336007,D,MANAGEMENT: CMD 'status'
2024-03-01 23:33:27.944 +00:00 [DBG] >LOG:1709336007,D,MANAGEMENT: CMD 'status'
2024-03-01 23:33:28.455 +00:00 [DBG] >LOG:1709336008,D,MANAGEMENT: CMD 'status'
2024-03-01 23:33:28.967 +00:00 [DBG] >LOG:1709336008,D,MANAGEMENT: CMD 'status'
2024-03-01 23:33:29.490 +00:00 [DBG] >LOG:1709336009,D,MANAGEMENT: CMD 'status'
2024-03-01 23:33:30.002 +00:00 [DBG] >LOG:1709336009,D,MANAGEMENT: CMD 'status'
2024-03-01 23:33:30.511 +00:00 [DBG] >LOG:1709336010,D,MANAGEMENT: CMD 'status'
2024-03-01 23:33:31.062 +00:00 [DBG] >LOG:1709336011,D,MANAGEMENT: CMD 'status'
2024-03-01 23:33:31.571 +00:00 [DBG] >LOG:1709336011,D,MANAGEMENT: CMD 'status'
2024-03-01 23:33:32.081 +00:00 [DBG] >LOG:1709336012,D,MANAGEMENT: CMD 'status'
2024-03-01 23:33:32.587 +00:00 [DBG] >LOG:1709336012,D,MANAGEMENT: CMD 'status'
2024-03-01 23:33:33.096 +00:00 [DBG] >LOG:1709336013,D,MANAGEMENT: CMD 'status'
2024-03-01 23:33:33.606 +00:00 [DBG] >LOG:1709336013,D,MANAGEMENT: CMD 'status'
2024-03-01 23:33:34.121 +00:00 [DBG] >LOG:1709336014,D,MANAGEMENT: CMD 'status'
2024-03-01 23:33:34.665 +00:00 [DBG] >LOG:1709336014,D,MANAGEMENT: CMD 'status'
2024-03-01 23:33:35.189 +00:00 [DBG] >LOG:1709336015,D,MANAGEMENT: CMD 'status'
2024-03-01 23:33:35.697 +00:00 [DBG] >LOG:1709336015,D,MANAGEMENT: CMD 'status'
2024-03-01 23:33:36.207 +00:00 [DBG] >LOG:1709336016,D,MANAGEMENT: CMD 'status'
2024-03-01 23:33:36.724 +00:00 [DBG] >LOG:1709336016,D,MANAGEMENT: CMD 'status'
2024-03-01 23:33:37.238 +00:00 [DBG] >LOG:1709336017,D,MANAGEMENT: CMD 'status'
2024-03-01 23:33:37.749 +00:00 [DBG] >LOG:1709336017,D,MANAGEMENT: CMD 'status'
2024-03-01 23:33:38.262 +00:00 [DBG] >LOG:1709336018,D,MANAGEMENT: CMD 'status'
2024-03-01 23:33:38.791 +00:00 [DBG] >LOG:1709336018,D,MANAGEMENT: CMD 'status'
2024-03-01 23:33:39.300 +00:00 [DBG] >LOG:1709336019,D,MANAGEMENT: CMD 'status'
2024-03-01 23:33:39.826 +00:00 [DBG] >LOG:1709336019,D,MANAGEMENT: CMD 'status'
2024-03-01 23:33:40.332 +00:00 [DBG] >LOG:1709336020,D,MANAGEMENT: CMD 'status'
2024-03-01 23:33:40.888 +00:00 [DBG] >LOG:1709336020,D,MANAGEMENT: CMD 'status'
2024-03-01 23:33:41.402 +00:00 [DBG] >LOG:1709336021,D,MANAGEMENT: CMD 'status'
2024-03-01 23:33:41.917 +00:00 [DBG] >LOG:1709336021,D,MANAGEMENT: CMD 'status'
2024-03-01 23:33:42.425 +00:00 [DBG] >LOG:1709336022,D,MANAGEMENT: CMD 'status'
2024-03-01 23:33:42.932 +00:00 [DBG] >LOG:1709336022,D,MANAGEMENT: CMD 'status'
2024-03-01 23:33:43.441 +00:00 [DBG] >LOG:1709336023,D,MANAGEMENT: CMD 'status'
2024-03-01 23:33:43.966 +00:00 [DBG] >LOG:1709336023,D,MANAGEMENT: CMD 'status'
2024-03-01 23:33:44.474 +00:00 [DBG] >LOG:1709336024,D,MANAGEMENT: CMD 'status'
2024-03-01 23:33:44.985 +00:00 [DBG] >LOG:1709336024,D,MANAGEMENT: CMD 'status'
2024-03-01 23:33:45.497 +00:00 [DBG] >LOG:1709336025,D,MANAGEMENT: CMD 'status'
2024-03-01 23:33:46.024 +00:00 [DBG] >LOG:1709336026,D,MANAGEMENT: CMD 'status'
2024-03-01 23:33:46.535 +00:00 [DBG] >LOG:1709336026,D,MANAGEMENT: CMD 'status'
2024-03-01 23:33:47.082 +00:00 [DBG] >LOG:1709336027,D,MANAGEMENT: CMD 'status'
2024-03-01 23:33:47.596 +00:00 [DBG] >LOG:1709336027,D,MANAGEMENT: CMD 'status'
2024-03-01 23:33:48.112 +00:00 [DBG] >LOG:1709336028,D,MANAGEMENT: CMD 'status'
2024-03-01 23:33:48.621 +00:00 [DBG] >LOG:1709336028,D,MANAGEMENT: CMD 'status'
2024-03-01 23:33:49.133 +00:00 [DBG] >LOG:1709336029,D,MANAGEMENT: CMD 'status'
2024-03-01 23:33:49.640 +00:00 [DBG] >LOG:1709336029,D,MANAGEMENT: CMD 'status'
2024-03-01 23:33:50.148 +00:00 [DBG] >LOG:1709336030,D,MANAGEMENT: CMD 'status'
2024-03-01 23:33:50.660 +00:00 [DBG] >LOG:1709336030,D,MANAGEMENT: CMD 'status'
2024-03-01 23:33:51.181 +00:00 [DBG] >LOG:1709336031,D,MANAGEMENT: CMD 'status'
2024-03-01 23:33:51.695 +00:00 [DBG] >LOG:1709336031,D,MANAGEMENT: CMD 'status'
2024-03-01 23:33:52.204 +00:00 [DBG] >LOG:1709336032,D,MANAGEMENT: CMD 'status'
2024-03-01 23:33:52.723 +00:00 [DBG] >LOG:1709336032,D,MANAGEMENT: CMD 'status'
2024-03-01 23:33:53.233 +00:00 [DBG] >LOG:1709336033,D,MANAGEMENT: CMD 'status'
2024-03-01 23:33:53.740 +00:00 [DBG] >LOG:1709336033,D,MANAGEMENT: CMD 'status'
2024-03-01 23:33:54.262 +00:00 [DBG] >LOG:1709336034,D,MANAGEMENT: CMD 'status'
2024-03-01 23:33:54.776 +00:00 [DBG] >LOG:1709336034,D,MANAGEMENT: CMD 'status'
2024-03-01 23:33:55.284 +00:00 [DBG] >LOG:1709336035,D,MANAGEMENT: CMD 'status'
2024-03-01 23:33:55.802 +00:00 [DBG] >LOG:1709336035,D,MANAGEMENT: CMD 'status'
2024-03-01 23:33:56.306 +00:00 [DBG] >LOG:1709336036,D,MANAGEMENT: CMD 'status'
2024-03-01 23:33:56.811 +00:00 [DBG] >LOG:1709336036,D,MANAGEMENT: CMD 'status'
2024-03-01 23:33:57.318 +00:00 [DBG] >LOG:1709336037,D,MANAGEMENT: CMD 'status'
2024-03-01 23:33:57.825 +00:00 [DBG] >LOG:1709336037,D,MANAGEMENT: CMD 'status'
2024-03-01 23:33:58.340 +00:00 [DBG] >LOG:1709336038,D,MANAGEMENT: CMD 'status'
2024-03-01 23:33:58.851 +00:00 [DBG] >LOG:1709336038,D,MANAGEMENT: CMD 'status'
2024-03-01 23:33:59.359 +00:00 [DBG] >LOG:1709336039,D,MANAGEMENT: CMD 'status'
2024-03-01 23:33:59.868 +00:00 [DBG] >LOG:1709336039,D,MANAGEMENT: CMD 'status'
2024-03-01 23:34:00.380 +00:00 [DBG] >LOG:1709336040,D,MANAGEMENT: CMD 'status'
2024-03-01 23:34:00.892 +00:00 [DBG] >LOG:1709336040,D,MANAGEMENT: CMD 'status'
2024-03-01 23:34:01.397 +00:00 [DBG] >LOG:1709336041,D,MANAGEMENT: CMD 'status'
2024-03-01 23:34:01.907 +00:00 [DBG] >LOG:1709336041,D,MANAGEMENT: CMD 'status'
2024-03-01 23:34:02.428 +00:00 [DBG] >LOG:1709336042,D,MANAGEMENT: CMD 'status'
2024-03-01 23:34:02.940 +00:00 [DBG] >LOG:1709336042,D,MANAGEMENT: CMD 'status'
2024-03-01 23:34:03.449 +00:00 [DBG] >LOG:1709336043,D,MANAGEMENT: CMD 'status'
2024-03-01 23:34:03.963 +00:00 [DBG] >LOG:1709336043,D,MANAGEMENT: CMD 'status'
2024-03-01 23:34:04.476 +00:00 [DBG] >LOG:1709336044,D,MANAGEMENT: CMD 'status'
2024-03-01 23:34:04.982 +00:00 [DBG] >LOG:1709336044,D,MANAGEMENT: CMD 'status'
2024-03-01 23:34:05.501 +00:00 [DBG] >LOG:1709336045,D,MANAGEMENT: CMD 'status'
2024-03-01 23:34:06.038 +00:00 [DBG] >LOG:1709336046,D,MANAGEMENT: CMD 'status'
2024-03-01 23:34:06.551 +00:00 [DBG] >LOG:1709336046,D,MANAGEMENT: CMD 'status'
2024-03-01 23:34:07.060 +00:00 [DBG] >LOG:1709336047,D,MANAGEMENT: CMD 'status'
2024-03-01 23:34:07.570 +00:00 [DBG] >LOG:1709336047,D,MANAGEMENT: CMD 'status'
2024-03-01 23:34:08.103 +00:00 [DBG] >LOG:1709336048,D,MANAGEMENT: CMD 'status'
2024-03-01 23:34:08.616 +00:00 [DBG] >LOG:1709336048,D,MANAGEMENT: CMD 'status'
2024-03-01 23:34:09.128 +00:00 [DBG] >LOG:1709336049,D,MANAGEMENT: CMD 'status'
2024-03-01 23:34:09.641 +00:00 [DBG] >LOG:1709336049,D,MANAGEMENT: CMD 'status'
2024-03-01 23:34:10.151 +00:00 [DBG] >LOG:1709336050,D,MANAGEMENT: CMD 'status'
2024-03-01 23:34:10.658 +00:00 [DBG] >LOG:1709336050,D,MANAGEMENT: CMD 'status'
2024-03-01 23:34:11.169 +00:00 [DBG] >LOG:1709336051,D,MANAGEMENT: CMD 'status'
2024-03-01 23:34:11.687 +00:00 [DBG] >LOG:1709336051,D,MANAGEMENT: CMD 'status'
2024-03-01 23:34:12.194 +00:00 [DBG] >LOG:1709336052,D,MANAGEMENT: CMD 'status'
2024-03-01 23:34:12.702 +00:00 [DBG] >LOG:1709336052,D,MANAGEMENT: CMD 'status'
2024-03-01 23:34:13.208 +00:00 [DBG] >LOG:1709336053,D,MANAGEMENT: CMD 'status'
2024-03-01 23:34:13.716 +00:00 [DBG] >LOG:1709336053,D,MANAGEMENT: CMD 'status'
2024-03-01 23:34:14.227 +00:00 [DBG] >LOG:1709336054,D,MANAGEMENT: CMD 'status'
2024-03-01 23:34:14.734 +00:00 [DBG] >LOG:1709336054,D,MANAGEMENT: CMD 'status'
2024-03-01 23:34:15.277 +00:00 [DBG] >LOG:1709336055,D,MANAGEMENT: CMD 'status'
2024-03-01 23:34:15.785 +00:00 [DBG] >LOG:1709336055,D,MANAGEMENT: CMD 'status'
2024-03-01 23:34:16.294 +00:00 [DBG] >LOG:1709336056,D,MANAGEMENT: CMD 'status'
2024-03-01 23:34:16.819 +00:00 [DBG] >LOG:1709336056,D,MANAGEMENT: CMD 'status'
2024-03-01 23:34:17.329 +00:00 [DBG] >LOG:1709336057,D,MANAGEMENT: CMD 'status'
2024-03-01 23:34:17.846 +00:00 [DBG] >LOG:1709336057,D,MANAGEMENT: CMD 'status'
2024-03-01 23:34:18.356 +00:00 [DBG] >LOG:1709336058,D,MANAGEMENT: CMD 'status'
2024-03-01 23:34:18.875 +00:00 [DBG] >LOG:1709336058,D,MANAGEMENT: CMD 'status'
2024-03-01 23:34:19.381 +00:00 [DBG] >LOG:1709336059,D,MANAGEMENT: CMD 'status'
2024-03-01 23:34:19.894 +00:00 [DBG] >LOG:1709336059,D,MANAGEMENT: CMD 'status'
2024-03-01 23:34:20.402 +00:00 [DBG] >LOG:1709336060,D,MANAGEMENT: CMD 'status'
2024-03-01 23:34:20.908 +00:00 [DBG] >LOG:1709336060,D,MANAGEMENT: CMD 'status'
2024-03-01 23:34:21.417 +00:00 [DBG] >LOG:1709336061,D,MANAGEMENT: CMD 'status'
2024-03-01 23:34:21.923 +00:00 [DBG] >LOG:1709336061,D,MANAGEMENT: CMD 'status'
2024-03-01 23:34:22.460 +00:00 [DBG] >LOG:1709336062,D,MANAGEMENT: CMD 'status'
2024-03-01 23:34:22.986 +00:00 [DBG] >LOG:1709336062,D,MANAGEMENT: CMD 'status'
2024-03-01 23:34:23.496 +00:00 [DBG] >LOG:1709336063,D,MANAGEMENT: CMD 'status'
2024-03-01 23:34:24.003 +00:00 [DBG] >LOG:1709336064,D,MANAGEMENT: CMD 'status'
2024-03-01 23:34:24.512 +00:00 [DBG] >LOG:1709336064,D,MANAGEMENT: CMD 'status'
2024-03-01 23:34:25.020 +00:00 [DBG] >LOG:1709336065,D,MANAGEMENT: CMD 'status'
2024-03-01 23:34:25.537 +00:00 [DBG] >LOG:1709336065,D,MANAGEMENT: CMD 'status'
2024-03-01 23:34:26.043 +00:00 [DBG] >LOG:1709336066,D,MANAGEMENT: CMD 'status'
2024-03-01 23:34:26.549 +00:00 [DBG] >LOG:1709336066,D,MANAGEMENT: CMD 'status'
2024-03-01 23:34:27.057 +00:00 [DBG] >LOG:1709336067,D,MANAGEMENT: CMD 'status'
2024-03-01 23:34:27.564 +00:00 [DBG] >LOG:1709336067,D,MANAGEMENT: CMD 'status'
2024-03-01 23:34:28.076 +00:00 [DBG] >LOG:1709336068,D,MANAGEMENT: CMD 'status'
2024-03-01 23:34:28.584 +00:00 [DBG] >LOG:1709336068,D,MANAGEMENT: CMD 'status'
2024-03-01 23:34:29.090 +00:00 [DBG] >LOG:1709336069,D,MANAGEMENT: CMD 'status'
2024-03-01 23:34:29.597 +00:00 [DBG] >LOG:1709336069,D,MANAGEMENT: CMD 'status'
2024-03-01 23:34:30.125 +00:00 [DBG] >LOG:1709336070,D,MANAGEMENT: CMD 'status'
2024-03-01 23:34:30.633 +00:00 [DBG] >LOG:1709336070,D,MANAGEMENT: CMD 'status'
2024-03-01 23:34:31.141 +00:00 [DBG] >LOG:1709336071,D,MANAGEMENT: CMD 'status'
2024-03-01 23:34:31.645 +00:00 [DBG] >LOG:1709336071,D,MANAGEMENT: CMD 'status'
2024-03-01 23:34:32.172 +00:00 [DBG] >LOG:1709336072,D,MANAGEMENT: CMD 'status'
2024-03-01 23:34:32.681 +00:00 [DBG] >LOG:1709336072,D,MANAGEMENT: CMD 'status'
2024-03-01 23:34:33.197 +00:00 [DBG] >LOG:1709336073,D,MANAGEMENT: CMD 'status'
2024-03-01 23:34:33.705 +00:00 [DBG] >LOG:1709336073,D,MANAGEMENT: CMD 'status'
2024-03-01 23:34:34.221 +00:00 [DBG] >LOG:1709336074,D,MANAGEMENT: CMD 'status'
2024-03-01 23:34:34.763 +00:00 [DBG] >LOG:1709336074,D,MANAGEMENT: CMD 'status'
2024-03-01 23:34:35.303 +00:00 [DBG] >LOG:1709336075,D,MANAGEMENT: CMD 'status'
2024-03-01 23:34:35.809 +00:00 [DBG] >LOG:1709336075,D,MANAGEMENT: CMD 'status'
2024-03-01 23:34:36.316 +00:00 [DBG] >LOG:1709336076,D,MANAGEMENT: CMD 'status'
2024-03-01 23:34:36.823 +00:00 [DBG] >LOG:1709336076,D,MANAGEMENT: CMD 'status'
2024-03-01 23:34:37.335 +00:00 [DBG] >LOG:1709336077,D,MANAGEMENT: CMD 'status'
2024-03-01 23:34:37.844 +00:00 [DBG] >LOG:1709336077,D,MANAGEMENT: CMD 'status'
2024-03-01 23:34:38.391 +00:00 [DBG] >LOG:1709336078,D,MANAGEMENT: CMD 'status'
2024-03-01 23:34:38.914 +00:00 [DBG] >LOG:1709336078,D,MANAGEMENT: CMD 'status'
2024-03-01 23:34:39.428 +00:00 [DBG] >LOG:1709336079,D,MANAGEMENT: CMD 'status'
2024-03-01 23:34:39.933 +00:00 [DBG] >LOG:1709336079,D,MANAGEMENT: CMD 'status'
2024-03-01 23:34:40.445 +00:00 [DBG] >LOG:1709336080,D,MANAGEMENT: CMD 'status'
2024-03-01 23:34:40.951 +00:00 [DBG] >LOG:1709336080,D,MANAGEMENT: CMD 'status'
2024-03-01 23:34:41.481 +00:00 [DBG] >LOG:1709336081,D,MANAGEMENT: CMD 'status'
2024-03-01 23:34:41.996 +00:00 [DBG] >LOG:1709336081,D,MANAGEMENT: CMD 'status'
2024-03-01 23:34:42.523 +00:00 [DBG] >LOG:1709336082,D,MANAGEMENT: CMD 'status'
2024-03-01 23:34:43.033 +00:00 [DBG] >LOG:1709336083,D,MANAGEMENT: CMD 'status'
2024-03-01 23:34:43.543 +00:00 [DBG] >LOG:1709336083,D,MANAGEMENT: CMD 'status'
2024-03-01 23:34:44.062 +00:00 [DBG] >LOG:1709336084,D,MANAGEMENT: CMD 'status'
2024-03-01 23:34:44.569 +00:00 [DBG] >LOG:1709336084,D,MANAGEMENT: CMD 'status'
2024-03-01 23:34:45.082 +00:00 [DBG] >LOG:1709336085,D,MANAGEMENT: CMD 'status'
2024-03-01 23:34:45.590 +00:00 [DBG] >LOG:1709336085,D,MANAGEMENT: CMD 'status'
2024-03-01 23:34:46.103 +00:00 [DBG] >LOG:1709336086,D,MANAGEMENT: CMD 'status'
2024-03-01 23:34:46.608 +00:00 [DBG] >LOG:1709336086,D,MANAGEMENT: CMD 'status'
2024-03-01 23:34:47.115 +00:00 [DBG] >LOG:1709336087,D,MANAGEMENT: CMD 'status'
2024-03-01 23:34:47.668 +00:00 [DBG] >LOG:1709336087,D,MANAGEMENT: CMD 'status'
2024-03-01 23:34:48.195 +00:00 [DBG] >LOG:1709336088,D,MANAGEMENT: CMD 'status'
2024-03-01 23:34:48.703 +00:00 [DBG] >LOG:1709336088,D,MANAGEMENT: CMD 'status'
2024-03-01 23:34:49.215 +00:00 [DBG] >LOG:1709336089,D,MANAGEMENT: CMD 'status'
2024-03-01 23:34:49.725 +00:00 [DBG] >LOG:1709336089,D,MANAGEMENT: CMD 'status'
2024-03-01 23:34:50.230 +00:00 [DBG] >LOG:1709336090,D,MANAGEMENT: CMD 'status'
2024-03-01 23:34:50.737 +00:00 [DBG] >LOG:1709336090,D,MANAGEMENT: CMD 'status'
2024-03-01 23:34:51.291 +00:00 [DBG] >LOG:1709336091,D,MANAGEMENT: CMD 'status'
2024-03-01 23:34:51.815 +00:00 [DBG] >LOG:1709336091,D,MANAGEMENT: CMD 'status'
2024-03-01 23:34:52.328 +00:00 [DBG] >LOG:1709336092,D,MANAGEMENT: CMD 'status'
2024-03-01 23:34:52.840 +00:00 [DBG] >LOG:1709336092,D,MANAGEMENT: CMD 'status'
2024-03-01 23:34:53.359 +00:00 [DBG] >LOG:1709336093,D,MANAGEMENT: CMD 'status'
2024-03-01 23:34:53.865 +00:00 [DBG] >LOG:1709336093,D,MANAGEMENT: CMD 'status'
2024-03-01 23:34:54.376 +00:00 [DBG] >LOG:1709336094,D,MANAGEMENT: CMD 'status'
2024-03-01 23:34:54.888 +00:00 [DBG] >LOG:1709336094,D,MANAGEMENT: CMD 'status'
2024-03-01 23:34:55.406 +00:00 [DBG] >LOG:1709336095,D,MANAGEMENT: CMD 'status'
2024-03-01 23:34:55.919 +00:00 [DBG] >LOG:1709336095,D,MANAGEMENT: CMD 'status'
2024-03-01 23:34:56.426 +00:00 [DBG] >LOG:1709336096,D,MANAGEMENT: CMD 'status'
2024-03-01 23:34:56.939 +00:00 [DBG] >LOG:1709336096,D,MANAGEMENT: CMD 'status'
2024-03-01 23:34:57.448 +00:00 [DBG] >LOG:1709336097,D,MANAGEMENT: CMD 'status'
2024-03-01 23:34:57.961 +00:00 [DBG] >LOG:1709336097,D,MANAGEMENT: CMD 'status'
2024-03-01 23:34:58.494 +00:00 [DBG] >LOG:1709336098,D,MANAGEMENT: CMD 'status'
2024-03-01 23:34:59.003 +00:00 [DBG] >LOG:1709336098,D,MANAGEMENT: CMD 'status'
2024-03-01 23:34:59.512 +00:00 [DBG] >LOG:1709336099,D,MANAGEMENT: CMD 'status'
2024-03-01 23:35:00.026 +00:00 [DBG] >LOG:1709336100,D,MANAGEMENT: CMD 'status'
2024-03-01 23:35:00.533 +00:00 [DBG] >LOG:1709336100,D,MANAGEMENT: CMD 'status'
2024-03-01 23:35:01.044 +00:00 [DBG] >LOG:1709336101,D,MANAGEMENT: CMD 'status'
2024-03-01 23:35:01.549 +00:00 [DBG] >LOG:1709336101,D,MANAGEMENT: CMD 'status'
2024-03-01 23:35:02.123 +00:00 [DBG] >LOG:1709336102,D,MANAGEMENT: CMD 'status'
2024-03-01 23:35:02.633 +00:00 [DBG] >LOG:1709336102,D,MANAGEMENT: CMD 'status'
2024-03-01 23:35:03.140 +00:00 [DBG] >LOG:1709336103,D,MANAGEMENT: CMD 'status'
2024-03-01 23:35:03.669 +00:00 [DBG] >LOG:1709336103,D,MANAGEMENT: CMD 'status'
2024-03-01 23:35:04.212 +00:00 [DBG] >LOG:1709336104,D,MANAGEMENT: CMD 'status'
2024-03-01 23:35:04.746 +00:00 [DBG] >LOG:1709336104,D,MANAGEMENT: CMD 'status'
2024-03-01 23:35:05.281 +00:00 [DBG] >LOG:1709336105,D,MANAGEMENT: CMD 'status'
2024-03-01 23:35:05.807 +00:00 [DBG] >LOG:1709336105,D,MANAGEMENT: CMD 'status'
2024-03-01 23:35:06.324 +00:00 [DBG] >LOG:1709336106,D,MANAGEMENT: CMD 'status'
2024-03-01 23:35:06.832 +00:00 [DBG] >LOG:1709336106,D,MANAGEMENT: CMD 'status'
2024-03-01 23:35:07.340 +00:00 [DBG] >LOG:1709336107,D,MANAGEMENT: CMD 'status'
2024-03-01 23:35:07.849 +00:00 [DBG] >LOG:1709336107,D,MANAGEMENT: CMD 'status'
2024-03-01 23:35:08.360 +00:00 [DBG] >LOG:1709336108,D,MANAGEMENT: CMD 'status'
2024-03-01 23:35:08.881 +00:00 [DBG] >LOG:1709336108,D,MANAGEMENT: CMD 'status'
2024-03-01 23:35:09.396 +00:00 [DBG] >LOG:1709336109,D,MANAGEMENT: CMD 'status'
2024-03-01 23:35:09.904 +00:00 [DBG] >LOG:1709336109,D,MANAGEMENT: CMD 'status'
2024-03-01 23:35:10.417 +00:00 [DBG] >LOG:1709336110,D,MANAGEMENT: CMD 'status'
2024-03-01 23:35:10.930 +00:00 [DBG] >LOG:1709336110,D,MANAGEMENT: CMD 'status'
2024-03-01 23:35:11.444 +00:00 [DBG] >LOG:1709336111,D,MANAGEMENT: CMD 'status'
2024-03-01 23:35:11.953 +00:00 [DBG] >LOG:1709336111,D,MANAGEMENT: CMD 'status'
2024-03-01 23:35:12.465 +00:00 [DBG] >LOG:1709336112,D,MANAGEMENT: CMD 'status'
2024-03-01 23:35:12.971 +00:00 [DBG] >LOG:1709336112,D,MANAGEMENT: CMD 'status'
2024-03-01 23:35:13.549 +00:00 [DBG] >LOG:1709336113,D,MANAGEMENT: CMD 'status'
2024-03-01 23:35:14.076 +00:00 [DBG] >LOG:1709336114,D,MANAGEMENT: CMD 'status'
2024-03-01 23:35:14.583 +00:00 [DBG] >LOG:1709336114,D,MANAGEMENT: CMD 'status'
2024-03-01 23:35:15.092 +00:00 [DBG] >LOG:1709336115,D,MANAGEMENT: CMD 'status'
2024-03-01 23:35:15.602 +00:00 [DBG] >LOG:1709336115,D,MANAGEMENT: CMD 'status'
2024-03-01 23:35:16.111 +00:00 [DBG] >LOG:1709336116,D,MANAGEMENT: CMD 'status'
2024-03-01 23:35:16.617 +00:00 [DBG] >LOG:1709336116,D,MANAGEMENT: CMD 'status'
2024-03-01 23:35:17.127 +00:00 [DBG] >LOG:1709336117,D,MANAGEMENT: CMD 'status'
2024-03-01 23:35:17.636 +00:00 [DBG] >LOG:1709336117,D,MANAGEMENT: CMD 'status'
2024-03-01 23:35:18.152 +00:00 [DBG] >LOG:1709336118,D,MANAGEMENT: CMD 'status'
2024-03-01 23:35:18.662 +00:00 [DBG] >LOG:1709336118,D,MANAGEMENT: CMD 'status'
2024-03-01 23:35:19.172 +00:00 [DBG] >LOG:1709336119,D,MANAGEMENT: CMD 'status'
2024-03-01 23:35:19.679 +00:00 [DBG] >LOG:1709336119,D,MANAGEMENT: CMD 'status'
2024-03-01 23:35:20.190 +00:00 [DBG] >LOG:1709336120,D,MANAGEMENT: CMD 'status'
2024-03-01 23:35:20.700 +00:00 [DBG] >LOG:1709336120,D,MANAGEMENT: CMD 'status'
2024-03-01 23:35:21.207 +00:00 [DBG] >LOG:1709336121,D,MANAGEMENT: CMD 'status'
2024-03-01 23:35:21.715 +00:00 [DBG] >LOG:1709336121,D,MANAGEMENT: CMD 'status'
2024-03-01 23:35:22.245 +00:00 [DBG] >LOG:1709336122,D,MANAGEMENT: CMD 'status'
2024-03-01 23:35:22.753 +00:00 [DBG] >LOG:1709336122,D,MANAGEMENT: CMD 'status'
2024-03-01 23:35:23.269 +00:00 [DBG] >LOG:1709336123,D,MANAGEMENT: CMD 'status'
2024-03-01 23:35:23.779 +00:00 [DBG] >LOG:1709336123,D,MANAGEMENT: CMD 'status'
2024-03-01 23:35:24.286 +00:00 [DBG] >LOG:1709336124,D,MANAGEMENT: CMD 'status'
2024-03-01 23:35:24.810 +00:00 [DBG] >LOG:1709336124,D,MANAGEMENT: CMD 'status'
2024-03-01 23:35:25.340 +00:00 [DBG] >LOG:1709336125,D,MANAGEMENT: CMD 'status'
2024-03-01 23:35:25.916 +00:00 [DBG] >LOG:1709336125,D,MANAGEMENT: CMD 'status'
2024-03-01 23:35:26.513 +00:00 [DBG] >LOG:1709336126,D,MANAGEMENT: CMD 'status'
2024-03-01 23:35:27.580 +00:00 [DBG] >LOG:1709336127,D,MANAGEMENT: CMD 'status'
2024-03-01 23:35:28.530 +00:00 [DBG] >LOG:1709336128,D,MANAGEMENT: CMD 'status'
2024-03-01 23:35:29.627 +00:00 [DBG] >LOG:1709336129,D,MANAGEMENT: CMD 'status'
2024-03-01 23:35:31.942 +00:00 [DBG] >LOG:1709336131,D,MANAGEMENT: CMD 'status'
2024-03-01 23:35:34.661 +00:00 [DBG] >LOG:1709336133,D,MANAGEMENT: CMD 'status'
2024-03-01 23:35:40.676 +00:00 [DBG] >LOG:1709336134,D,MANAGEMENT: CMD 'status'
2024-03-01 23:35:44.170 +00:00 [DBG] >LOG:1709336140,D,MANAGEMENT: CMD 'status'
2024-03-01 23:35:44.447 +00:00 [DBG] >LOG:1709336141,D,MANAGEMENT: CMD 'status'
2024-03-01 23:35:44.465 +00:00 [DBG] >LOG:1709336143,D,MANAGEMENT: CMD 'status'
2024-03-01 23:35:49.912 +00:00 [DBG] >LOG:1709336145,D,MANAGEMENT: CMD 'status'
2024-03-01 23:35:49.935 +00:00 [DBG] >LOG:1709336149,D,MANAGEMENT: CMD 'status'
2024-03-01 23:35:56.826 +00:00 [DBG] >LOG:1709336151,D,MANAGEMENT: CMD 'status'
2024-03-01 23:36:00.151 +00:00 [DBG] >LOG:1709336156,D,MANAGEMENT: CMD 'status'
2024-03-01 23:36:00.188 +00:00 [DBG] >LOG:1709336159,D,MANAGEMENT: CMD 'status'
2024-03-01 23:36:01.756 +00:00 [DBG] >LOG:1709336160,D,MANAGEMENT: CMD 'status'
2024-03-01 23:36:14.304 +00:00 [DBG] >LOG:1709336166,D,MANAGEMENT: CMD 'status'
2024-03-01 23:36:29.265 +00:00 [DBG] >LOG:1709336173,D,MANAGEMENT: CMD 'status'
2024-03-01 23:36:40.784 +00:00 [DBG] >LOG:1709336178,D,MANAGEMENT: CMD 'status'
2024-03-01 23:36:44.676 +00:00 [DBG] >LOG:1709336183,D,MANAGEMENT: CMD 'status'
2024-03-01 23:36:50.142 +00:00 [DBG] >LOG:1709336194,D,MANAGEMENT: CMD 'status'
2024-03-01 23:36:50.149 +00:00 [DBG] >LOG:1709336202,D,MANAGEMENT: CMD 'status'
2024-03-01 23:36:51.878 +00:00 [DBG] >LOG:1709336209,D,MANAGEMENT: CMD 'status'
2024-03-01 23:36:57.118 +00:00 [DBG] >LOG:1709336211,D,MANAGEMENT: CMD 'status'
2024-03-01 23:36:57.246 +00:00 [DBG] >LOG:1709336213,D,MANAGEMENT: CMD 'status'
2024-03-01 23:36:59.602 +00:00 [DBG] >LOG:1709336218,D,MANAGEMENT: CMD 'status'
2024-03-01 23:37:00.395 +00:00 [DBG] >LOG:1709336220,D,MANAGEMENT: CMD 'status'
2024-03-01 23:37:01.461 +00:00 [DBG] >LOG:1709336221,D,MANAGEMENT: CMD 'status'
2024-03-01 23:37:02.759 +00:00 [DBG] >LOG:1709336222,D,MANAGEMENT: CMD 'status'
2024-03-01 23:37:03.405 +00:00 [DBG] >LOG:1709336223,D,MANAGEMENT: CMD 'status'
2024-03-01 23:37:03.943 +00:00 [DBG] >LOG:1709336223,D,MANAGEMENT: CMD 'status'
2024-03-01 23:37:04.516 +00:00 [DBG] >LOG:1709336224,D,MANAGEMENT: CMD 'status'
2024-03-01 23:37:07.061 +00:00 [DBG] >LOG:1709336226,D,MANAGEMENT: CMD 'status'
2024-03-01 23:37:10.254 +00:00 [DBG] >LOG:1709336230,D,MANAGEMENT: CMD 'status'
2024-03-01 23:37:11.981 +00:00 [DBG] >LOG:1709336231,D,MANAGEMENT: CMD 'status'
2024-03-01 23:37:13.943 +00:00 [DBG] >LOG:1709336233,D,MANAGEMENT: CMD 'status'
2024-03-01 23:37:14.861 +00:00 [DBG] >LOG:1709336234,D,MANAGEMENT: CMD 'status'
2024-03-01 23:37:15.663 +00:00 [DBG] >LOG:1709336235,D,MANAGEMENT: CMD 'status'
2024-03-01 23:37:17.393 +00:00 [DBG] >LOG:1709336236,D,MANAGEMENT: CMD 'status'
2024-03-01 23:37:19.047 +00:00 [DBG] >LOG:1709336238,D,MANAGEMENT: CMD 'status'
2024-03-01 23:37:19.940 +00:00 [DBG] >LOG:1709336239,D,MANAGEMENT: CMD 'status'
2024-03-01 23:37:20.449 +00:00 [DBG] >LOG:1709336240,D,MANAGEMENT: CMD 'status'
2024-03-01 23:37:20.966 +00:00 [DBG] >LOG:1709336240,D,MANAGEMENT: CMD 'status'
2024-03-01 23:37:21.520 +00:00 [DBG] >LOG:1709336241,D,MANAGEMENT: CMD 'status'
2024-03-01 23:37:22.024 +00:00 [DBG] >LOG:1709336242,D,MANAGEMENT: CMD 'status'
2024-03-01 23:37:22.537 +00:00 [DBG] >LOG:1709336242,D,MANAGEMENT: CMD 'status'
2024-03-01 23:37:23.061 +00:00 [DBG] >LOG:1709336243,D,MANAGEMENT: CMD 'status'
2024-03-01 23:37:23.574 +00:00 [DBG] >LOG:1709336243,D,MANAGEMENT: CMD 'status'
2024-03-01 23:37:24.083 +00:00 [DBG] >LOG:1709336244,D,MANAGEMENT: CMD 'status'
2024-03-01 23:37:24.595 +00:00 [DBG] >LOG:1709336244,D,MANAGEMENT: CMD 'status'
2024-03-01 23:37:25.110 +00:00 [DBG] >LOG:1709336245,D,MANAGEMENT: CMD 'status'
2024-03-01 23:37:25.618 +00:00 [DBG] >LOG:1709336245,D,MANAGEMENT: CMD 'status'
2024-03-01 23:37:26.134 +00:00 [DBG] >LOG:1709336246,D,MANAGEMENT: CMD 'status'
2024-03-01 23:37:26.647 +00:00 [DBG] >LOG:1709336246,D,MANAGEMENT: CMD 'status'
2024-03-01 23:37:27.175 +00:00 [DBG] >LOG:1709336247,D,MANAGEMENT: CMD 'status'
2024-03-01 23:37:27.694 +00:00 [DBG] >LOG:1709336247,D,MANAGEMENT: CMD 'status'
2024-03-01 23:37:28.211 +00:00 [DBG] >LOG:1709336248,D,MANAGEMENT: CMD 'status'
2024-03-01 23:37:28.717 +00:00 [DBG] >LOG:1709336248,D,MANAGEMENT: CMD 'status'
2024-03-01 23:37:29.223 +00:00 [DBG] >LOG:1709336249,D,MANAGEMENT: CMD 'status'
2024-03-01 23:37:29.733 +00:00 [DBG] >LOG:1709336249,D,MANAGEMENT: CMD 'status'
2024-03-01 23:37:30.260 +00:00 [DBG] >LOG:1709336250,D,MANAGEMENT: CMD 'status'
2024-03-01 23:37:30.773 +00:00 [DBG] >LOG:1709336250,D,MANAGEMENT: CMD 'status'
2024-03-01 23:37:31.282 +00:00 [DBG] >LOG:1709336251,D,MANAGEMENT: CMD 'status'
2024-03-01 23:37:31.804 +00:00 [DBG] >LOG:1709336251,D,MANAGEMENT: CMD 'status'
2024-03-01 23:37:32.312 +00:00 [DBG] >LOG:1709336252,D,MANAGEMENT: CMD 'status'
2024-03-01 23:37:32.818 +00:00 [DBG] >LOG:1709336252,D,MANAGEMENT: CMD 'status'
2024-03-01 23:37:33.324 +00:00 [DBG] >LOG:1709336253,D,MANAGEMENT: CMD 'status'
2024-03-01 23:37:33.832 +00:00 [DBG] >LOG:1709336253,D,MANAGEMENT: CMD 'status'
2024-03-01 23:37:34.339 +00:00 [DBG] >LOG:1709336254,D,MANAGEMENT: CMD 'status'
2024-03-01 23:37:34.858 +00:00 [DBG] >LOG:1709336254,D,MANAGEMENT: CMD 'status'
2024-03-01 23:37:35.369 +00:00 [DBG] >LOG:1709336255,D,MANAGEMENT: CMD 'status'
2024-03-01 23:37:35.877 +00:00 [DBG] >LOG:1709336255,D,MANAGEMENT: CMD 'status'
2024-03-01 23:37:36.400 +00:00 [DBG] >LOG:1709336256,D,MANAGEMENT: CMD 'status'
2024-03-01 23:37:36.906 +00:00 [DBG] >LOG:1709336256,D,MANAGEMENT: CMD 'status'
2024-03-01 23:37:37.413 +00:00 [DBG] >LOG:1709336257,D,MANAGEMENT: CMD 'status'
2024-03-01 23:37:37.925 +00:00 [DBG] >LOG:1709336257,D,MANAGEMENT: CMD 'status'
2024-03-01 23:37:38.444 +00:00 [DBG] >LOG:1709336258,D,MANAGEMENT: CMD 'status'
2024-03-01 23:37:38.966 +00:00 [DBG] >LOG:1709336258,D,MANAGEMENT: CMD 'status'
2024-03-01 23:37:39.493 +00:00 [DBG] >LOG:1709336259,D,MANAGEMENT: CMD 'status'
2024-03-01 23:37:40.002 +00:00 [DBG] >LOG:1709336260,D,MANAGEMENT: CMD 'status'
2024-03-01 23:37:40.510 +00:00 [DBG] >LOG:1709336260,D,MANAGEMENT: CMD 'status'
2024-03-01 23:37:41.019 +00:00 [DBG] >LOG:1709336261,D,MANAGEMENT: CMD 'status'
2024-03-01 23:37:41.524 +00:00 [DBG] >LOG:1709336261,D,MANAGEMENT: CMD 'status'
2024-03-01 23:37:42.070 +00:00 [DBG] >LOG:1709336262,D,MANAGEMENT: CMD 'status'
2024-03-01 23:37:42.578 +00:00 [DBG] >LOG:1709336262,D,MANAGEMENT: CMD 'status'
2024-03-01 23:37:43.088 +00:00 [DBG] >LOG:1709336263,D,MANAGEMENT: CMD 'status'
2024-03-01 23:37:43.594 +00:00 [DBG] >LOG:1709336263,D,MANAGEMENT: CMD 'status'
2024-03-01 23:37:44.101 +00:00 [DBG] >LOG:1709336264,D,MANAGEMENT: CMD 'status'
2024-03-01 23:37:44.608 +00:00 [DBG] >LOG:1709336264,D,MANAGEMENT: CMD 'status'
2024-03-01 23:37:45.120 +00:00 [DBG] >LOG:1709336265,D,MANAGEMENT: CMD 'status'
2024-03-01 23:37:45.629 +00:00 [DBG] >LOG:1709336265,D,MANAGEMENT: CMD 'status'
2024-03-01 23:37:46.138 +00:00 [DBG] >LOG:1709336266,D,MANAGEMENT: CMD 'status'
2024-03-01 23:37:46.646 +00:00 [DBG] >LOG:1709336266,D,MANAGEMENT: CMD 'status'
2024-03-01 23:37:47.159 +00:00 [DBG] >LOG:1709336267,D,MANAGEMENT: CMD 'status'
2024-03-01 23:37:47.667 +00:00 [DBG] >LOG:1709336267,D,MANAGEMENT: CMD 'status'
2024-03-01 23:37:48.205 +00:00 [DBG] >LOG:1709336268,D,MANAGEMENT: CMD 'status'
2024-03-01 23:37:48.715 +00:00 [DBG] >LOG:1709336268,D,MANAGEMENT: CMD 'status'
2024-03-01 23:37:49.226 +00:00 [DBG] >LOG:1709336269,D,MANAGEMENT: CMD 'status'
2024-03-01 23:37:49.742 +00:00 [DBG] >LOG:1709336269,D,MANAGEMENT: CMD 'status'
2024-03-01 23:37:50.256 +00:00 [DBG] >LOG:1709336270,D,MANAGEMENT: CMD 'status'
2024-03-01 23:37:50.773 +00:00 [DBG] >LOG:1709336270,D,MANAGEMENT: CMD 'status'
2024-03-01 23:37:51.281 +00:00 [DBG] >LOG:1709336271,D,MANAGEMENT: CMD 'status'
2024-03-01 23:37:51.809 +00:00 [DBG] >LOG:1709336271,D,MANAGEMENT: CMD 'status'
2024-03-01 23:37:52.318 +00:00 [DBG] >LOG:1709336272,D,MANAGEMENT: CMD 'status'
2024-03-01 23:37:52.823 +00:00 [DBG] >LOG:1709336272,D,MANAGEMENT: CMD 'status'
2024-03-01 23:37:53.336 +00:00 [DBG] >LOG:1709336273,D,MANAGEMENT: CMD 'status'
2024-03-01 23:37:53.845 +00:00 [DBG] >LOG:1709336273,D,MANAGEMENT: CMD 'status'
2024-03-01 23:37:54.351 +00:00 [DBG] >LOG:1709336274,D,MANAGEMENT: CMD 'status'
2024-03-01 23:37:54.862 +00:00 [DBG] >LOG:1709336274,D,MANAGEMENT: CMD 'status'
2024-03-01 23:37:55.376 +00:00 [DBG] >LOG:1709336275,D,MANAGEMENT: CMD 'status'
2024-03-01 23:37:55.884 +00:00 [DBG] >LOG:1709336275,D,MANAGEMENT: CMD 'status'
2024-03-01 23:37:56.392 +00:00 [DBG] >LOG:1709336276,D,MANAGEMENT: CMD 'status'
2024-03-01 23:37:56.900 +00:00 [DBG] >LOG:1709336276,D,MANAGEMENT: CMD 'status'
2024-03-01 23:37:57.409 +00:00 [DBG] >LOG:1709336277,D,MANAGEMENT: CMD 'status'
2024-03-01 23:37:57.921 +00:00 [DBG] >LOG:1709336277,D,MANAGEMENT: CMD 'status'
2024-03-01 23:37:58.433 +00:00 [DBG] >LOG:1709336278,D,MANAGEMENT: CMD 'status'
2024-03-01 23:37:58.975 +00:00 [DBG] >LOG:1709336278,D,MANAGEMENT: CMD 'status'
2024-03-01 23:37:59.482 +00:00 [DBG] >LOG:1709336279,D,MANAGEMENT: CMD 'status'
2024-03-01 23:37:59.987 +00:00 [DBG] >LOG:1709336279,D,MANAGEMENT: CMD 'status'
2024-03-01 23:38:00.504 +00:00 [DBG] >LOG:1709336280,D,MANAGEMENT: CMD 'status'
2024-03-01 23:38:01.018 +00:00 [DBG] >LOG:1709336281,D,MANAGEMENT: CMD 'status'
2024-03-01 23:38:01.525 +00:00 [DBG] >LOG:1709336281,D,MANAGEMENT: CMD 'status'
2024-03-01 23:38:02.036 +00:00 [DBG] >LOG:1709336282,D,MANAGEMENT: CMD 'status'
2024-03-01 23:38:02.552 +00:00 [DBG] >LOG:1709336282,D,MANAGEMENT: CMD 'status'
2024-03-01 23:38:03.062 +00:00 [DBG] >LOG:1709336283,D,MANAGEMENT: CMD 'status'
2024-03-01 23:38:03.571 +00:00 [DBG] >LOG:1709336283,D,MANAGEMENT: CMD 'status'
2024-03-01 23:38:04.080 +00:00 [DBG] >LOG:1709336284,D,MANAGEMENT: CMD 'status'
2024-03-01 23:38:04.589 +00:00 [DBG] >LOG:1709336284,D,MANAGEMENT: CMD 'status'
2024-03-01 23:38:05.098 +00:00 [DBG] >LOG:1709336285,D,MANAGEMENT: CMD 'status'
2024-03-01 23:38:05.609 +00:00 [DBG] >LOG:1709336285,D,MANAGEMENT: CMD 'status'
2024-03-01 23:38:06.122 +00:00 [DBG] >LOG:1709336286,D,MANAGEMENT: CMD 'status'
2024-03-01 23:38:06.638 +00:00 [DBG] >LOG:1709336286,D,MANAGEMENT: CMD 'status'
2024-03-01 23:38:07.144 +00:00 [DBG] >LOG:1709336287,D,MANAGEMENT: CMD 'status'
2024-03-01 23:38:07.654 +00:00 [DBG] >LOG:1709336287,D,MANAGEMENT: CMD 'status'
2024-03-01 23:38:08.168 +00:00 [DBG] >LOG:1709336288,D,MANAGEMENT: CMD 'status'
2024-03-01 23:38:08.674 +00:00 [DBG] >LOG:1709336288,D,MANAGEMENT: CMD 'status'
2024-03-01 23:38:09.187 +00:00 [DBG] >LOG:1709336289,D,MANAGEMENT: CMD 'status'
2024-03-01 23:38:09.697 +00:00 [DBG] >LOG:1709336289,D,MANAGEMENT: CMD 'status'
2024-03-01 23:38:10.208 +00:00 [DBG] >LOG:1709336290,D,MANAGEMENT: CMD 'status'
2024-03-01 23:38:10.720 +00:00 [DBG] >LOG:1709336290,D,MANAGEMENT: CMD 'status'
2024-03-01 23:38:11.231 +00:00 [DBG] >LOG:1709336291,D,MANAGEMENT: CMD 'status'
2024-03-01 23:38:11.737 +00:00 [DBG] >LOG:1709336291,D,MANAGEMENT: CMD 'status'
2024-03-01 23:38:12.244 +00:00 [DBG] >LOG:1709336292,D,MANAGEMENT: CMD 'status'
2024-03-01 23:38:12.757 +00:00 [DBG] >LOG:1709336292,D,MANAGEMENT: CMD 'status'
2024-03-01 23:38:13.265 +00:00 [DBG] >LOG:1709336293,D,MANAGEMENT: CMD 'status'
2024-03-01 23:38:13.773 +00:00 [DBG] >LOG:1709336293,D,MANAGEMENT: CMD 'status'
2024-03-01 23:38:14.305 +00:00 [DBG] >LOG:1709336294,D,MANAGEMENT: CMD 'status'
2024-03-01 23:38:14.812 +00:00 [DBG] >LOG:1709336294,D,MANAGEMENT: CMD 'status'
2024-03-01 23:38:15.322 +00:00 [DBG] >LOG:1709336295,D,MANAGEMENT: CMD 'status'
2024-03-01 23:38:15.835 +00:00 [DBG] >LOG:1709336295,D,MANAGEMENT: CMD 'status'
2024-03-01 23:38:16.344 +00:00 [DBG] >LOG:1709336296,D,MANAGEMENT: CMD 'status'
2024-03-01 23:38:16.851 +00:00 [DBG] >LOG:1709336296,D,MANAGEMENT: CMD 'status'
2024-03-01 23:38:17.357 +00:00 [DBG] >LOG:1709336297,D,MANAGEMENT: CMD 'status'
2024-03-01 23:38:17.867 +00:00 [DBG] >LOG:1709336297,D,MANAGEMENT: CMD 'status'
2024-03-01 23:38:18.374 +00:00 [DBG] >LOG:1709336298,D,MANAGEMENT: CMD 'status'
2024-03-01 23:38:18.890 +00:00 [DBG] >LOG:1709336298,D,MANAGEMENT: CMD 'status'
2024-03-01 23:38:19.397 +00:00 [DBG] >LOG:1709336299,D,MANAGEMENT: CMD 'status'
2024-03-01 23:38:19.904 +00:00 [DBG] >LOG:1709336299,D,MANAGEMENT: CMD 'status'
2024-03-01 23:38:20.417 +00:00 [DBG] >LOG:1709336300,D,MANAGEMENT: CMD 'status'
2024-03-01 23:38:20.935 +00:00 [DBG] >LOG:1709336300,D,MANAGEMENT: CMD 'status'
2024-03-01 23:38:21.440 +00:00 [DBG] >LOG:1709336301,D,MANAGEMENT: CMD 'status'
2024-03-01 23:38:21.949 +00:00 [DBG] >LOG:1709336301,D,MANAGEMENT: CMD 'status'
2024-03-01 23:38:22.464 +00:00 [DBG] >LOG:1709336302,D,MANAGEMENT: CMD 'status'
2024-03-01 23:38:22.976 +00:00 [DBG] >LOG:1709336302,D,MANAGEMENT: CMD 'status'
2024-03-01 23:38:23.483 +00:00 [DBG] >LOG:1709336303,D,MANAGEMENT: CMD 'status'
2024-03-01 23:38:23.989 +00:00 [DBG] >LOG:1709336303,D,MANAGEMENT: CMD 'status'
2024-03-01 23:38:24.508 +00:00 [DBG] >LOG:1709336304,D,MANAGEMENT: CMD 'status'
2024-03-01 23:38:25.019 +00:00 [DBG] >LOG:1709336305,D,MANAGEMENT: CMD 'status'
2024-03-01 23:38:25.529 +00:00 [DBG] >LOG:1709336305,D,MANAGEMENT: CMD 'status'
2024-03-01 23:38:26.050 +00:00 [DBG] >LOG:1709336306,D,MANAGEMENT: CMD 'status'
2024-03-01 23:38:26.556 +00:00 [DBG] >LOG:1709336306,D,MANAGEMENT: CMD 'status'
2024-03-01 23:38:27.073 +00:00 [DBG] >LOG:1709336307,D,MANAGEMENT: CMD 'status'
2024-03-01 23:38:27.597 +00:00 [DBG] >LOG:1709336307,D,MANAGEMENT: CMD 'status'
2024-03-01 23:38:28.106 +00:00 [DBG] >LOG:1709336308,D,MANAGEMENT: CMD 'status'
2024-03-01 23:38:28.612 +00:00 [DBG] >LOG:1709336308,D,MANAGEMENT: CMD 'status'
2024-03-01 23:38:29.136 +00:00 [DBG] >LOG:1709336309,D,MANAGEMENT: CMD 'status'
2024-03-01 23:38:29.645 +00:00 [DBG] >LOG:1709336309,D,MANAGEMENT: CMD 'status'
2024-03-01 23:38:30.154 +00:00 [DBG] >LOG:1709336310,D,MANAGEMENT: CMD 'status'
2024-03-01 23:38:30.676 +00:00 [DBG] >LOG:1709336310,D,MANAGEMENT: CMD 'status'
2024-03-01 23:38:31.187 +00:00 [DBG] >LOG:1709336311,D,MANAGEMENT: CMD 'status'
2024-03-01 23:38:31.696 +00:00 [DBG] >LOG:1709336311,D,MANAGEMENT: CMD 'status'
2024-03-01 23:38:32.205 +00:00 [DBG] >LOG:1709336312,D,MANAGEMENT: CMD 'status'
2024-03-01 23:38:32.724 +00:00 [DBG] >LOG:1709336312,D,MANAGEMENT: CMD 'status'
2024-03-01 23:38:33.257 +00:00 [DBG] >LOG:1709336313,D,MANAGEMENT: CMD 'status'
2024-03-01 23:38:33.762 +00:00 [DBG] >LOG:1709336313,D,MANAGEMENT: CMD 'status'
2024-03-01 23:38:34.295 +00:00 [DBG] >LOG:1709336314,D,MANAGEMENT: CMD 'status'
2024-03-01 23:38:34.812 +00:00 [DBG] >LOG:1709336314,D,MANAGEMENT: CMD 'status'
2024-03-01 23:38:35.318 +00:00 [DBG] >LOG:1709336315,D,MANAGEMENT: CMD 'status'
2024-03-01 23:38:35.827 +00:00 [DBG] >LOG:1709336315,D,MANAGEMENT: CMD 'status'
2024-03-01 23:38:36.347 +00:00 [DBG] >LOG:1709336316,D,MANAGEMENT: CMD 'status'
2024-03-01 23:38:36.860 +00:00 [DBG] >LOG:1709336316,D,MANAGEMENT: CMD 'status'
2024-03-01 23:38:37.379 +00:00 [DBG] >LOG:1709336317,D,MANAGEMENT: CMD 'status'
2024-03-01 23:38:37.890 +00:00 [DBG] >LOG:1709336317,D,MANAGEMENT: CMD 'status'
2024-03-01 23:38:38.397 +00:00 [DBG] >LOG:1709336318,D,MANAGEMENT: CMD 'status'
2024-03-01 23:38:38.903 +00:00 [DBG] >LOG:1709336318,D,MANAGEMENT: CMD 'status'
2024-03-01 23:38:39.410 +00:00 [DBG] >LOG:1709336319,D,MANAGEMENT: CMD 'status'
2024-03-01 23:38:39.918 +00:00 [DBG] >LOG:1709336319,D,MANAGEMENT: CMD 'status'
2024-03-01 23:38:40.424 +00:00 [DBG] >LOG:1709336320,D,MANAGEMENT: CMD 'status'
2024-03-01 23:38:40.934 +00:00 [DBG] >LOG:1709336320,D,MANAGEMENT: CMD 'status'
2024-03-01 23:38:41.455 +00:00 [DBG] >LOG:1709336321,D,MANAGEMENT: CMD 'status'
2024-03-01 23:38:41.987 +00:00 [DBG] >LOG:1709336321,D,MANAGEMENT: CMD 'status'
2024-03-01 23:38:42.494 +00:00 [DBG] >LOG:1709336322,D,MANAGEMENT: CMD 'status'
2024-03-01 23:38:43.005 +00:00 [DBG] >LOG:1709336322,D,MANAGEMENT: CMD 'status'
2024-03-01 23:38:43.530 +00:00 [DBG] >LOG:1709336323,D,MANAGEMENT: CMD 'status'
2024-03-01 23:38:44.043 +00:00 [DBG] >LOG:1709336324,D,MANAGEMENT: CMD 'status'
2024-03-01 23:38:44.555 +00:00 [DBG] >LOG:1709336324,D,MANAGEMENT: CMD 'status'
2024-03-01 23:38:45.067 +00:00 [DBG] >LOG:1709336325,D,MANAGEMENT: CMD 'status'
2024-03-01 23:38:45.583 +00:00 [DBG] >LOG:1709336325,D,MANAGEMENT: CMD 'status'
2024-03-01 23:38:46.089 +00:00 [DBG] >LOG:1709336326,D,MANAGEMENT: CMD 'status'
2024-03-01 23:38:46.604 +00:00 [DBG] >LOG:1709336326,D,MANAGEMENT: CMD 'status'
2024-03-01 23:38:47.114 +00:00 [DBG] >LOG:1709336327,D,MANAGEMENT: CMD 'status'
2024-03-01 23:38:47.624 +00:00 [DBG] >LOG:1709336327,D,MANAGEMENT: CMD 'status'
2024-03-01 23:38:48.130 +00:00 [DBG] >LOG:1709336328,D,MANAGEMENT: CMD 'status'
2024-03-01 23:38:48.643 +00:00 [DBG] >LOG:1709336328,D,MANAGEMENT: CMD 'status'
2024-03-01 23:38:49.153 +00:00 [DBG] >LOG:1709336329,D,MANAGEMENT: CMD 'status'
2024-03-01 23:38:49.662 +00:00 [DBG] >LOG:1709336329,D,MANAGEMENT: CMD 'status'
2024-03-01 23:38:50.174 +00:00 [DBG] >LOG:1709336330,D,MANAGEMENT: CMD 'status'
2024-03-01 23:38:50.686 +00:00 [DBG] >LOG:1709336330,D,MANAGEMENT: CMD 'status'
2024-03-01 23:38:51.199 +00:00 [DBG] >LOG:1709336331,D,MANAGEMENT: CMD 'status'
2024-03-01 23:38:51.711 +00:00 [DBG] >LOG:1709336331,D,MANAGEMENT: CMD 'status'
2024-03-01 23:38:52.216 +00:00 [DBG] >LOG:1709336332,D,MANAGEMENT: CMD 'status'
2024-03-01 23:38:52.770 +00:00 [DBG] >LOG:1709336332,D,MANAGEMENT: CMD 'status'
2024-03-01 23:38:53.278 +00:00 [DBG] >LOG:1709336333,D,MANAGEMENT: CMD 'status'
2024-03-01 23:38:53.792 +00:00 [DBG] >LOG:1709336333,D,MANAGEMENT: CMD 'status'
2024-03-01 23:38:54.303 +00:00 [DBG] >LOG:1709336334,D,MANAGEMENT: CMD 'status'
2024-03-01 23:38:54.823 +00:00 [DBG] >LOG:1709336334,D,MANAGEMENT: CMD 'status'
2024-03-01 23:38:55.331 +00:00 [DBG] >LOG:1709336335,D,MANAGEMENT: CMD 'status'
2024-03-01 23:38:55.841 +00:00 [DBG] >LOG:1709336335,D,MANAGEMENT: CMD 'status'
2024-03-01 23:38:56.361 +00:00 [DBG] >LOG:1709336336,D,MANAGEMENT: CMD 'status'
2024-03-01 23:38:56.868 +00:00 [DBG] >LOG:1709336336,D,MANAGEMENT: CMD 'status'
2024-03-01 23:38:57.375 +00:00 [DBG] >LOG:1709336337,D,MANAGEMENT: CMD 'status'
2024-03-01 23:38:57.890 +00:00 [DBG] >LOG:1709336337,D,MANAGEMENT: CMD 'status'
2024-03-01 23:38:58.438 +00:00 [DBG] >LOG:1709336338,D,MANAGEMENT: CMD 'status'
2024-03-01 23:38:58.947 +00:00 [DBG] >LOG:1709336338,D,MANAGEMENT: CMD 'status'
2024-03-01 23:38:59.454 +00:00 [DBG] >LOG:1709336339,D,MANAGEMENT: CMD 'status'
2024-03-01 23:38:59.961 +00:00 [DBG] >LOG:1709336339,D,MANAGEMENT: CMD 'status'
2024-03-01 23:39:00.485 +00:00 [DBG] >LOG:1709336340,D,MANAGEMENT: CMD 'status'
2024-03-01 23:39:00.991 +00:00 [DBG] >LOG:1709336340,D,MANAGEMENT: CMD 'status'
2024-03-01 23:39:01.501 +00:00 [DBG] >LOG:1709336341,D,MANAGEMENT: CMD 'status'
2024-03-01 23:39:02.007 +00:00 [DBG] >LOG:1709336342,D,MANAGEMENT: CMD 'status'
2024-03-01 23:39:02.536 +00:00 [DBG] >LOG:1709336342,D,MANAGEMENT: CMD 'status'
2024-03-01 23:39:03.044 +00:00 [DBG] >LOG:1709336343,D,MANAGEMENT: CMD 'status'
2024-03-01 23:39:03.552 +00:00 [DBG] >LOG:1709336343,D,MANAGEMENT: CMD 'status'
2024-03-01 23:39:04.062 +00:00 [DBG] >LOG:1709336344,D,MANAGEMENT: CMD 'status'
2024-03-01 23:39:04.585 +00:00 [DBG] >LOG:1709336344,D,MANAGEMENT: CMD 'status'
2024-03-01 23:39:05.100 +00:00 [DBG] >LOG:1709336345,D,MANAGEMENT: CMD 'status'
2024-03-01 23:39:05.618 +00:00 [DBG] >LOG:1709336345,D,MANAGEMENT: CMD 'status'
2024-03-01 23:39:06.137 +00:00 [DBG] >LOG:1709336346,D,MANAGEMENT: CMD 'status'
2024-03-01 23:39:06.645 +00:00 [DBG] >LOG:1709336346,D,MANAGEMENT: CMD 'status'
2024-03-01 23:39:07.154 +00:00 [DBG] >LOG:1709336347,D,MANAGEMENT: CMD 'status'
2024-03-01 23:39:07.668 +00:00 [DBG] >LOG:1709336347,D,MANAGEMENT: CMD 'status'
2024-03-01 23:39:08.185 +00:00 [DBG] >LOG:1709336348,D,MANAGEMENT: CMD 'status'
2024-03-01 23:39:08.694 +00:00 [DBG] >LOG:1709336348,D,MANAGEMENT: CMD 'status'
2024-03-01 23:39:09.209 +00:00 [DBG] >LOG:1709336349,D,MANAGEMENT: CMD 'status'
2024-03-01 23:39:09.716 +00:00 [DBG] >LOG:1709336349,D,MANAGEMENT: CMD 'status'
2024-03-01 23:39:10.225 +00:00 [DBG] >LOG:1709336350,D,MANAGEMENT: CMD 'status'
2024-03-01 23:39:10.731 +00:00 [DBG] >LOG:1709336350,D,MANAGEMENT: CMD 'status'
2024-03-01 23:39:11.248 +00:00 [DBG] >LOG:1709336351,D,MANAGEMENT: CMD 'status'
2024-03-01 23:39:11.756 +00:00 [DBG] >LOG:1709336351,D,MANAGEMENT: CMD 'status'
2024-03-01 23:39:12.266 +00:00 [DBG] >LOG:1709336352,D,MANAGEMENT: CMD 'status'
2024-03-01 23:39:12.774 +00:00 [DBG] >LOG:1709336352,D,MANAGEMENT: CMD 'status'
2024-03-01 23:39:13.280 +00:00 [DBG] >LOG:1709336353,D,MANAGEMENT: CMD 'status'
2024-03-01 23:39:13.788 +00:00 [DBG] >LOG:1709336353,D,MANAGEMENT: CMD 'status'
2024-03-01 23:39:14.305 +00:00 [DBG] >LOG:1709336354,D,MANAGEMENT: CMD 'status'
2024-03-01 23:39:14.845 +00:00 [DBG] >LOG:1709336354,D,MANAGEMENT: CMD 'status'
2024-03-01 23:39:15.359 +00:00 [DBG] >LOG:1709336355,D,MANAGEMENT: CMD 'status'
2024-03-01 23:39:15.871 +00:00 [DBG] >LOG:1709336355,D,MANAGEMENT: CMD 'status'
2024-03-01 23:39:16.393 +00:00 [DBG] >LOG:1709336356,D,MANAGEMENT: CMD 'status'
2024-03-01 23:39:16.903 +00:00 [DBG] >LOG:1709336356,D,MANAGEMENT: CMD 'status'
2024-03-01 23:39:17.408 +00:00 [DBG] >LOG:1709336357,D,MANAGEMENT: CMD 'status'
2024-03-01 23:39:17.915 +00:00 [DBG] >LOG:1709336357,D,MANAGEMENT: CMD 'status'
2024-03-01 23:39:18.422 +00:00 [DBG] >LOG:1709336358,D,MANAGEMENT: CMD 'status'
2024-03-01 23:39:18.934 +00:00 [DBG] >LOG:1709336358,D,MANAGEMENT: CMD 'status'
2024-03-01 23:39:19.443 +00:00 [DBG] >LOG:1709336359,D,MANAGEMENT: CMD 'status'
2024-03-01 23:39:19.953 +00:00 [DBG] >LOG:1709336359,D,MANAGEMENT: CMD 'status'
2024-03-01 23:39:20.470 +00:00 [DBG] >LOG:1709336360,D,MANAGEMENT: CMD 'status'
2024-03-01 23:39:21.013 +00:00 [DBG] >LOG:1709336361,D,MANAGEMENT: CMD 'status'
2024-03-01 23:39:21.543 +00:00 [DBG] >LOG:1709336361,D,MANAGEMENT: CMD 'status'
2024-03-01 23:39:22.103 +00:00 [DBG] >LOG:1709336362,D,MANAGEMENT: CMD 'status'
2024-03-01 23:39:22.639 +00:00 [DBG] >LOG:1709336362,D,MANAGEMENT: CMD 'status'
2024-03-01 23:39:23.746 +00:00 [DBG] >LOG:1709336363,D,MANAGEMENT: CMD 'status'
2024-03-01 23:39:24.269 +00:00 [DBG] >LOG:1709336364,D,MANAGEMENT: CMD 'status'
2024-03-01 23:39:26.405 +00:00 [DBG] >LOG:1709336364,D,MANAGEMENT: CMD 'status'
2024-03-01 23:39:34.672 +00:00 [DBG] >LOG:1709336370,D,MANAGEMENT: CMD 'status'
2024-03-01 23:39:54.900 +00:00 [DBG] >LOG:1709336374,D,MANAGEMENT: CMD 'status'
2024-03-01 23:40:00.861 +00:00 [DBG] >LOG:1709336383,D,MANAGEMENT: CMD 'status'
2024-03-01 23:40:00.870 +00:00 [DBG] >LOG:1709336393,D,MANAGEMENT: CMD 'status'
2024-03-01 23:40:00.872 +00:00 [DBG] >LOG:1709336400,D,MANAGEMENT: CMD 'status'
2024-03-01 23:40:13.586 +00:00 [DBG] >LOG:1709336401,D,MANAGEMENT: CMD 'status'
2024-03-01 23:40:26.432 +00:00 [DBG] >LOG:1709336404,D,MANAGEMENT: CMD 'status'
2024-03-01 23:40:32.792 +00:00 [DBG] >LOG:1709336413,D,MANAGEMENT: CMD 'status'
2024-03-01 23:40:33.660 +00:00 [DBG] >LOG:1709336420,D,MANAGEMENT: CMD 'status'
2024-03-01 23:40:34.066 +00:00 [DBG] >LOG:1709336429,D,MANAGEMENT: CMD 'status'
2024-03-01 23:40:56.490 +00:00 [DBG] >LOG:1709336434,D,MANAGEMENT: CMD 'status'
2024-03-01 23:41:16.529 +00:00 [DBG] >LOG:1709336449,D,MANAGEMENT: CMD 'status'
2024-03-01 23:41:16.569 +00:00 [DBG] >LOG:1709336460,D,MANAGEMENT: CMD 'status'
2024-03-01 23:41:16.569 +00:00 [DBG] >LOG:1709336475,D,MANAGEMENT: CMD 'status'
2024-03-01 23:41:17.078 +00:00 [DBG] >LOG:1709336477,D,MANAGEMENT: CMD 'status'
2024-03-01 23:41:17.585 +00:00 [DBG] >LOG:1709336477,D,MANAGEMENT: CMD 'status'
2024-03-01 23:41:18.088 +00:00 [DBG] >LOG:1709336478,D,MANAGEMENT: CMD 'status'
2024-03-01 23:41:18.593 +00:00 [DBG] >LOG:1709336478,D,MANAGEMENT: CMD 'status'
2024-03-01 23:41:19.106 +00:00 [DBG] >LOG:1709336479,D,MANAGEMENT: CMD 'status'
2024-03-01 23:41:19.615 +00:00 [DBG] >LOG:1709336479,D,MANAGEMENT: CMD 'status'
2024-03-01 23:41:20.123 +00:00 [DBG] >LOG:1709336480,D,MANAGEMENT: CMD 'status'
2024-03-01 23:41:20.631 +00:00 [DBG] >LOG:1709336480,D,MANAGEMENT: CMD 'status'
2024-03-01 23:41:21.141 +00:00 [DBG] >LOG:1709336481,D,MANAGEMENT: CMD 'status'
2024-03-01 23:41:21.659 +00:00 [DBG] >LOG:1709336481,D,MANAGEMENT: CMD 'status'
2024-03-01 23:41:22.164 +00:00 [DBG] >LOG:1709336482,D,MANAGEMENT: CMD 'status'
2024-03-01 23:41:22.676 +00:00 [DBG] >LOG:1709336482,D,MANAGEMENT: CMD 'status'
2024-03-01 23:41:23.189 +00:00 [DBG] >LOG:1709336483,D,MANAGEMENT: CMD 'status'
2024-03-01 23:41:23.760 +00:00 [DBG] >LOG:1709336483,D,MANAGEMENT: CMD 'status'
2024-03-01 23:41:24.271 +00:00 [DBG] >LOG:1709336484,D,MANAGEMENT: CMD 'status'
2024-03-01 23:41:24.784 +00:00 [DBG] >LOG:1709336484,D,MANAGEMENT: CMD 'status'
2024-03-01 23:41:25.295 +00:00 [DBG] >LOG:1709336485,D,MANAGEMENT: CMD 'status'
2024-03-01 23:41:25.806 +00:00 [DBG] >LOG:1709336485,D,MANAGEMENT: CMD 'status'
2024-03-01 23:41:26.315 +00:00 [DBG] >LOG:1709336486,D,MANAGEMENT: CMD 'status'
2024-03-01 23:41:26.823 +00:00 [DBG] >LOG:1709336486,D,MANAGEMENT: CMD 'status'
2024-03-01 23:41:27.335 +00:00 [DBG] >LOG:1709336487,D,MANAGEMENT: CMD 'status'
2024-03-01 23:41:27.856 +00:00 [DBG] >LOG:1709336487,D,MANAGEMENT: CMD 'status'
2024-03-01 23:41:28.385 +00:00 [DBG] >LOG:1709336488,D,MANAGEMENT: CMD 'status'
2024-03-01 23:41:28.894 +00:00 [DBG] >LOG:1709336488,D,MANAGEMENT: CMD 'status'
2024-03-01 23:41:29.407 +00:00 [DBG] >LOG:1709336489,D,MANAGEMENT: CMD 'status'
2024-03-01 23:41:29.915 +00:00 [DBG] >LOG:1709336489,D,MANAGEMENT: CMD 'status'
2024-03-01 23:41:30.429 +00:00 [DBG] >LOG:1709336490,D,MANAGEMENT: CMD 'status'
2024-03-01 23:41:30.936 +00:00 [DBG] >LOG:1709336490,D,MANAGEMENT: CMD 'status'
2024-03-01 23:41:31.456 +00:00 [DBG] >LOG:1709336491,D,MANAGEMENT: CMD 'status'
2024-03-01 23:41:31.970 +00:00 [DBG] >LOG:1709336491,D,MANAGEMENT: CMD 'status'
2024-03-01 23:41:32.477 +00:00 [DBG] >LOG:1709336492,D,MANAGEMENT: CMD 'status'
2024-03-01 23:41:32.985 +00:00 [DBG] >LOG:1709336492,D,MANAGEMENT: CMD 'status'
2024-03-01 23:41:33.497 +00:00 [DBG] >LOG:1709336493,D,MANAGEMENT: CMD 'status'
2024-03-01 23:41:34.018 +00:00 [DBG] >LOG:1709336494,D,MANAGEMENT: CMD 'status'
2024-03-01 23:41:34.524 +00:00 [DBG] >LOG:1709336494,D,MANAGEMENT: CMD 'status'
2024-03-01 23:41:35.031 +00:00 [DBG] >LOG:1709336495,D,MANAGEMENT: CMD 'status'
2024-03-01 23:41:35.552 +00:00 [DBG] >LOG:1709336495,D,MANAGEMENT: CMD 'status'
2024-03-01 23:41:36.063 +00:00 [DBG] >LOG:1709336496,D,MANAGEMENT: CMD 'status'
2024-03-01 23:41:36.573 +00:00 [DBG] >LOG:1709336496,D,MANAGEMENT: CMD 'status'
2024-03-01 23:41:37.084 +00:00 [DBG] >LOG:1709336497,D,MANAGEMENT: CMD 'status'
2024-03-01 23:41:37.599 +00:00 [DBG] >LOG:1709336497,D,MANAGEMENT: CMD 'status'
2024-03-01 23:41:38.106 +00:00 [DBG] >LOG:1709336498,D,MANAGEMENT: CMD 'status'
2024-03-01 23:41:38.612 +00:00 [DBG] >LOG:1709336498,D,MANAGEMENT: CMD 'status'
2024-03-01 23:41:39.120 +00:00 [DBG] >LOG:1709336499,D,MANAGEMENT: CMD 'status'
2024-03-01 23:41:39.645 +00:00 [DBG] >LOG:1709336499,D,MANAGEMENT: CMD 'status'
2024-03-01 23:41:40.159 +00:00 [DBG] >LOG:1709336500,D,MANAGEMENT: CMD 'status'
2024-03-01 23:41:40.671 +00:00 [DBG] >LOG:1709336500,D,MANAGEMENT: CMD 'status'
2024-03-01 23:41:41.181 +00:00 [DBG] >LOG:1709336501,D,MANAGEMENT: CMD 'status'
2024-03-01 23:41:41.687 +00:00 [DBG] >LOG:1709336501,D,MANAGEMENT: CMD 'status'
2024-03-01 23:41:42.198 +00:00 [DBG] >LOG:1709336502,D,MANAGEMENT: CMD 'status'
2024-03-01 23:41:42.715 +00:00 [DBG] >LOG:1709336502,D,MANAGEMENT: CMD 'status'
2024-03-01 23:41:43.231 +00:00 [DBG] >LOG:1709336503,D,MANAGEMENT: CMD 'status'
2024-03-01 23:41:43.742 +00:00 [DBG] >LOG:1709336503,D,MANAGEMENT: CMD 'status'
2024-03-01 23:41:44.252 +00:00 [DBG] >LOG:1709336504,D,MANAGEMENT: CMD 'status'
2024-03-01 23:41:44.793 +00:00 [DBG] >LOG:1709336504,D,MANAGEMENT: CMD 'status'
2024-03-01 23:41:45.321 +00:00 [DBG] >LOG:1709336505,D,MANAGEMENT: CMD 'status'
2024-03-01 23:41:45.834 +00:00 [DBG] >LOG:1709336505,D,MANAGEMENT: CMD 'status'
2024-03-01 23:41:46.348 +00:00 [DBG] >LOG:1709336506,D,MANAGEMENT: CMD 'status'
2024-03-01 23:41:46.857 +00:00 [DBG] >LOG:1709336506,D,MANAGEMENT: CMD 'status'
2024-03-01 23:41:47.367 +00:00 [DBG] >LOG:1709336507,D,MANAGEMENT: CMD 'status'
2024-03-01 23:41:47.877 +00:00 [DBG] >LOG:1709336507,D,MANAGEMENT: CMD 'status'
2024-03-01 23:41:48.392 +00:00 [DBG] >LOG:1709336508,D,MANAGEMENT: CMD 'status'
2024-03-01 23:41:48.909 +00:00 [DBG] >LOG:1709336508,D,MANAGEMENT: CMD 'status'
2024-03-01 23:41:49.418 +00:00 [DBG] >LOG:1709336509,D,MANAGEMENT: CMD 'status'
2024-03-01 23:41:49.931 +00:00 [DBG] >LOG:1709336509,D,MANAGEMENT: CMD 'status'
2024-03-01 23:41:50.440 +00:00 [DBG] >LOG:1709336510,D,MANAGEMENT: CMD 'status'
2024-03-01 23:41:50.946 +00:00 [DBG] >LOG:1709336510,D,MANAGEMENT: CMD 'status'
2024-03-01 23:41:51.455 +00:00 [DBG] >LOG:1709336511,D,MANAGEMENT: CMD 'status'
2024-03-01 23:41:51.969 +00:00 [DBG] >LOG:1709336511,D,MANAGEMENT: CMD 'status'
2024-03-01 23:41:52.480 +00:00 [DBG] >LOG:1709336512,D,MANAGEMENT: CMD 'status'
2024-03-01 23:41:52.986 +00:00 [DBG] >LOG:1709336512,D,MANAGEMENT: CMD 'status'
2024-03-01 23:41:53.496 +00:00 [DBG] >LOG:1709336513,D,MANAGEMENT: CMD 'status'
2024-03-01 23:41:54.004 +00:00 [DBG] >LOG:1709336514,D,MANAGEMENT: CMD 'status'
2024-03-01 23:41:54.540 +00:00 [DBG] >LOG:1709336514,D,MANAGEMENT: CMD 'status'
2024-03-01 23:41:55.045 +00:00 [DBG] >LOG:1709336515,D,MANAGEMENT: CMD 'status'
2024-03-01 23:41:55.552 +00:00 [DBG] >LOG:1709336515,D,MANAGEMENT: CMD 'status'
2024-03-01 23:41:56.064 +00:00 [DBG] >LOG:1709336516,D,MANAGEMENT: CMD 'status'
2024-03-01 23:41:56.570 +00:00 [DBG] >LOG:1709336516,D,MANAGEMENT: CMD 'status'
2024-03-01 23:41:57.118 +00:00 [DBG] >LOG:1709336517,D,MANAGEMENT: CMD 'status'
2024-03-01 23:41:57.624 +00:00 [DBG] >LOG:1709336517,D,MANAGEMENT: CMD 'status'
2024-03-01 23:41:58.140 +00:00 [DBG] >LOG:1709336518,D,MANAGEMENT: CMD 'status'
2024-03-01 23:41:58.652 +00:00 [DBG] >LOG:1709336518,D,MANAGEMENT: CMD 'status'
2024-03-01 23:41:59.166 +00:00 [DBG] >LOG:1709336519,D,MANAGEMENT: CMD 'status'
2024-03-01 23:41:59.671 +00:00 [DBG] >LOG:1709336519,D,MANAGEMENT: CMD 'status'
2024-03-01 23:42:00.222 +00:00 [DBG] >LOG:1709336520,D,MANAGEMENT: CMD 'status'
2024-03-01 23:42:00.729 +00:00 [DBG] >LOG:1709336520,D,MANAGEMENT: CMD 'status'
2024-03-01 23:42:01.257 +00:00 [DBG] >LOG:1709336521,D,MANAGEMENT: CMD 'status'
2024-03-01 23:42:01.766 +00:00 [DBG] >LOG:1709336521,D,MANAGEMENT: CMD 'status'
2024-03-01 23:42:02.273 +00:00 [DBG] >LOG:1709336522,D,MANAGEMENT: CMD 'status'
2024-03-01 23:42:02.781 +00:00 [DBG] >LOG:1709336522,D,MANAGEMENT: CMD 'status'
2024-03-01 23:42:03.302 +00:00 [DBG] >LOG:1709336523,D,MANAGEMENT: CMD 'status'
2024-03-01 23:42:03.811 +00:00 [DBG] >LOG:1709336523,D,MANAGEMENT: CMD 'status'
2024-03-01 23:42:04.326 +00:00 [DBG] >LOG:1709336524,D,MANAGEMENT: CMD 'status'
2024-03-01 23:42:04.840 +00:00 [DBG] >LOG:1709336524,D,MANAGEMENT: CMD 'status'
2024-03-01 23:42:05.348 +00:00 [DBG] >LOG:1709336525,D,MANAGEMENT: CMD 'status'
2024-03-01 23:42:05.857 +00:00 [DBG] >LOG:1709336525,D,MANAGEMENT: CMD 'status'
2024-03-01 23:42:06.374 +00:00 [DBG] >LOG:1709336526,D,MANAGEMENT: CMD 'status'
2024-03-01 23:42:06.923 +00:00 [DBG] >LOG:1709336526,D,MANAGEMENT: CMD 'status'
2024-03-01 23:42:07.433 +00:00 [DBG] >LOG:1709336527,D,MANAGEMENT: CMD 'status'
2024-03-01 23:42:07.944 +00:00 [DBG] >LOG:1709336527,D,MANAGEMENT: CMD 'status'
2024-03-01 23:42:08.457 +00:00 [DBG] >LOG:1709336528,D,MANAGEMENT: CMD 'status'
2024-03-01 23:42:08.965 +00:00 [DBG] >LOG:1709336528,D,MANAGEMENT: CMD 'status'
2024-03-01 23:42:09.472 +00:00 [DBG] >LOG:1709336529,D,MANAGEMENT: CMD 'status'
2024-03-01 23:42:09.980 +00:00 [DBG] >LOG:1709336529,D,MANAGEMENT: CMD 'status'
2024-03-01 23:42:10.497 +00:00 [DBG] >LOG:1709336530,D,MANAGEMENT: CMD 'status'
2024-03-01 23:42:11.014 +00:00 [DBG] >LOG:1709336531,D,MANAGEMENT: CMD 'status'
2024-03-01 23:42:11.525 +00:00 [DBG] >LOG:1709336531,D,MANAGEMENT: CMD 'status'
2024-03-01 23:42:12.031 +00:00 [DBG] >LOG:1709336532,D,MANAGEMENT: CMD 'status'
2024-03-01 23:42:12.539 +00:00 [DBG] >LOG:1709336532,D,MANAGEMENT: CMD 'status'
2024-03-01 23:42:13.053 +00:00 [DBG] >LOG:1709336533,D,MANAGEMENT: CMD 'status'
2024-03-01 23:42:13.568 +00:00 [DBG] >LOG:1709336533,D,MANAGEMENT: CMD 'status'
2024-03-01 23:42:14.082 +00:00 [DBG] >LOG:1709336534,D,MANAGEMENT: CMD 'status'
2024-03-01 23:42:14.591 +00:00 [DBG] >LOG:1709336534,D,MANAGEMENT: CMD 'status'
2024-03-01 23:42:15.105 +00:00 [DBG] >LOG:1709336535,D,MANAGEMENT: CMD 'status'
2024-03-01 23:42:15.617 +00:00 [DBG] >LOG:1709336535,D,MANAGEMENT: CMD 'status'
2024-03-01 23:42:16.127 +00:00 [DBG] >LOG:1709336536,D,MANAGEMENT: CMD 'status'
2024-03-01 23:42:16.636 +00:00 [DBG] >LOG:1709336536,D,MANAGEMENT: CMD 'status'
2024-03-01 23:42:17.152 +00:00 [DBG] >LOG:1709336537,D,MANAGEMENT: CMD 'status'
2024-03-01 23:42:17.663 +00:00 [DBG] >LOG:1709336537,D,MANAGEMENT: CMD 'status'
2024-03-01 23:42:18.178 +00:00 [DBG] >LOG:1709336538,D,MANAGEMENT: CMD 'status'
2024-03-01 23:42:18.684 +00:00 [DBG] >LOG:1709336538,D,MANAGEMENT: CMD 'status'
2024-03-01 23:42:19.191 +00:00 [DBG] >LOG:1709336539,D,MANAGEMENT: CMD 'status'
2024-03-01 23:42:19.743 +00:00 [DBG] >LOG:1709336539,D,MANAGEMENT: CMD 'status'
2024-03-01 23:42:20.252 +00:00 [DBG] >LOG:1709336540,D,MANAGEMENT: CMD 'status'
2024-03-01 23:42:20.765 +00:00 [DBG] >LOG:1709336540,D,MANAGEMENT: CMD 'status'
2024-03-01 23:42:21.270 +00:00 [DBG] >LOG:1709336541,D,MANAGEMENT: CMD 'status'
2024-03-01 23:42:21.778 +00:00 [DBG] >LOG:1709336541,D,MANAGEMENT: CMD 'status'
2024-03-01 23:42:22.289 +00:00 [DBG] >LOG:1709336542,D,MANAGEMENT: CMD 'status'
2024-03-01 23:42:22.798 +00:00 [DBG] >LOG:1709336542,D,MANAGEMENT: CMD 'status'
2024-03-01 23:42:23.314 +00:00 [DBG] >LOG:1709336543,D,MANAGEMENT: CMD 'status'
2024-03-01 23:42:23.828 +00:00 [DBG] >LOG:1709336543,D,MANAGEMENT: CMD 'status'
2024-03-01 23:42:24.340 +00:00 [DBG] >LOG:1709336544,D,MANAGEMENT: CMD 'status'
2024-03-01 23:42:24.876 +00:00 [DBG] >LOG:1709336544,D,MANAGEMENT: CMD 'status'
2024-03-01 23:42:25.385 +00:00 [DBG] >LOG:1709336545,D,MANAGEMENT: CMD 'status'
2024-03-01 23:42:25.897 +00:00 [DBG] >LOG:1709336545,D,MANAGEMENT: CMD 'status'
2024-03-01 23:42:26.411 +00:00 [DBG] >LOG:1709336546,D,MANAGEMENT: CMD 'status'
2024-03-01 23:42:26.919 +00:00 [DBG] >LOG:1709336546,D,MANAGEMENT: CMD 'status'
2024-03-01 23:42:27.435 +00:00 [DBG] >LOG:1709336547,D,MANAGEMENT: CMD 'status'
2024-03-01 23:42:27.944 +00:00 [DBG] >LOG:1709336547,D,MANAGEMENT: CMD 'status'
2024-03-01 23:42:28.457 +00:00 [DBG] >LOG:1709336548,D,MANAGEMENT: CMD 'status'
2024-03-01 23:42:28.969 +00:00 [DBG] >LOG:1709336548,D,MANAGEMENT: CMD 'status'
2024-03-01 23:42:29.479 +00:00 [DBG] >LOG:1709336549,D,MANAGEMENT: CMD 'status'
2024-03-01 23:42:29.984 +00:00 [DBG] >LOG:1709336549,D,MANAGEMENT: CMD 'status'
2024-03-01 23:42:30.494 +00:00 [DBG] >LOG:1709336550,D,MANAGEMENT: CMD 'status'
2024-03-01 23:42:31.009 +00:00 [DBG] >LOG:1709336551,D,MANAGEMENT: CMD 'status'
2024-03-01 23:42:31.527 +00:00 [DBG] >LOG:1709336551,D,MANAGEMENT: CMD 'status'
2024-03-01 23:42:32.038 +00:00 [DBG] >LOG:1709336552,D,MANAGEMENT: CMD 'status'
2024-03-01 23:42:32.545 +00:00 [DBG] >LOG:1709336552,D,MANAGEMENT: CMD 'status'
2024-03-01 23:42:33.057 +00:00 [DBG] >LOG:1709336553,D,MANAGEMENT: CMD 'status'
2024-03-01 23:42:33.577 +00:00 [DBG] >LOG:1709336553,D,MANAGEMENT: CMD 'status'
2024-03-01 23:42:34.113 +00:00 [DBG] >LOG:1709336554,D,MANAGEMENT: CMD 'status'
2024-03-01 23:42:34.622 +00:00 [DBG] >LOG:1709336554,D,MANAGEMENT: CMD 'status'
2024-03-01 23:42:35.132 +00:00 [DBG] >LOG:1709336555,D,MANAGEMENT: CMD 'status'
2024-03-01 23:42:35.643 +00:00 [DBG] >LOG:1709336555,D,MANAGEMENT: CMD 'status'
2024-03-01 23:42:36.164 +00:00 [DBG] >LOG:1709336556,D,MANAGEMENT: CMD 'status'
2024-03-01 23:42:36.672 +00:00 [DBG] >LOG:1709336556,D,MANAGEMENT: CMD 'status'
2024-03-01 23:42:37.186 +00:00 [DBG] >LOG:1709336557,D,MANAGEMENT: CMD 'status'
2024-03-01 23:42:37.693 +00:00 [DBG] >LOG:1709336557,D,MANAGEMENT: CMD 'status'
2024-03-01 23:42:38.207 +00:00 [DBG] >LOG:1709336558,D,MANAGEMENT: CMD 'status'
2024-03-01 23:42:38.716 +00:00 [DBG] >LOG:1709336558,D,MANAGEMENT: CMD 'status'
2024-03-01 23:42:39.223 +00:00 [DBG] >LOG:1709336559,D,MANAGEMENT: CMD 'status'
2024-03-01 23:42:39.739 +00:00 [DBG] >LOG:1709336559,D,MANAGEMENT: CMD 'status'
2024-03-01 23:42:40.247 +00:00 [DBG] >LOG:1709336560,D,MANAGEMENT: CMD 'status'
2024-03-01 23:42:40.784 +00:00 [DBG] >LOG:1709336560,D,MANAGEMENT: CMD 'status'
2024-03-01 23:42:41.304 +00:00 [DBG] >LOG:1709336561,D,MANAGEMENT: CMD 'status'
2024-03-01 23:42:41.817 +00:00 [DBG] >LOG:1709336561,D,MANAGEMENT: CMD 'status'
2024-03-01 23:42:42.324 +00:00 [DBG] >LOG:1709336562,D,MANAGEMENT: CMD 'status'
2024-03-01 23:42:42.832 +00:00 [DBG] >LOG:1709336562,D,MANAGEMENT: CMD 'status'
2024-03-01 23:42:43.340 +00:00 [DBG] >LOG:1709336563,D,MANAGEMENT: CMD 'status'
2024-03-01 23:42:43.857 +00:00 [DBG] >LOG:1709336563,D,MANAGEMENT: CMD 'status'
2024-03-01 23:42:44.370 +00:00 [DBG] >LOG:1709336564,D,MANAGEMENT: CMD 'status'
2024-03-01 23:42:44.874 +00:00 [DBG] >LOG:1709336564,D,MANAGEMENT: CMD 'status'
2024-03-01 23:42:45.382 +00:00 [DBG] >LOG:1709336565,D,MANAGEMENT: CMD 'status'
2024-03-01 23:42:45.889 +00:00 [DBG] >LOG:1709336565,D,MANAGEMENT: CMD 'status'
2024-03-01 23:42:46.411 +00:00 [DBG] >LOG:1709336566,D,MANAGEMENT: CMD 'status'
2024-03-01 23:42:46.930 +00:00 [DBG] >LOG:1709336566,D,MANAGEMENT: CMD 'status'
2024-03-01 23:42:47.442 +00:00 [DBG] >LOG:1709336567,D,MANAGEMENT: CMD 'status'
2024-03-01 23:42:47.953 +00:00 [DBG] >LOG:1709336567,D,MANAGEMENT: CMD 'status'
2024-03-01 23:42:48.466 +00:00 [DBG] >LOG:1709336568,D,MANAGEMENT: CMD 'status'
2024-03-01 23:42:48.972 +00:00 [DBG] >LOG:1709336568,D,MANAGEMENT: CMD 'status'
2024-03-01 23:42:49.481 +00:00 [DBG] >LOG:1709336569,D,MANAGEMENT: CMD 'status'
2024-03-01 23:42:49.988 +00:00 [DBG] >LOG:1709336569,D,MANAGEMENT: CMD 'status'
2024-03-01 23:42:50.498 +00:00 [DBG] >LOG:1709336570,D,MANAGEMENT: CMD 'status'
2024-03-01 23:42:51.005 +00:00 [DBG] >LOG:1709336571,D,MANAGEMENT: CMD 'status'
2024-03-01 23:42:51.512 +00:00 [DBG] >LOG:1709336571,D,MANAGEMENT: CMD 'status'
2024-03-01 23:42:52.050 +00:00 [DBG] >LOG:1709336572,D,MANAGEMENT: CMD 'status'
2024-03-01 23:42:52.555 +00:00 [DBG] >LOG:1709336572,D,MANAGEMENT: CMD 'status'
2024-03-01 23:42:53.065 +00:00 [DBG] >LOG:1709336573,D,MANAGEMENT: CMD 'status'
2024-03-01 23:42:53.582 +00:00 [DBG] >LOG:1709336573,D,MANAGEMENT: CMD 'status'
2024-03-01 23:42:54.091 +00:00 [DBG] >LOG:1709336574,D,MANAGEMENT: CMD 'status'
2024-03-01 23:42:54.601 +00:00 [DBG] >LOG:1709336574,D,MANAGEMENT: CMD 'status'
2024-03-01 23:42:55.112 +00:00 [DBG] >LOG:1709336575,D,MANAGEMENT: CMD 'status'
2024-03-01 23:42:55.621 +00:00 [DBG] >LOG:1709336575,D,MANAGEMENT: CMD 'status'
2024-03-01 23:42:56.129 +00:00 [DBG] >LOG:1709336576,D,MANAGEMENT: CMD 'status'
2024-03-01 23:42:56.640 +00:00 [DBG] >LOG:1709336576,D,MANAGEMENT: CMD 'status'
2024-03-01 23:42:57.155 +00:00 [DBG] >LOG:1709336577,D,MANAGEMENT: CMD 'status'
2024-03-01 23:42:57.663 +00:00 [DBG] >LOG:1709336577,D,MANAGEMENT: CMD 'status'
2024-03-01 23:42:58.177 +00:00 [DBG] >LOG:1709336578,D,MANAGEMENT: CMD 'status'
2024-03-01 23:42:58.700 +00:00 [DBG] >LOG:1709336578,D,MANAGEMENT: CMD 'status'
2024-03-01 23:42:59.209 +00:00 [DBG] >LOG:1709336579,D,MANAGEMENT: CMD 'status'
2024-03-01 23:42:59.720 +00:00 [DBG] >LOG:1709336579,D,MANAGEMENT: CMD 'status'
2024-03-01 23:43:00.227 +00:00 [DBG] >LOG:1709336580,D,MANAGEMENT: CMD 'status'
2024-03-01 23:43:00.740 +00:00 [DBG] >LOG:1709336580,D,MANAGEMENT: CMD 'status'
2024-03-01 23:43:01.250 +00:00 [DBG] >LOG:1709336581,D,MANAGEMENT: CMD 'status'
2024-03-01 23:43:01.770 +00:00 [DBG] >LOG:1709336581,D,MANAGEMENT: CMD 'status'
2024-03-01 23:43:02.281 +00:00 [DBG] >LOG:1709336582,D,MANAGEMENT: CMD 'status'
2024-03-01 23:43:02.799 +00:00 [DBG] >LOG:1709336582,D,MANAGEMENT: CMD 'status'
2024-03-01 23:43:03.305 +00:00 [DBG] >LOG:1709336583,D,MANAGEMENT: CMD 'status'
2024-03-01 23:43:03.810 +00:00 [DBG] >LOG:1709336583,D,MANAGEMENT: CMD 'status'
2024-03-01 23:43:04.317 +00:00 [DBG] >LOG:1709336584,D,MANAGEMENT: CMD 'status'
2024-03-01 23:43:04.828 +00:00 [DBG] >LOG:1709336584,D,MANAGEMENT: CMD 'status'
2024-03-01 23:43:05.341 +00:00 [DBG] >LOG:1709336585,D,MANAGEMENT: CMD 'status'
2024-03-01 23:43:05.852 +00:00 [DBG] >LOG:1709336585,D,MANAGEMENT: CMD 'status'
2024-03-01 23:43:06.358 +00:00 [DBG] >LOG:1709336586,D,MANAGEMENT: CMD 'status'
2024-03-01 23:43:06.866 +00:00 [DBG] >LOG:1709336586,D,MANAGEMENT: CMD 'status'
2024-03-01 23:43:07.382 +00:00 [DBG] >LOG:1709336587,D,MANAGEMENT: CMD 'status'
2024-03-01 23:43:07.890 +00:00 [DBG] >LOG:1709336587,D,MANAGEMENT: CMD 'status'
2024-03-01 23:43:08.396 +00:00 [DBG] >LOG:1709336588,D,MANAGEMENT: CMD 'status'
2024-03-01 23:43:08.906 +00:00 [DBG] >LOG:1709336588,D,MANAGEMENT: CMD 'status'
2024-03-01 23:43:09.432 +00:00 [DBG] >LOG:1709336589,D,MANAGEMENT: CMD 'status'
2024-03-01 23:43:09.962 +00:00 [DBG] >LOG:1709336589,D,MANAGEMENT: CMD 'status'
2024-03-01 23:43:10.470 +00:00 [DBG] >LOG:1709336590,D,MANAGEMENT: CMD 'status'
2024-03-01 23:43:10.978 +00:00 [DBG] >LOG:1709336590,D,MANAGEMENT: CMD 'status'
2024-03-01 23:43:11.486 +00:00 [DBG] >LOG:1709336591,D,MANAGEMENT: CMD 'status'
2024-03-01 23:43:11.994 +00:00 [DBG] >LOG:1709336591,D,MANAGEMENT: CMD 'status'
2024-03-01 23:43:12.501 +00:00 [DBG] >LOG:1709336592,D,MANAGEMENT: CMD 'status'
2024-03-01 23:43:13.008 +00:00 [DBG] >LOG:1709336593,D,MANAGEMENT: CMD 'status'
2024-03-01 23:43:13.518 +00:00 [DBG] >LOG:1709336593,D,MANAGEMENT: CMD 'status'
2024-03-01 23:43:14.026 +00:00 [DBG] >LOG:1709336594,D,MANAGEMENT: CMD 'status'
2024-03-01 23:43:14.532 +00:00 [DBG] >LOG:1709336594,D,MANAGEMENT: CMD 'status'
2024-03-01 23:43:15.038 +00:00 [DBG] >LOG:1709336595,D,MANAGEMENT: CMD 'status'
2024-03-01 23:43:15.544 +00:00 [DBG] >LOG:1709336595,D,MANAGEMENT: CMD 'status'
2024-03-01 23:43:16.051 +00:00 [DBG] >LOG:1709336596,D,MANAGEMENT: CMD 'status'
2024-03-01 23:43:16.556 +00:00 [DBG] >LOG:1709336596,D,MANAGEMENT: CMD 'status'
2024-03-01 23:43:17.280 +00:00 [DBG] >LOG:1709336597,D,MANAGEMENT: CMD 'status'
2024-03-01 23:43:17.856 +00:00 [DBG] >LOG:1709336597,D,MANAGEMENT: CMD 'status'
2024-03-01 23:43:18.490 +00:00 [DBG] >LOG:1709336598,D,MANAGEMENT: CMD 'status'
2024-03-01 23:43:19.051 +00:00 [DBG] >LOG:1709336599,D,MANAGEMENT: CMD 'status'
2024-03-01 23:43:19.604 +00:00 [DBG] >LOG:1709336599,D,MANAGEMENT: CMD 'status'
2024-03-01 23:43:20.194 +00:00 [DBG] >LOG:1709336600,D,MANAGEMENT: CMD 'status'
2024-03-01 23:43:21.096 +00:00 [DBG] >LOG:1709336601,D,MANAGEMENT: CMD 'status'
2024-03-01 23:43:22.124 +00:00 [DBG] >LOG:1709336601,D,MANAGEMENT: CMD 'status'
2024-03-01 23:43:23.120 +00:00 [DBG] >LOG:1709336602,D,MANAGEMENT: CMD 'status'
2024-03-01 23:43:24.621 +00:00 [DBG] >LOG:1709336604,D,MANAGEMENT: CMD 'status'
2024-03-01 23:43:28.682 +00:00 [DBG] >LOG:1709336606,D,MANAGEMENT: CMD 'status'
2024-03-01 23:43:28.720 +00:00 [DBG] >LOG:1709336608,D,MANAGEMENT: CMD 'status'
2024-03-01 23:43:29.873 +00:00 [DBG] >LOG:1709336609,D,MANAGEMENT: CMD 'status'
2024-03-01 23:43:31.182 +00:00 [DBG] >LOG:1709336610,D,MANAGEMENT: CMD 'status'
2024-03-01 23:43:32.029 +00:00 [DBG] >LOG:1709336611,D,MANAGEMENT: CMD 'status'
2024-03-01 23:43:34.037 +00:00 [DBG] >LOG:1709336612,D,MANAGEMENT: CMD 'status'
2024-03-01 23:43:40.487 +00:00 [DBG] >LOG:1709336614,D,MANAGEMENT: CMD 'status'
2024-03-01 23:43:40.673 +00:00 [DBG] >LOG:1709336620,D,MANAGEMENT: CMD 'status'
2024-03-01 23:43:43.511 +00:00 [DBG] >LOG:1709336622,D,MANAGEMENT: CMD 'status'
2024-03-01 23:43:50.900 +00:00 [DBG] >LOG:1709336625,D,MANAGEMENT: CMD 'status'
2024-03-01 23:43:51.915 +00:00 [DBG] >LOG:1709336630,D,MANAGEMENT: CMD 'status'
2024-03-01 23:43:52.030 +00:00 [DBG] >LOG:1709336631,D,MANAGEMENT: CMD 'status'
2024-03-01 23:43:53.267 +00:00 [DBG] >LOG:1709336632,D,MANAGEMENT: CMD 'status'
2024-03-01 23:43:59.476 +00:00 [DBG] >LOG:1709336637,D,MANAGEMENT: CMD 'status'
2024-03-01 23:43:59.578 +00:00 [DBG] >LOG:1709336639,D,MANAGEMENT: CMD 'status'
2024-03-01 23:44:00.099 +00:00 [DBG] >LOG:1709336640,D,MANAGEMENT: CMD 'status'
2024-03-01 23:44:00.642 +00:00 [DBG] >LOG:1709336640,D,MANAGEMENT: CMD 'status'
2024-03-01 23:44:01.669 +00:00 [DBG] >LOG:1709336641,D,MANAGEMENT: CMD 'status'
2024-03-01 23:44:02.805 +00:00 [DBG] >LOG:1709336642,D,MANAGEMENT: CMD 'status'
2024-03-01 23:44:03.768 +00:00 [DBG] >LOG:1709336643,D,MANAGEMENT: CMD 'status'
2024-03-01 23:44:04.348 +00:00 [DBG] >LOG:1709336644,D,MANAGEMENT: CMD 'status'
2024-03-01 23:44:05.496 +00:00 [DBG] >LOG:1709336644,D,MANAGEMENT: CMD 'status'
2024-03-01 23:44:13.840 +00:00 [DBG] >LOG:1709336652,D,MANAGEMENT: CMD 'status'
2024-03-01 23:44:16.706 +00:00 [DBG] >LOG:1709336654,D,MANAGEMENT: CMD 'status'
2024-03-01 23:44:20.541 +00:00 [DBG] >LOG:1709336660,D,MANAGEMENT: CMD 'status'
2024-03-01 23:44:20.988 +00:00 [DBG] >LOG:1709336660,D,MANAGEMENT: CMD 'status'
2024-03-01 23:44:22.294 +00:00 [DBG] >LOG:1709336661,D,MANAGEMENT: CMD 'status'
2024-03-01 23:44:23.404 +00:00 [DBG] >LOG:1709336662,D,MANAGEMENT: CMD 'status'
2024-03-01 23:44:24.477 +00:00 [DBG] >LOG:1709336663,D,MANAGEMENT: CMD 'status'
2024-03-01 23:44:31.280 +00:00 [DBG] >LOG:1709336666,D,MANAGEMENT: CMD 'status'
2024-03-01 23:44:31.392 +00:00 [DBG] >LOG:1709336671,D,MANAGEMENT: CMD 'status'
2024-03-01 23:44:32.762 +00:00 [DBG] >LOG:1709336672,D,MANAGEMENT: CMD 'status'
2024-03-01 23:44:33.366 +00:00 [DBG] >LOG:1709336673,D,MANAGEMENT: CMD 'status'
2024-03-01 23:44:33.925 +00:00 [DBG] >LOG:1709336673,D,MANAGEMENT: CMD 'status'
2024-03-01 23:44:38.077 +00:00 [DBG] >LOG:1709336675,D,MANAGEMENT: CMD 'status'
2024-03-01 23:44:39.642 +00:00 [DBG] >LOG:1709336678,D,MANAGEMENT: CMD 'status'
2024-03-01 23:44:44.242 +00:00 [DBG] >LOG:1709336681,D,MANAGEMENT: CMD 'status'
2024-03-01 23:44:51.538 +00:00 [DBG] >LOG:1709336689,D,MANAGEMENT: CMD 'status'
2024-03-01 23:44:51.685 +00:00 [DBG] >LOG:1709336691,D,MANAGEMENT: CMD 'status'
2024-03-01 23:44:52.767 +00:00 [DBG] >LOG:1709336692,D,MANAGEMENT: CMD 'status'
2024-03-01 23:44:59.385 +00:00 [DBG] >LOG:1709336693,D,MANAGEMENT: CMD 'status'
2024-03-01 23:44:59.429 +00:00 [DBG] >LOG:1709336699,D,MANAGEMENT: CMD 'status'
2024-03-01 23:45:00.146 +00:00 [DBG] >LOG:1709336700,D,MANAGEMENT: CMD 'status'
2024-03-01 23:45:00.894 +00:00 [DBG] >LOG:1709336700,D,MANAGEMENT: CMD 'status'
2024-03-01 23:45:01.883 +00:00 [DBG] >LOG:1709336701,D,MANAGEMENT: CMD 'status'
2024-03-01 23:45:02.943 +00:00 [DBG] >LOG:1709336702,D,MANAGEMENT: CMD 'status'
2024-03-01 23:45:03.636 +00:00 [DBG] >LOG:1709336703,D,MANAGEMENT: CMD 'status'
2024-03-01 23:45:04.181 +00:00 [DBG] >LOG:1709336704,D,MANAGEMENT: CMD 'status'
2024-03-01 23:45:04.719 +00:00 [DBG] >LOG:1709336704,D,MANAGEMENT: CMD 'status'
2024-03-01 23:45:05.282 +00:00 [DBG] >LOG:1709336705,D,MANAGEMENT: CMD 'status'
2024-03-01 23:45:05.799 +00:00 [DBG] >LOG:1709336705,D,MANAGEMENT: CMD 'status'
2024-03-01 23:45:06.309 +00:00 [DBG] >LOG:1709336706,D,MANAGEMENT: CMD 'status'
2024-03-01 23:45:06.819 +00:00 [DBG] >LOG:1709336706,D,MANAGEMENT: CMD 'status'
2024-03-01 23:45:07.328 +00:00 [DBG] >LOG:1709336707,D,MANAGEMENT: CMD 'status'
2024-03-01 23:45:07.838 +00:00 [DBG] >LOG:1709336707,D,MANAGEMENT: CMD 'status'
2024-03-01 23:45:08.345 +00:00 [DBG] >LOG:1709336708,D,MANAGEMENT: CMD 'status'
2024-03-01 23:45:08.853 +00:00 [DBG] >LOG:1709336708,D,MANAGEMENT: CMD 'status'
2024-03-01 23:45:09.360 +00:00 [DBG] >LOG:1709336709,D,MANAGEMENT: CMD 'status'
2024-03-01 23:45:09.874 +00:00 [DBG] >LOG:1709336709,D,MANAGEMENT: CMD 'status'
2024-03-01 23:45:10.382 +00:00 [DBG] >LOG:1709336710,D,MANAGEMENT: CMD 'status'
2024-03-01 23:45:10.891 +00:00 [DBG] >LOG:1709336710,D,MANAGEMENT: CMD 'status'
2024-03-01 23:45:11.400 +00:00 [DBG] >LOG:1709336711,D,MANAGEMENT: CMD 'status'
2024-03-01 23:45:11.908 +00:00 [DBG] >LOG:1709336711,D,MANAGEMENT: CMD 'status'
2024-03-01 23:45:12.416 +00:00 [DBG] >LOG:1709336712,D,MANAGEMENT: CMD 'status'
2024-03-01 23:45:12.925 +00:00 [DBG] >LOG:1709336712,D,MANAGEMENT: CMD 'status'
2024-03-01 23:45:13.445 +00:00 [DBG] >LOG:1709336713,D,MANAGEMENT: CMD 'status'
2024-03-01 23:45:13.954 +00:00 [DBG] >LOG:1709336713,D,MANAGEMENT: CMD 'status'
2024-03-01 23:45:14.463 +00:00 [DBG] >LOG:1709336714,D,MANAGEMENT: CMD 'status'
2024-03-01 23:45:14.974 +00:00 [DBG] >LOG:1709336714,D,MANAGEMENT: CMD 'status'
2024-03-01 23:45:15.486 +00:00 [DBG] >LOG:1709336715,D,MANAGEMENT: CMD 'status'
2024-03-01 23:45:15.993 +00:00 [DBG] >LOG:1709336715,D,MANAGEMENT: CMD 'status'
2024-03-01 23:45:16.512 +00:00 [DBG] >LOG:1709336716,D,MANAGEMENT: CMD 'status'
2024-03-01 23:45:17.031 +00:00 [DBG] >LOG:1709336717,D,MANAGEMENT: CMD 'status'
2024-03-01 23:45:17.541 +00:00 [DBG] >LOG:1709336717,D,MANAGEMENT: CMD 'status'
2024-03-01 23:45:18.047 +00:00 [DBG] >LOG:1709336718,D,MANAGEMENT: CMD 'status'
2024-03-01 23:45:18.555 +00:00 [DBG] >LOG:1709336718,D,MANAGEMENT: CMD 'status'
2024-03-01 23:45:19.081 +00:00 [DBG] >LOG:1709336719,D,MANAGEMENT: CMD 'status'
2024-03-01 23:45:19.586 +00:00 [DBG] >LOG:1709336719,D,MANAGEMENT: CMD 'status'
2024-03-01 23:45:20.119 +00:00 [DBG] >LOG:1709336720,D,MANAGEMENT: CMD 'status'
2024-03-01 23:45:20.624 +00:00 [DBG] >LOG:1709336720,D,MANAGEMENT: CMD 'status'
2024-03-01 23:45:21.135 +00:00 [DBG] >LOG:1709336721,D,MANAGEMENT: CMD 'status'
2024-03-01 23:45:21.645 +00:00 [DBG] >LOG:1709336721,D,MANAGEMENT: CMD 'status'
2024-03-01 23:45:22.154 +00:00 [DBG] >LOG:1709336722,D,MANAGEMENT: CMD 'status'
2024-03-01 23:45:22.663 +00:00 [DBG] >LOG:1709336722,D,MANAGEMENT: CMD 'status'
2024-03-01 23:45:23.168 +00:00 [DBG] >LOG:1709336723,D,MANAGEMENT: CMD 'status'
2024-03-01 23:45:23.676 +00:00 [DBG] >LOG:1709336723,D,MANAGEMENT: CMD 'status'
2024-03-01 23:45:24.187 +00:00 [DBG] >LOG:1709336724,D,MANAGEMENT: CMD 'status'
2024-03-01 23:45:24.742 +00:00 [DBG] >LOG:1709336724,D,MANAGEMENT: CMD 'status'
2024-03-01 23:45:25.249 +00:00 [DBG] >LOG:1709336725,D,MANAGEMENT: CMD 'status'
2024-03-01 23:45:25.759 +00:00 [DBG] >LOG:1709336725,D,MANAGEMENT: CMD 'status'
2024-03-01 23:45:26.293 +00:00 [DBG] >LOG:1709336726,D,MANAGEMENT: CMD 'status'
2024-03-01 23:45:26.811 +00:00 [DBG] >LOG:1709336726,D,MANAGEMENT: CMD 'status'
2024-03-01 23:45:27.336 +00:00 [DBG] >LOG:1709336727,D,MANAGEMENT: CMD 'status'
2024-03-01 23:45:27.948 +00:00 [DBG] >LOG:1709336727,D,MANAGEMENT: CMD 'status'
2024-03-01 23:45:28.458 +00:00 [DBG] >LOG:1709336728,D,MANAGEMENT: CMD 'status'
2024-03-01 23:45:28.970 +00:00 [DBG] >LOG:1709336728,D,MANAGEMENT: CMD 'status'
2024-03-01 23:45:29.478 +00:00 [DBG] >LOG:1709336729,D,MANAGEMENT: CMD 'status'
2024-03-01 23:45:29.984 +00:00 [DBG] >LOG:1709336729,D,MANAGEMENT: CMD 'status'
2024-03-01 23:45:30.491 +00:00 [DBG] >LOG:1709336730,D,MANAGEMENT: CMD 'status'
2024-03-01 23:45:30.998 +00:00 [DBG] >LOG:1709336730,D,MANAGEMENT: CMD 'status'
2024-03-01 23:45:31.508 +00:00 [DBG] >LOG:1709336731,D,MANAGEMENT: CMD 'status'
2024-03-01 23:45:32.023 +00:00 [DBG] >LOG:1709336732,D,MANAGEMENT: CMD 'status'
2024-03-01 23:45:32.546 +00:00 [DBG] >LOG:1709336732,D,MANAGEMENT: CMD 'status'
2024-03-01 23:45:33.053 +00:00 [DBG] >LOG:1709336733,D,MANAGEMENT: CMD 'status'
2024-03-01 23:48:23.133 +00:00 [DBG] >LOG:1709336903,D,MANAGEMENT: CMD 'status'
2024-03-01 23:48:23.138 +00:00 [DBG] >LOG:1709336903,I,[server] Inactivity timeout (--ping-restart), restarting
2024-03-01 23:48:23.139 +00:00 [DBG] >LOG:1709336903,,/sbin/route delete -net 172.31.0.0 10.0.0.1 255.255.0.0
2024-03-01 23:48:23.864 +00:00 [DBG] >LOG:1709336903,,Closing TUN/TAP interface
2024-03-01 23:48:23.864 +00:00 [DBG] >LOG:1709336903,I,/Applications/AWS VPN Client/AWS VPN Client.app/Contents/Resources/openvpn/client.down utun7 1500 1552 10.0.0.2 255.255.255.224 init
2024-03-01 23:48:25.452 +00:00 [DBG] >LOG:1709336905,I,SIGUSR1[soft,ping-restart] received, process restarting
2024-03-01 23:48:25.452 +00:00 [DBG] >LOG:1709336905,,MANAGEMENT: >STATE:1709336905,RECONNECTING,ping-restart,,,,,
2024-03-01 23:48:25.515 +00:00 [DBG] >LOG:1709336905,,Restart pause, 5 second(s)
2024-03-01 23:48:25.516 +00:00 [DBG] >LOG:1709336905,D,MANAGEMENT: CMD 'status'
2024-03-01 23:48:25.518 +00:00 [DBG] >LOG:1709336905,D,MANAGEMENT: CMD 'status'
2024-03-01 23:48:26.028 +00:00 [DBG] >LOG:1709336906,D,MANAGEMENT: CMD 'status'
2024-03-01 23:48:26.544 +00:00 [DBG] >LOG:1709336906,D,MANAGEMENT: CMD 'status'
2024-03-01 23:48:27.059 +00:00 [DBG] >LOG:1709336907,D,MANAGEMENT: CMD 'status'
2024-03-01 23:48:27.563 +00:00 [DBG] >LOG:1709336907,D,MANAGEMENT: CMD 'status'
2024-03-01 23:48:28.071 +00:00 [DBG] >LOG:1709336908,D,MANAGEMENT: CMD 'status'
2024-03-01 23:48:28.578 +00:00 [DBG] >LOG:1709336908,D,MANAGEMENT: CMD 'status'
2024-03-01 23:48:29.086 +00:00 [DBG] >LOG:1709336909,D,MANAGEMENT: CMD 'status'
2024-03-01 23:48:29.606 +00:00 [DBG] >LOG:1709336909,D,MANAGEMENT: CMD 'status'
2024-03-01 23:48:30.115 +00:00 [DBG] >LOG:1709336910,D,MANAGEMENT: CMD 'status'
2024-03-01 23:48:30.120 +00:00 [DBG] >LOG:1709336910,W,NOTE: the current --script-security setting may allow this configuration to call user-defined scripts
2024-03-01 23:48:30.120 +00:00 [DBG] >LOG:1709336910,I,TCP/UDP: Preserving recently used remote address: [AF_INET]3.74.138.27:443
2024-03-01 23:48:30.121 +00:00 [DBG] >LOG:1709336910,,Socket Buffers: R=[786896->786896] S=[9216->9216]
2024-03-01 23:48:30.121 +00:00 [DBG] >LOG:1709336910,I,UDP link local: (not bound)
2024-03-01 23:48:30.121 +00:00 [DBG] >LOG:1709336910,I,UDP link remote: [AF_INET]3.74.138.27:443
2024-03-01 23:48:30.121 +00:00 [DBG] >LOG:1709336910,,MANAGEMENT: >STATE:1709336910,WAIT,,,,,,
2024-03-01 23:48:30.193 +00:00 [DBG] >LOG:1709336910,,MANAGEMENT: >STATE:1709336910,AUTH,,,,,,
2024-03-01 23:48:30.194 +00:00 [DBG] >LOG:1709336910,,TLS: Initial packet from [AF_INET]3.74.138.27:443, sid=9c08011c 5a6699ec
2024-03-01 23:48:30.241 +00:00 [DBG] >LOG:1709336910,,VERIFY OK: depth=1, CN=ishchenkogv
2024-03-01 23:48:30.241 +00:00 [DBG] >LOG:1709336910,,VERIFY KU OK
2024-03-01 23:48:30.241 +00:00 [DBG] >LOG:1709336910,,Validating certificate extended key usage
2024-03-01 23:48:30.242 +00:00 [DBG] >LOG:1709336910,,++ Certificate has EKU (str) TLS Web Server Authentication, expects TLS Web Server Authentication
2024-03-01 23:48:30.242 +00:00 [DBG] >LOG:1709336910,,VERIFY EKU OK
2024-03-01 23:48:30.242 +00:00 [DBG] >LOG:1709336910,,VERIFY X509NAME OK: CN=server
2024-03-01 23:48:30.242 +00:00 [DBG] >LOG:1709336910,,VERIFY OK: depth=0, CN=server
2024-03-01 23:48:30.335 +00:00 [DBG] >LOG:1709336910,,Control Channel: TLSv1.2, cipher TLSv1/SSLv3 ECDHE-RSA-AES256-GCM-SHA384, 2048 bit RSA
2024-03-01 23:48:30.335 +00:00 [DBG] >LOG:1709336910,I,[server] Peer Connection Initiated with [AF_INET]3.74.138.27:443
2024-03-01 23:48:30.620 +00:00 [DBG] >LOG:1709336910,D,MANAGEMENT: CMD 'status'
2024-03-01 23:48:31.145 +00:00 [DBG] >LOG:1709336911,D,MANAGEMENT: CMD 'status'
2024-03-01 23:48:31.147 +00:00 [DBG] >LOG:1709336911,,MANAGEMENT: >STATE:1709336911,GET_CONFIG,,,,,,
2024-03-01 23:48:31.147 +00:00 [DBG] >LOG:1709336911,,SENT CONTROL [server]: 'PUSH_REQUEST' (status=1)
2024-03-01 23:48:33.737 +00:00 [DBG] >LOG:1709336911,,PUSH: Received control message: 'PUSH_REPLY,route 172.31.0.0 255.255.0.0,route-gateway 10.0.0.1,topology subnet,ping 1,ping-restart 20,echo,ifconfig 10.0.0.2 255.255.255.224,peer-id 0,cipher AES-256-GCM'
2024-03-01 23:48:33.738 +00:00 [DBG] >LOG:1709336911,,OPTIONS IMPORT: timers and/or timeouts modified
2024-03-01 23:48:33.738 +00:00 [DBG] >LOG:1709336911,,OPTIONS IMPORT: --ifconfig/up options modified
2024-03-01 23:48:33.739 +00:00 [DBG] >LOG:1709336911,,OPTIONS IMPORT: route options modified
2024-03-01 23:48:33.739 +00:00 [DBG] >LOG:1709336911,,OPTIONS IMPORT: route-related options modified
2024-03-01 23:48:33.740 +00:00 [DBG] >LOG:1709336911,,OPTIONS IMPORT: peer-id set
2024-03-01 23:48:33.740 +00:00 [DBG] >LOG:1709336911,,OPTIONS IMPORT: adjusting link_mtu to 1624
2024-03-01 23:48:33.740 +00:00 [DBG] >LOG:1709336911,,OPTIONS IMPORT: data channel crypto options modified
2024-03-01 23:48:33.740 +00:00 [DBG] >LOG:1709336911,,Outgoing Data Channel: Cipher 'AES-256-GCM' initialized with 256 bit key
2024-03-01 23:48:33.741 +00:00 [DBG] >LOG:1709336911,,Incoming Data Channel: Cipher 'AES-256-GCM' initialized with 256 bit key
2024-03-01 23:48:33.741 +00:00 [DBG] >LOG:1709336911,,ROUTE_GATEWAY 192.168.1.1/255.255.255.0 IFACE=en0 HWADDR=bc:d0:74:79:6b:44
2024-03-01 23:48:33.742 +00:00 [DBG] >LOG:1709336911,,Opening utun (connect(AF_SYS_CONTROL)): Resource busy (errno=16)
2024-03-01 23:48:33.742 +00:00 [DBG] >LOG:1709336911,,Opening utun (connect(AF_SYS_CONTROL)): Resource busy (errno=16)
2024-03-01 23:48:33.742 +00:00 [DBG] >LOG:1709336911,,Opening utun (connect(AF_SYS_CONTROL)): Resource busy (errno=16)
2024-03-01 23:48:33.742 +00:00 [DBG] >LOG:1709336911,,Opening utun (connect(AF_SYS_CONTROL)): Resource busy (errno=16)
2024-03-01 23:48:33.743 +00:00 [DBG] >LOG:1709336911,,Opening utun (connect(AF_SYS_CONTROL)): Resource busy (errno=16)
2024-03-01 23:48:33.743 +00:00 [DBG] >LOG:1709336911,,Opening utun (connect(AF_SYS_CONTROL)): Resource busy (errno=16)
2024-03-01 23:48:33.743 +00:00 [DBG] >LOG:1709336911,,Opening utun (connect(AF_SYS_CONTROL)): Resource busy (errno=16)
2024-03-01 23:48:33.744 +00:00 [DBG] >LOG:1709336911,I,Opened utun device utun7
2024-03-01 23:48:33.746 +00:00 [DBG] >LOG:1709336911,D,do_ifconfig, tt->did_ifconfig_ipv6_setup=0
2024-03-01 23:48:33.746 +00:00 [DBG] >LOG:1709336911,,MANAGEMENT: >STATE:1709336911,ASSIGN_IP,,10.0.0.2,,,,
2024-03-01 23:48:33.749 +00:00 [DBG] >LOG:1709336911,I,/sbin/ifconfig utun7 delete
2024-03-01 23:48:33.750 +00:00 [DBG] >LOG:1709336911,I,NOTE: Tried to delete pre-existing tun/tap instance -- No Problem if failure
2024-03-01 23:48:33.751 +00:00 [DBG] >LOG:1709336911,I,/sbin/ifconfig utun7 10.0.0.2 10.0.0.2 netmask 255.255.255.224 mtu 1500 up
2024-03-01 23:48:33.751 +00:00 [DBG] >LOG:1709336911,,/sbin/route add -net 10.0.0.0 10.0.0.2 255.255.255.224
2024-03-01 23:48:33.762 +00:00 [DBG] >LOG:1709336911,I,/Applications/AWS VPN Client/AWS VPN Client.app/Contents/Resources/openvpn/client.up utun7 1500 1552 10.0.0.2 255.255.255.224 init
2024-03-01 23:48:33.763 +00:00 [DBG] >LOG:1709336913,,MANAGEMENT: >STATE:1709336913,ADD_ROUTES,,,,,,
2024-03-01 23:48:33.763 +00:00 [DBG] >LOG:1709336913,,/sbin/route add -net 172.31.0.0 10.0.0.1 255.255.0.0
2024-03-01 23:48:33.763 +00:00 [DBG] >LOG:1709336913,I,Initialization Sequence Completed
2024-03-01 23:48:33.764 +00:00 [DBG] >LOG:1709336913,,MANAGEMENT: >STATE:1709336913,CONNECTED,SUCCESS,10.0.0.2,3.74.138.27,443,,
2024-03-01 23:48:35.961 +00:00 [DBG] >LOG:1709336913,D,MANAGEMENT: CMD 'status'
2024-03-01 23:48:35.964 +00:00 [DBG] >LOG:1709336913,D,MANAGEMENT: CMD 'status'
2024-03-01 23:48:35.966 +00:00 [DBG] >LOG:1709336913,D,MANAGEMENT: CMD 'status'
2024-03-01 23:48:35.969 +00:00 [DBG] >LOG:1709336914,D,MANAGEMENT: CMD 'status'
2024-03-01 23:48:35.994 +00:00 [DBG] >LOG:1709336915,D,MANAGEMENT: CMD 'status'
2024-03-01 23:48:36.469 +00:00 [DBG] >LOG:1709336916,D,MANAGEMENT: CMD 'status'
2024-03-01 23:48:36.986 +00:00 [DBG] >LOG:1709336916,D,MANAGEMENT: CMD 'status'
2024-03-01 23:48:37.500 +00:00 [DBG] >LOG:1709336917,D,MANAGEMENT: CMD 'status'
2024-03-01 23:48:38.006 +00:00 [DBG] >LOG:1709336918,D,MANAGEMENT: CMD 'status'
2024-03-01 23:48:38.515 +00:00 [DBG] >LOG:1709336918,D,MANAGEMENT: CMD 'status'
2024-03-01 23:48:39.028 +00:00 [DBG] >LOG:1709336919,D,MANAGEMENT: CMD 'status'
2024-03-01 23:48:39.534 +00:00 [DBG] >LOG:1709336919,D,MANAGEMENT: CMD 'status'
2024-03-01 23:48:40.053 +00:00 [DBG] >LOG:1709336920,D,MANAGEMENT: CMD 'status'
2024-03-01 23:48:40.556 +00:00 [DBG] >LOG:1709336920,D,MANAGEMENT: CMD 'status'
2024-03-01 23:48:41.063 +00:00 [DBG] >LOG:1709336921,D,MANAGEMENT: CMD 'status'
2024-03-01 23:48:41.569 +00:00 [DBG] >LOG:1709336921,D,MANAGEMENT: CMD 'status'
2024-03-01 23:48:42.083 +00:00 [DBG] >LOG:1709336922,D,MANAGEMENT: CMD 'status'
2024-03-01 23:48:42.595 +00:00 [DBG] >LOG:1709336922,D,MANAGEMENT: CMD 'status'
2024-03-01 23:48:43.116 +00:00 [DBG] >LOG:1709336923,D,MANAGEMENT: CMD 'status'
2024-03-01 23:48:43.626 +00:00 [DBG] >LOG:1709336923,D,MANAGEMENT: CMD 'status'
2024-03-01 23:48:44.132 +00:00 [DBG] >LOG:1709336924,D,MANAGEMENT: CMD 'status'
2024-03-01 23:48:44.651 +00:00 [DBG] >LOG:1709336924,D,MANAGEMENT: CMD 'status'
2024-03-01 23:48:45.155 +00:00 [DBG] >LOG:1709336925,D,MANAGEMENT: CMD 'status'
2024-03-01 23:48:45.664 +00:00 [DBG] >LOG:1709336925,D,MANAGEMENT: CMD 'status'
2024-03-01 23:48:46.171 +00:00 [DBG] >LOG:1709336926,D,MANAGEMENT: CMD 'status'
2024-03-01 23:48:46.676 +00:00 [DBG] >LOG:1709336926,D,MANAGEMENT: CMD 'status'
2024-03-01 23:48:47.217 +00:00 [DBG] >LOG:1709336927,D,MANAGEMENT: CMD 'status'
2024-03-01 23:48:47.724 +00:00 [DBG] >LOG:1709336927,D,MANAGEMENT: CMD 'status'
2024-03-01 23:48:48.233 +00:00 [DBG] >LOG:1709336928,D,MANAGEMENT: CMD 'status'
2024-03-01 23:48:48.744 +00:00 [DBG] >LOG:1709336928,D,MANAGEMENT: CMD 'status'
2024-03-01 23:48:49.270 +00:00 [DBG] >LOG:1709336929,D,MANAGEMENT: CMD 'status'
2024-03-01 23:48:49.790 +00:00 [DBG] >LOG:1709336929,D,MANAGEMENT: CMD 'status'
2024-03-01 23:48:50.302 +00:00 [DBG] >LOG:1709336930,D,MANAGEMENT: CMD 'status'
2024-03-01 23:48:50.811 +00:00 [DBG] >LOG:1709336930,D,MANAGEMENT: CMD 'status'
2024-03-01 23:48:51.322 +00:00 [DBG] >LOG:1709336931,D,MANAGEMENT: CMD 'status'
2024-03-01 23:48:51.837 +00:00 [DBG] >LOG:1709336931,D,MANAGEMENT: CMD 'status'
2024-03-01 23:48:52.354 +00:00 [DBG] >LOG:1709336932,D,MANAGEMENT: CMD 'status'
2024-03-01 23:48:52.872 +00:00 [DBG] >LOG:1709336932,D,MANAGEMENT: CMD 'status'
2024-03-01 23:48:53.383 +00:00 [DBG] >LOG:1709336933,D,MANAGEMENT: CMD 'status'
2024-03-01 23:48:53.889 +00:00 [DBG] >LOG:1709336933,D,MANAGEMENT: CMD 'status'
2024-03-01 23:48:54.404 +00:00 [DBG] >LOG:1709336934,D,MANAGEMENT: CMD 'status'
2024-03-01 23:48:54.911 +00:00 [DBG] >LOG:1709336934,D,MANAGEMENT: CMD 'status'
2024-03-01 23:48:55.419 +00:00 [DBG] >LOG:1709336935,D,MANAGEMENT: CMD 'status'
2024-03-01 23:48:55.929 +00:00 [DBG] >LOG:1709336935,D,MANAGEMENT: CMD 'status'
2024-03-01 23:48:56.442 +00:00 [DBG] >LOG:1709336936,D,MANAGEMENT: CMD 'status'
2024-03-01 23:48:56.947 +00:00 [DBG] >LOG:1709336936,D,MANAGEMENT: CMD 'status'
2024-03-01 23:48:57.463 +00:00 [DBG] >LOG:1709336937,D,MANAGEMENT: CMD 'status'
2024-03-01 23:48:57.970 +00:00 [DBG] >LOG:1709336937,D,MANAGEMENT: CMD 'status'
2024-03-01 23:48:58.475 +00:00 [DBG] >LOG:1709336938,D,MANAGEMENT: CMD 'status'
2024-03-01 23:48:58.981 +00:00 [DBG] >LOG:1709336938,D,MANAGEMENT: CMD 'status'
2024-03-01 23:48:59.492 +00:00 [DBG] >LOG:1709336939,D,MANAGEMENT: CMD 'status'
2024-03-01 23:49:00.014 +00:00 [DBG] >LOG:1709336939,D,MANAGEMENT: CMD 'status'
2024-03-01 23:49:00.522 +00:00 [DBG] >LOG:1709336940,D,MANAGEMENT: CMD 'status'
2024-03-01 23:49:01.030 +00:00 [DBG] >LOG:1709336941,D,MANAGEMENT: CMD 'status'
2024-03-01 23:49:01.538 +00:00 [DBG] >LOG:1709336941,D,MANAGEMENT: CMD 'status'
2024-03-01 23:49:02.056 +00:00 [DBG] >LOG:1709336942,D,MANAGEMENT: CMD 'status'
2024-03-01 23:49:02.565 +00:00 [DBG] >LOG:1709336942,D,MANAGEMENT: CMD 'status'
2024-03-01 23:49:03.072 +00:00 [DBG] >LOG:1709336943,D,MANAGEMENT: CMD 'status'
2024-03-01 23:49:03.577 +00:00 [DBG] >LOG:1709336943,D,MANAGEMENT: CMD 'status'
2024-03-01 23:49:04.083 +00:00 [DBG] >LOG:1709336944,D,MANAGEMENT: CMD 'status'
2024-03-01 23:49:04.588 +00:00 [DBG] >LOG:1709336944,D,MANAGEMENT: CMD 'status'
2024-03-01 23:49:05.105 +00:00 [DBG] >LOG:1709336945,D,MANAGEMENT: CMD 'status'
2024-03-01 23:49:05.614 +00:00 [DBG] >LOG:1709336945,D,MANAGEMENT: CMD 'status'
2024-03-01 23:49:06.178 +00:00 [DBG] >LOG:1709336946,D,MANAGEMENT: CMD 'status'
2024-03-01 23:49:06.694 +00:00 [DBG] >LOG:1709336946,D,MANAGEMENT: CMD 'status'
2024-03-01 23:49:07.205 +00:00 [DBG] >LOG:1709336947,D,MANAGEMENT: CMD 'status'
2024-03-01 23:49:07.725 +00:00 [DBG] >LOG:1709336947,D,MANAGEMENT: CMD 'status'
2024-03-01 23:49:08.239 +00:00 [DBG] >LOG:1709336948,D,MANAGEMENT: CMD 'status'
2024-03-01 23:49:08.747 +00:00 [DBG] >LOG:1709336948,D,MANAGEMENT: CMD 'status'
2024-03-01 23:49:09.254 +00:00 [DBG] >LOG:1709336949,D,MANAGEMENT: CMD 'status'
2024-03-01 23:49:09.764 +00:00 [DBG] >LOG:1709336949,D,MANAGEMENT: CMD 'status'
2024-03-01 23:49:10.292 +00:00 [DBG] >LOG:1709336950,D,MANAGEMENT: CMD 'status'
2024-03-01 23:49:10.801 +00:00 [DBG] >LOG:1709336950,D,MANAGEMENT: CMD 'status'
2024-03-01 23:49:11.322 +00:00 [DBG] >LOG:1709336951,D,MANAGEMENT: CMD 'status'
2024-03-01 23:49:11.848 +00:00 [DBG] >LOG:1709336951,D,MANAGEMENT: CMD 'status'
2024-03-01 23:49:12.360 +00:00 [DBG] >LOG:1709336952,D,MANAGEMENT: CMD 'status'
2024-03-01 23:49:12.873 +00:00 [DBG] >LOG:1709336952,D,MANAGEMENT: CMD 'status'
2024-03-01 23:49:13.382 +00:00 [DBG] >LOG:1709336953,D,MANAGEMENT: CMD 'status'
2024-03-01 23:49:13.889 +00:00 [DBG] >LOG:1709336953,D,MANAGEMENT: CMD 'status'
2024-03-01 23:49:14.398 +00:00 [DBG] >LOG:1709336954,D,MANAGEMENT: CMD 'status'
2024-03-01 23:49:14.906 +00:00 [DBG] >LOG:1709336954,D,MANAGEMENT: CMD 'status'
2024-03-01 23:49:15.414 +00:00 [DBG] >LOG:1709336955,D,MANAGEMENT: CMD 'status'
2024-03-01 23:49:15.920 +00:00 [DBG] >LOG:1709336955,D,MANAGEMENT: CMD 'status'
2024-03-01 23:49:16.427 +00:00 [DBG] >LOG:1709336956,D,MANAGEMENT: CMD 'status'
2024-03-01 23:49:16.941 +00:00 [DBG] >LOG:1709336956,D,MANAGEMENT: CMD 'status'
2024-03-01 23:49:17.453 +00:00 [DBG] >LOG:1709336957,D,MANAGEMENT: CMD 'status'
2024-03-01 23:49:17.958 +00:00 [DBG] >LOG:1709336957,D,MANAGEMENT: CMD 'status'
2024-03-01 23:49:18.475 +00:00 [DBG] >LOG:1709336958,D,MANAGEMENT: CMD 'status'
2024-03-01 23:49:18.982 +00:00 [DBG] >LOG:1709336958,D,MANAGEMENT: CMD 'status'
2024-03-01 23:49:19.489 +00:00 [DBG] >LOG:1709336959,D,MANAGEMENT: CMD 'status'
2024-03-01 23:49:19.995 +00:00 [DBG] >LOG:1709336959,D,MANAGEMENT: CMD 'status'
2024-03-01 23:49:20.503 +00:00 [DBG] >LOG:1709336960,D,MANAGEMENT: CMD 'status'
2024-03-01 23:49:21.009 +00:00 [DBG] >LOG:1709336961,D,MANAGEMENT: CMD 'status'
2024-03-01 23:49:21.516 +00:00 [DBG] >LOG:1709336961,D,MANAGEMENT: CMD 'status'
2024-03-01 23:49:22.037 +00:00 [DBG] >LOG:1709336962,D,MANAGEMENT: CMD 'status'
2024-03-01 23:49:22.542 +00:00 [DBG] >LOG:1709336962,D,MANAGEMENT: CMD 'status'
2024-03-01 23:49:23.051 +00:00 [DBG] >LOG:1709336963,D,MANAGEMENT: CMD 'status'
2024-03-01 23:49:23.558 +00:00 [DBG] >LOG:1709336963,D,MANAGEMENT: CMD 'status'
2024-03-01 23:49:24.066 +00:00 [DBG] >LOG:1709336964,D,MANAGEMENT: CMD 'status'
2024-03-01 23:49:24.576 +00:00 [DBG] >LOG:1709336964,D,MANAGEMENT: CMD 'status'
2024-03-01 23:49:25.109 +00:00 [DBG] >LOG:1709336965,D,MANAGEMENT: CMD 'status'
2024-03-01 23:49:25.618 +00:00 [DBG] >LOG:1709336965,D,MANAGEMENT: CMD 'status'
2024-03-01 23:49:26.125 +00:00 [DBG] >LOG:1709336966,D,MANAGEMENT: CMD 'status'
2024-03-01 23:49:26.632 +00:00 [DBG] >LOG:1709336966,D,MANAGEMENT: CMD 'status'
2024-03-01 23:49:27.144 +00:00 [DBG] >LOG:1709336967,D,MANAGEMENT: CMD 'status'
2024-03-01 23:49:27.652 +00:00 [DBG] >LOG:1709336967,D,MANAGEMENT: CMD 'status'
2024-03-01 23:49:28.160 +00:00 [DBG] >LOG:1709336968,D,MANAGEMENT: CMD 'status'
2024-03-01 23:49:28.669 +00:00 [DBG] >LOG:1709336968,D,MANAGEMENT: CMD 'status'
2024-03-01 23:49:29.177 +00:00 [DBG] >LOG:1709336969,D,MANAGEMENT: CMD 'status'
2024-03-01 23:49:29.690 +00:00 [DBG] >LOG:1709336969,D,MANAGEMENT: CMD 'status'
2024-03-01 23:49:30.208 +00:00 [DBG] >LOG:1709336970,D,MANAGEMENT: CMD 'status'
2024-03-01 23:49:30.717 +00:00 [DBG] >LOG:1709336970,D,MANAGEMENT: CMD 'status'
2024-03-01 23:49:31.224 +00:00 [DBG] >LOG:1709336971,D,MANAGEMENT: CMD 'status'
2024-03-01 23:49:31.730 +00:00 [DBG] >LOG:1709336971,D,MANAGEMENT: CMD 'status'
2024-03-01 23:49:32.242 +00:00 [DBG] >LOG:1709336972,D,MANAGEMENT: CMD 'status'
2024-03-01 23:49:32.749 +00:00 [DBG] >LOG:1709336972,D,MANAGEMENT: CMD 'status'
2024-03-01 23:49:33.257 +00:00 [DBG] >LOG:1709336973,D,MANAGEMENT: CMD 'status'
2024-03-01 23:49:33.770 +00:00 [DBG] >LOG:1709336973,D,MANAGEMENT: CMD 'status'
2024-03-01 23:49:34.347 +00:00 [DBG] >LOG:1709336974,D,MANAGEMENT: CMD 'status'
2024-03-01 23:49:34.892 +00:00 [DBG] >LOG:1709336974,D,MANAGEMENT: CMD 'status'
2024-03-01 23:49:35.411 +00:00 [DBG] >LOG:1709336975,D,MANAGEMENT: CMD 'status'
2024-03-01 23:49:35.916 +00:00 [DBG] >LOG:1709336975,D,MANAGEMENT: CMD 'status'
2024-03-01 23:49:36.422 +00:00 [DBG] >LOG:1709336976,D,MANAGEMENT: CMD 'status'
2024-03-01 23:49:36.930 +00:00 [DBG] >LOG:1709336976,D,MANAGEMENT: CMD 'status'
2024-03-01 23:49:37.439 +00:00 [DBG] >LOG:1709336977,D,MANAGEMENT: CMD 'status'
2024-03-01 23:49:37.966 +00:00 [DBG] >LOG:1709336977,D,MANAGEMENT: CMD 'status'
2024-03-01 23:49:38.473 +00:00 [DBG] >LOG:1709336978,D,MANAGEMENT: CMD 'status'
2024-03-01 23:49:38.979 +00:00 [DBG] >LOG:1709336978,D,MANAGEMENT: CMD 'status'
2024-03-01 23:49:39.499 +00:00 [DBG] >LOG:1709336979,D,MANAGEMENT: CMD 'status'
2024-03-01 23:49:40.007 +00:00 [DBG] >LOG:1709336980,D,MANAGEMENT: CMD 'status'
2024-03-01 23:49:40.523 +00:00 [DBG] >LOG:1709336980,D,MANAGEMENT: CMD 'status'
2024-03-01 23:49:41.036 +00:00 [DBG] >LOG:1709336981,D,MANAGEMENT: CMD 'status'
2024-03-01 23:49:41.546 +00:00 [DBG] >LOG:1709336981,D,MANAGEMENT: CMD 'status'
2024-03-01 23:49:42.052 +00:00 [DBG] >LOG:1709336982,D,MANAGEMENT: CMD 'status'
2024-03-01 23:49:42.561 +00:00 [DBG] >LOG:1709336982,D,MANAGEMENT: CMD 'status'
2024-03-01 23:49:43.107 +00:00 [DBG] >LOG:1709336983,D,MANAGEMENT: CMD 'status'
2024-03-01 23:49:43.627 +00:00 [DBG] >LOG:1709336983,D,MANAGEMENT: CMD 'status'
2024-03-01 23:49:44.140 +00:00 [DBG] >LOG:1709336984,D,MANAGEMENT: CMD 'status'
2024-03-01 23:49:44.661 +00:00 [DBG] >LOG:1709336984,D,MANAGEMENT: CMD 'status'
2024-03-01 23:49:45.169 +00:00 [DBG] >LOG:1709336985,D,MANAGEMENT: CMD 'status'
2024-03-01 23:49:45.676 +00:00 [DBG] >LOG:1709336985,D,MANAGEMENT: CMD 'status'
2024-03-01 23:49:46.185 +00:00 [DBG] >LOG:1709336986,D,MANAGEMENT: CMD 'status'
2024-03-01 23:49:46.702 +00:00 [DBG] >LOG:1709336986,D,MANAGEMENT: CMD 'status'
2024-03-01 23:49:47.208 +00:00 [DBG] >LOG:1709336987,D,MANAGEMENT: CMD 'status'
2024-03-01 23:49:47.716 +00:00 [DBG] >LOG:1709336987,D,MANAGEMENT: CMD 'status'
2024-03-01 23:49:48.235 +00:00 [DBG] >LOG:1709336988,D,MANAGEMENT: CMD 'status'
2024-03-01 23:49:48.745 +00:00 [DBG] >LOG:1709336988,D,MANAGEMENT: CMD 'status'
2024-03-01 23:49:49.251 +00:00 [DBG] >LOG:1709336989,D,MANAGEMENT: CMD 'status'
2024-03-01 23:49:49.758 +00:00 [DBG] >LOG:1709336989,D,MANAGEMENT: CMD 'status'
2024-03-01 23:49:50.266 +00:00 [DBG] >LOG:1709336990,D,MANAGEMENT: CMD 'status'
2024-03-01 23:49:50.776 +00:00 [DBG] >LOG:1709336990,D,MANAGEMENT: CMD 'status'
2024-03-01 23:49:51.299 +00:00 [DBG] >LOG:1709336991,D,MANAGEMENT: CMD 'status'
2024-03-01 23:49:51.807 +00:00 [DBG] >LOG:1709336991,D,MANAGEMENT: CMD 'status'
2024-03-01 23:49:52.316 +00:00 [DBG] >LOG:1709336992,D,MANAGEMENT: CMD 'status'
2024-03-01 23:49:52.823 +00:00 [DBG] >LOG:1709336992,D,MANAGEMENT: CMD 'status'
2024-03-01 23:49:53.333 +00:00 [DBG] >LOG:1709336993,D,MANAGEMENT: CMD 'status'
2024-03-01 23:49:53.862 +00:00 [DBG] >LOG:1709336993,D,MANAGEMENT: CMD 'status'
2024-03-01 23:49:54.371 +00:00 [DBG] >LOG:1709336994,D,MANAGEMENT: CMD 'status'
2024-03-01 23:49:55.103 +00:00 [DBG] >LOG:1709336994,D,MANAGEMENT: CMD 'status'
2024-03-01 23:49:55.687 +00:00 [DBG] >LOG:1709336995,D,MANAGEMENT: CMD 'status'
2024-03-01 23:49:56.382 +00:00 [DBG] >LOG:1709336996,D,MANAGEMENT: CMD 'status'
2024-03-01 23:49:56.896 +00:00 [DBG] >LOG:1709336996,D,MANAGEMENT: CMD 'status'
2024-03-01 23:49:57.901 +00:00 [DBG] >LOG:1709336997,D,MANAGEMENT: CMD 'status'
2024-03-01 23:49:58.442 +00:00 [DBG] >LOG:1709336998,D,MANAGEMENT: CMD 'status'
2024-03-01 23:49:59.210 +00:00 [DBG] >LOG:1709336999,D,MANAGEMENT: CMD 'status'
2024-03-01 23:50:00.335 +00:00 [DBG] >LOG:1709337000,D,MANAGEMENT: CMD 'status'
2024-03-01 23:50:01.790 +00:00 [DBG] >LOG:1709337001,D,MANAGEMENT: CMD 'status'
2024-03-01 23:50:03.302 +00:00 [DBG] >LOG:1709337002,D,MANAGEMENT: CMD 'status'
2024-03-01 23:50:04.758 +00:00 [DBG] >LOG:1709337004,D,MANAGEMENT: CMD 'status'
2024-03-01 23:50:06.741 +00:00 [DBG] >LOG:1709337005,D,MANAGEMENT: CMD 'status'
2024-03-01 23:50:07.550 +00:00 [DBG] >LOG:1709337007,D,MANAGEMENT: CMD 'status'
2024-03-01 23:50:08.258 +00:00 [DBG] >LOG:1709337008,D,MANAGEMENT: CMD 'status'
2024-03-01 23:50:08.906 +00:00 [DBG] >LOG:1709337008,D,MANAGEMENT: CMD 'status'
2024-03-01 23:50:09.481 +00:00 [DBG] >LOG:1709337009,D,MANAGEMENT: CMD 'status'
2024-03-01 23:50:10.002 +00:00 [DBG] >LOG:1709337009,D,MANAGEMENT: CMD 'status'
2024-03-01 23:50:10.634 +00:00 [DBG] >LOG:1709337010,D,MANAGEMENT: CMD 'status'
2024-03-01 23:50:11.193 +00:00 [DBG] >LOG:1709337011,D,MANAGEMENT: CMD 'status'
2024-03-01 23:50:11.784 +00:00 [DBG] >LOG:1709337011,D,MANAGEMENT: CMD 'status'
2024-03-01 23:50:12.583 +00:00 [DBG] >LOG:1709337012,D,MANAGEMENT: CMD 'status'
2024-03-01 23:50:13.113 +00:00 [DBG] >LOG:1709337013,D,MANAGEMENT: CMD 'status'
2024-03-01 23:50:13.732 +00:00 [DBG] >LOG:1709337013,D,MANAGEMENT: CMD 'status'
2024-03-01 23:50:14.305 +00:00 [DBG] >LOG:1709337014,D,MANAGEMENT: CMD 'status'
2024-03-01 23:50:19.569 +00:00 [DBG] >LOG:1709337015,D,MANAGEMENT: CMD 'status'
2024-03-01 23:50:19.582 +00:00 [DBG] >LOG:1709337019,D,MANAGEMENT: CMD 'status'
2024-03-01 23:50:20.499 +00:00 [DBG] >LOG:1709337020,D,MANAGEMENT: CMD 'status'
2024-03-01 23:50:21.483 +00:00 [DBG] >LOG:1709337021,D,MANAGEMENT: CMD 'status'
2024-03-01 23:50:22.614 +00:00 [DBG] >LOG:1709337022,D,MANAGEMENT: CMD 'status'
2024-03-01 23:50:30.659 +00:00 [DBG] >LOG:1709337025,D,MANAGEMENT: CMD 'status'
2024-03-01 23:50:35.049 +00:00 [DBG] >LOG:1709337030,D,MANAGEMENT: CMD 'status'
2024-03-01 23:50:40.192 +00:00 [DBG] >LOG:1709337031,D,MANAGEMENT: CMD 'status'
2024-03-01 23:50:40.439 +00:00 [DBG] >LOG:1709337035,D,MANAGEMENT: CMD 'status'
2024-03-01 23:50:41.823 +00:00 [DBG] >LOG:1709337041,D,MANAGEMENT: CMD 'status'
2024-03-01 23:50:43.526 +00:00 [DBG] >LOG:1709337043,D,MANAGEMENT: CMD 'status'
2024-03-01 23:50:48.032 +00:00 [DBG] >LOG:1709337045,D,MANAGEMENT: CMD 'status'
2024-03-01 23:50:48.306 +00:00 [DBG] >LOG:1709337048,D,MANAGEMENT: CMD 'status'
2024-03-01 23:50:48.975 +00:00 [DBG] >LOG:1709337048,D,MANAGEMENT: CMD 'status'
2024-03-01 23:50:49.497 +00:00 [DBG] >LOG:1709337049,D,MANAGEMENT: CMD 'status'
2024-03-01 23:50:50.103 +00:00 [DBG] >LOG:1709337050,D,MANAGEMENT: CMD 'status'
2024-03-01 23:50:50.708 +00:00 [DBG] >LOG:1709337050,D,MANAGEMENT: CMD 'status'
2024-03-01 23:50:51.242 +00:00 [DBG] >LOG:1709337051,D,MANAGEMENT: CMD 'status'
2024-03-01 23:50:51.797 +00:00 [DBG] >LOG:1709337051,D,MANAGEMENT: CMD 'status'
2024-03-01 23:50:52.453 +00:00 [DBG] >LOG:1709337052,D,MANAGEMENT: CMD 'status'
2024-03-01 23:50:53.015 +00:00 [DBG] >LOG:1709337053,D,MANAGEMENT: CMD 'status'
2024-03-01 23:50:53.707 +00:00 [DBG] >LOG:1709337053,D,MANAGEMENT: CMD 'status'
2024-03-01 23:51:06.654 +00:00 [DBG] >LOG:1709337055,D,MANAGEMENT: CMD 'status'
2024-03-01 23:51:09.267 +00:00 [DBG] >LOG:1709337065,D,MANAGEMENT: CMD 'status'
2024-03-01 23:51:10.006 +00:00 [DBG] >LOG:1709337068,D,MANAGEMENT: CMD 'status'
2024-03-01 23:51:11.947 +00:00 [DBG] >LOG:1709337069,D,MANAGEMENT: CMD 'status'
2024-03-01 23:51:11.979 +00:00 [DBG] >LOG:1709337070,D,MANAGEMENT: CMD 'status'
2024-03-01 23:51:12.494 +00:00 [DBG] >LOG:1709337072,D,MANAGEMENT: CMD 'status'
2024-03-01 23:51:13.249 +00:00 [DBG] >LOG:1709337073,D,MANAGEMENT: CMD 'status'
2024-03-01 23:51:13.961 +00:00 [DBG] >LOG:1709337073,D,MANAGEMENT: CMD 'status'
2024-03-01 23:51:15.681 +00:00 [DBG] >LOG:1709337075,D,MANAGEMENT: CMD 'status'
2024-03-01 23:51:16.417 +00:00 [DBG] >LOG:1709337076,D,MANAGEMENT: CMD 'status'
2024-03-01 23:51:17.084 +00:00 [DBG] >LOG:1709337077,D,MANAGEMENT: CMD 'status'
2024-03-01 23:51:17.646 +00:00 [DBG] >LOG:1709337077,D,MANAGEMENT: CMD 'status'
2024-03-01 23:51:18.331 +00:00 [DBG] >LOG:1709337078,D,MANAGEMENT: CMD 'status'
2024-03-01 23:51:19.006 +00:00 [DBG] >LOG:1709337078,D,MANAGEMENT: CMD 'status'
2024-03-01 23:51:19.670 +00:00 [DBG] >LOG:1709337079,D,MANAGEMENT: CMD 'status'
2024-03-01 23:51:20.460 +00:00 [DBG] >LOG:1709337080,D,MANAGEMENT: CMD 'status'
2024-03-01 23:51:21.869 +00:00 [DBG] >LOG:1709337081,D,MANAGEMENT: CMD 'status'
2024-03-01 23:51:28.242 +00:00 [DBG] >LOG:1709337082,D,MANAGEMENT: CMD 'status'
2024-03-01 23:51:28.352 +00:00 [DBG] >LOG:1709337088,D,MANAGEMENT: CMD 'status'
2024-03-01 23:51:28.947 +00:00 [DBG] >LOG:1709337088,D,MANAGEMENT: CMD 'status'
2024-03-01 23:51:30.015 +00:00 [DBG] >LOG:1709337089,D,MANAGEMENT: CMD 'status'
2024-03-01 23:51:32.190 +00:00 [DBG] >LOG:1709337091,D,MANAGEMENT: CMD 'status'
2024-03-01 23:51:32.958 +00:00 [DBG] >LOG:1709337092,D,MANAGEMENT: CMD 'status'
2024-03-01 23:51:33.529 +00:00 [DBG] >LOG:1709337093,D,MANAGEMENT: CMD 'status'
2024-03-01 23:51:34.177 +00:00 [DBG] >LOG:1709337094,D,MANAGEMENT: CMD 'status'
2024-03-01 23:51:41.702 +00:00 [DBG] >LOG:1709337094,D,MANAGEMENT: CMD 'status'
2024-03-01 23:51:48.735 +00:00 [DBG] >LOG:1709337102,D,MANAGEMENT: CMD 'status'
2024-03-01 23:51:48.738 +00:00 [DBG] >LOG:1709337108,D,MANAGEMENT: CMD 'status'
2024-03-01 23:51:49.236 +00:00 [DBG] >LOG:1709337109,D,MANAGEMENT: CMD 'status'
2024-03-01 23:51:49.794 +00:00 [DBG] >LOG:1709337109,D,MANAGEMENT: CMD 'status'
2024-03-01 23:51:50.305 +00:00 [DBG] >LOG:1709337110,D,MANAGEMENT: CMD 'status'
2024-03-01 23:51:50.819 +00:00 [DBG] >LOG:1709337110,D,MANAGEMENT: CMD 'status'
2024-03-01 23:51:51.354 +00:00 [DBG] >LOG:1709337111,D,MANAGEMENT: CMD 'status'
2024-03-01 23:51:51.864 +00:00 [DBG] >LOG:1709337111,D,MANAGEMENT: CMD 'status'
2024-03-01 23:51:52.406 +00:00 [DBG] >LOG:1709337112,D,MANAGEMENT: CMD 'status'
2024-03-01 23:51:52.913 +00:00 [DBG] >LOG:1709337112,D,MANAGEMENT: CMD 'status'
2024-03-01 23:51:53.418 +00:00 [DBG] >LOG:1709337113,D,MANAGEMENT: CMD 'status'
2024-03-01 23:51:53.923 +00:00 [DBG] >LOG:1709337113,D,MANAGEMENT: CMD 'status'
2024-03-01 23:51:54.453 +00:00 [DBG] >LOG:1709337114,D,MANAGEMENT: CMD 'status'
2024-03-01 23:51:54.987 +00:00 [DBG] >LOG:1709337114,D,MANAGEMENT: CMD 'status'
2024-03-01 23:51:55.500 +00:00 [DBG] >LOG:1709337115,D,MANAGEMENT: CMD 'status'
2024-03-01 23:51:56.023 +00:00 [DBG] >LOG:1709337116,D,MANAGEMENT: CMD 'status'
2024-03-01 23:51:56.540 +00:00 [DBG] >LOG:1709337116,D,MANAGEMENT: CMD 'status'
2024-03-01 23:51:57.044 +00:00 [DBG] >LOG:1709337117,D,MANAGEMENT: CMD 'status'
2024-03-01 23:51:57.559 +00:00 [DBG] >LOG:1709337117,D,MANAGEMENT: CMD 'status'
2024-03-01 23:51:58.065 +00:00 [DBG] >LOG:1709337118,D,MANAGEMENT: CMD 'status'
2024-03-01 23:51:58.574 +00:00 [DBG] >LOG:1709337118,D,MANAGEMENT: CMD 'status'
2024-03-01 23:51:59.085 +00:00 [DBG] >LOG:1709337119,D,MANAGEMENT: CMD 'status'
2024-03-01 23:51:59.592 +00:00 [DBG] >LOG:1709337119,D,MANAGEMENT: CMD 'status'
2024-03-01 23:52:00.099 +00:00 [DBG] >LOG:1709337120,D,MANAGEMENT: CMD 'status'
2024-03-01 23:52:00.605 +00:00 [DBG] >LOG:1709337120,D,MANAGEMENT: CMD 'status'
2024-03-01 23:52:01.157 +00:00 [DBG] >LOG:1709337121,D,MANAGEMENT: CMD 'status'
2024-03-01 23:52:01.664 +00:00 [DBG] >LOG:1709337121,D,MANAGEMENT: CMD 'status'
2024-03-01 23:52:02.172 +00:00 [DBG] >LOG:1709337122,D,MANAGEMENT: CMD 'status'
2024-03-01 23:52:02.680 +00:00 [DBG] >LOG:1709337122,D,MANAGEMENT: CMD 'status'
2024-03-01 23:52:03.186 +00:00 [DBG] >LOG:1709337123,D,MANAGEMENT: CMD 'status'
2024-03-01 23:52:03.699 +00:00 [DBG] >LOG:1709337123,D,MANAGEMENT: CMD 'status'
2024-03-01 23:52:04.219 +00:00 [DBG] >LOG:1709337124,D,MANAGEMENT: CMD 'status'
2024-03-01 23:52:04.744 +00:00 [DBG] >LOG:1709337124,D,MANAGEMENT: CMD 'status'
2024-03-01 23:52:05.251 +00:00 [DBG] >LOG:1709337125,D,MANAGEMENT: CMD 'status'
2024-03-01 23:52:05.770 +00:00 [DBG] >LOG:1709337125,D,MANAGEMENT: CMD 'status'
2024-03-01 23:52:06.282 +00:00 [DBG] >LOG:1709337126,D,MANAGEMENT: CMD 'status'
2024-03-01 23:52:06.791 +00:00 [DBG] >LOG:1709337126,D,MANAGEMENT: CMD 'status'
2024-03-01 23:52:07.301 +00:00 [DBG] >LOG:1709337127,D,MANAGEMENT: CMD 'status'
2024-03-01 23:52:07.810 +00:00 [DBG] >LOG:1709337127,D,MANAGEMENT: CMD 'status'
2024-03-01 23:52:08.331 +00:00 [DBG] >LOG:1709337128,D,MANAGEMENT: CMD 'status'
2024-03-01 23:52:08.843 +00:00 [DBG] >LOG:1709337128,D,MANAGEMENT: CMD 'status'
2024-03-01 23:52:09.353 +00:00 [DBG] >LOG:1709337129,D,MANAGEMENT: CMD 'status'
2024-03-01 23:52:09.869 +00:00 [DBG] >LOG:1709337129,D,MANAGEMENT: CMD 'status'
2024-03-01 23:52:10.380 +00:00 [DBG] >LOG:1709337130,D,MANAGEMENT: CMD 'status'
2024-03-01 23:52:10.890 +00:00 [DBG] >LOG:1709337130,D,MANAGEMENT: CMD 'status'
2024-03-01 23:52:11.424 +00:00 [DBG] >LOG:1709337131,D,MANAGEMENT: CMD 'status'
2024-03-01 23:52:11.936 +00:00 [DBG] >LOG:1709337131,D,MANAGEMENT: CMD 'status'
2024-03-01 23:52:12.445 +00:00 [DBG] >LOG:1709337132,D,MANAGEMENT: CMD 'status'
2024-03-01 23:52:12.959 +00:00 [DBG] >LOG:1709337132,D,MANAGEMENT: CMD 'status'
2024-03-01 23:52:13.467 +00:00 [DBG] >LOG:1709337133,D,MANAGEMENT: CMD 'status'
2024-03-01 23:52:13.975 +00:00 [DBG] >LOG:1709337133,D,MANAGEMENT: CMD 'status'
2024-03-01 23:52:14.485 +00:00 [DBG] >LOG:1709337134,D,MANAGEMENT: CMD 'status'
2024-03-01 23:52:15.007 +00:00 [DBG] >LOG:1709337135,D,MANAGEMENT: CMD 'status'
2024-03-01 23:52:15.527 +00:00 [DBG] >LOG:1709337135,D,MANAGEMENT: CMD 'status'
2024-03-01 23:52:16.036 +00:00 [DBG] >LOG:1709337136,D,MANAGEMENT: CMD 'status'
2024-03-01 23:52:16.542 +00:00 [DBG] >LOG:1709337136,D,MANAGEMENT: CMD 'status'
2024-03-01 23:52:17.051 +00:00 [DBG] >LOG:1709337137,D,MANAGEMENT: CMD 'status'
2024-03-01 23:52:17.555 +00:00 [DBG] >LOG:1709337137,D,MANAGEMENT: CMD 'status'
2024-03-01 23:52:18.063 +00:00 [DBG] >LOG:1709337138,D,MANAGEMENT: CMD 'status'
2024-03-01 23:52:18.569 +00:00 [DBG] >LOG:1709337138,D,MANAGEMENT: CMD 'status'
2024-03-01 23:52:19.088 +00:00 [DBG] >LOG:1709337139,D,MANAGEMENT: CMD 'status'
2024-03-01 23:52:19.594 +00:00 [DBG] >LOG:1709337139,D,MANAGEMENT: CMD 'status'
2024-03-01 23:52:20.103 +00:00 [DBG] >LOG:1709337140,D,MANAGEMENT: CMD 'status'
2024-03-01 23:52:20.610 +00:00 [DBG] >LOG:1709337140,D,MANAGEMENT: CMD 'status'
2024-03-01 23:52:21.119 +00:00 [DBG] >LOG:1709337141,D,MANAGEMENT: CMD 'status'
2024-03-01 23:52:21.626 +00:00 [DBG] >LOG:1709337141,D,MANAGEMENT: CMD 'status'
2024-03-01 23:52:22.140 +00:00 [DBG] >LOG:1709337142,D,MANAGEMENT: CMD 'status'
2024-03-01 23:52:22.650 +00:00 [DBG] >LOG:1709337142,D,MANAGEMENT: CMD 'status'
2024-03-01 23:52:23.169 +00:00 [DBG] >LOG:1709337143,D,MANAGEMENT: CMD 'status'
2024-03-01 23:52:23.676 +00:00 [DBG] >LOG:1709337143,D,MANAGEMENT: CMD 'status'
2024-03-01 23:52:24.184 +00:00 [DBG] >LOG:1709337144,D,MANAGEMENT: CMD 'status'
2024-03-01 23:52:24.699 +00:00 [DBG] >LOG:1709337144,D,MANAGEMENT: CMD 'status'
2024-03-01 23:52:25.229 +00:00 [DBG] >LOG:1709337145,D,MANAGEMENT: CMD 'status'
2024-03-01 23:52:25.741 +00:00 [DBG] >LOG:1709337145,D,MANAGEMENT: CMD 'status'
2024-03-01 23:52:26.258 +00:00 [DBG] >LOG:1709337146,D,MANAGEMENT: CMD 'status'
2024-03-01 23:52:26.768 +00:00 [DBG] >LOG:1709337146,D,MANAGEMENT: CMD 'status'
2024-03-01 23:52:27.272 +00:00 [DBG] >LOG:1709337147,D,MANAGEMENT: CMD 'status'
2024-03-01 23:52:27.778 +00:00 [DBG] >LOG:1709337147,D,MANAGEMENT: CMD 'status'
2024-03-01 23:52:28.288 +00:00 [DBG] >LOG:1709337148,D,MANAGEMENT: CMD 'status'
2024-03-01 23:52:28.797 +00:00 [DBG] >LOG:1709337148,D,MANAGEMENT: CMD 'status'
2024-03-01 23:52:29.310 +00:00 [DBG] >LOG:1709337149,D,MANAGEMENT: CMD 'status'
2024-03-01 23:52:29.818 +00:00 [DBG] >LOG:1709337149,D,MANAGEMENT: CMD 'status'
2024-03-01 23:52:30.328 +00:00 [DBG] >LOG:1709337150,D,MANAGEMENT: CMD 'status'
2024-03-01 23:52:30.836 +00:00 [DBG] >LOG:1709337150,D,MANAGEMENT: CMD 'status'
2024-03-01 23:52:31.349 +00:00 [DBG] >LOG:1709337151,D,MANAGEMENT: CMD 'status'
2024-03-01 23:52:31.860 +00:00 [DBG] >LOG:1709337151,D,MANAGEMENT: CMD 'status'
2024-03-01 23:52:32.369 +00:00 [DBG] >LOG:1709337152,D,MANAGEMENT: CMD 'status'
2024-03-01 23:52:32.875 +00:00 [DBG] >LOG:1709337152,D,MANAGEMENT: CMD 'status'
2024-03-01 23:52:33.388 +00:00 [DBG] >LOG:1709337153,D,MANAGEMENT: CMD 'status'
2024-03-01 23:52:33.897 +00:00 [DBG] >LOG:1709337153,D,MANAGEMENT: CMD 'status'
2024-03-01 23:52:34.430 +00:00 [DBG] >LOG:1709337154,D,MANAGEMENT: CMD 'status'
2024-03-01 23:52:34.941 +00:00 [DBG] >LOG:1709337154,D,MANAGEMENT: CMD 'status'
2024-03-01 23:52:35.452 +00:00 [DBG] >LOG:1709337155,D,MANAGEMENT: CMD 'status'
2024-03-01 23:52:35.961 +00:00 [DBG] >LOG:1709337155,D,MANAGEMENT: CMD 'status'
2024-03-01 23:52:36.476 +00:00 [DBG] >LOG:1709337156,D,MANAGEMENT: CMD 'status'
2024-03-01 23:52:36.981 +00:00 [DBG] >LOG:1709337156,D,MANAGEMENT: CMD 'status'
2024-03-01 23:52:37.492 +00:00 [DBG] >LOG:1709337157,D,MANAGEMENT: CMD 'status'
2024-03-01 23:52:38.005 +00:00 [DBG] >LOG:1709337157,D,MANAGEMENT: CMD 'status'
2024-03-01 23:52:38.543 +00:00 [DBG] >LOG:1709337158,D,MANAGEMENT: CMD 'status'
2024-03-01 23:52:39.057 +00:00 [DBG] >LOG:1709337159,D,MANAGEMENT: CMD 'status'
2024-03-01 23:52:39.565 +00:00 [DBG] >LOG:1709337159,D,MANAGEMENT: CMD 'status'
2024-03-01 23:52:40.073 +00:00 [DBG] >LOG:1709337160,D,MANAGEMENT: CMD 'status'
2024-03-01 23:52:40.582 +00:00 [DBG] >LOG:1709337160,D,MANAGEMENT: CMD 'status'
2024-03-01 23:52:41.093 +00:00 [DBG] >LOG:1709337161,D,MANAGEMENT: CMD 'status'
2024-03-01 23:52:41.606 +00:00 [DBG] >LOG:1709337161,D,MANAGEMENT: CMD 'status'
2024-03-01 23:52:42.113 +00:00 [DBG] >LOG:1709337162,D,MANAGEMENT: CMD 'status'
2024-03-01 23:52:42.618 +00:00 [DBG] >LOG:1709337162,D,MANAGEMENT: CMD 'status'
2024-03-01 23:52:43.127 +00:00 [DBG] >LOG:1709337163,D,MANAGEMENT: CMD 'status'
2024-03-01 23:52:43.638 +00:00 [DBG] >LOG:1709337163,D,MANAGEMENT: CMD 'status'
2024-03-01 23:52:44.146 +00:00 [DBG] >LOG:1709337164,D,MANAGEMENT: CMD 'status'
2024-03-01 23:52:44.663 +00:00 [DBG] >LOG:1709337164,D,MANAGEMENT: CMD 'status'
2024-03-01 23:52:45.173 +00:00 [DBG] >LOG:1709337165,D,MANAGEMENT: CMD 'status'
2024-03-01 23:52:45.683 +00:00 [DBG] >LOG:1709337165,D,MANAGEMENT: CMD 'status'
2024-03-01 23:52:46.200 +00:00 [DBG] >LOG:1709337166,D,MANAGEMENT: CMD 'status'
2024-03-01 23:52:46.710 +00:00 [DBG] >LOG:1709337166,D,MANAGEMENT: CMD 'status'
2024-03-01 23:52:47.237 +00:00 [DBG] >LOG:1709337167,D,MANAGEMENT: CMD 'status'
2024-03-01 23:52:47.741 +00:00 [DBG] >LOG:1709337167,D,MANAGEMENT: CMD 'status'
2024-03-01 23:52:48.252 +00:00 [DBG] >LOG:1709337168,D,MANAGEMENT: CMD 'status'
2024-03-01 23:52:48.761 +00:00 [DBG] >LOG:1709337168,D,MANAGEMENT: CMD 'status'
2024-03-01 23:52:49.270 +00:00 [DBG] >LOG:1709337169,D,MANAGEMENT: CMD 'status'
2024-03-01 23:52:49.780 +00:00 [DBG] >LOG:1709337169,D,MANAGEMENT: CMD 'status'
2024-03-01 23:52:50.293 +00:00 [DBG] >LOG:1709337170,D,MANAGEMENT: CMD 'status'
2024-03-01 23:52:50.800 +00:00 [DBG] >LOG:1709337170,D,MANAGEMENT: CMD 'status'
2024-03-01 23:52:51.305 +00:00 [DBG] >LOG:1709337171,D,MANAGEMENT: CMD 'status'
2024-03-01 23:52:51.814 +00:00 [DBG] >LOG:1709337171,D,MANAGEMENT: CMD 'status'
2024-03-01 23:52:52.319 +00:00 [DBG] >LOG:1709337172,D,MANAGEMENT: CMD 'status'
2024-03-01 23:52:52.830 +00:00 [DBG] >LOG:1709337172,D,MANAGEMENT: CMD 'status'
2024-03-01 23:52:53.345 +00:00 [DBG] >LOG:1709337173,D,MANAGEMENT: CMD 'status'
2024-03-01 23:52:53.854 +00:00 [DBG] >LOG:1709337173,D,MANAGEMENT: CMD 'status'
2024-03-01 23:52:54.399 +00:00 [DBG] >LOG:1709337174,D,MANAGEMENT: CMD 'status'
2024-03-01 23:52:54.913 +00:00 [DBG] >LOG:1709337174,D,MANAGEMENT: CMD 'status'
2024-03-01 23:52:55.419 +00:00 [DBG] >LOG:1709337175,D,MANAGEMENT: CMD 'status'
2024-03-01 23:52:55.940 +00:00 [DBG] >LOG:1709337175,D,MANAGEMENT: CMD 'status'
2024-03-01 23:52:56.459 +00:00 [DBG] >LOG:1709337176,D,MANAGEMENT: CMD 'status'
2024-03-01 23:52:56.966 +00:00 [DBG] >LOG:1709337176,D,MANAGEMENT: CMD 'status'
2024-03-01 23:52:57.479 +00:00 [DBG] >LOG:1709337177,D,MANAGEMENT: CMD 'status'
2024-03-01 23:52:57.992 +00:00 [DBG] >LOG:1709337177,D,MANAGEMENT: CMD 'status'
2024-03-01 23:52:58.504 +00:00 [DBG] >LOG:1709337178,D,MANAGEMENT: CMD 'status'
2024-03-01 23:52:59.015 +00:00 [DBG] >LOG:1709337179,D,MANAGEMENT: CMD 'status'
2024-03-01 23:52:59.523 +00:00 [DBG] >LOG:1709337179,D,MANAGEMENT: CMD 'status'
2024-03-01 23:53:00.034 +00:00 [DBG] >LOG:1709337180,D,MANAGEMENT: CMD 'status'
2024-03-01 23:53:00.545 +00:00 [DBG] >LOG:1709337180,D,MANAGEMENT: CMD 'status'
2024-03-01 23:53:01.055 +00:00 [DBG] >LOG:1709337181,D,MANAGEMENT: CMD 'status'
2024-03-01 23:53:01.568 +00:00 [DBG] >LOG:1709337181,D,MANAGEMENT: CMD 'status'
2024-03-01 23:53:02.074 +00:00 [DBG] >LOG:1709337182,D,MANAGEMENT: CMD 'status'
2024-03-01 23:53:02.608 +00:00 [DBG] >LOG:1709337182,D,MANAGEMENT: CMD 'status'
2024-03-01 23:53:03.118 +00:00 [DBG] >LOG:1709337183,D,MANAGEMENT: CMD 'status'
2024-03-01 23:53:03.628 +00:00 [DBG] >LOG:1709337183,D,MANAGEMENT: CMD 'status'
2024-03-01 23:53:04.140 +00:00 [DBG] >LOG:1709337184,D,MANAGEMENT: CMD 'status'
2024-03-01 23:53:04.673 +00:00 [DBG] >LOG:1709337184,D,MANAGEMENT: CMD 'status'
2024-03-01 23:53:05.188 +00:00 [DBG] >LOG:1709337185,D,MANAGEMENT: CMD 'status'
2024-03-01 23:53:05.697 +00:00 [DBG] >LOG:1709337185,D,MANAGEMENT: CMD 'status'
2024-03-01 23:53:06.207 +00:00 [DBG] >LOG:1709337186,D,MANAGEMENT: CMD 'status'
2024-03-01 23:53:06.721 +00:00 [DBG] >LOG:1709337186,D,MANAGEMENT: CMD 'status'
2024-03-01 23:53:07.232 +00:00 [DBG] >LOG:1709337187,D,MANAGEMENT: CMD 'status'
2024-03-01 23:53:07.744 +00:00 [DBG] >LOG:1709337187,D,MANAGEMENT: CMD 'status'
2024-03-01 23:53:08.262 +00:00 [DBG] >LOG:1709337188,D,MANAGEMENT: CMD 'status'
2024-03-01 23:53:08.769 +00:00 [DBG] >LOG:1709337188,D,MANAGEMENT: CMD 'status'
2024-03-01 23:53:09.282 +00:00 [DBG] >LOG:1709337189,D,MANAGEMENT: CMD 'status'
2024-03-01 23:53:09.791 +00:00 [DBG] >LOG:1709337189,D,MANAGEMENT: CMD 'status'
2024-03-01 23:53:10.303 +00:00 [DBG] >LOG:1709337190,D,MANAGEMENT: CMD 'status'
2024-03-01 23:53:10.812 +00:00 [DBG] >LOG:1709337190,D,MANAGEMENT: CMD 'status'
2024-03-01 23:53:11.320 +00:00 [DBG] >LOG:1709337191,D,MANAGEMENT: CMD 'status'
2024-03-01 23:53:11.828 +00:00 [DBG] >LOG:1709337191,D,MANAGEMENT: CMD 'status'
2024-03-01 23:53:12.335 +00:00 [DBG] >LOG:1709337192,D,MANAGEMENT: CMD 'status'
2024-03-01 23:53:12.855 +00:00 [DBG] >LOG:1709337192,D,MANAGEMENT: CMD 'status'
2024-03-01 23:53:13.367 +00:00 [DBG] >LOG:1709337193,D,MANAGEMENT: CMD 'status'
2024-03-01 23:53:13.874 +00:00 [DBG] >LOG:1709337193,D,MANAGEMENT: CMD 'status'
2024-03-01 23:53:14.379 +00:00 [DBG] >LOG:1709337194,D,MANAGEMENT: CMD 'status'
2024-03-01 23:53:14.887 +00:00 [DBG] >LOG:1709337194,D,MANAGEMENT: CMD 'status'
2024-03-01 23:53:15.391 +00:00 [DBG] >LOG:1709337195,D,MANAGEMENT: CMD 'status'
2024-03-01 23:53:15.899 +00:00 [DBG] >LOG:1709337195,D,MANAGEMENT: CMD 'status'
2024-03-01 23:53:16.407 +00:00 [DBG] >LOG:1709337196,D,MANAGEMENT: CMD 'status'
2024-03-01 23:53:16.912 +00:00 [DBG] >LOG:1709337196,D,MANAGEMENT: CMD 'status'
2024-03-01 23:53:17.420 +00:00 [DBG] >LOG:1709337197,D,MANAGEMENT: CMD 'status'
2024-03-01 23:53:17.942 +00:00 [DBG] >LOG:1709337197,D,MANAGEMENT: CMD 'status'
2024-03-01 23:53:18.451 +00:00 [DBG] >LOG:1709337198,D,MANAGEMENT: CMD 'status'
2024-03-01 23:53:18.960 +00:00 [DBG] >LOG:1709337198,D,MANAGEMENT: CMD 'status'
2024-03-01 23:53:19.469 +00:00 [DBG] >LOG:1709337199,D,MANAGEMENT: CMD 'status'
2024-03-01 23:53:19.976 +00:00 [DBG] >LOG:1709337199,D,MANAGEMENT: CMD 'status'
2024-03-01 23:53:20.487 +00:00 [DBG] >LOG:1709337200,D,MANAGEMENT: CMD 'status'
2024-03-01 23:53:20.993 +00:00 [DBG] >LOG:1709337200,D,MANAGEMENT: CMD 'status'
2024-03-01 23:53:21.500 +00:00 [DBG] >LOG:1709337201,D,MANAGEMENT: CMD 'status'
2024-03-01 23:53:22.009 +00:00 [DBG] >LOG:1709337202,D,MANAGEMENT: CMD 'status'
2024-03-01 23:53:22.549 +00:00 [DBG] >LOG:1709337202,D,MANAGEMENT: CMD 'status'
2024-03-01 23:53:23.061 +00:00 [DBG] >LOG:1709337203,D,MANAGEMENT: CMD 'status'
2024-03-01 23:53:23.570 +00:00 [DBG] >LOG:1709337203,D,MANAGEMENT: CMD 'status'
2024-03-01 23:53:24.082 +00:00 [DBG] >LOG:1709337204,D,MANAGEMENT: CMD 'status'
2024-03-01 23:53:24.589 +00:00 [DBG] >LOG:1709337204,D,MANAGEMENT: CMD 'status'
2024-03-01 23:53:25.095 +00:00 [DBG] >LOG:1709337205,D,MANAGEMENT: CMD 'status'
2024-03-01 23:53:25.609 +00:00 [DBG] >LOG:1709337205,D,MANAGEMENT: CMD 'status'
2024-03-01 23:53:26.134 +00:00 [DBG] >LOG:1709337206,D,MANAGEMENT: CMD 'status'
2024-03-01 23:53:26.644 +00:00 [DBG] >LOG:1709337206,D,MANAGEMENT: CMD 'status'
2024-03-01 23:53:27.168 +00:00 [DBG] >LOG:1709337207,D,MANAGEMENT: CMD 'status'
2024-03-01 23:53:27.675 +00:00 [DBG] >LOG:1709337207,D,MANAGEMENT: CMD 'status'
2024-03-01 23:53:28.182 +00:00 [DBG] >LOG:1709337208,D,MANAGEMENT: CMD 'status'
2024-03-01 23:53:28.688 +00:00 [DBG] >LOG:1709337208,D,MANAGEMENT: CMD 'status'
2024-03-01 23:53:29.195 +00:00 [DBG] >LOG:1709337209,D,MANAGEMENT: CMD 'status'
2024-03-01 23:53:29.710 +00:00 [DBG] >LOG:1709337209,D,MANAGEMENT: CMD 'status'
2024-03-01 23:53:30.217 +00:00 [DBG] >LOG:1709337210,D,MANAGEMENT: CMD 'status'
2024-03-01 23:53:30.723 +00:00 [DBG] >LOG:1709337210,D,MANAGEMENT: CMD 'status'
2024-03-01 23:53:31.241 +00:00 [DBG] >LOG:1709337211,D,MANAGEMENT: CMD 'status'
2024-03-01 23:53:31.759 +00:00 [DBG] >LOG:1709337211,D,MANAGEMENT: CMD 'status'
2024-03-01 23:53:32.263 +00:00 [DBG] >LOG:1709337212,D,MANAGEMENT: CMD 'status'
2024-03-01 23:53:32.768 +00:00 [DBG] >LOG:1709337212,D,MANAGEMENT: CMD 'status'
2024-03-01 23:53:33.277 +00:00 [DBG] >LOG:1709337213,D,MANAGEMENT: CMD 'status'
2024-03-01 23:53:33.787 +00:00 [DBG] >LOG:1709337213,D,MANAGEMENT: CMD 'status'
2024-03-01 23:53:34.342 +00:00 [DBG] >LOG:1709337214,D,MANAGEMENT: CMD 'status'
2024-03-01 23:53:34.879 +00:00 [DBG] >LOG:1709337214,D,MANAGEMENT: CMD 'status'
2024-03-01 23:53:35.388 +00:00 [DBG] >LOG:1709337215,D,MANAGEMENT: CMD 'status'
2024-03-01 23:53:35.893 +00:00 [DBG] >LOG:1709337215,D,MANAGEMENT: CMD 'status'
2024-03-01 23:53:36.398 +00:00 [DBG] >LOG:1709337216,D,MANAGEMENT: CMD 'status'
2024-03-01 23:53:36.906 +00:00 [DBG] >LOG:1709337216,D,MANAGEMENT: CMD 'status'
2024-03-01 23:53:37.426 +00:00 [DBG] >LOG:1709337217,D,MANAGEMENT: CMD 'status'
2024-03-01 23:53:37.934 +00:00 [DBG] >LOG:1709337217,D,MANAGEMENT: CMD 'status'
2024-03-01 23:53:38.444 +00:00 [DBG] >LOG:1709337218,D,MANAGEMENT: CMD 'status'
2024-03-01 23:53:38.963 +00:00 [DBG] >LOG:1709337218,D,MANAGEMENT: CMD 'status'
2024-03-01 23:53:39.469 +00:00 [DBG] >LOG:1709337219,D,MANAGEMENT: CMD 'status'
2024-03-01 23:53:40.023 +00:00 [DBG] >LOG:1709337220,D,MANAGEMENT: CMD 'status'
2024-03-01 23:53:40.531 +00:00 [DBG] >LOG:1709337220,D,MANAGEMENT: CMD 'status'
2024-03-01 23:53:41.051 +00:00 [DBG] >LOG:1709337221,D,MANAGEMENT: CMD 'status'
2024-03-01 23:53:41.559 +00:00 [DBG] >LOG:1709337221,D,MANAGEMENT: CMD 'status'
2024-03-01 23:53:42.067 +00:00 [DBG] >LOG:1709337222,D,MANAGEMENT: CMD 'status'
2024-03-01 23:53:42.575 +00:00 [DBG] >LOG:1709337222,D,MANAGEMENT: CMD 'status'
2024-03-01 23:53:43.085 +00:00 [DBG] >LOG:1709337223,D,MANAGEMENT: CMD 'status'
2024-03-01 23:53:43.601 +00:00 [DBG] >LOG:1709337223,D,MANAGEMENT: CMD 'status'
2024-03-01 23:53:44.115 +00:00 [DBG] >LOG:1709337224,D,MANAGEMENT: CMD 'status'
2024-03-01 23:53:44.632 +00:00 [DBG] >LOG:1709337224,D,MANAGEMENT: CMD 'status'
2024-03-01 23:53:45.143 +00:00 [DBG] >LOG:1709337225,D,MANAGEMENT: CMD 'status'
2024-03-01 23:53:45.647 +00:00 [DBG] >LOG:1709337225,D,MANAGEMENT: CMD 'status'
2024-03-01 23:53:46.155 +00:00 [DBG] >LOG:1709337226,D,MANAGEMENT: CMD 'status'
2024-03-01 23:53:46.662 +00:00 [DBG] >LOG:1709337226,D,MANAGEMENT: CMD 'status'
2024-03-01 23:53:47.168 +00:00 [DBG] >LOG:1709337227,D,MANAGEMENT: CMD 'status'
2024-03-01 23:53:47.674 +00:00 [DBG] >LOG:1709337227,D,MANAGEMENT: CMD 'status'
2024-03-01 23:53:48.190 +00:00 [DBG] >LOG:1709337228,D,MANAGEMENT: CMD 'status'
2024-03-01 23:53:48.703 +00:00 [DBG] >LOG:1709337228,D,MANAGEMENT: CMD 'status'
2024-03-01 23:53:49.257 +00:00 [DBG] >LOG:1709337229,D,MANAGEMENT: CMD 'status'
2024-03-01 23:53:49.769 +00:00 [DBG] >LOG:1709337229,D,MANAGEMENT: CMD 'status'
2024-03-01 23:53:50.355 +00:00 [DBG] >LOG:1709337230,D,MANAGEMENT: CMD 'status'
2024-03-01 23:53:50.902 +00:00 [DBG] >LOG:1709337230,D,MANAGEMENT: CMD 'status'
2024-03-01 23:53:51.488 +00:00 [DBG] >LOG:1709337231,D,MANAGEMENT: CMD 'status'
2024-03-01 23:53:52.000 +00:00 [DBG] >LOG:1709337231,D,MANAGEMENT: CMD 'status'
2024-03-01 23:53:52.743 +00:00 [DBG] >LOG:1709337232,D,MANAGEMENT: CMD 'status'
2024-03-01 23:53:53.660 +00:00 [DBG] >LOG:1709337233,D,MANAGEMENT: CMD 'status'
2024-03-01 23:53:54.835 +00:00 [DBG] >LOG:1709337234,D,MANAGEMENT: CMD 'status'
2024-03-01 23:54:13.291 +00:00 [DBG] >LOG:1709337236,D,MANAGEMENT: CMD 'status'
2024-03-01 23:54:13.697 +00:00 [DBG] >LOG:1709337251,D,MANAGEMENT: CMD 'status'
2024-03-01 23:54:13.730 +00:00 [DBG] >LOG:1709337253,D,MANAGEMENT: CMD 'status'
2024-03-01 23:54:31.283 +00:00 [DBG] >LOG:1709337257,D,MANAGEMENT: CMD 'status'
2024-03-01 23:54:50.901 +00:00 [DBG] >LOG:1709337263,D,MANAGEMENT: CMD 'status'
2024-03-01 23:55:41.361 +00:00 [DBG] >LOG:1709337271,D,MANAGEMENT: CMD 'status'
2024-03-01 23:55:46.283 +00:00 [DBG] >LOG:1709337285,D,MANAGEMENT: CMD 'status'
2024-03-01 23:55:46.284 +00:00 [DBG] >LOG:1709337292,D,MANAGEMENT: CMD 'status'
2024-03-01 23:55:46.288 +00:00 [DBG] >LOG:1709337309,D,MANAGEMENT: CMD 'status'
2024-03-01 23:55:46.293 +00:00 [DBG] >LOG:1709337328,D,MANAGEMENT: CMD 'status'
2024-03-01 23:55:46.294 +00:00 [DBG] >LOG:1709337339,D,MANAGEMENT: CMD 'status'
2024-03-01 23:55:46.387 +00:00 [DBG] >LOG:1709337346,D,MANAGEMENT: CMD 'status'
2024-03-01 23:55:46.705 +00:00 [DBG] >LOG:1709337346,D,MANAGEMENT: CMD 'status'
2024-03-01 23:55:47.227 +00:00 [DBG] >LOG:1709337347,D,MANAGEMENT: CMD 'status'
2024-03-01 23:55:47.732 +00:00 [DBG] >LOG:1709337347,D,MANAGEMENT: CMD 'status'
2024-03-01 23:55:48.237 +00:00 [DBG] >LOG:1709337348,D,MANAGEMENT: CMD 'status'
2024-03-01 23:55:48.747 +00:00 [DBG] >LOG:1709337348,D,MANAGEMENT: CMD 'status'
2024-03-01 23:55:49.255 +00:00 [DBG] >LOG:1709337349,D,MANAGEMENT: CMD 'status'
2024-03-01 23:55:49.761 +00:00 [DBG] >LOG:1709337349,D,MANAGEMENT: CMD 'status'
2024-03-01 23:55:50.271 +00:00 [DBG] >LOG:1709337350,D,MANAGEMENT: CMD 'status'
2024-03-01 23:55:50.783 +00:00 [DBG] >LOG:1709337350,D,MANAGEMENT: CMD 'status'
2024-03-01 23:55:51.295 +00:00 [DBG] >LOG:1709337351,D,MANAGEMENT: CMD 'status'
2024-03-01 23:55:51.806 +00:00 [DBG] >LOG:1709337351,D,MANAGEMENT: CMD 'status'
2024-03-01 23:55:52.327 +00:00 [DBG] >LOG:1709337352,D,MANAGEMENT: CMD 'status'
2024-03-01 23:55:52.839 +00:00 [DBG] >LOG:1709337352,D,MANAGEMENT: CMD 'status'
2024-03-01 23:55:53.352 +00:00 [DBG] >LOG:1709337353,D,MANAGEMENT: CMD 'status'
2024-03-01 23:55:53.885 +00:00 [DBG] >LOG:1709337353,D,MANAGEMENT: CMD 'status'
2024-03-01 23:55:54.401 +00:00 [DBG] >LOG:1709337354,D,MANAGEMENT: CMD 'status'
2024-03-01 23:55:54.915 +00:00 [DBG] >LOG:1709337354,D,MANAGEMENT: CMD 'status'
2024-03-01 23:55:55.429 +00:00 [DBG] >LOG:1709337355,D,MANAGEMENT: CMD 'status'
2024-03-01 23:55:55.939 +00:00 [DBG] >LOG:1709337355,D,MANAGEMENT: CMD 'status'
2024-03-01 23:55:56.448 +00:00 [DBG] >LOG:1709337356,D,MANAGEMENT: CMD 'status'
2024-03-01 23:55:56.960 +00:00 [DBG] >LOG:1709337356,D,MANAGEMENT: CMD 'status'
2024-03-01 23:55:57.472 +00:00 [DBG] >LOG:1709337357,D,MANAGEMENT: CMD 'status'
2024-03-01 23:55:57.981 +00:00 [DBG] >LOG:1709337357,D,MANAGEMENT: CMD 'status'
2024-03-01 23:55:58.491 +00:00 [DBG] >LOG:1709337358,D,MANAGEMENT: CMD 'status'
2024-03-01 23:55:59.002 +00:00 [DBG] >LOG:1709337358,D,MANAGEMENT: CMD 'status'
2024-03-01 23:55:59.513 +00:00 [DBG] >LOG:1709337359,D,MANAGEMENT: CMD 'status'
2024-03-01 23:56:00.025 +00:00 [DBG] >LOG:1709337360,D,MANAGEMENT: CMD 'status'
2024-03-01 23:56:00.540 +00:00 [DBG] >LOG:1709337360,D,MANAGEMENT: CMD 'status'
2024-03-01 23:56:01.055 +00:00 [DBG] >LOG:1709337361,D,MANAGEMENT: CMD 'status'
2024-03-01 23:56:01.562 +00:00 [DBG] >LOG:1709337361,D,MANAGEMENT: CMD 'status'
2024-03-01 23:56:02.070 +00:00 [DBG] >LOG:1709337362,D,MANAGEMENT: CMD 'status'
2024-03-01 23:56:02.635 +00:00 [DBG] >LOG:1709337362,D,MANAGEMENT: CMD 'status'
2024-03-01 23:56:03.153 +00:00 [DBG] >LOG:1709337363,D,MANAGEMENT: CMD 'status'
2024-03-01 23:56:03.732 +00:00 [DBG] >LOG:1709337363,D,MANAGEMENT: CMD 'status'
2024-03-01 23:56:04.295 +00:00 [DBG] >LOG:1709337364,D,MANAGEMENT: CMD 'status'
2024-03-01 23:56:04.912 +00:00 [DBG] >LOG:1709337364,D,MANAGEMENT: CMD 'status'
2024-03-01 23:56:05.425 +00:00 [DBG] >LOG:1709337365,D,MANAGEMENT: CMD 'status'
2024-03-01 23:56:05.946 +00:00 [DBG] >LOG:1709337365,D,MANAGEMENT: CMD 'status'
2024-03-01 23:56:06.472 +00:00 [DBG] >LOG:1709337366,D,MANAGEMENT: CMD 'status'
2024-03-01 23:56:06.986 +00:00 [DBG] >LOG:1709337366,D,MANAGEMENT: CMD 'status'
2024-03-01 23:56:07.506 +00:00 [DBG] >LOG:1709337367,D,MANAGEMENT: CMD 'status'
2024-03-01 23:56:08.032 +00:00 [DBG] >LOG:1709337368,D,MANAGEMENT: CMD 'status'
2024-03-01 23:56:08.548 +00:00 [DBG] >LOG:1709337368,D,MANAGEMENT: CMD 'status'
2024-03-01 23:56:09.084 +00:00 [DBG] >LOG:1709337369,D,MANAGEMENT: CMD 'status'
2024-03-01 23:56:09.594 +00:00 [DBG] >LOG:1709337369,D,MANAGEMENT: CMD 'status'
2024-03-01 23:56:10.101 +00:00 [DBG] >LOG:1709337370,D,MANAGEMENT: CMD 'status'
2024-03-01 23:56:10.616 +00:00 [DBG] >LOG:1709337370,D,MANAGEMENT: CMD 'status'
2024-03-01 23:56:11.127 +00:00 [DBG] >LOG:1709337371,D,MANAGEMENT: CMD 'status'
2024-03-01 23:56:11.635 +00:00 [DBG] >LOG:1709337371,D,MANAGEMENT: CMD 'status'
2024-03-01 23:56:12.147 +00:00 [DBG] >LOG:1709337372,D,MANAGEMENT: CMD 'status'
2024-03-01 23:56:12.662 +00:00 [DBG] >LOG:1709337372,D,MANAGEMENT: CMD 'status'
2024-03-01 23:56:13.173 +00:00 [DBG] >LOG:1709337373,D,MANAGEMENT: CMD 'status'
2024-03-01 23:56:13.678 +00:00 [DBG] >LOG:1709337373,D,MANAGEMENT: CMD 'status'
2024-03-01 23:56:14.200 +00:00 [DBG] >LOG:1709337374,D,MANAGEMENT: CMD 'status'
2024-03-01 23:56:14.713 +00:00 [DBG] >LOG:1709337374,D,MANAGEMENT: CMD 'status'
2024-03-01 23:56:15.226 +00:00 [DBG] >LOG:1709337375,D,MANAGEMENT: CMD 'status'
2024-03-01 23:56:15.741 +00:00 [DBG] >LOG:1709337375,D,MANAGEMENT: CMD 'status'
2024-03-01 23:56:16.251 +00:00 [DBG] >LOG:1709337376,D,MANAGEMENT: CMD 'status'
2024-03-01 23:56:16.759 +00:00 [DBG] >LOG:1709337376,D,MANAGEMENT: CMD 'status'
2024-03-01 23:56:17.266 +00:00 [DBG] >LOG:1709337377,D,MANAGEMENT: CMD 'status'
2024-03-01 23:56:17.777 +00:00 [DBG] >LOG:1709337377,D,MANAGEMENT: CMD 'status'
2024-03-01 23:56:18.288 +00:00 [DBG] >LOG:1709337378,D,MANAGEMENT: CMD 'status'
2024-03-01 23:56:18.796 +00:00 [DBG] >LOG:1709337378,D,MANAGEMENT: CMD 'status'
2024-03-01 23:56:19.306 +00:00 [DBG] >LOG:1709337379,D,MANAGEMENT: CMD 'status'
2024-03-01 23:56:19.816 +00:00 [DBG] >LOG:1709337379,D,MANAGEMENT: CMD 'status'
2024-03-01 23:56:20.336 +00:00 [DBG] >LOG:1709337380,D,MANAGEMENT: CMD 'status'
2024-03-01 23:56:20.879 +00:00 [DBG] >LOG:1709337380,D,MANAGEMENT: CMD 'status'
2024-03-01 23:56:21.406 +00:00 [DBG] >LOG:1709337381,D,MANAGEMENT: CMD 'status'
2024-03-01 23:56:21.915 +00:00 [DBG] >LOG:1709337381,D,MANAGEMENT: CMD 'status'
2024-03-01 23:56:22.422 +00:00 [DBG] >LOG:1709337382,D,MANAGEMENT: CMD 'status'
2024-03-01 23:56:22.932 +00:00 [DBG] >LOG:1709337382,D,MANAGEMENT: CMD 'status'
2024-03-01 23:56:23.442 +00:00 [DBG] >LOG:1709337383,D,MANAGEMENT: CMD 'status'
2024-03-01 23:56:23.951 +00:00 [DBG] >LOG:1709337383,D,MANAGEMENT: CMD 'status'
2024-03-01 23:56:24.461 +00:00 [DBG] >LOG:1709337384,D,MANAGEMENT: CMD 'status'
2024-03-01 23:56:24.969 +00:00 [DBG] >LOG:1709337384,D,MANAGEMENT: CMD 'status'
2024-03-01 23:56:25.483 +00:00 [DBG] >LOG:1709337385,D,MANAGEMENT: CMD 'status'
2024-03-01 23:56:25.993 +00:00 [DBG] >LOG:1709337385,D,MANAGEMENT: CMD 'status'
2024-03-01 23:56:26.504 +00:00 [DBG] >LOG:1709337386,D,MANAGEMENT: CMD 'status'
2024-03-01 23:56:27.012 +00:00 [DBG] >LOG:1709337387,D,MANAGEMENT: CMD 'status'
2024-03-01 23:56:27.536 +00:00 [DBG] >LOG:1709337387,D,MANAGEMENT: CMD 'status'
2024-03-01 23:56:28.054 +00:00 [DBG] >LOG:1709337388,D,MANAGEMENT: CMD 'status'
2024-03-01 23:56:28.571 +00:00 [DBG] >LOG:1709337388,D,MANAGEMENT: CMD 'status'
2024-03-01 23:56:29.080 +00:00 [DBG] >LOG:1709337389,D,MANAGEMENT: CMD 'status'
2024-03-01 23:56:29.588 +00:00 [DBG] >LOG:1709337389,D,MANAGEMENT: CMD 'status'
2024-03-01 23:56:30.099 +00:00 [DBG] >LOG:1709337390,D,MANAGEMENT: CMD 'status'
2024-03-01 23:56:30.636 +00:00 [DBG] >LOG:1709337390,D,MANAGEMENT: CMD 'status'
2024-03-01 23:56:31.152 +00:00 [DBG] >LOG:1709337391,D,MANAGEMENT: CMD 'status'
2024-03-01 23:56:31.661 +00:00 [DBG] >LOG:1709337391,D,MANAGEMENT: CMD 'status'
2024-03-01 23:56:32.167 +00:00 [DBG] >LOG:1709337392,D,MANAGEMENT: CMD 'status'
2024-03-01 23:56:32.682 +00:00 [DBG] >LOG:1709337392,D,MANAGEMENT: CMD 'status'
2024-03-01 23:56:33.195 +00:00 [DBG] >LOG:1709337393,D,MANAGEMENT: CMD 'status'
2024-03-01 23:56:33.703 +00:00 [DBG] >LOG:1709337393,D,MANAGEMENT: CMD 'status'
2024-03-01 23:56:34.233 +00:00 [DBG] >LOG:1709337394,D,MANAGEMENT: CMD 'status'
2024-03-01 23:56:34.762 +00:00 [DBG] >LOG:1709337394,D,MANAGEMENT: CMD 'status'
2024-03-01 23:56:35.273 +00:00 [DBG] >LOG:1709337395,D,MANAGEMENT: CMD 'status'
2024-03-01 23:56:35.780 +00:00 [DBG] >LOG:1709337395,D,MANAGEMENT: CMD 'status'
2024-03-01 23:56:36.296 +00:00 [DBG] >LOG:1709337396,D,MANAGEMENT: CMD 'status'
2024-03-01 23:56:36.804 +00:00 [DBG] >LOG:1709337396,D,MANAGEMENT: CMD 'status'
2024-03-01 23:56:37.340 +00:00 [DBG] >LOG:1709337397,D,MANAGEMENT: CMD 'status'
2024-03-01 23:56:37.852 +00:00 [DBG] >LOG:1709337397,D,MANAGEMENT: CMD 'status'
2024-03-01 23:56:38.359 +00:00 [DBG] >LOG:1709337398,D,MANAGEMENT: CMD 'status'
2024-03-01 23:56:38.876 +00:00 [DBG] >LOG:1709337398,D,MANAGEMENT: CMD 'status'
2024-03-01 23:56:39.388 +00:00 [DBG] >LOG:1709337399,D,MANAGEMENT: CMD 'status'
2024-03-01 23:56:39.898 +00:00 [DBG] >LOG:1709337399,D,MANAGEMENT: CMD 'status'
2024-03-01 23:56:40.409 +00:00 [DBG] >LOG:1709337400,D,MANAGEMENT: CMD 'status'
2024-03-01 23:56:40.918 +00:00 [DBG] >LOG:1709337400,D,MANAGEMENT: CMD 'status'
2024-03-01 23:56:41.434 +00:00 [DBG] >LOG:1709337401,D,MANAGEMENT: CMD 'status'
2024-03-01 23:56:41.943 +00:00 [DBG] >LOG:1709337401,D,MANAGEMENT: CMD 'status'
2024-03-01 23:56:42.453 +00:00 [DBG] >LOG:1709337402,D,MANAGEMENT: CMD 'status'
2024-03-01 23:56:42.962 +00:00 [DBG] >LOG:1709337402,D,MANAGEMENT: CMD 'status'
2024-03-01 23:56:43.471 +00:00 [DBG] >LOG:1709337403,D,MANAGEMENT: CMD 'status'
2024-03-01 23:56:43.980 +00:00 [DBG] >LOG:1709337403,D,MANAGEMENT: CMD 'status'
2024-03-01 23:56:44.530 +00:00 [DBG] >LOG:1709337404,D,MANAGEMENT: CMD 'status'
2024-03-01 23:56:45.040 +00:00 [DBG] >LOG:1709337405,D,MANAGEMENT: CMD 'status'
2024-03-01 23:56:45.551 +00:00 [DBG] >LOG:1709337405,D,MANAGEMENT: CMD 'status'
2024-03-01 23:56:46.060 +00:00 [DBG] >LOG:1709337406,D,MANAGEMENT: CMD 'status'
2024-03-01 23:56:46.570 +00:00 [DBG] >LOG:1709337406,D,MANAGEMENT: CMD 'status'
2024-03-01 23:56:47.141 +00:00 [DBG] >LOG:1709337407,D,MANAGEMENT: CMD 'status'
2024-03-01 23:56:47.650 +00:00 [DBG] >LOG:1709337407,D,MANAGEMENT: CMD 'status'
2024-03-01 23:56:48.169 +00:00 [DBG] >LOG:1709337408,D,MANAGEMENT: CMD 'status'
2024-03-01 23:56:48.683 +00:00 [DBG] >LOG:1709337408,D,MANAGEMENT: CMD 'status'
2024-03-01 23:56:49.193 +00:00 [DBG] >LOG:1709337409,D,MANAGEMENT: CMD 'status'
2024-03-01 23:56:49.703 +00:00 [DBG] >LOG:1709337409,D,MANAGEMENT: CMD 'status'
2024-03-01 23:56:50.213 +00:00 [DBG] >LOG:1709337410,D,MANAGEMENT: CMD 'status'
2024-03-01 23:56:50.722 +00:00 [DBG] >LOG:1709337410,D,MANAGEMENT: CMD 'status'
2024-03-01 23:56:51.232 +00:00 [DBG] >LOG:1709337411,D,MANAGEMENT: CMD 'status'
2024-03-01 23:56:51.740 +00:00 [DBG] >LOG:1709337411,D,MANAGEMENT: CMD 'status'
2024-03-01 23:56:52.253 +00:00 [DBG] >LOG:1709337412,D,MANAGEMENT: CMD 'status'
2024-03-01 23:56:52.771 +00:00 [DBG] >LOG:1709337412,D,MANAGEMENT: CMD 'status'
2024-03-01 23:56:53.278 +00:00 [DBG] >LOG:1709337413,D,MANAGEMENT: CMD 'status'
2024-03-01 23:56:53.783 +00:00 [DBG] >LOG:1709337413,D,MANAGEMENT: CMD 'status'
2024-03-01 23:56:54.294 +00:00 [DBG] >LOG:1709337414,D,MANAGEMENT: CMD 'status'
2024-03-01 23:56:54.802 +00:00 [DBG] >LOG:1709337414,D,MANAGEMENT: CMD 'status'
2024-03-01 23:56:55.314 +00:00 [DBG] >LOG:1709337415,D,MANAGEMENT: CMD 'status'
2024-03-01 23:56:55.824 +00:00 [DBG] >LOG:1709337415,D,MANAGEMENT: CMD 'status'
2024-03-01 23:56:56.329 +00:00 [DBG] >LOG:1709337416,D,MANAGEMENT: CMD 'status'
2024-03-01 23:56:56.836 +00:00 [DBG] >LOG:1709337416,D,MANAGEMENT: CMD 'status'
2024-03-01 23:56:57.356 +00:00 [DBG] >LOG:1709337417,D,MANAGEMENT: CMD 'status'
2024-03-01 23:56:57.865 +00:00 [DBG] >LOG:1709337417,D,MANAGEMENT: CMD 'status'
2024-03-01 23:56:58.375 +00:00 [DBG] >LOG:1709337418,D,MANAGEMENT: CMD 'status'
2024-03-01 23:56:58.883 +00:00 [DBG] >LOG:1709337418,D,MANAGEMENT: CMD 'status'
2024-03-01 23:56:59.403 +00:00 [DBG] >LOG:1709337419,D,MANAGEMENT: CMD 'status'
2024-03-01 23:56:59.908 +00:00 [DBG] >LOG:1709337419,D,MANAGEMENT: CMD 'status'
2024-03-01 23:57:00.414 +00:00 [DBG] >LOG:1709337420,D,MANAGEMENT: CMD 'status'
2024-03-01 23:57:00.935 +00:00 [DBG] >LOG:1709337420,D,MANAGEMENT: CMD 'status'
2024-03-01 23:57:01.442 +00:00 [DBG] >LOG:1709337421,D,MANAGEMENT: CMD 'status'
2024-03-01 23:57:01.953 +00:00 [DBG] >LOG:1709337421,D,MANAGEMENT: CMD 'status'
2024-03-01 23:57:02.464 +00:00 [DBG] >LOG:1709337422,D,MANAGEMENT: CMD 'status'
2024-03-01 23:57:02.971 +00:00 [DBG] >LOG:1709337422,D,MANAGEMENT: CMD 'status'
2024-03-01 23:57:03.481 +00:00 [DBG] >LOG:1709337423,D,MANAGEMENT: CMD 'status'
2024-03-01 23:57:03.989 +00:00 [DBG] >LOG:1709337423,D,MANAGEMENT: CMD 'status'
2024-03-01 23:57:04.504 +00:00 [DBG] >LOG:1709337424,D,MANAGEMENT: CMD 'status'
2024-03-01 23:57:05.011 +00:00 [DBG] >LOG:1709337425,D,MANAGEMENT: CMD 'status'
2024-03-01 23:57:05.517 +00:00 [DBG] >LOG:1709337425,D,MANAGEMENT: CMD 'status'
2024-03-01 23:57:06.033 +00:00 [DBG] >LOG:1709337426,D,MANAGEMENT: CMD 'status'
2024-03-01 23:57:06.542 +00:00 [DBG] >LOG:1709337426,D,MANAGEMENT: CMD 'status'
2024-03-01 23:57:07.056 +00:00 [DBG] >LOG:1709337427,D,MANAGEMENT: CMD 'status'
2024-03-01 23:57:07.565 +00:00 [DBG] >LOG:1709337427,D,MANAGEMENT: CMD 'status'
2024-03-01 23:57:08.076 +00:00 [DBG] >LOG:1709337428,D,MANAGEMENT: CMD 'status'
2024-03-01 23:57:08.594 +00:00 [DBG] >LOG:1709337428,D,MANAGEMENT: CMD 'status'
2024-03-01 23:57:09.104 +00:00 [DBG] >LOG:1709337429,D,MANAGEMENT: CMD 'status'
2024-03-01 23:57:09.619 +00:00 [DBG] >LOG:1709337429,D,MANAGEMENT: CMD 'status'
2024-03-01 23:57:10.131 +00:00 [DBG] >LOG:1709337430,D,MANAGEMENT: CMD 'status'
2024-03-01 23:57:10.644 +00:00 [DBG] >LOG:1709337430,D,MANAGEMENT: CMD 'status'
2024-03-01 23:57:11.164 +00:00 [DBG] >LOG:1709337431,D,MANAGEMENT: CMD 'status'
2024-03-01 23:57:11.673 +00:00 [DBG] >LOG:1709337431,D,MANAGEMENT: CMD 'status'
2024-03-01 23:57:12.181 +00:00 [DBG] >LOG:1709337432,D,MANAGEMENT: CMD 'status'
2024-03-01 23:57:12.704 +00:00 [DBG] >LOG:1709337432,D,MANAGEMENT: CMD 'status'
2024-03-01 23:57:13.215 +00:00 [DBG] >LOG:1709337433,D,MANAGEMENT: CMD 'status'
2024-03-01 23:57:13.723 +00:00 [DBG] >LOG:1709337433,D,MANAGEMENT: CMD 'status'
2024-03-01 23:57:14.295 +00:00 [DBG] >LOG:1709337434,D,MANAGEMENT: CMD 'status'
2024-03-01 23:57:14.803 +00:00 [DBG] >LOG:1709337434,D,MANAGEMENT: CMD 'status'
2024-03-01 23:57:15.314 +00:00 [DBG] >LOG:1709337435,D,MANAGEMENT: CMD 'status'
2024-03-01 23:57:15.827 +00:00 [DBG] >LOG:1709337435,D,MANAGEMENT: CMD 'status'
2024-03-01 23:57:16.344 +00:00 [DBG] >LOG:1709337436,D,MANAGEMENT: CMD 'status'
2024-03-01 23:57:16.848 +00:00 [DBG] >LOG:1709337436,D,MANAGEMENT: CMD 'status'
2024-03-01 23:57:17.368 +00:00 [DBG] >LOG:1709337437,D,MANAGEMENT: CMD 'status'
2024-03-01 23:57:17.875 +00:00 [DBG] >LOG:1709337437,D,MANAGEMENT: CMD 'status'
2024-03-01 23:57:18.385 +00:00 [DBG] >LOG:1709337438,D,MANAGEMENT: CMD 'status'
2024-03-01 23:57:18.895 +00:00 [DBG] >LOG:1709337438,D,MANAGEMENT: CMD 'status'
2024-03-01 23:57:19.408 +00:00 [DBG] >LOG:1709337439,D,MANAGEMENT: CMD 'status'
2024-03-01 23:57:19.925 +00:00 [DBG] >LOG:1709337439,D,MANAGEMENT: CMD 'status'
2024-03-01 23:57:20.437 +00:00 [DBG] >LOG:1709337440,D,MANAGEMENT: CMD 'status'
2024-03-01 23:57:20.957 +00:00 [DBG] >LOG:1709337440,D,MANAGEMENT: CMD 'status'
2024-03-01 23:57:21.467 +00:00 [DBG] >LOG:1709337441,D,MANAGEMENT: CMD 'status'
2024-03-01 23:57:21.976 +00:00 [DBG] >LOG:1709337441,D,MANAGEMENT: CMD 'status'
2024-03-01 23:57:22.485 +00:00 [DBG] >LOG:1709337442,D,MANAGEMENT: CMD 'status'
2024-03-01 23:57:22.993 +00:00 [DBG] >LOG:1709337442,D,MANAGEMENT: CMD 'status'
2024-03-01 23:57:23.506 +00:00 [DBG] >LOG:1709337443,D,MANAGEMENT: CMD 'status'
2024-03-01 23:57:24.039 +00:00 [DBG] >LOG:1709337444,D,MANAGEMENT: CMD 'status'
2024-03-01 23:57:24.547 +00:00 [DBG] >LOG:1709337444,D,MANAGEMENT: CMD 'status'
2024-03-01 23:57:25.058 +00:00 [DBG] >LOG:1709337445,D,MANAGEMENT: CMD 'status'
2024-03-01 23:57:25.577 +00:00 [DBG] >LOG:1709337445,D,MANAGEMENT: CMD 'status'
2024-03-01 23:57:26.090 +00:00 [DBG] >LOG:1709337446,D,MANAGEMENT: CMD 'status'
2024-03-01 23:57:26.600 +00:00 [DBG] >LOG:1709337446,D,MANAGEMENT: CMD 'status'
2024-03-01 23:57:27.112 +00:00 [DBG] >LOG:1709337447,D,MANAGEMENT: CMD 'status'
2024-03-01 23:57:27.624 +00:00 [DBG] >LOG:1709337447,D,MANAGEMENT: CMD 'status'
2024-03-01 23:57:28.136 +00:00 [DBG] >LOG:1709337448,D,MANAGEMENT: CMD 'status'
2024-03-01 23:57:28.644 +00:00 [DBG] >LOG:1709337448,D,MANAGEMENT: CMD 'status'
2024-03-01 23:57:29.158 +00:00 [DBG] >LOG:1709337449,D,MANAGEMENT: CMD 'status'
2024-03-01 23:57:29.673 +00:00 [DBG] >LOG:1709337449,D,MANAGEMENT: CMD 'status'
2024-03-01 23:57:30.180 +00:00 [DBG] >LOG:1709337450,D,MANAGEMENT: CMD 'status'
2024-03-01 23:57:30.686 +00:00 [DBG] >LOG:1709337450,D,MANAGEMENT: CMD 'status'
2024-03-01 23:57:31.192 +00:00 [DBG] >LOG:1709337451,D,MANAGEMENT: CMD 'status'
2024-03-01 23:57:31.712 +00:00 [DBG] >LOG:1709337451,D,MANAGEMENT: CMD 'status'
2024-03-01 23:57:32.221 +00:00 [DBG] >LOG:1709337452,D,MANAGEMENT: CMD 'status'
2024-03-01 23:57:32.731 +00:00 [DBG] >LOG:1709337452,D,MANAGEMENT: CMD 'status'
2024-03-01 23:57:33.239 +00:00 [DBG] >LOG:1709337453,D,MANAGEMENT: CMD 'status'
2024-03-01 23:57:33.760 +00:00 [DBG] >LOG:1709337453,D,MANAGEMENT: CMD 'status'
2024-03-01 23:57:34.277 +00:00 [DBG] >LOG:1709337454,D,MANAGEMENT: CMD 'status'
2024-03-01 23:57:34.790 +00:00 [DBG] >LOG:1709337454,D,MANAGEMENT: CMD 'status'
2024-03-01 23:57:35.303 +00:00 [DBG] >LOG:1709337455,D,MANAGEMENT: CMD 'status'
2024-03-01 23:57:35.809 +00:00 [DBG] >LOG:1709337455,D,MANAGEMENT: CMD 'status'
2024-03-01 23:57:36.319 +00:00 [DBG] >LOG:1709337456,D,MANAGEMENT: CMD 'status'
2024-03-01 23:57:36.838 +00:00 [DBG] >LOG:1709337456,D,MANAGEMENT: CMD 'status'
2024-03-01 23:57:37.352 +00:00 [DBG] >LOG:1709337457,D,MANAGEMENT: CMD 'status'
2024-03-01 23:57:37.875 +00:00 [DBG] >LOG:1709337457,D,MANAGEMENT: CMD 'status'
2024-03-01 23:57:38.382 +00:00 [DBG] >LOG:1709337458,D,MANAGEMENT: CMD 'status'
2024-03-01 23:57:38.889 +00:00 [DBG] >LOG:1709337458,D,MANAGEMENT: CMD 'status'
2024-03-01 23:57:39.422 +00:00 [DBG] >LOG:1709337459,D,MANAGEMENT: CMD 'status'
2024-03-01 23:57:39.926 +00:00 [DBG] >LOG:1709337459,D,MANAGEMENT: CMD 'status'
2024-03-01 23:57:40.439 +00:00 [DBG] >LOG:1709337460,D,MANAGEMENT: CMD 'status'
2024-03-01 23:57:40.947 +00:00 [DBG] >LOG:1709337460,D,MANAGEMENT: CMD 'status'
2024-03-01 23:57:41.460 +00:00 [DBG] >LOG:1709337461,D,MANAGEMENT: CMD 'status'
2024-03-01 23:57:41.968 +00:00 [DBG] >LOG:1709337461,D,MANAGEMENT: CMD 'status'
2024-03-01 23:57:42.475 +00:00 [DBG] >LOG:1709337462,D,MANAGEMENT: CMD 'status'
2024-03-01 23:57:42.984 +00:00 [DBG] >LOG:1709337462,D,MANAGEMENT: CMD 'status'
2024-03-01 23:57:43.495 +00:00 [DBG] >LOG:1709337463,D,MANAGEMENT: CMD 'status'
2024-03-01 23:57:44.003 +00:00 [DBG] >LOG:1709337463,D,MANAGEMENT: CMD 'status'
2024-03-01 23:57:44.513 +00:00 [DBG] >LOG:1709337464,D,MANAGEMENT: CMD 'status'
2024-03-01 23:57:45.030 +00:00 [DBG] >LOG:1709337465,D,MANAGEMENT: CMD 'status'
2024-03-01 23:57:45.541 +00:00 [DBG] >LOG:1709337465,D,MANAGEMENT: CMD 'status'
2024-03-01 23:57:46.047 +00:00 [DBG] >LOG:1709337466,D,MANAGEMENT: CMD 'status'
2024-03-01 23:57:46.560 +00:00 [DBG] >LOG:1709337466,D,MANAGEMENT: CMD 'status'
2024-03-01 23:57:47.513 +00:00 [DBG] >LOG:1709337467,D,MANAGEMENT: CMD 'status'
2024-03-01 23:57:49.047 +00:00 [DBG] >LOG:1709337469,D,MANAGEMENT: CMD 'status'
2024-03-01 23:57:49.682 +00:00 [DBG] >LOG:1709337469,D,MANAGEMENT: CMD 'status'
2024-03-01 23:57:50.256 +00:00 [DBG] >LOG:1709337470,D,MANAGEMENT: CMD 'status'
2024-03-01 23:57:50.918 +00:00 [DBG] >LOG:1709337470,D,MANAGEMENT: CMD 'status'
2024-03-01 23:57:51.689 +00:00 [DBG] >LOG:1709337471,D,MANAGEMENT: CMD 'status'
2024-03-01 23:57:52.898 +00:00 [DBG] >LOG:1709337472,D,MANAGEMENT: CMD 'status'
2024-03-01 23:57:54.664 +00:00 [DBG] >LOG:1709337473,D,MANAGEMENT: CMD 'status'
2024-03-01 23:58:06.023 +00:00 [DBG] >LOG:1709337481,D,MANAGEMENT: CMD 'status'
2024-03-01 23:58:07.607 +00:00 [DBG] >LOG:1709337485,D,MANAGEMENT: CMD 'status'
2024-03-01 23:58:08.597 +00:00 [DBG] >LOG:1709337488,D,MANAGEMENT: CMD 'status'
2024-03-01 23:58:09.722 +00:00 [DBG] >LOG:1709337489,D,MANAGEMENT: CMD 'status'
2024-03-01 23:58:10.533 +00:00 [DBG] >LOG:1709337490,D,MANAGEMENT: CMD 'status'
2024-03-01 23:58:12.606 +00:00 [DBG] >LOG:1709337491,D,MANAGEMENT: CMD 'status'
2024-03-01 23:58:31.504 +00:00 [DBG] >LOG:1709337498,D,MANAGEMENT: CMD 'status'
2024-03-01 23:58:31.783 +00:00 [DBG] >LOG:1709337511,D,MANAGEMENT: CMD 'status'
2024-03-01 23:58:37.736 +00:00 [DBG] >LOG:1709337513,D,MANAGEMENT: CMD 'status'
2024-03-01 23:58:39.522 +00:00 [DBG] >LOG:1709337517,D,MANAGEMENT: CMD 'status'
2024-03-01 23:58:39.901 +00:00 [DBG] >LOG:1709337519,D,MANAGEMENT: CMD 'status'
2024-03-01 23:58:48.789 +00:00 [DBG] >LOG:1709337520,D,MANAGEMENT: CMD 'status'
2024-03-01 23:58:48.998 +00:00 [DBG] >LOG:1709337525,D,MANAGEMENT: CMD 'status'
2024-03-01 23:58:48.999 +00:00 [DBG] >LOG:1709337528,D,MANAGEMENT: CMD 'status'
2024-03-01 23:58:50.163 +00:00 [DBG] >LOG:1709337529,D,MANAGEMENT: CMD 'status'
2024-03-01 23:58:50.975 +00:00 [DBG] >LOG:1709337530,D,MANAGEMENT: CMD 'status'
2024-03-01 23:58:51.587 +00:00 [DBG] >LOG:1709337531,D,MANAGEMENT: CMD 'status'
2024-03-01 23:58:52.249 +00:00 [DBG] >LOG:1709337532,D,MANAGEMENT: CMD 'status'
2024-03-01 23:58:53.586 +00:00 [DBG] >LOG:1709337532,D,MANAGEMENT: CMD 'status'
2024-03-01 23:58:59.367 +00:00 [DBG] >LOG:1709337536,D,MANAGEMENT: CMD 'status'
2024-03-01 23:59:01.587 +00:00 [DBG] >LOG:1709337541,D,MANAGEMENT: CMD 'status'
2024-03-01 23:59:10.545 +00:00 [DBG] >LOG:1709337543,D,MANAGEMENT: CMD 'status'
2024-03-01 23:59:10.642 +00:00 [DBG] >LOG:1709337550,D,MANAGEMENT: CMD 'status'
2024-03-01 23:59:11.986 +00:00 [DBG] >LOG:1709337551,D,MANAGEMENT: CMD 'status'
2024-03-01 23:59:13.202 +00:00 [DBG] >LOG:1709337553,D,MANAGEMENT: CMD 'status'
2024-03-01 23:59:19.903 +00:00 [DBG] >LOG:1709337556,D,MANAGEMENT: CMD 'status'
2024-03-01 23:59:20.160 +00:00 [DBG] >LOG:1709337559,D,MANAGEMENT: CMD 'status'
2024-03-01 23:59:32.105 +00:00 [DBG] >LOG:1709337561,D,MANAGEMENT: CMD 'status'
2024-03-01 23:59:34.037 +00:00 [DBG] >LOG:1709337571,D,MANAGEMENT: CMD 'status'
2024-03-01 23:59:35.765 +00:00 [DBG] >LOG:1709337573,D,MANAGEMENT: CMD 'status'
2024-03-01 23:59:35.774 +00:00 [DBG] >LOG:1709337575,D,MANAGEMENT: CMD 'status'
2024-03-01 23:59:36.316 +00:00 [DBG] >LOG:1709337576,D,MANAGEMENT: CMD 'status'
2024-03-01 23:59:36.852 +00:00 [DBG] >LOG:1709337576,D,MANAGEMENT: CMD 'status'
2024-03-01 23:59:37.453 +00:00 [DBG] >LOG:1709337577,D,MANAGEMENT: CMD 'status'
2024-03-01 23:59:37.986 +00:00 [DBG] >LOG:1709337577,D,MANAGEMENT: CMD 'status'
2024-03-01 23:59:38.598 +00:00 [DBG] >LOG:1709337578,D,MANAGEMENT: CMD 'status'
2024-03-01 23:59:39.108 +00:00 [DBG] >LOG:1709337579,D,MANAGEMENT: CMD 'status'
2024-03-01 23:59:39.629 +00:00 [DBG] >LOG:1709337579,D,MANAGEMENT: CMD 'status'
2024-03-01 23:59:40.136 +00:00 [DBG] >LOG:1709337580,D,MANAGEMENT: CMD 'status'
2024-03-01 23:59:40.656 +00:00 [DBG] >LOG:1709337580,D,MANAGEMENT: CMD 'status'
2024-03-01 23:59:41.162 +00:00 [DBG] >LOG:1709337581,D,MANAGEMENT: CMD 'status'
2024-03-01 23:59:41.675 +00:00 [DBG] >LOG:1709337581,D,MANAGEMENT: CMD 'status'
2024-03-01 23:59:42.184 +00:00 [DBG] >LOG:1709337582,D,MANAGEMENT: CMD 'status'
2024-03-01 23:59:42.690 +00:00 [DBG] >LOG:1709337582,D,MANAGEMENT: CMD 'status'
2024-03-01 23:59:43.193 +00:00 [DBG] >LOG:1709337583,D,MANAGEMENT: CMD 'status'
2024-03-01 23:59:43.699 +00:00 [DBG] >LOG:1709337583,D,MANAGEMENT: CMD 'status'
2024-03-01 23:59:44.205 +00:00 [DBG] >LOG:1709337584,D,MANAGEMENT: CMD 'status'
2024-03-01 23:59:44.720 +00:00 [DBG] >LOG:1709337584,D,MANAGEMENT: CMD 'status'
2024-03-01 23:59:45.236 +00:00 [DBG] >LOG:1709337585,D,MANAGEMENT: CMD 'status'
2024-03-01 23:59:45.743 +00:00 [DBG] >LOG:1709337585,D,MANAGEMENT: CMD 'status'
2024-03-01 23:59:46.252 +00:00 [DBG] >LOG:1709337586,D,MANAGEMENT: CMD 'status'
2024-03-01 23:59:46.759 +00:00 [DBG] >LOG:1709337586,D,MANAGEMENT: CMD 'status'
2024-03-01 23:59:47.273 +00:00 [DBG] >LOG:1709337587,D,MANAGEMENT: CMD 'status'
2024-03-01 23:59:47.777 +00:00 [DBG] >LOG:1709337587,D,MANAGEMENT: CMD 'status'
2024-03-01 23:59:48.285 +00:00 [DBG] >LOG:1709337588,D,MANAGEMENT: CMD 'status'
2024-03-01 23:59:48.793 +00:00 [DBG] >LOG:1709337588,D,MANAGEMENT: CMD 'status'
2024-03-01 23:59:49.315 +00:00 [DBG] >LOG:1709337589,D,MANAGEMENT: CMD 'status'
2024-03-01 23:59:49.823 +00:00 [DBG] >LOG:1709337589,D,MANAGEMENT: CMD 'status'
2024-03-01 23:59:50.327 +00:00 [DBG] >LOG:1709337590,D,MANAGEMENT: CMD 'status'
2024-03-01 23:59:50.833 +00:00 [DBG] >LOG:1709337590,D,MANAGEMENT: CMD 'status'
2024-03-01 23:59:51.347 +00:00 [DBG] >LOG:1709337591,D,MANAGEMENT: CMD 'status'
2024-03-01 23:59:51.855 +00:00 [DBG] >LOG:1709337591,D,MANAGEMENT: CMD 'status'
2024-03-01 23:59:52.363 +00:00 [DBG] >LOG:1709337592,D,MANAGEMENT: CMD 'status'
2024-03-01 23:59:52.868 +00:00 [DBG] >LOG:1709337592,D,MANAGEMENT: CMD 'status'
2024-03-01 23:59:53.374 +00:00 [DBG] >LOG:1709337593,D,MANAGEMENT: CMD 'status'
2024-03-01 23:59:53.879 +00:00 [DBG] >LOG:1709337593,D,MANAGEMENT: CMD 'status'
2024-03-01 23:59:54.383 +00:00 [DBG] >LOG:1709337594,D,MANAGEMENT: CMD 'status'
2024-03-01 23:59:54.889 +00:00 [DBG] >LOG:1709337594,D,MANAGEMENT: CMD 'status'
2024-03-01 23:59:55.397 +00:00 [DBG] >LOG:1709337595,D,MANAGEMENT: CMD 'status'
2024-03-01 23:59:55.901 +00:00 [DBG] >LOG:1709337595,D,MANAGEMENT: CMD 'status'
2024-03-01 23:59:56.408 +00:00 [DBG] >LOG:1709337596,D,MANAGEMENT: CMD 'status'
2024-03-01 23:59:56.914 +00:00 [DBG] >LOG:1709337596,D,MANAGEMENT: CMD 'status'
2024-03-01 23:59:57.424 +00:00 [DBG] >LOG:1709337597,D,MANAGEMENT: CMD 'status'
2024-03-01 23:59:57.930 +00:00 [DBG] >LOG:1709337597,D,MANAGEMENT: CMD 'status'
2024-03-01 23:59:58.440 +00:00 [DBG] >LOG:1709337598,D,MANAGEMENT: CMD 'status'
2024-03-01 23:59:58.949 +00:00 [DBG] >LOG:1709337598,D,MANAGEMENT: CMD 'status'
2024-03-01 23:59:59.457 +00:00 [DBG] >LOG:1709337599,D,MANAGEMENT: CMD 'status'
2024-03-01 23:59:59.961 +00:00 [DBG] >LOG:1709337599,D,MANAGEMENT: CMD 'status'
