2024-03-07 19:29:45.887 +00:00 [DBG] >LOG:1709581313,D,MANAGEMENT: CMD 'status'
2024-03-07 19:29:45.899 +00:00 [DBG] >LOG:1709581327,D,MANAGEMENT: CMD 'status'
2024-03-07 19:29:45.899 +00:00 [DBG] >LOG:1709581342,D,MANAGEMENT: CMD 'status'
2024-03-07 19:29:45.899 +00:00 [DBG] >LOG:1709581356,D,MANAGEMENT: CMD 'status'
2024-03-07 19:29:45.913 +00:00 [DBG] >LOG:1709839785,D,MANAGEMENT: CMD 'echo on'
2024-03-07 19:29:45.913 +00:00 [DBG] >LOG:1709839785,D,MANAGEMENT: CMD ''
2024-03-07 19:29:47.008 +00:00 [DBG] >LOG:1709839787,,MANAGEMENT: >STATE:1709839787,GET_CONFIG,,,,,,
2024-03-07 19:29:47.008 +00:00 [DBG] >LOG:1709839787,,SENT CONTROL [server]: 'PUSH_REQUEST' (status=1)
2024-03-07 19:29:50.000 +00:00 [DBG] >LOG:1709839787,,PUSH: Received control message: 'PUSH_REPLY,route 172.31.0.0 255.255.0.0,route-gateway 10.0.1.33,topology subnet,ping 1,ping-restart 20,echo,ifconfig 10.0.1.34 255.255.255.224,peer-id 0,cipher AES-256-GCM'
2024-03-07 19:29:50.000 +00:00 [DBG] >LOG:1709839787,,OPTIONS IMPORT: timers and/or timeouts modified
2024-03-07 19:29:50.001 +00:00 [DBG] >LOG:1709839787,,OPTIONS IMPORT: --ifconfig/up options modified
2024-03-07 19:29:50.001 +00:00 [DBG] >LOG:1709839787,,OPTIONS IMPORT: route options modified
2024-03-07 19:29:50.001 +00:00 [DBG] >LOG:1709839787,,OPTIONS IMPORT: route-related options modified
2024-03-07 19:29:50.001 +00:00 [DBG] >LOG:1709839787,,OPTIONS IMPORT: peer-id set
2024-03-07 19:29:50.001 +00:00 [DBG] >LOG:1709839787,,OPTIONS IMPORT: adjusting link_mtu to 1624
2024-03-07 19:29:50.001 +00:00 [DBG] >LOG:1709839787,,OPTIONS IMPORT: data channel crypto options modified
2024-03-07 19:29:50.001 +00:00 [DBG] >LOG:1709839787,,Outgoing Data Channel: Cipher 'AES-256-GCM' initialized with 256 bit key
2024-03-07 19:29:50.002 +00:00 [DBG] >LOG:1709839787,,Incoming Data Channel: Cipher 'AES-256-GCM' initialized with 256 bit key
2024-03-07 19:29:50.002 +00:00 [DBG] >LOG:1709839787,,ROUTE_GATEWAY 192.168.1.1/255.255.255.0 IFACE=en0 HWADDR=bc:d0:74:79:6b:44
2024-03-07 19:29:50.002 +00:00 [DBG] >LOG:1709839787,,Opening utun (connect(AF_SYS_CONTROL)): Resource busy (errno=16)
2024-03-07 19:29:50.002 +00:00 [DBG] >LOG:1709839787,,Opening utun (connect(AF_SYS_CONTROL)): Resource busy (errno=16)
2024-03-07 19:29:50.002 +00:00 [DBG] >LOG:1709839787,,Opening utun (connect(AF_SYS_CONTROL)): Resource busy (errno=16)
2024-03-07 19:29:50.002 +00:00 [DBG] >LOG:1709839787,,Opening utun (connect(AF_SYS_CONTROL)): Resource busy (errno=16)
2024-03-07 19:29:50.002 +00:00 [DBG] >LOG:1709839787,,Opening utun (connect(AF_SYS_CONTROL)): Resource busy (errno=16)
2024-03-07 19:29:50.002 +00:00 [DBG] >LOG:1709839787,,Opening utun (connect(AF_SYS_CONTROL)): Resource busy (errno=16)
2024-03-07 19:29:50.002 +00:00 [DBG] >LOG:1709839787,,Opening utun (connect(AF_SYS_CONTROL)): Resource busy (errno=16)
2024-03-07 19:29:50.002 +00:00 [DBG] >LOG:1709839787,I,Opened utun device utun7
2024-03-07 19:29:50.002 +00:00 [DBG] >LOG:1709839787,D,do_ifconfig, tt->did_ifconfig_ipv6_setup=0
2024-03-07 19:29:50.002 +00:00 [DBG] >LOG:1709839787,,MANAGEMENT: >STATE:1709839787,ASSIGN_IP,,10.0.1.34,,,,
2024-03-07 19:29:50.002 +00:00 [DBG] >LOG:1709839787,I,/sbin/ifconfig utun7 delete
2024-03-07 19:29:50.002 +00:00 [DBG] >LOG:1709839787,I,NOTE: Tried to delete pre-existing tun/tap instance -- No Problem if failure
2024-03-07 19:29:50.002 +00:00 [DBG] >LOG:1709839787,I,/sbin/ifconfig utun7 10.0.1.34 10.0.1.34 netmask 255.255.255.224 mtu 1500 up
2024-03-07 19:29:50.002 +00:00 [DBG] >LOG:1709839787,,/sbin/route add -net 10.0.1.32 10.0.1.34 255.255.255.224
2024-03-07 19:29:50.002 +00:00 [DBG] >LOG:1709839787,I,/Applications/AWS VPN Client/AWS VPN Client.app/Contents/Resources/openvpn/client.up utun7 1500 1552 10.0.1.34 255.255.255.224 init
2024-03-07 19:29:50.002 +00:00 [DBG] >LOG:1709839789,,MANAGEMENT: >STATE:1709839789,ADD_ROUTES,,,,,,
2024-03-07 19:29:50.002 +00:00 [DBG] >LOG:1709839789,,/sbin/route add -net 172.31.0.0 10.0.1.33 255.255.0.0
2024-03-07 19:29:50.002 +00:00 [DBG] >LOG:1709839789,W,WARNING: this configuration may cache passwords in memory -- use the auth-nocache option to prevent this
2024-03-07 19:29:50.002 +00:00 [DBG] >LOG:1709839789,I,Initialization Sequence Completed
2024-03-07 19:29:50.003 +00:00 [DBG] >LOG:1709839789,,MANAGEMENT: >STATE:1709839789,CONNECTED,SUCCESS,10.0.1.34,3.65.118.161,443,,
2024-03-07 19:29:52.085 +00:00 [DBG] >LOG:1709839790,D,MANAGEMENT: CMD 'status'
2024-03-07 19:29:52.091 +00:00 [DBG] >LOG:1709839791,D,MANAGEMENT: CMD 'status'
2024-03-07 19:29:52.092 +00:00 [DBG] >LOG:1709839792,D,MANAGEMENT: CMD 'status'
2024-03-07 19:29:52.595 +00:00 [DBG] >LOG:1709839792,D,MANAGEMENT: CMD 'status'
2024-03-07 19:29:53.106 +00:00 [DBG] >LOG:1709839793,D,MANAGEMENT: CMD 'status'
2024-03-07 19:29:53.623 +00:00 [DBG] >LOG:1709839793,D,MANAGEMENT: CMD 'status'
2024-03-07 19:29:54.129 +00:00 [DBG] >LOG:1709839794,D,MANAGEMENT: CMD 'status'
2024-03-07 19:29:54.633 +00:00 [DBG] >LOG:1709839794,D,MANAGEMENT: CMD 'status'
2024-03-07 19:29:55.138 +00:00 [DBG] >LOG:1709839795,D,MANAGEMENT: CMD 'status'
2024-03-07 19:29:55.643 +00:00 [DBG] >LOG:1709839795,D,MANAGEMENT: CMD 'status'
2024-03-07 19:29:56.150 +00:00 [DBG] >LOG:1709839796,D,MANAGEMENT: CMD 'status'
2024-03-07 19:29:56.676 +00:00 [DBG] >LOG:1709839796,D,MANAGEMENT: CMD 'status'
2024-03-07 19:29:57.184 +00:00 [DBG] >LOG:1709839797,D,MANAGEMENT: CMD 'status'
2024-03-07 19:29:57.704 +00:00 [DBG] >LOG:1709839797,D,MANAGEMENT: CMD 'status'
2024-03-07 19:29:58.209 +00:00 [DBG] >LOG:1709839798,D,MANAGEMENT: CMD 'status'
2024-03-07 19:29:58.718 +00:00 [DBG] >LOG:1709839798,D,MANAGEMENT: CMD 'status'
2024-03-07 19:29:59.222 +00:00 [DBG] >LOG:1709839799,D,MANAGEMENT: CMD 'status'
2024-03-07 19:29:59.728 +00:00 [DBG] >LOG:1709839799,D,MANAGEMENT: CMD 'status'
2024-03-07 19:30:00.238 +00:00 [DBG] >LOG:1709839800,D,MANAGEMENT: CMD 'status'
2024-03-07 19:30:00.746 +00:00 [DBG] >LOG:1709839800,D,MANAGEMENT: CMD 'status'
2024-03-07 19:30:01.251 +00:00 [DBG] >LOG:1709839801,D,MANAGEMENT: CMD 'status'
2024-03-07 19:30:01.757 +00:00 [DBG] >LOG:1709839801,D,MANAGEMENT: CMD 'status'
2024-03-07 19:30:02.260 +00:00 [DBG] >LOG:1709839802,D,MANAGEMENT: CMD 'status'
2024-03-07 19:30:02.766 +00:00 [DBG] >LOG:1709839802,D,MANAGEMENT: CMD 'status'
2024-03-07 19:30:03.273 +00:00 [DBG] >LOG:1709839803,D,MANAGEMENT: CMD 'status'
2024-03-07 19:30:03.781 +00:00 [DBG] >LOG:1709839803,D,MANAGEMENT: CMD 'status'
2024-03-07 19:30:04.292 +00:00 [DBG] >LOG:1709839804,D,MANAGEMENT: CMD 'status'
2024-03-07 19:30:04.798 +00:00 [DBG] >LOG:1709839804,D,MANAGEMENT: CMD 'status'
2024-03-07 19:30:05.311 +00:00 [DBG] >LOG:1709839805,D,MANAGEMENT: CMD 'status'
2024-03-07 19:30:05.814 +00:00 [DBG] >LOG:1709839805,D,MANAGEMENT: CMD 'status'
2024-03-07 19:30:06.321 +00:00 [DBG] >LOG:1709839806,D,MANAGEMENT: CMD 'status'
2024-03-07 19:30:06.837 +00:00 [DBG] >LOG:1709839806,D,MANAGEMENT: CMD 'status'
2024-03-07 19:30:07.342 +00:00 [DBG] >LOG:1709839807,D,MANAGEMENT: CMD 'status'
2024-03-07 19:30:07.848 +00:00 [DBG] >LOG:1709839807,D,MANAGEMENT: CMD 'status'
2024-03-07 19:30:08.358 +00:00 [DBG] >LOG:1709839808,D,MANAGEMENT: CMD 'status'
2024-03-07 19:30:08.883 +00:00 [DBG] >LOG:1709839808,D,MANAGEMENT: CMD 'status'
2024-03-07 19:30:09.386 +00:00 [DBG] >LOG:1709839809,D,MANAGEMENT: CMD 'status'
2024-03-07 19:30:09.894 +00:00 [DBG] >LOG:1709839809,D,MANAGEMENT: CMD 'status'
2024-03-07 19:30:10.399 +00:00 [DBG] >LOG:1709839810,D,MANAGEMENT: CMD 'status'
2024-03-07 19:30:10.902 +00:00 [DBG] >LOG:1709839810,D,MANAGEMENT: CMD 'status'
2024-03-07 19:30:11.409 +00:00 [DBG] >LOG:1709839811,D,MANAGEMENT: CMD 'status'
2024-03-07 19:30:11.917 +00:00 [DBG] >LOG:1709839811,D,MANAGEMENT: CMD 'status'
2024-03-07 19:30:12.423 +00:00 [DBG] >LOG:1709839812,D,MANAGEMENT: CMD 'status'
2024-03-07 19:30:12.936 +00:00 [DBG] >LOG:1709839812,D,MANAGEMENT: CMD 'status'
2024-03-07 19:30:13.450 +00:00 [DBG] >LOG:1709839813,D,MANAGEMENT: CMD 'status'
2024-03-07 19:30:13.957 +00:00 [DBG] >LOG:1709839813,D,MANAGEMENT: CMD 'status'
2024-03-07 19:30:14.462 +00:00 [DBG] >LOG:1709839814,D,MANAGEMENT: CMD 'status'
2024-03-07 19:30:14.967 +00:00 [DBG] >LOG:1709839814,D,MANAGEMENT: CMD 'status'
2024-03-07 19:30:15.477 +00:00 [DBG] >LOG:1709839815,D,MANAGEMENT: CMD 'status'
2024-03-07 19:30:15.986 +00:00 [DBG] >LOG:1709839815,D,MANAGEMENT: CMD 'status'
2024-03-07 19:30:16.492 +00:00 [DBG] >LOG:1709839816,D,MANAGEMENT: CMD 'status'
2024-03-07 19:30:17.022 +00:00 [DBG] >LOG:1709839817,D,MANAGEMENT: CMD 'status'
2024-03-07 19:30:17.531 +00:00 [DBG] >LOG:1709839817,D,MANAGEMENT: CMD 'status'
2024-03-07 19:30:18.037 +00:00 [DBG] >LOG:1709839818,D,MANAGEMENT: CMD 'status'
2024-03-07 19:30:18.541 +00:00 [DBG] >LOG:1709839818,D,MANAGEMENT: CMD 'status'
2024-03-07 19:30:19.050 +00:00 [DBG] >LOG:1709839819,D,MANAGEMENT: CMD 'status'
2024-03-07 19:30:19.561 +00:00 [DBG] >LOG:1709839819,D,MANAGEMENT: CMD 'status'
2024-03-07 19:30:20.075 +00:00 [DBG] >LOG:1709839820,D,MANAGEMENT: CMD 'status'
2024-03-07 19:30:20.582 +00:00 [DBG] >LOG:1709839820,D,MANAGEMENT: CMD 'status'
2024-03-07 19:30:21.088 +00:00 [DBG] >LOG:1709839821,D,MANAGEMENT: CMD 'status'
2024-03-07 19:30:21.606 +00:00 [DBG] >LOG:1709839821,D,MANAGEMENT: CMD 'status'
2024-03-07 19:30:22.120 +00:00 [DBG] >LOG:1709839822,D,MANAGEMENT: CMD 'status'
2024-03-07 19:30:22.626 +00:00 [DBG] >LOG:1709839822,D,MANAGEMENT: CMD 'status'
2024-03-07 19:30:23.134 +00:00 [DBG] >LOG:1709839823,D,MANAGEMENT: CMD 'status'
2024-03-07 19:30:23.643 +00:00 [DBG] >LOG:1709839823,D,MANAGEMENT: CMD 'status'
2024-03-07 19:30:24.154 +00:00 [DBG] >LOG:1709839824,D,MANAGEMENT: CMD 'status'
2024-03-07 19:30:24.658 +00:00 [DBG] >LOG:1709839824,D,MANAGEMENT: CMD 'status'
2024-03-07 19:30:25.166 +00:00 [DBG] >LOG:1709839825,D,MANAGEMENT: CMD 'status'
2024-03-07 19:30:25.681 +00:00 [DBG] >LOG:1709839825,D,MANAGEMENT: CMD 'status'
2024-03-07 19:30:26.200 +00:00 [DBG] >LOG:1709839826,D,MANAGEMENT: CMD 'status'
2024-03-07 19:30:26.705 +00:00 [DBG] >LOG:1709839826,D,MANAGEMENT: CMD 'status'
2024-03-07 19:30:27.214 +00:00 [DBG] >LOG:1709839827,D,MANAGEMENT: CMD 'status'
2024-03-07 19:30:27.723 +00:00 [DBG] >LOG:1709839827,D,MANAGEMENT: CMD 'status'
2024-03-07 19:30:28.229 +00:00 [DBG] >LOG:1709839828,D,MANAGEMENT: CMD 'status'
2024-03-07 19:30:28.736 +00:00 [DBG] >LOG:1709839828,D,MANAGEMENT: CMD 'status'
2024-03-07 19:30:29.243 +00:00 [DBG] >LOG:1709839829,D,MANAGEMENT: CMD 'status'
2024-03-07 19:30:29.750 +00:00 [DBG] >LOG:1709839829,D,MANAGEMENT: CMD 'status'
2024-03-07 19:30:30.259 +00:00 [DBG] >LOG:1709839830,D,MANAGEMENT: CMD 'status'
2024-03-07 19:30:30.767 +00:00 [DBG] >LOG:1709839830,D,MANAGEMENT: CMD 'status'
2024-03-07 19:30:31.271 +00:00 [DBG] >LOG:1709839831,D,MANAGEMENT: CMD 'status'
2024-03-07 19:30:31.775 +00:00 [DBG] >LOG:1709839831,D,MANAGEMENT: CMD 'status'
2024-03-07 19:30:32.285 +00:00 [DBG] >LOG:1709839832,D,MANAGEMENT: CMD 'status'
2024-03-07 19:30:32.789 +00:00 [DBG] >LOG:1709839832,D,MANAGEMENT: CMD 'status'
2024-03-07 19:30:33.294 +00:00 [DBG] >LOG:1709839833,D,MANAGEMENT: CMD 'status'
2024-03-07 19:30:33.804 +00:00 [DBG] >LOG:1709839833,D,MANAGEMENT: CMD 'status'
2024-03-07 19:30:34.311 +00:00 [DBG] >LOG:1709839834,D,MANAGEMENT: CMD 'status'
2024-03-07 19:30:34.832 +00:00 [DBG] >LOG:1709839834,D,MANAGEMENT: CMD 'status'
2024-03-07 19:30:35.343 +00:00 [DBG] >LOG:1709839835,D,MANAGEMENT: CMD 'status'
2024-03-07 19:30:35.853 +00:00 [DBG] >LOG:1709839835,D,MANAGEMENT: CMD 'status'
2024-03-07 19:30:36.365 +00:00 [DBG] >LOG:1709839836,D,MANAGEMENT: CMD 'status'
2024-03-07 19:30:36.875 +00:00 [DBG] >LOG:1709839836,D,MANAGEMENT: CMD 'status'
2024-03-07 19:30:37.387 +00:00 [DBG] >LOG:1709839837,D,MANAGEMENT: CMD 'status'
2024-03-07 19:30:37.890 +00:00 [DBG] >LOG:1709839837,D,MANAGEMENT: CMD 'status'
2024-03-07 19:30:38.393 +00:00 [DBG] >LOG:1709839838,D,MANAGEMENT: CMD 'status'
2024-03-07 19:30:38.903 +00:00 [DBG] >LOG:1709839838,D,MANAGEMENT: CMD 'status'
2024-03-07 19:30:39.415 +00:00 [DBG] >LOG:1709839839,D,MANAGEMENT: CMD 'status'
2024-03-07 19:30:39.923 +00:00 [DBG] >LOG:1709839839,D,MANAGEMENT: CMD 'status'
2024-03-07 19:30:40.427 +00:00 [DBG] >LOG:1709839840,D,MANAGEMENT: CMD 'status'
2024-03-07 19:30:40.934 +00:00 [DBG] >LOG:1709839840,D,MANAGEMENT: CMD 'status'
2024-03-07 19:30:41.440 +00:00 [DBG] >LOG:1709839841,D,MANAGEMENT: CMD 'status'
2024-03-07 19:30:41.950 +00:00 [DBG] >LOG:1709839841,D,MANAGEMENT: CMD 'status'
2024-03-07 19:30:42.460 +00:00 [DBG] >LOG:1709839842,D,MANAGEMENT: CMD 'status'
2024-03-07 19:30:42.965 +00:00 [DBG] >LOG:1709839842,D,MANAGEMENT: CMD 'status'
2024-03-07 19:30:43.475 +00:00 [DBG] >LOG:1709839843,D,MANAGEMENT: CMD 'status'
2024-03-07 19:30:43.980 +00:00 [DBG] >LOG:1709839843,D,MANAGEMENT: CMD 'status'
2024-03-07 19:30:44.506 +00:00 [DBG] >LOG:1709839844,D,MANAGEMENT: CMD 'status'
2024-03-07 19:30:45.051 +00:00 [DBG] >LOG:1709839845,D,MANAGEMENT: CMD 'status'
2024-03-07 19:30:45.558 +00:00 [DBG] >LOG:1709839845,D,MANAGEMENT: CMD 'status'
2024-03-07 19:30:46.081 +00:00 [DBG] >LOG:1709839846,D,MANAGEMENT: CMD 'status'
2024-03-07 19:30:46.604 +00:00 [DBG] >LOG:1709839846,D,MANAGEMENT: CMD 'status'
2024-03-07 19:30:47.123 +00:00 [DBG] >LOG:1709839847,D,MANAGEMENT: CMD 'status'
2024-03-07 19:30:47.634 +00:00 [DBG] >LOG:1709839847,D,MANAGEMENT: CMD 'status'
2024-03-07 19:30:48.138 +00:00 [DBG] >LOG:1709839848,D,MANAGEMENT: CMD 'status'
2024-03-07 19:30:48.644 +00:00 [DBG] >LOG:1709839848,D,MANAGEMENT: CMD 'status'
2024-03-07 19:30:49.149 +00:00 [DBG] >LOG:1709839849,D,MANAGEMENT: CMD 'status'
2024-03-07 19:30:49.654 +00:00 [DBG] >LOG:1709839849,D,MANAGEMENT: CMD 'status'
2024-03-07 19:30:50.164 +00:00 [DBG] >LOG:1709839850,D,MANAGEMENT: CMD 'status'
2024-03-07 19:30:50.670 +00:00 [DBG] >LOG:1709839850,D,MANAGEMENT: CMD 'status'
2024-03-07 19:30:51.175 +00:00 [DBG] >LOG:1709839851,D,MANAGEMENT: CMD 'status'
2024-03-07 19:30:51.681 +00:00 [DBG] >LOG:1709839851,D,MANAGEMENT: CMD 'status'
2024-03-07 19:30:52.235 +00:00 [DBG] >LOG:1709839852,D,MANAGEMENT: CMD 'status'
2024-03-07 19:30:52.741 +00:00 [DBG] >LOG:1709839852,D,MANAGEMENT: CMD 'status'
2024-03-07 19:30:53.255 +00:00 [DBG] >LOG:1709839853,D,MANAGEMENT: CMD 'status'
2024-03-07 19:30:53.761 +00:00 [DBG] >LOG:1709839853,D,MANAGEMENT: CMD 'status'
2024-03-07 19:30:54.271 +00:00 [DBG] >LOG:1709839854,D,MANAGEMENT: CMD 'status'
2024-03-07 19:30:54.778 +00:00 [DBG] >LOG:1709839854,D,MANAGEMENT: CMD 'status'
2024-03-07 19:30:55.299 +00:00 [DBG] >LOG:1709839855,D,MANAGEMENT: CMD 'status'
2024-03-07 19:30:55.804 +00:00 [DBG] >LOG:1709839855,D,MANAGEMENT: CMD 'status'
2024-03-07 19:30:56.309 +00:00 [DBG] >LOG:1709839856,D,MANAGEMENT: CMD 'status'
2024-03-07 19:30:56.838 +00:00 [DBG] >LOG:1709839856,D,MANAGEMENT: CMD 'status'
2024-03-07 19:30:57.356 +00:00 [DBG] >LOG:1709839857,D,MANAGEMENT: CMD 'status'
2024-03-07 19:30:57.883 +00:00 [DBG] >LOG:1709839857,D,MANAGEMENT: CMD 'status'
2024-03-07 19:30:58.388 +00:00 [DBG] >LOG:1709839858,D,MANAGEMENT: CMD 'status'
2024-03-07 19:30:58.902 +00:00 [DBG] >LOG:1709839858,D,MANAGEMENT: CMD 'status'
2024-03-07 19:30:59.409 +00:00 [DBG] >LOG:1709839859,D,MANAGEMENT: CMD 'status'
2024-03-07 19:30:59.917 +00:00 [DBG] >LOG:1709839859,D,MANAGEMENT: CMD 'status'
2024-03-07 19:31:00.427 +00:00 [DBG] >LOG:1709839860,D,MANAGEMENT: CMD 'status'
2024-03-07 19:31:00.956 +00:00 [DBG] >LOG:1709839860,D,MANAGEMENT: CMD 'status'
2024-03-07 19:31:01.474 +00:00 [DBG] >LOG:1709839861,D,MANAGEMENT: CMD 'status'
2024-03-07 19:31:01.983 +00:00 [DBG] >LOG:1709839861,D,MANAGEMENT: CMD 'status'
2024-03-07 19:31:02.496 +00:00 [DBG] >LOG:1709839862,D,MANAGEMENT: CMD 'status'
2024-03-07 19:31:03.009 +00:00 [DBG] >LOG:1709839863,D,MANAGEMENT: CMD 'status'
2024-03-07 19:31:03.516 +00:00 [DBG] >LOG:1709839863,D,MANAGEMENT: CMD 'status'
2024-03-07 19:31:04.022 +00:00 [DBG] >LOG:1709839864,D,MANAGEMENT: CMD 'status'
2024-03-07 19:31:04.537 +00:00 [DBG] >LOG:1709839864,D,MANAGEMENT: CMD 'status'
2024-03-07 19:31:05.051 +00:00 [DBG] >LOG:1709839865,D,MANAGEMENT: CMD 'status'
2024-03-07 19:31:05.557 +00:00 [DBG] >LOG:1709839865,D,MANAGEMENT: CMD 'status'
2024-03-07 19:31:06.067 +00:00 [DBG] >LOG:1709839866,D,MANAGEMENT: CMD 'status'
2024-03-07 19:31:06.575 +00:00 [DBG] >LOG:1709839866,D,MANAGEMENT: CMD 'status'
2024-03-07 19:31:07.082 +00:00 [DBG] >LOG:1709839867,D,MANAGEMENT: CMD 'status'
2024-03-07 19:31:07.586 +00:00 [DBG] >LOG:1709839867,D,MANAGEMENT: CMD 'status'
2024-03-07 19:31:08.093 +00:00 [DBG] >LOG:1709839868,D,MANAGEMENT: CMD 'status'
2024-03-07 19:31:08.672 +00:00 [DBG] >LOG:1709839868,D,MANAGEMENT: CMD 'status'
2024-03-07 19:31:09.178 +00:00 [DBG] >LOG:1709839869,D,MANAGEMENT: CMD 'status'
2024-03-07 19:31:09.717 +00:00 [DBG] >LOG:1709839869,D,MANAGEMENT: CMD 'status'
2024-03-07 19:31:10.248 +00:00 [DBG] >LOG:1709839870,D,MANAGEMENT: CMD 'status'
2024-03-07 19:31:10.761 +00:00 [DBG] >LOG:1709839870,D,MANAGEMENT: CMD 'status'
2024-03-07 19:31:11.266 +00:00 [DBG] >LOG:1709839871,D,MANAGEMENT: CMD 'status'
2024-03-07 19:31:11.773 +00:00 [DBG] >LOG:1709839871,D,MANAGEMENT: CMD 'status'
2024-03-07 19:31:12.297 +00:00 [DBG] >LOG:1709839872,D,MANAGEMENT: CMD 'status'
2024-03-07 19:31:12.826 +00:00 [DBG] >LOG:1709839872,D,MANAGEMENT: CMD 'status'
2024-03-07 19:31:13.334 +00:00 [DBG] >LOG:1709839873,D,MANAGEMENT: CMD 'status'
2024-03-07 19:31:13.843 +00:00 [DBG] >LOG:1709839873,D,MANAGEMENT: CMD 'status'
2024-03-07 19:31:14.349 +00:00 [DBG] >LOG:1709839874,D,MANAGEMENT: CMD 'status'
2024-03-07 19:31:14.855 +00:00 [DBG] >LOG:1709839874,D,MANAGEMENT: CMD 'status'
2024-03-07 19:31:15.363 +00:00 [DBG] >LOG:1709839875,D,MANAGEMENT: CMD 'status'
2024-03-07 19:31:15.871 +00:00 [DBG] >LOG:1709839875,D,MANAGEMENT: CMD 'status'
2024-03-07 19:31:16.383 +00:00 [DBG] >LOG:1709839876,D,MANAGEMENT: CMD 'status'
2024-03-07 19:31:16.895 +00:00 [DBG] >LOG:1709839876,D,MANAGEMENT: CMD 'status'
2024-03-07 19:31:17.405 +00:00 [DBG] >LOG:1709839877,D,MANAGEMENT: CMD 'status'
2024-03-07 19:31:17.912 +00:00 [DBG] >LOG:1709839877,D,MANAGEMENT: CMD 'status'
2024-03-07 19:31:18.426 +00:00 [DBG] >LOG:1709839878,D,MANAGEMENT: CMD 'status'
2024-03-07 19:31:18.936 +00:00 [DBG] >LOG:1709839878,D,MANAGEMENT: CMD 'status'
2024-03-07 19:31:19.452 +00:00 [DBG] >LOG:1709839879,D,MANAGEMENT: CMD 'status'
2024-03-07 19:31:19.965 +00:00 [DBG] >LOG:1709839879,D,MANAGEMENT: CMD 'status'
2024-03-07 19:31:20.472 +00:00 [DBG] >LOG:1709839880,D,MANAGEMENT: CMD 'status'
2024-03-07 19:31:20.987 +00:00 [DBG] >LOG:1709839880,D,MANAGEMENT: CMD 'status'
2024-03-07 19:31:21.493 +00:00 [DBG] >LOG:1709839881,D,MANAGEMENT: CMD 'status'
2024-03-07 19:31:22.000 +00:00 [DBG] >LOG:1709839881,D,MANAGEMENT: CMD 'status'
2024-03-07 19:31:22.517 +00:00 [DBG] >LOG:1709839882,D,MANAGEMENT: CMD 'status'
2024-03-07 19:31:23.026 +00:00 [DBG] >LOG:1709839883,D,MANAGEMENT: CMD 'status'
2024-03-07 19:31:23.531 +00:00 [DBG] >LOG:1709839883,D,MANAGEMENT: CMD 'status'
2024-03-07 19:31:24.043 +00:00 [DBG] >LOG:1709839884,D,MANAGEMENT: CMD 'status'
2024-03-07 19:31:24.554 +00:00 [DBG] >LOG:1709839884,D,MANAGEMENT: CMD 'status'
2024-03-07 19:31:25.061 +00:00 [DBG] >LOG:1709839885,D,MANAGEMENT: CMD 'status'
2024-03-07 19:31:25.584 +00:00 [DBG] >LOG:1709839885,D,MANAGEMENT: CMD 'status'
2024-03-07 19:31:26.091 +00:00 [DBG] >LOG:1709839886,D,MANAGEMENT: CMD 'status'
2024-03-07 19:31:26.597 +00:00 [DBG] >LOG:1709839886,D,MANAGEMENT: CMD 'status'
2024-03-07 19:31:27.112 +00:00 [DBG] >LOG:1709839887,D,MANAGEMENT: CMD 'status'
2024-03-07 19:31:27.622 +00:00 [DBG] >LOG:1709839887,D,MANAGEMENT: CMD 'status'
2024-03-07 19:31:28.129 +00:00 [DBG] >LOG:1709839888,D,MANAGEMENT: CMD 'status'
2024-03-07 19:31:28.648 +00:00 [DBG] >LOG:1709839888,D,MANAGEMENT: CMD 'status'
2024-03-07 19:31:29.161 +00:00 [DBG] >LOG:1709839889,D,MANAGEMENT: CMD 'status'
2024-03-07 19:31:29.667 +00:00 [DBG] >LOG:1709839889,D,MANAGEMENT: CMD 'status'
2024-03-07 19:31:30.174 +00:00 [DBG] >LOG:1709839890,D,MANAGEMENT: CMD 'status'
2024-03-07 19:31:30.697 +00:00 [DBG] >LOG:1709839890,D,MANAGEMENT: CMD 'status'
2024-03-07 19:31:31.210 +00:00 [DBG] >LOG:1709839891,D,MANAGEMENT: CMD 'status'
2024-03-07 19:31:31.719 +00:00 [DBG] >LOG:1709839891,D,MANAGEMENT: CMD 'status'
2024-03-07 19:31:32.242 +00:00 [DBG] >LOG:1709839892,D,MANAGEMENT: CMD 'status'
2024-03-07 19:31:32.758 +00:00 [DBG] >LOG:1709839892,D,MANAGEMENT: CMD 'status'
2024-03-07 19:31:33.277 +00:00 [DBG] >LOG:1709839893,D,MANAGEMENT: CMD 'status'
2024-03-07 19:31:33.788 +00:00 [DBG] >LOG:1709839893,D,MANAGEMENT: CMD 'status'
2024-03-07 19:31:34.292 +00:00 [DBG] >LOG:1709839894,D,MANAGEMENT: CMD 'status'
2024-03-07 19:31:34.801 +00:00 [DBG] >LOG:1709839894,D,MANAGEMENT: CMD 'status'
2024-03-07 19:31:35.312 +00:00 [DBG] >LOG:1709839895,D,MANAGEMENT: CMD 'status'
2024-03-07 19:31:35.818 +00:00 [DBG] >LOG:1709839895,D,MANAGEMENT: CMD 'status'
2024-03-07 19:31:36.329 +00:00 [DBG] >LOG:1709839896,D,MANAGEMENT: CMD 'status'
2024-03-07 19:31:36.839 +00:00 [DBG] >LOG:1709839896,D,MANAGEMENT: CMD 'status'
2024-03-07 19:31:37.351 +00:00 [DBG] >LOG:1709839897,D,MANAGEMENT: CMD 'status'
2024-03-07 19:31:37.866 +00:00 [DBG] >LOG:1709839897,D,MANAGEMENT: CMD 'status'
2024-03-07 19:31:38.387 +00:00 [DBG] >LOG:1709839898,D,MANAGEMENT: CMD 'status'
2024-03-07 19:31:38.896 +00:00 [DBG] >LOG:1709839898,D,MANAGEMENT: CMD 'status'
2024-03-07 19:31:39.400 +00:00 [DBG] >LOG:1709839899,D,MANAGEMENT: CMD 'status'
2024-03-07 19:31:39.904 +00:00 [DBG] >LOG:1709839899,D,MANAGEMENT: CMD 'status'
2024-03-07 19:31:40.410 +00:00 [DBG] >LOG:1709839900,D,MANAGEMENT: CMD 'status'
2024-03-07 19:31:40.989 +00:00 [DBG] >LOG:1709839900,D,MANAGEMENT: CMD 'status'
2024-03-07 19:31:41.575 +00:00 [DBG] >LOG:1709839901,D,MANAGEMENT: CMD 'status'
2024-03-07 19:31:42.091 +00:00 [DBG] >LOG:1709839902,D,MANAGEMENT: CMD 'status'
2024-03-07 19:31:42.597 +00:00 [DBG] >LOG:1709839902,D,MANAGEMENT: CMD 'status'
2024-03-07 19:31:43.110 +00:00 [DBG] >LOG:1709839903,D,MANAGEMENT: CMD 'status'
2024-03-07 19:31:43.617 +00:00 [DBG] >LOG:1709839903,D,MANAGEMENT: CMD 'status'
2024-03-07 19:31:44.132 +00:00 [DBG] >LOG:1709839904,D,MANAGEMENT: CMD 'status'
2024-03-07 19:31:44.667 +00:00 [DBG] >LOG:1709839904,D,MANAGEMENT: CMD 'status'
2024-03-07 19:31:45.178 +00:00 [DBG] >LOG:1709839905,D,MANAGEMENT: CMD 'status'
2024-03-07 19:31:45.687 +00:00 [DBG] >LOG:1709839905,D,MANAGEMENT: CMD 'status'
2024-03-07 19:31:46.192 +00:00 [DBG] >LOG:1709839906,D,MANAGEMENT: CMD 'status'
2024-03-07 19:31:46.718 +00:00 [DBG] >LOG:1709839906,D,MANAGEMENT: CMD 'status'
2024-03-07 19:31:47.229 +00:00 [DBG] >LOG:1709839907,D,MANAGEMENT: CMD 'status'
2024-03-07 19:31:47.736 +00:00 [DBG] >LOG:1709839907,D,MANAGEMENT: CMD 'status'
2024-03-07 19:31:48.252 +00:00 [DBG] >LOG:1709839908,D,MANAGEMENT: CMD 'status'
2024-03-07 19:31:48.760 +00:00 [DBG] >LOG:1709839908,D,MANAGEMENT: CMD 'status'
2024-03-07 19:31:49.269 +00:00 [DBG] >LOG:1709839909,D,MANAGEMENT: CMD 'status'
2024-03-07 19:31:49.780 +00:00 [DBG] >LOG:1709839909,D,MANAGEMENT: CMD 'status'
2024-03-07 19:31:50.283 +00:00 [DBG] >LOG:1709839910,D,MANAGEMENT: CMD 'status'
2024-03-07 19:31:50.787 +00:00 [DBG] >LOG:1709839910,D,MANAGEMENT: CMD 'status'
2024-03-07 19:31:51.290 +00:00 [DBG] >LOG:1709839911,D,MANAGEMENT: CMD 'status'
2024-03-07 19:31:51.796 +00:00 [DBG] >LOG:1709839911,D,MANAGEMENT: CMD 'status'
2024-03-07 19:31:52.303 +00:00 [DBG] >LOG:1709839912,D,MANAGEMENT: CMD 'status'
2024-03-07 19:31:52.806 +00:00 [DBG] >LOG:1709839912,D,MANAGEMENT: CMD 'status'
2024-03-07 19:31:53.320 +00:00 [DBG] >LOG:1709839913,D,MANAGEMENT: CMD 'status'
2024-03-07 19:31:53.825 +00:00 [DBG] >LOG:1709839913,D,MANAGEMENT: CMD 'status'
2024-03-07 19:31:54.336 +00:00 [DBG] >LOG:1709839914,D,MANAGEMENT: CMD 'status'
2024-03-07 19:31:54.846 +00:00 [DBG] >LOG:1709839914,D,MANAGEMENT: CMD 'status'
2024-03-07 19:31:55.353 +00:00 [DBG] >LOG:1709839915,D,MANAGEMENT: CMD 'status'
2024-03-07 19:31:55.859 +00:00 [DBG] >LOG:1709839915,D,MANAGEMENT: CMD 'status'
2024-03-07 19:31:56.362 +00:00 [DBG] >LOG:1709839916,D,MANAGEMENT: CMD 'status'
2024-03-07 19:31:56.866 +00:00 [DBG] >LOG:1709839916,D,MANAGEMENT: CMD 'status'
2024-03-07 19:31:57.373 +00:00 [DBG] >LOG:1709839917,D,MANAGEMENT: CMD 'status'
2024-03-07 19:31:57.878 +00:00 [DBG] >LOG:1709839917,D,MANAGEMENT: CMD 'status'
2024-03-07 19:31:58.388 +00:00 [DBG] >LOG:1709839918,D,MANAGEMENT: CMD 'status'
2024-03-07 19:31:58.898 +00:00 [DBG] >LOG:1709839918,D,MANAGEMENT: CMD 'status'
2024-03-07 19:31:59.406 +00:00 [DBG] >LOG:1709839919,D,MANAGEMENT: CMD 'status'
2024-03-07 19:31:59.911 +00:00 [DBG] >LOG:1709839919,D,MANAGEMENT: CMD 'status'
2024-03-07 19:32:00.418 +00:00 [DBG] >LOG:1709839920,D,MANAGEMENT: CMD 'status'
2024-03-07 19:32:00.928 +00:00 [DBG] >LOG:1709839920,D,MANAGEMENT: CMD 'status'
2024-03-07 19:32:01.437 +00:00 [DBG] >LOG:1709839921,D,MANAGEMENT: CMD 'status'
2024-03-07 19:32:01.947 +00:00 [DBG] >LOG:1709839921,D,MANAGEMENT: CMD 'status'
2024-03-07 19:32:02.454 +00:00 [DBG] >LOG:1709839922,D,MANAGEMENT: CMD 'status'
2024-03-07 19:32:02.960 +00:00 [DBG] >LOG:1709839922,D,MANAGEMENT: CMD 'status'
2024-03-07 19:32:03.468 +00:00 [DBG] >LOG:1709839923,D,MANAGEMENT: CMD 'status'
2024-03-07 19:32:03.974 +00:00 [DBG] >LOG:1709839923,D,MANAGEMENT: CMD 'status'
2024-03-07 19:32:04.481 +00:00 [DBG] >LOG:1709839924,D,MANAGEMENT: CMD 'status'
2024-03-07 19:32:04.990 +00:00 [DBG] >LOG:1709839924,D,MANAGEMENT: CMD 'status'
2024-03-07 19:32:05.498 +00:00 [DBG] >LOG:1709839925,D,MANAGEMENT: CMD 'status'
2024-03-07 19:32:06.003 +00:00 [DBG] >LOG:1709839926,D,MANAGEMENT: CMD 'status'
2024-03-07 19:32:06.511 +00:00 [DBG] >LOG:1709839926,D,MANAGEMENT: CMD 'status'
2024-03-07 19:32:07.016 +00:00 [DBG] >LOG:1709839927,D,MANAGEMENT: CMD 'status'
2024-03-07 19:32:07.521 +00:00 [DBG] >LOG:1709839927,D,MANAGEMENT: CMD 'status'
2024-03-07 19:32:08.028 +00:00 [DBG] >LOG:1709839928,D,MANAGEMENT: CMD 'status'
2024-03-07 19:32:08.534 +00:00 [DBG] >LOG:1709839928,D,MANAGEMENT: CMD 'status'
2024-03-07 19:32:09.043 +00:00 [DBG] >LOG:1709839929,D,MANAGEMENT: CMD 'status'
2024-03-07 19:32:09.549 +00:00 [DBG] >LOG:1709839929,D,MANAGEMENT: CMD 'status'
2024-03-07 19:32:10.058 +00:00 [DBG] >LOG:1709839930,D,MANAGEMENT: CMD 'status'
2024-03-07 19:32:10.585 +00:00 [DBG] >LOG:1709839930,D,MANAGEMENT: CMD 'status'
2024-03-07 19:32:11.088 +00:00 [DBG] >LOG:1709839931,D,MANAGEMENT: CMD 'status'
2024-03-07 19:32:11.595 +00:00 [DBG] >LOG:1709839931,D,MANAGEMENT: CMD 'status'
2024-03-07 19:32:12.112 +00:00 [DBG] >LOG:1709839932,D,MANAGEMENT: CMD 'status'
2024-03-07 19:32:12.618 +00:00 [DBG] >LOG:1709839932,D,MANAGEMENT: CMD 'status'
2024-03-07 19:32:13.128 +00:00 [DBG] >LOG:1709839933,D,MANAGEMENT: CMD 'status'
2024-03-07 19:32:13.640 +00:00 [DBG] >LOG:1709839933,D,MANAGEMENT: CMD 'status'
2024-03-07 19:32:14.143 +00:00 [DBG] >LOG:1709839934,D,MANAGEMENT: CMD 'status'
2024-03-07 19:32:14.650 +00:00 [DBG] >LOG:1709839934,D,MANAGEMENT: CMD 'status'
2024-03-07 19:32:15.158 +00:00 [DBG] >LOG:1709839935,D,MANAGEMENT: CMD 'status'
2024-03-07 19:32:15.667 +00:00 [DBG] >LOG:1709839935,D,MANAGEMENT: CMD 'status'
2024-03-07 19:32:16.174 +00:00 [DBG] >LOG:1709839936,D,MANAGEMENT: CMD 'status'
2024-03-07 19:32:16.677 +00:00 [DBG] >LOG:1709839936,D,MANAGEMENT: CMD 'status'
2024-03-07 19:32:17.183 +00:00 [DBG] >LOG:1709839937,D,MANAGEMENT: CMD 'status'
2024-03-07 19:32:17.693 +00:00 [DBG] >LOG:1709839937,D,MANAGEMENT: CMD 'status'
2024-03-07 19:32:18.201 +00:00 [DBG] >LOG:1709839938,D,MANAGEMENT: CMD 'status'
2024-03-07 19:32:18.706 +00:00 [DBG] >LOG:1709839938,D,MANAGEMENT: CMD 'status'
2024-03-07 19:32:19.212 +00:00 [DBG] >LOG:1709839939,D,MANAGEMENT: CMD 'status'
2024-03-07 19:32:19.717 +00:00 [DBG] >LOG:1709839939,D,MANAGEMENT: CMD 'status'
2024-03-07 19:32:20.232 +00:00 [DBG] >LOG:1709839940,D,MANAGEMENT: CMD 'status'
2024-03-07 19:32:20.738 +00:00 [DBG] >LOG:1709839940,D,MANAGEMENT: CMD 'status'
2024-03-07 19:32:21.243 +00:00 [DBG] >LOG:1709839941,D,MANAGEMENT: CMD 'status'
2024-03-07 19:32:21.749 +00:00 [DBG] >LOG:1709839941,D,MANAGEMENT: CMD 'status'
2024-03-07 19:32:22.255 +00:00 [DBG] >LOG:1709839942,D,MANAGEMENT: CMD 'status'
2024-03-07 19:32:22.760 +00:00 [DBG] >LOG:1709839942,D,MANAGEMENT: CMD 'status'
2024-03-07 19:32:23.272 +00:00 [DBG] >LOG:1709839943,D,MANAGEMENT: CMD 'status'
2024-03-07 19:32:23.778 +00:00 [DBG] >LOG:1709839943,D,MANAGEMENT: CMD 'status'
2024-03-07 19:32:24.282 +00:00 [DBG] >LOG:1709839944,D,MANAGEMENT: CMD 'status'
2024-03-07 19:32:24.791 +00:00 [DBG] >LOG:1709839944,D,MANAGEMENT: CMD 'status'
2024-03-07 19:32:25.302 +00:00 [DBG] >LOG:1709839945,D,MANAGEMENT: CMD 'status'
2024-03-07 19:32:25.806 +00:00 [DBG] >LOG:1709839945,D,MANAGEMENT: CMD 'status'
2024-03-07 19:32:26.309 +00:00 [DBG] >LOG:1709839946,D,MANAGEMENT: CMD 'status'
2024-03-07 19:32:26.819 +00:00 [DBG] >LOG:1709839946,D,MANAGEMENT: CMD 'status'
2024-03-07 19:32:27.323 +00:00 [DBG] >LOG:1709839947,D,MANAGEMENT: CMD 'status'
2024-03-07 19:32:27.830 +00:00 [DBG] >LOG:1709839947,D,MANAGEMENT: CMD 'status'
2024-03-07 19:32:28.337 +00:00 [DBG] >LOG:1709839948,D,MANAGEMENT: CMD 'status'
2024-03-07 19:32:28.843 +00:00 [DBG] >LOG:1709839948,D,MANAGEMENT: CMD 'status'
2024-03-07 19:32:29.351 +00:00 [DBG] >LOG:1709839949,D,MANAGEMENT: CMD 'status'
2024-03-07 19:32:29.857 +00:00 [DBG] >LOG:1709839949,D,MANAGEMENT: CMD 'status'
2024-03-07 19:32:30.368 +00:00 [DBG] >LOG:1709839950,D,MANAGEMENT: CMD 'status'
2024-03-07 19:32:30.884 +00:00 [DBG] >LOG:1709839950,D,MANAGEMENT: CMD 'status'
2024-03-07 19:32:31.393 +00:00 [DBG] >LOG:1709839951,D,MANAGEMENT: CMD 'status'
2024-03-07 19:32:31.898 +00:00 [DBG] >LOG:1709839951,D,MANAGEMENT: CMD 'status'
2024-03-07 19:32:32.404 +00:00 [DBG] >LOG:1709839952,D,MANAGEMENT: CMD 'status'
2024-03-07 19:32:32.913 +00:00 [DBG] >LOG:1709839952,D,MANAGEMENT: CMD 'status'
2024-03-07 19:32:33.425 +00:00 [DBG] >LOG:1709839953,D,MANAGEMENT: CMD 'status'
2024-03-07 19:32:33.930 +00:00 [DBG] >LOG:1709839953,D,MANAGEMENT: CMD 'status'
2024-03-07 19:32:34.441 +00:00 [DBG] >LOG:1709839954,D,MANAGEMENT: CMD 'status'
2024-03-07 19:32:34.948 +00:00 [DBG] >LOG:1709839954,D,MANAGEMENT: CMD 'status'
2024-03-07 19:32:35.454 +00:00 [DBG] >LOG:1709839955,D,MANAGEMENT: CMD 'status'
2024-03-07 19:32:35.962 +00:00 [DBG] >LOG:1709839955,D,MANAGEMENT: CMD 'status'
2024-03-07 19:32:36.470 +00:00 [DBG] >LOG:1709839956,D,MANAGEMENT: CMD 'status'
2024-03-07 19:32:36.985 +00:00 [DBG] >LOG:1709839956,D,MANAGEMENT: CMD 'status'
2024-03-07 19:32:37.502 +00:00 [DBG] >LOG:1709839957,D,MANAGEMENT: CMD 'status'
2024-03-07 19:32:38.018 +00:00 [DBG] >LOG:1709839958,D,MANAGEMENT: CMD 'status'
2024-03-07 19:32:38.523 +00:00 [DBG] >LOG:1709839958,D,MANAGEMENT: CMD 'status'
2024-03-07 19:32:39.027 +00:00 [DBG] >LOG:1709839959,D,MANAGEMENT: CMD 'status'
2024-03-07 19:32:39.533 +00:00 [DBG] >LOG:1709839959,D,MANAGEMENT: CMD 'status'
2024-03-07 19:32:40.040 +00:00 [DBG] >LOG:1709839960,D,MANAGEMENT: CMD 'status'
2024-03-07 19:32:40.545 +00:00 [DBG] >LOG:1709839960,D,MANAGEMENT: CMD 'status'
2024-03-07 19:32:41.052 +00:00 [DBG] >LOG:1709839961,D,MANAGEMENT: CMD 'status'
2024-03-07 19:32:41.568 +00:00 [DBG] >LOG:1709839961,D,MANAGEMENT: CMD 'status'
2024-03-07 19:32:42.098 +00:00 [DBG] >LOG:1709839962,D,MANAGEMENT: CMD 'status'
2024-03-07 19:32:42.610 +00:00 [DBG] >LOG:1709839962,D,MANAGEMENT: CMD 'status'
2024-03-07 19:32:43.118 +00:00 [DBG] >LOG:1709839963,D,MANAGEMENT: CMD 'status'
2024-03-07 19:32:43.627 +00:00 [DBG] >LOG:1709839963,D,MANAGEMENT: CMD 'status'
2024-03-07 19:32:44.137 +00:00 [DBG] >LOG:1709839964,D,MANAGEMENT: CMD 'status'
2024-03-07 19:32:44.649 +00:00 [DBG] >LOG:1709839964,D,MANAGEMENT: CMD 'status'
2024-03-07 19:32:45.160 +00:00 [DBG] >LOG:1709839965,D,MANAGEMENT: CMD 'status'
2024-03-07 19:32:45.669 +00:00 [DBG] >LOG:1709839965,D,MANAGEMENT: CMD 'status'
2024-03-07 19:32:46.175 +00:00 [DBG] >LOG:1709839966,D,MANAGEMENT: CMD 'status'
2024-03-07 19:32:46.686 +00:00 [DBG] >LOG:1709839966,D,MANAGEMENT: CMD 'status'
2024-03-07 19:32:47.198 +00:00 [DBG] >LOG:1709839967,D,MANAGEMENT: CMD 'status'
2024-03-07 19:32:47.704 +00:00 [DBG] >LOG:1709839967,D,MANAGEMENT: CMD 'status'
2024-03-07 19:32:48.218 +00:00 [DBG] >LOG:1709839968,D,MANAGEMENT: CMD 'status'
2024-03-07 19:32:48.722 +00:00 [DBG] >LOG:1709839968,D,MANAGEMENT: CMD 'status'
2024-03-07 19:32:49.242 +00:00 [DBG] >LOG:1709839969,D,MANAGEMENT: CMD 'status'
2024-03-07 19:32:49.760 +00:00 [DBG] >LOG:1709839969,D,MANAGEMENT: CMD 'status'
2024-03-07 19:32:50.272 +00:00 [DBG] >LOG:1709839970,D,MANAGEMENT: CMD 'status'
2024-03-07 19:32:50.785 +00:00 [DBG] >LOG:1709839970,D,MANAGEMENT: CMD 'status'
2024-03-07 19:32:51.299 +00:00 [DBG] >LOG:1709839971,D,MANAGEMENT: CMD 'status'
2024-03-07 19:32:51.807 +00:00 [DBG] >LOG:1709839971,D,MANAGEMENT: CMD 'status'
2024-03-07 19:32:52.316 +00:00 [DBG] >LOG:1709839972,D,MANAGEMENT: CMD 'status'
2024-03-07 19:32:52.821 +00:00 [DBG] >LOG:1709839972,D,MANAGEMENT: CMD 'status'
2024-03-07 19:32:53.325 +00:00 [DBG] >LOG:1709839973,D,MANAGEMENT: CMD 'status'
2024-03-07 19:32:53.830 +00:00 [DBG] >LOG:1709839973,D,MANAGEMENT: CMD 'status'
2024-03-07 19:32:54.340 +00:00 [DBG] >LOG:1709839974,D,MANAGEMENT: CMD 'status'
2024-03-07 19:32:54.854 +00:00 [DBG] >LOG:1709839974,D,MANAGEMENT: CMD 'status'
2024-03-07 19:32:55.371 +00:00 [DBG] >LOG:1709839975,D,MANAGEMENT: CMD 'status'
2024-03-07 19:32:55.877 +00:00 [DBG] >LOG:1709839975,D,MANAGEMENT: CMD 'status'
2024-03-07 19:32:56.386 +00:00 [DBG] >LOG:1709839976,D,MANAGEMENT: CMD 'status'
2024-03-07 19:32:56.893 +00:00 [DBG] >LOG:1709839976,D,MANAGEMENT: CMD 'status'
2024-03-07 19:32:57.399 +00:00 [DBG] >LOG:1709839977,D,MANAGEMENT: CMD 'status'
2024-03-07 19:32:57.905 +00:00 [DBG] >LOG:1709839977,D,MANAGEMENT: CMD 'status'
2024-03-07 19:32:58.412 +00:00 [DBG] >LOG:1709839978,D,MANAGEMENT: CMD 'status'
2024-03-07 19:32:58.919 +00:00 [DBG] >LOG:1709839978,D,MANAGEMENT: CMD 'status'
2024-03-07 19:32:59.428 +00:00 [DBG] >LOG:1709839979,D,MANAGEMENT: CMD 'status'
2024-03-07 19:32:59.946 +00:00 [DBG] >LOG:1709839979,D,MANAGEMENT: CMD 'status'
2024-03-07 19:33:00.452 +00:00 [DBG] >LOG:1709839980,D,MANAGEMENT: CMD 'status'
2024-03-07 19:33:00.957 +00:00 [DBG] >LOG:1709839980,D,MANAGEMENT: CMD 'status'
2024-03-07 19:33:01.464 +00:00 [DBG] >LOG:1709839981,D,MANAGEMENT: CMD 'status'
2024-03-07 19:33:01.969 +00:00 [DBG] >LOG:1709839981,D,MANAGEMENT: CMD 'status'
2024-03-07 19:33:02.490 +00:00 [DBG] >LOG:1709839982,D,MANAGEMENT: CMD 'status'
2024-03-07 19:33:02.995 +00:00 [DBG] >LOG:1709839982,D,MANAGEMENT: CMD 'status'
2024-03-07 19:33:03.516 +00:00 [DBG] >LOG:1709839983,D,MANAGEMENT: CMD 'status'
2024-03-07 19:33:04.027 +00:00 [DBG] >LOG:1709839984,D,MANAGEMENT: CMD 'status'
2024-03-07 19:33:04.531 +00:00 [DBG] >LOG:1709839984,D,MANAGEMENT: CMD 'status'
2024-03-07 19:33:05.037 +00:00 [DBG] >LOG:1709839985,D,MANAGEMENT: CMD 'status'
2024-03-07 19:33:05.551 +00:00 [DBG] >LOG:1709839985,D,MANAGEMENT: CMD 'status'
2024-03-07 19:33:06.063 +00:00 [DBG] >LOG:1709839986,D,MANAGEMENT: CMD 'status'
2024-03-07 19:33:06.571 +00:00 [DBG] >LOG:1709839986,D,MANAGEMENT: CMD 'status'
2024-03-07 19:33:07.081 +00:00 [DBG] >LOG:1709839987,D,MANAGEMENT: CMD 'status'
2024-03-07 19:33:07.594 +00:00 [DBG] >LOG:1709839987,D,MANAGEMENT: CMD 'status'
2024-03-07 19:33:08.104 +00:00 [DBG] >LOG:1709839988,D,MANAGEMENT: CMD 'status'
2024-03-07 19:33:08.610 +00:00 [DBG] >LOG:1709839988,D,MANAGEMENT: CMD 'status'
2024-03-07 19:33:09.116 +00:00 [DBG] >LOG:1709839989,D,MANAGEMENT: CMD 'status'
2024-03-07 19:33:09.625 +00:00 [DBG] >LOG:1709839989,D,MANAGEMENT: CMD 'status'
2024-03-07 19:33:10.136 +00:00 [DBG] >LOG:1709839990,D,MANAGEMENT: CMD 'status'
2024-03-07 19:33:10.643 +00:00 [DBG] >LOG:1709839990,D,MANAGEMENT: CMD 'status'
2024-03-07 19:33:11.148 +00:00 [DBG] >LOG:1709839991,D,MANAGEMENT: CMD 'status'
2024-03-07 19:33:11.652 +00:00 [DBG] >LOG:1709839991,D,MANAGEMENT: CMD 'status'
2024-03-07 19:33:12.155 +00:00 [DBG] >LOG:1709839992,D,MANAGEMENT: CMD 'status'
2024-03-07 19:33:12.659 +00:00 [DBG] >LOG:1709839992,D,MANAGEMENT: CMD 'status'
2024-03-07 19:33:13.181 +00:00 [DBG] >LOG:1709839993,D,MANAGEMENT: CMD 'status'
2024-03-07 19:33:13.693 +00:00 [DBG] >LOG:1709839993,D,MANAGEMENT: CMD 'status'
2024-03-07 19:33:14.203 +00:00 [DBG] >LOG:1709839994,D,MANAGEMENT: CMD 'status'
2024-03-07 19:33:14.710 +00:00 [DBG] >LOG:1709839994,D,MANAGEMENT: CMD 'status'
2024-03-07 19:33:15.222 +00:00 [DBG] >LOG:1709839995,D,MANAGEMENT: CMD 'status'
2024-03-07 19:33:15.729 +00:00 [DBG] >LOG:1709839995,D,MANAGEMENT: CMD 'status'
2024-03-07 19:33:16.236 +00:00 [DBG] >LOG:1709839996,D,MANAGEMENT: CMD 'status'
2024-03-07 19:33:16.747 +00:00 [DBG] >LOG:1709839996,D,MANAGEMENT: CMD 'status'
2024-03-07 19:33:17.249 +00:00 [DBG] >LOG:1709839997,D,MANAGEMENT: CMD 'status'
2024-03-07 19:33:17.759 +00:00 [DBG] >LOG:1709839997,D,MANAGEMENT: CMD 'status'
2024-03-07 19:33:18.269 +00:00 [DBG] >LOG:1709839998,D,MANAGEMENT: CMD 'status'
2024-03-07 19:33:18.777 +00:00 [DBG] >LOG:1709839998,D,MANAGEMENT: CMD 'status'
2024-03-07 19:33:19.284 +00:00 [DBG] >LOG:1709839999,D,MANAGEMENT: CMD 'status'
2024-03-07 19:33:19.798 +00:00 [DBG] >LOG:1709839999,D,MANAGEMENT: CMD 'status'
2024-03-07 19:33:20.301 +00:00 [DBG] >LOG:1709840000,D,MANAGEMENT: CMD 'status'
2024-03-07 19:33:20.805 +00:00 [DBG] >LOG:1709840000,D,MANAGEMENT: CMD 'status'
2024-03-07 19:33:21.307 +00:00 [DBG] >LOG:1709840001,D,MANAGEMENT: CMD 'status'
2024-03-07 19:33:21.811 +00:00 [DBG] >LOG:1709840001,D,MANAGEMENT: CMD 'status'
2024-03-07 19:33:22.319 +00:00 [DBG] >LOG:1709840002,D,MANAGEMENT: CMD 'status'
2024-03-07 19:33:22.842 +00:00 [DBG] >LOG:1709840002,D,MANAGEMENT: CMD 'status'
2024-03-07 19:33:23.357 +00:00 [DBG] >LOG:1709840003,D,MANAGEMENT: CMD 'status'
2024-03-07 19:33:23.864 +00:00 [DBG] >LOG:1709840003,D,MANAGEMENT: CMD 'status'
2024-03-07 19:33:24.373 +00:00 [DBG] >LOG:1709840004,D,MANAGEMENT: CMD 'status'
2024-03-07 19:33:24.880 +00:00 [DBG] >LOG:1709840004,D,MANAGEMENT: CMD 'status'
2024-03-07 19:33:25.388 +00:00 [DBG] >LOG:1709840005,D,MANAGEMENT: CMD 'status'
2024-03-07 19:33:25.892 +00:00 [DBG] >LOG:1709840005,D,MANAGEMENT: CMD 'status'
2024-03-07 19:33:26.411 +00:00 [DBG] >LOG:1709840006,D,MANAGEMENT: CMD 'status'
2024-03-07 19:33:26.920 +00:00 [DBG] >LOG:1709840006,D,MANAGEMENT: CMD 'status'
2024-03-07 19:33:27.429 +00:00 [DBG] >LOG:1709840007,D,MANAGEMENT: CMD 'status'
2024-03-07 19:33:27.936 +00:00 [DBG] >LOG:1709840007,D,MANAGEMENT: CMD 'status'
2024-03-07 19:33:28.441 +00:00 [DBG] >LOG:1709840008,D,MANAGEMENT: CMD 'status'
2024-03-07 19:33:28.948 +00:00 [DBG] >LOG:1709840008,D,MANAGEMENT: CMD 'status'
2024-03-07 19:33:29.452 +00:00 [DBG] >LOG:1709840009,D,MANAGEMENT: CMD 'status'
2024-03-07 19:33:29.978 +00:00 [DBG] >LOG:1709840009,D,MANAGEMENT: CMD 'status'
2024-03-07 19:33:30.504 +00:00 [DBG] >LOG:1709840010,D,MANAGEMENT: CMD 'status'
2024-03-07 19:33:31.014 +00:00 [DBG] >LOG:1709840011,D,MANAGEMENT: CMD 'status'
2024-03-07 19:33:31.526 +00:00 [DBG] >LOG:1709840011,D,MANAGEMENT: CMD 'status'
2024-03-07 19:33:32.053 +00:00 [DBG] >LOG:1709840012,D,MANAGEMENT: CMD 'status'
2024-03-07 19:33:32.577 +00:00 [DBG] >LOG:1709840012,D,MANAGEMENT: CMD 'status'
2024-03-07 19:33:33.109 +00:00 [DBG] >LOG:1709840013,D,MANAGEMENT: CMD 'status'
2024-03-07 19:33:33.619 +00:00 [DBG] >LOG:1709840013,D,MANAGEMENT: CMD 'status'
2024-03-07 19:33:34.122 +00:00 [DBG] >LOG:1709840014,D,MANAGEMENT: CMD 'status'
2024-03-07 19:33:34.626 +00:00 [DBG] >LOG:1709840014,D,MANAGEMENT: CMD 'status'
2024-03-07 19:33:35.131 +00:00 [DBG] >LOG:1709840015,D,MANAGEMENT: CMD 'status'
2024-03-07 19:33:35.641 +00:00 [DBG] >LOG:1709840015,D,MANAGEMENT: CMD 'status'
2024-03-07 19:33:36.159 +00:00 [DBG] >LOG:1709840016,D,MANAGEMENT: CMD 'status'
2024-03-07 19:33:36.666 +00:00 [DBG] >LOG:1709840016,D,MANAGEMENT: CMD 'status'
2024-03-07 19:33:37.173 +00:00 [DBG] >LOG:1709840017,D,MANAGEMENT: CMD 'status'
2024-03-07 19:33:37.681 +00:00 [DBG] >LOG:1709840017,D,MANAGEMENT: CMD 'status'
2024-03-07 19:33:38.193 +00:00 [DBG] >LOG:1709840018,D,MANAGEMENT: CMD 'status'
2024-03-07 19:33:38.706 +00:00 [DBG] >LOG:1709840018,D,MANAGEMENT: CMD 'status'
2024-03-07 19:33:39.220 +00:00 [DBG] >LOG:1709840019,D,MANAGEMENT: CMD 'status'
2024-03-07 19:33:39.730 +00:00 [DBG] >LOG:1709840019,D,MANAGEMENT: CMD 'status'
2024-03-07 19:33:40.242 +00:00 [DBG] >LOG:1709840020,D,MANAGEMENT: CMD 'status'
2024-03-07 19:33:40.746 +00:00 [DBG] >LOG:1709840020,D,MANAGEMENT: CMD 'status'
2024-03-07 19:33:41.250 +00:00 [DBG] >LOG:1709840021,D,MANAGEMENT: CMD 'status'
2024-03-07 19:33:41.756 +00:00 [DBG] >LOG:1709840021,D,MANAGEMENT: CMD 'status'
2024-03-07 19:33:42.264 +00:00 [DBG] >LOG:1709840022,D,MANAGEMENT: CMD 'status'
2024-03-07 19:33:42.771 +00:00 [DBG] >LOG:1709840022,D,MANAGEMENT: CMD 'status'
2024-03-07 19:33:43.277 +00:00 [DBG] >LOG:1709840023,D,MANAGEMENT: CMD 'status'
2024-03-07 19:33:43.785 +00:00 [DBG] >LOG:1709840023,D,MANAGEMENT: CMD 'status'
2024-03-07 19:33:44.299 +00:00 [DBG] >LOG:1709840024,D,MANAGEMENT: CMD 'status'
2024-03-07 19:33:44.803 +00:00 [DBG] >LOG:1709840024,D,MANAGEMENT: CMD 'status'
2024-03-07 19:33:45.307 +00:00 [DBG] >LOG:1709840025,D,MANAGEMENT: CMD 'status'
2024-03-07 19:33:45.810 +00:00 [DBG] >LOG:1709840025,D,MANAGEMENT: CMD 'status'
2024-03-07 19:33:46.313 +00:00 [DBG] >LOG:1709840026,D,MANAGEMENT: CMD 'status'
2024-03-07 19:33:46.834 +00:00 [DBG] >LOG:1709840026,D,MANAGEMENT: CMD 'status'
2024-03-07 19:33:47.340 +00:00 [DBG] >LOG:1709840027,D,MANAGEMENT: CMD 'status'
2024-03-07 19:33:47.844 +00:00 [DBG] >LOG:1709840027,D,MANAGEMENT: CMD 'status'
2024-03-07 19:33:48.353 +00:00 [DBG] >LOG:1709840028,D,MANAGEMENT: CMD 'status'
2024-03-07 19:33:48.860 +00:00 [DBG] >LOG:1709840028,D,MANAGEMENT: CMD 'status'
2024-03-07 19:33:49.369 +00:00 [DBG] >LOG:1709840029,D,MANAGEMENT: CMD 'status'
2024-03-07 19:33:49.875 +00:00 [DBG] >LOG:1709840029,D,MANAGEMENT: CMD 'status'
2024-03-07 19:33:50.378 +00:00 [DBG] >LOG:1709840030,D,MANAGEMENT: CMD 'status'
2024-03-07 19:33:50.886 +00:00 [DBG] >LOG:1709840030,D,MANAGEMENT: CMD 'status'
2024-03-07 19:33:51.393 +00:00 [DBG] >LOG:1709840031,D,MANAGEMENT: CMD 'status'
2024-03-07 19:33:51.902 +00:00 [DBG] >LOG:1709840031,D,MANAGEMENT: CMD 'status'
2024-03-07 19:33:52.417 +00:00 [DBG] >LOG:1709840032,D,MANAGEMENT: CMD 'status'
2024-03-07 19:33:52.933 +00:00 [DBG] >LOG:1709840032,D,MANAGEMENT: CMD 'status'
2024-03-07 19:33:53.443 +00:00 [DBG] >LOG:1709840033,D,MANAGEMENT: CMD 'status'
2024-03-07 19:33:53.955 +00:00 [DBG] >LOG:1709840033,D,MANAGEMENT: CMD 'status'
2024-03-07 19:33:54.473 +00:00 [DBG] >LOG:1709840034,D,MANAGEMENT: CMD 'status'
2024-03-07 19:33:54.975 +00:00 [DBG] >LOG:1709840034,D,MANAGEMENT: CMD 'status'
2024-03-07 19:33:55.485 +00:00 [DBG] >LOG:1709840035,D,MANAGEMENT: CMD 'status'
2024-03-07 19:33:56.000 +00:00 [DBG] >LOG:1709840035,D,MANAGEMENT: CMD 'status'
2024-03-07 19:33:56.506 +00:00 [DBG] >LOG:1709840036,D,MANAGEMENT: CMD 'status'
2024-03-07 19:33:57.014 +00:00 [DBG] >LOG:1709840037,D,MANAGEMENT: CMD 'status'
2024-03-07 19:33:57.530 +00:00 [DBG] >LOG:1709840037,D,MANAGEMENT: CMD 'status'
2024-03-07 19:33:58.053 +00:00 [DBG] >LOG:1709840038,D,MANAGEMENT: CMD 'status'
2024-03-07 19:33:58.556 +00:00 [DBG] >LOG:1709840038,D,MANAGEMENT: CMD 'status'
2024-03-07 19:33:59.069 +00:00 [DBG] >LOG:1709840039,D,MANAGEMENT: CMD 'status'
2024-03-07 19:33:59.575 +00:00 [DBG] >LOG:1709840039,D,MANAGEMENT: CMD 'status'
2024-03-07 19:34:00.080 +00:00 [DBG] >LOG:1709840040,D,MANAGEMENT: CMD 'status'
2024-03-07 19:34:00.584 +00:00 [DBG] >LOG:1709840040,D,MANAGEMENT: CMD 'status'
2024-03-07 19:34:01.091 +00:00 [DBG] >LOG:1709840041,D,MANAGEMENT: CMD 'status'
2024-03-07 19:34:01.599 +00:00 [DBG] >LOG:1709840041,D,MANAGEMENT: CMD 'status'
2024-03-07 19:34:02.110 +00:00 [DBG] >LOG:1709840042,D,MANAGEMENT: CMD 'status'
2024-03-07 19:34:02.626 +00:00 [DBG] >LOG:1709840042,D,MANAGEMENT: CMD 'status'
2024-03-07 19:34:03.138 +00:00 [DBG] >LOG:1709840043,D,MANAGEMENT: CMD 'status'
2024-03-07 19:34:03.644 +00:00 [DBG] >LOG:1709840043,D,MANAGEMENT: CMD 'status'
2024-03-07 19:34:04.154 +00:00 [DBG] >LOG:1709840044,D,MANAGEMENT: CMD 'status'
2024-03-07 19:34:04.659 +00:00 [DBG] >LOG:1709840044,D,MANAGEMENT: CMD 'status'
2024-03-07 19:34:05.168 +00:00 [DBG] >LOG:1709840045,D,MANAGEMENT: CMD 'status'
2024-03-07 19:34:05.678 +00:00 [DBG] >LOG:1709840045,D,MANAGEMENT: CMD 'status'
2024-03-07 19:34:06.189 +00:00 [DBG] >LOG:1709840046,D,MANAGEMENT: CMD 'status'
2024-03-07 19:34:06.709 +00:00 [DBG] >LOG:1709840046,D,MANAGEMENT: CMD 'status'
2024-03-07 19:34:07.217 +00:00 [DBG] >LOG:1709840047,D,MANAGEMENT: CMD 'status'
2024-03-07 19:34:07.723 +00:00 [DBG] >LOG:1709840047,D,MANAGEMENT: CMD 'status'
2024-03-07 19:34:08.228 +00:00 [DBG] >LOG:1709840048,D,MANAGEMENT: CMD 'status'
2024-03-07 19:34:08.736 +00:00 [DBG] >LOG:1709840048,D,MANAGEMENT: CMD 'status'
2024-03-07 19:34:09.243 +00:00 [DBG] >LOG:1709840049,D,MANAGEMENT: CMD 'status'
2024-03-07 19:34:09.760 +00:00 [DBG] >LOG:1709840049,D,MANAGEMENT: CMD 'status'
2024-03-07 19:34:10.270 +00:00 [DBG] >LOG:1709840050,D,MANAGEMENT: CMD 'status'
2024-03-07 19:34:10.774 +00:00 [DBG] >LOG:1709840050,D,MANAGEMENT: CMD 'status'
2024-03-07 19:34:11.278 +00:00 [DBG] >LOG:1709840051,D,MANAGEMENT: CMD 'status'
2024-03-07 19:34:11.785 +00:00 [DBG] >LOG:1709840051,D,MANAGEMENT: CMD 'status'
2024-03-07 19:34:12.293 +00:00 [DBG] >LOG:1709840052,D,MANAGEMENT: CMD 'status'
2024-03-07 19:34:12.803 +00:00 [DBG] >LOG:1709840052,D,MANAGEMENT: CMD 'status'
2024-03-07 19:34:13.315 +00:00 [DBG] >LOG:1709840053,D,MANAGEMENT: CMD 'status'
2024-03-07 19:34:13.821 +00:00 [DBG] >LOG:1709840053,D,MANAGEMENT: CMD 'status'
2024-03-07 19:34:14.327 +00:00 [DBG] >LOG:1709840054,D,MANAGEMENT: CMD 'status'
2024-03-07 19:34:14.841 +00:00 [DBG] >LOG:1709840054,D,MANAGEMENT: CMD 'status'
2024-03-07 19:34:15.354 +00:00 [DBG] >LOG:1709840055,D,MANAGEMENT: CMD 'status'
2024-03-07 19:34:15.859 +00:00 [DBG] >LOG:1709840055,D,MANAGEMENT: CMD 'status'
2024-03-07 19:34:16.362 +00:00 [DBG] >LOG:1709840056,D,MANAGEMENT: CMD 'status'
2024-03-07 19:34:16.866 +00:00 [DBG] >LOG:1709840056,D,MANAGEMENT: CMD 'status'
2024-03-07 19:34:17.368 +00:00 [DBG] >LOG:1709840057,D,MANAGEMENT: CMD 'status'
2024-03-07 19:34:17.877 +00:00 [DBG] >LOG:1709840057,D,MANAGEMENT: CMD 'status'
2024-03-07 19:34:18.390 +00:00 [DBG] >LOG:1709840058,D,MANAGEMENT: CMD 'status'
2024-03-07 19:34:18.902 +00:00 [DBG] >LOG:1709840058,D,MANAGEMENT: CMD 'status'
2024-03-07 19:34:19.407 +00:00 [DBG] >LOG:1709840059,D,MANAGEMENT: CMD 'status'
2024-03-07 19:34:19.930 +00:00 [DBG] >LOG:1709840059,D,MANAGEMENT: CMD 'status'
2024-03-07 19:34:20.433 +00:00 [DBG] >LOG:1709840060,D,MANAGEMENT: CMD 'status'
2024-03-07 19:34:20.939 +00:00 [DBG] >LOG:1709840060,D,MANAGEMENT: CMD 'status'
2024-03-07 19:34:21.452 +00:00 [DBG] >LOG:1709840061,D,MANAGEMENT: CMD 'status'
2024-03-07 19:34:21.964 +00:00 [DBG] >LOG:1709840061,D,MANAGEMENT: CMD 'status'
2024-03-07 19:34:22.475 +00:00 [DBG] >LOG:1709840062,D,MANAGEMENT: CMD 'status'
2024-03-07 19:34:22.996 +00:00 [DBG] >LOG:1709840062,D,MANAGEMENT: CMD 'status'
2024-03-07 19:34:23.516 +00:00 [DBG] >LOG:1709840063,D,MANAGEMENT: CMD 'status'
2024-03-07 19:34:24.020 +00:00 [DBG] >LOG:1709840064,D,MANAGEMENT: CMD 'status'
2024-03-07 19:34:24.526 +00:00 [DBG] >LOG:1709840064,D,MANAGEMENT: CMD 'status'
2024-03-07 19:34:25.034 +00:00 [DBG] >LOG:1709840065,D,MANAGEMENT: CMD 'status'
2024-03-07 19:34:25.540 +00:00 [DBG] >LOG:1709840065,D,MANAGEMENT: CMD 'status'
2024-03-07 19:34:26.051 +00:00 [DBG] >LOG:1709840066,D,MANAGEMENT: CMD 'status'
2024-03-07 19:34:26.569 +00:00 [DBG] >LOG:1709840066,D,MANAGEMENT: CMD 'status'
2024-03-07 19:34:27.076 +00:00 [DBG] >LOG:1709840067,D,MANAGEMENT: CMD 'status'
2024-03-07 19:34:27.586 +00:00 [DBG] >LOG:1709840067,D,MANAGEMENT: CMD 'status'
2024-03-07 19:34:28.096 +00:00 [DBG] >LOG:1709840068,D,MANAGEMENT: CMD 'status'
2024-03-07 19:34:28.601 +00:00 [DBG] >LOG:1709840068,D,MANAGEMENT: CMD 'status'
2024-03-07 19:34:29.106 +00:00 [DBG] >LOG:1709840069,D,MANAGEMENT: CMD 'status'
2024-03-07 19:34:29.616 +00:00 [DBG] >LOG:1709840069,D,MANAGEMENT: CMD 'status'
2024-03-07 19:34:30.122 +00:00 [DBG] >LOG:1709840070,D,MANAGEMENT: CMD 'status'
2024-03-07 19:34:30.630 +00:00 [DBG] >LOG:1709840070,D,MANAGEMENT: CMD 'status'
2024-03-07 19:34:31.137 +00:00 [DBG] >LOG:1709840071,D,MANAGEMENT: CMD 'status'
2024-03-07 19:34:31.644 +00:00 [DBG] >LOG:1709840071,D,MANAGEMENT: CMD 'status'
2024-03-07 19:34:32.149 +00:00 [DBG] >LOG:1709840072,D,MANAGEMENT: CMD 'status'
2024-03-07 19:34:32.656 +00:00 [DBG] >LOG:1709840072,D,MANAGEMENT: CMD 'status'
2024-03-07 19:34:33.164 +00:00 [DBG] >LOG:1709840073,D,MANAGEMENT: CMD 'status'
2024-03-07 19:34:33.671 +00:00 [DBG] >LOG:1709840073,D,MANAGEMENT: CMD 'status'
2024-03-07 19:34:34.185 +00:00 [DBG] >LOG:1709840074,D,MANAGEMENT: CMD 'status'
2024-03-07 19:34:34.695 +00:00 [DBG] >LOG:1709840074,D,MANAGEMENT: CMD 'status'
2024-03-07 19:34:35.201 +00:00 [DBG] >LOG:1709840075,D,MANAGEMENT: CMD 'status'
2024-03-07 19:34:35.708 +00:00 [DBG] >LOG:1709840075,D,MANAGEMENT: CMD 'status'
2024-03-07 19:34:36.212 +00:00 [DBG] >LOG:1709840076,D,MANAGEMENT: CMD 'status'
2024-03-07 19:34:36.716 +00:00 [DBG] >LOG:1709840076,D,MANAGEMENT: CMD 'status'
2024-03-07 19:34:37.220 +00:00 [DBG] >LOG:1709840077,D,MANAGEMENT: CMD 'status'
2024-03-07 19:34:37.726 +00:00 [DBG] >LOG:1709840077,D,MANAGEMENT: CMD 'status'
2024-03-07 19:34:38.238 +00:00 [DBG] >LOG:1709840078,D,MANAGEMENT: CMD 'status'
2024-03-07 19:34:38.747 +00:00 [DBG] >LOG:1709840078,D,MANAGEMENT: CMD 'status'
2024-03-07 19:34:39.262 +00:00 [DBG] >LOG:1709840079,D,MANAGEMENT: CMD 'status'
2024-03-07 19:34:39.784 +00:00 [DBG] >LOG:1709840079,D,MANAGEMENT: CMD 'status'
2024-03-07 19:34:40.294 +00:00 [DBG] >LOG:1709840080,D,MANAGEMENT: CMD 'status'
2024-03-07 19:34:40.799 +00:00 [DBG] >LOG:1709840080,D,MANAGEMENT: CMD 'status'
2024-03-07 19:34:41.307 +00:00 [DBG] >LOG:1709840081,D,MANAGEMENT: CMD 'status'
2024-03-07 19:34:41.812 +00:00 [DBG] >LOG:1709840081,D,MANAGEMENT: CMD 'status'
2024-03-07 19:34:42.331 +00:00 [DBG] >LOG:1709840082,D,MANAGEMENT: CMD 'status'
2024-03-07 19:34:42.841 +00:00 [DBG] >LOG:1709840082,D,MANAGEMENT: CMD 'status'
2024-03-07 19:34:43.351 +00:00 [DBG] >LOG:1709840083,D,MANAGEMENT: CMD 'status'
2024-03-07 19:34:43.860 +00:00 [DBG] >LOG:1709840083,D,MANAGEMENT: CMD 'status'
2024-03-07 19:34:44.382 +00:00 [DBG] >LOG:1709840084,D,MANAGEMENT: CMD 'status'
2024-03-07 19:34:44.885 +00:00 [DBG] >LOG:1709840084,D,MANAGEMENT: CMD 'status'
2024-03-07 19:34:45.391 +00:00 [DBG] >LOG:1709840085,D,MANAGEMENT: CMD 'status'
2024-03-07 19:34:45.895 +00:00 [DBG] >LOG:1709840085,D,MANAGEMENT: CMD 'status'
2024-03-07 19:34:46.401 +00:00 [DBG] >LOG:1709840086,D,MANAGEMENT: CMD 'status'
2024-03-07 19:34:46.910 +00:00 [DBG] >LOG:1709840086,D,MANAGEMENT: CMD 'status'
2024-03-07 19:34:47.418 +00:00 [DBG] >LOG:1709840087,D,MANAGEMENT: CMD 'status'
2024-03-07 19:34:47.934 +00:00 [DBG] >LOG:1709840087,D,MANAGEMENT: CMD 'status'
2024-03-07 19:34:48.444 +00:00 [DBG] >LOG:1709840088,D,MANAGEMENT: CMD 'status'
2024-03-07 19:34:48.954 +00:00 [DBG] >LOG:1709840088,D,MANAGEMENT: CMD 'status'
2024-03-07 19:34:49.458 +00:00 [DBG] >LOG:1709840089,D,MANAGEMENT: CMD 'status'
2024-03-07 19:34:49.961 +00:00 [DBG] >LOG:1709840089,D,MANAGEMENT: CMD 'status'
2024-03-07 19:34:50.468 +00:00 [DBG] >LOG:1709840090,D,MANAGEMENT: CMD 'status'
2024-03-07 19:34:50.977 +00:00 [DBG] >LOG:1709840090,D,MANAGEMENT: CMD 'status'
2024-03-07 19:34:51.483 +00:00 [DBG] >LOG:1709840091,D,MANAGEMENT: CMD 'status'
2024-03-07 19:34:52.014 +00:00 [DBG] >LOG:1709840092,D,MANAGEMENT: CMD 'status'
2024-03-07 19:34:52.544 +00:00 [DBG] >LOG:1709840092,D,MANAGEMENT: CMD 'status'
2024-03-07 19:34:53.054 +00:00 [DBG] >LOG:1709840093,D,MANAGEMENT: CMD 'status'
2024-03-07 19:34:53.558 +00:00 [DBG] >LOG:1709840093,D,MANAGEMENT: CMD 'status'
2024-03-07 19:34:54.063 +00:00 [DBG] >LOG:1709840094,D,MANAGEMENT: CMD 'status'
2024-03-07 19:34:54.567 +00:00 [DBG] >LOG:1709840094,D,MANAGEMENT: CMD 'status'
2024-03-07 19:34:55.073 +00:00 [DBG] >LOG:1709840095,D,MANAGEMENT: CMD 'status'
2024-03-07 19:34:55.591 +00:00 [DBG] >LOG:1709840095,D,MANAGEMENT: CMD 'status'
2024-03-07 19:34:56.100 +00:00 [DBG] >LOG:1709840096,D,MANAGEMENT: CMD 'status'
2024-03-07 19:34:56.607 +00:00 [DBG] >LOG:1709840096,D,MANAGEMENT: CMD 'status'
2024-03-07 19:34:57.113 +00:00 [DBG] >LOG:1709840097,D,MANAGEMENT: CMD 'status'
2024-03-07 19:34:57.618 +00:00 [DBG] >LOG:1709840097,D,MANAGEMENT: CMD 'status'
2024-03-07 19:34:58.121 +00:00 [DBG] >LOG:1709840098,D,MANAGEMENT: CMD 'status'
2024-03-07 19:34:58.633 +00:00 [DBG] >LOG:1709840098,D,MANAGEMENT: CMD 'status'
2024-03-07 19:34:59.144 +00:00 [DBG] >LOG:1709840099,D,MANAGEMENT: CMD 'status'
2024-03-07 19:34:59.651 +00:00 [DBG] >LOG:1709840099,D,MANAGEMENT: CMD 'status'
2024-03-07 19:35:00.159 +00:00 [DBG] >LOG:1709840100,D,MANAGEMENT: CMD 'status'
2024-03-07 19:35:00.667 +00:00 [DBG] >LOG:1709840100,D,MANAGEMENT: CMD 'status'
2024-03-07 19:35:01.173 +00:00 [DBG] >LOG:1709840101,D,MANAGEMENT: CMD 'status'
2024-03-07 19:35:01.680 +00:00 [DBG] >LOG:1709840101,D,MANAGEMENT: CMD 'status'
2024-03-07 19:35:02.185 +00:00 [DBG] >LOG:1709840102,D,MANAGEMENT: CMD 'status'
2024-03-07 19:35:02.692 +00:00 [DBG] >LOG:1709840102,D,MANAGEMENT: CMD 'status'
2024-03-07 19:35:03.205 +00:00 [DBG] >LOG:1709840103,D,MANAGEMENT: CMD 'status'
2024-03-07 19:35:03.712 +00:00 [DBG] >LOG:1709840103,D,MANAGEMENT: CMD 'status'
2024-03-07 19:35:04.218 +00:00 [DBG] >LOG:1709840104,D,MANAGEMENT: CMD 'status'
2024-03-07 19:35:04.724 +00:00 [DBG] >LOG:1709840104,D,MANAGEMENT: CMD 'status'
2024-03-07 19:35:05.236 +00:00 [DBG] >LOG:1709840105,D,MANAGEMENT: CMD 'status'
2024-03-07 19:35:05.740 +00:00 [DBG] >LOG:1709840105,D,MANAGEMENT: CMD 'status'
2024-03-07 19:35:06.243 +00:00 [DBG] >LOG:1709840106,D,MANAGEMENT: CMD 'status'
2024-03-07 19:35:06.752 +00:00 [DBG] >LOG:1709840106,D,MANAGEMENT: CMD 'status'
2024-03-07 19:35:07.268 +00:00 [DBG] >LOG:1709840107,D,MANAGEMENT: CMD 'status'
2024-03-07 19:35:07.777 +00:00 [DBG] >LOG:1709840107,D,MANAGEMENT: CMD 'status'
2024-03-07 19:35:08.302 +00:00 [DBG] >LOG:1709840108,D,MANAGEMENT: CMD 'status'
2024-03-07 19:35:08.812 +00:00 [DBG] >LOG:1709840108,D,MANAGEMENT: CMD 'status'
2024-03-07 19:35:09.325 +00:00 [DBG] >LOG:1709840109,D,MANAGEMENT: CMD 'status'
2024-03-07 19:35:09.843 +00:00 [DBG] >LOG:1709840109,D,MANAGEMENT: CMD 'status'
2024-03-07 19:35:10.351 +00:00 [DBG] >LOG:1709840110,D,MANAGEMENT: CMD 'status'
2024-03-07 19:35:10.858 +00:00 [DBG] >LOG:1709840110,D,MANAGEMENT: CMD 'status'
2024-03-07 19:35:11.370 +00:00 [DBG] >LOG:1709840111,D,MANAGEMENT: CMD 'status'
2024-03-07 19:35:11.877 +00:00 [DBG] >LOG:1709840111,D,MANAGEMENT: CMD 'status'
2024-03-07 19:35:12.386 +00:00 [DBG] >LOG:1709840112,D,MANAGEMENT: CMD 'status'
2024-03-07 19:35:12.898 +00:00 [DBG] >LOG:1709840112,D,MANAGEMENT: CMD 'status'
2024-03-07 19:35:13.405 +00:00 [DBG] >LOG:1709840113,D,MANAGEMENT: CMD 'status'
2024-03-07 19:35:13.910 +00:00 [DBG] >LOG:1709840113,D,MANAGEMENT: CMD 'status'
2024-03-07 19:35:14.427 +00:00 [DBG] >LOG:1709840114,D,MANAGEMENT: CMD 'status'
2024-03-07 19:35:14.931 +00:00 [DBG] >LOG:1709840114,D,MANAGEMENT: CMD 'status'
2024-03-07 19:35:15.440 +00:00 [DBG] >LOG:1709840115,D,MANAGEMENT: CMD 'status'
2024-03-07 19:35:15.946 +00:00 [DBG] >LOG:1709840115,D,MANAGEMENT: CMD 'status'
2024-03-07 19:35:16.451 +00:00 [DBG] >LOG:1709840116,D,MANAGEMENT: CMD 'status'
2024-03-07 19:35:16.960 +00:00 [DBG] >LOG:1709840116,D,MANAGEMENT: CMD 'status'
2024-03-07 19:35:17.472 +00:00 [DBG] >LOG:1709840117,D,MANAGEMENT: CMD 'status'
2024-03-07 19:35:17.975 +00:00 [DBG] >LOG:1709840117,D,MANAGEMENT: CMD 'status'
2024-03-07 19:35:18.479 +00:00 [DBG] >LOG:1709840118,D,MANAGEMENT: CMD 'status'
2024-03-07 19:35:18.986 +00:00 [DBG] >LOG:1709840118,D,MANAGEMENT: CMD 'status'
2024-03-07 19:35:19.498 +00:00 [DBG] >LOG:1709840119,D,MANAGEMENT: CMD 'status'
2024-03-07 19:35:20.005 +00:00 [DBG] >LOG:1709840120,D,MANAGEMENT: CMD 'status'
2024-03-07 19:35:20.510 +00:00 [DBG] >LOG:1709840120,D,MANAGEMENT: CMD 'status'
2024-03-07 19:35:21.015 +00:00 [DBG] >LOG:1709840121,D,MANAGEMENT: CMD 'status'
2024-03-07 19:35:21.519 +00:00 [DBG] >LOG:1709840121,D,MANAGEMENT: CMD 'status'
2024-03-07 19:35:22.030 +00:00 [DBG] >LOG:1709840122,D,MANAGEMENT: CMD 'status'
2024-03-07 19:35:22.536 +00:00 [DBG] >LOG:1709840122,D,MANAGEMENT: CMD 'status'
2024-03-07 19:35:23.042 +00:00 [DBG] >LOG:1709840123,D,MANAGEMENT: CMD 'status'
2024-03-07 19:35:23.549 +00:00 [DBG] >LOG:1709840123,D,MANAGEMENT: CMD 'status'
2024-03-07 19:35:24.057 +00:00 [DBG] >LOG:1709840124,D,MANAGEMENT: CMD 'status'
2024-03-07 19:35:24.567 +00:00 [DBG] >LOG:1709840124,D,MANAGEMENT: CMD 'status'
2024-03-07 19:35:25.076 +00:00 [DBG] >LOG:1709840125,D,MANAGEMENT: CMD 'status'
2024-03-07 19:35:25.588 +00:00 [DBG] >LOG:1709840125,D,MANAGEMENT: CMD 'status'
2024-03-07 19:35:26.093 +00:00 [DBG] >LOG:1709840126,D,MANAGEMENT: CMD 'status'
2024-03-07 19:35:26.604 +00:00 [DBG] >LOG:1709840126,D,MANAGEMENT: CMD 'status'
2024-03-07 19:35:27.112 +00:00 [DBG] >LOG:1709840127,D,MANAGEMENT: CMD 'status'
2024-03-07 19:35:27.635 +00:00 [DBG] >LOG:1709840127,D,MANAGEMENT: CMD 'status'
2024-03-07 19:35:28.141 +00:00 [DBG] >LOG:1709840128,D,MANAGEMENT: CMD 'status'
2024-03-07 19:35:28.645 +00:00 [DBG] >LOG:1709840128,D,MANAGEMENT: CMD 'status'
2024-03-07 19:35:29.150 +00:00 [DBG] >LOG:1709840129,D,MANAGEMENT: CMD 'status'
2024-03-07 19:35:29.657 +00:00 [DBG] >LOG:1709840129,D,MANAGEMENT: CMD 'status'
2024-03-07 19:35:30.163 +00:00 [DBG] >LOG:1709840130,D,MANAGEMENT: CMD 'status'
2024-03-07 19:35:30.668 +00:00 [DBG] >LOG:1709840130,D,MANAGEMENT: CMD 'status'
2024-03-07 19:35:31.195 +00:00 [DBG] >LOG:1709840131,D,MANAGEMENT: CMD 'status'
2024-03-07 19:35:31.699 +00:00 [DBG] >LOG:1709840131,D,MANAGEMENT: CMD 'status'
2024-03-07 19:35:32.210 +00:00 [DBG] >LOG:1709840132,D,MANAGEMENT: CMD 'status'
2024-03-07 19:35:32.715 +00:00 [DBG] >LOG:1709840132,D,MANAGEMENT: CMD 'status'
2024-03-07 19:35:33.221 +00:00 [DBG] >LOG:1709840133,D,MANAGEMENT: CMD 'status'
2024-03-07 19:35:33.735 +00:00 [DBG] >LOG:1709840133,D,MANAGEMENT: CMD 'status'
2024-03-07 19:35:34.244 +00:00 [DBG] >LOG:1709840134,D,MANAGEMENT: CMD 'status'
2024-03-07 19:35:34.753 +00:00 [DBG] >LOG:1709840134,D,MANAGEMENT: CMD 'status'
2024-03-07 19:35:35.264 +00:00 [DBG] >LOG:1709840135,D,MANAGEMENT: CMD 'status'
2024-03-07 19:35:35.773 +00:00 [DBG] >LOG:1709840135,D,MANAGEMENT: CMD 'status'
2024-03-07 19:35:36.282 +00:00 [DBG] >LOG:1709840136,D,MANAGEMENT: CMD 'status'
2024-03-07 19:35:36.796 +00:00 [DBG] >LOG:1709840136,D,MANAGEMENT: CMD 'status'
2024-03-07 19:35:37.300 +00:00 [DBG] >LOG:1709840137,D,MANAGEMENT: CMD 'status'
2024-03-07 19:35:37.806 +00:00 [DBG] >LOG:1709840137,D,MANAGEMENT: CMD 'status'
2024-03-07 19:35:38.333 +00:00 [DBG] >LOG:1709840138,D,MANAGEMENT: CMD 'status'
2024-03-07 19:35:38.848 +00:00 [DBG] >LOG:1709840138,D,MANAGEMENT: CMD 'status'
2024-03-07 19:35:39.358 +00:00 [DBG] >LOG:1709840139,D,MANAGEMENT: CMD 'status'
2024-03-07 19:35:39.866 +00:00 [DBG] >LOG:1709840139,D,MANAGEMENT: CMD 'status'
2024-03-07 19:35:40.383 +00:00 [DBG] >LOG:1709840140,D,MANAGEMENT: CMD 'status'
2024-03-07 19:35:40.889 +00:00 [DBG] >LOG:1709840140,D,MANAGEMENT: CMD 'status'
2024-03-07 19:35:41.394 +00:00 [DBG] >LOG:1709840141,D,MANAGEMENT: CMD 'status'
2024-03-07 19:35:42.045 +00:00 [DBG] >LOG:1709840141,D,MANAGEMENT: CMD 'status'
2024-03-07 19:35:42.553 +00:00 [DBG] >LOG:1709840142,D,MANAGEMENT: CMD 'status'
2024-03-07 19:35:43.085 +00:00 [DBG] >LOG:1709840143,D,MANAGEMENT: CMD 'status'
2024-03-07 19:35:43.593 +00:00 [DBG] >LOG:1709840143,D,MANAGEMENT: CMD 'status'
2024-03-07 19:35:44.102 +00:00 [DBG] >LOG:1709840144,D,MANAGEMENT: CMD 'status'
2024-03-07 19:35:44.612 +00:00 [DBG] >LOG:1709840144,D,MANAGEMENT: CMD 'status'
2024-03-07 19:35:45.124 +00:00 [DBG] >LOG:1709840145,D,MANAGEMENT: CMD 'status'
2024-03-07 19:35:45.629 +00:00 [DBG] >LOG:1709840145,D,MANAGEMENT: CMD 'status'
2024-03-07 19:35:46.137 +00:00 [DBG] >LOG:1709840146,D,MANAGEMENT: CMD 'status'
2024-03-07 19:35:46.639 +00:00 [DBG] >LOG:1709840146,D,MANAGEMENT: CMD 'status'
2024-03-07 19:35:47.146 +00:00 [DBG] >LOG:1709840147,D,MANAGEMENT: CMD 'status'
2024-03-07 19:35:47.655 +00:00 [DBG] >LOG:1709840147,D,MANAGEMENT: CMD 'status'
2024-03-07 19:35:48.163 +00:00 [DBG] >LOG:1709840148,D,MANAGEMENT: CMD 'status'
2024-03-07 19:35:48.667 +00:00 [DBG] >LOG:1709840148,D,MANAGEMENT: CMD 'status'
2024-03-07 19:35:49.172 +00:00 [DBG] >LOG:1709840149,D,MANAGEMENT: CMD 'status'
2024-03-07 19:35:49.679 +00:00 [DBG] >LOG:1709840149,D,MANAGEMENT: CMD 'status'
2024-03-07 19:35:50.186 +00:00 [DBG] >LOG:1709840150,D,MANAGEMENT: CMD 'status'
2024-03-07 19:35:50.692 +00:00 [DBG] >LOG:1709840150,D,MANAGEMENT: CMD 'status'
2024-03-07 19:35:51.197 +00:00 [DBG] >LOG:1709840151,D,MANAGEMENT: CMD 'status'
2024-03-07 19:35:51.702 +00:00 [DBG] >LOG:1709840151,D,MANAGEMENT: CMD 'status'
2024-03-07 19:35:52.208 +00:00 [DBG] >LOG:1709840152,D,MANAGEMENT: CMD 'status'
2024-03-07 19:35:52.721 +00:00 [DBG] >LOG:1709840152,D,MANAGEMENT: CMD 'status'
2024-03-07 19:35:53.229 +00:00 [DBG] >LOG:1709840153,D,MANAGEMENT: CMD 'status'
2024-03-07 19:35:53.738 +00:00 [DBG] >LOG:1709840153,D,MANAGEMENT: CMD 'status'
2024-03-07 19:35:54.244 +00:00 [DBG] >LOG:1709840154,D,MANAGEMENT: CMD 'status'
2024-03-07 19:35:54.747 +00:00 [DBG] >LOG:1709840154,D,MANAGEMENT: CMD 'status'
2024-03-07 19:35:55.252 +00:00 [DBG] >LOG:1709840155,D,MANAGEMENT: CMD 'status'
2024-03-07 19:35:55.765 +00:00 [DBG] >LOG:1709840155,D,MANAGEMENT: CMD 'status'
2024-03-07 19:35:56.273 +00:00 [DBG] >LOG:1709840156,D,MANAGEMENT: CMD 'status'
2024-03-07 19:35:56.785 +00:00 [DBG] >LOG:1709840156,D,MANAGEMENT: CMD 'status'
2024-03-07 19:35:57.301 +00:00 [DBG] >LOG:1709840157,D,MANAGEMENT: CMD 'status'
2024-03-07 19:35:57.812 +00:00 [DBG] >LOG:1709840157,D,MANAGEMENT: CMD 'status'
2024-03-07 19:35:58.315 +00:00 [DBG] >LOG:1709840158,D,MANAGEMENT: CMD 'status'
2024-03-07 19:35:58.902 +00:00 [DBG] >LOG:1709840158,D,MANAGEMENT: CMD 'status'
2024-03-07 19:35:59.407 +00:00 [DBG] >LOG:1709840159,D,MANAGEMENT: CMD 'status'
2024-03-07 19:35:59.914 +00:00 [DBG] >LOG:1709840159,D,MANAGEMENT: CMD 'status'
2024-03-07 19:36:00.422 +00:00 [DBG] >LOG:1709840160,D,MANAGEMENT: CMD 'status'
2024-03-07 19:36:00.929 +00:00 [DBG] >LOG:1709840160,D,MANAGEMENT: CMD 'status'
2024-03-07 19:36:01.436 +00:00 [DBG] >LOG:1709840161,D,MANAGEMENT: CMD 'status'
2024-03-07 19:36:01.945 +00:00 [DBG] >LOG:1709840161,D,MANAGEMENT: CMD 'status'
2024-03-07 19:36:02.458 +00:00 [DBG] >LOG:1709840162,D,MANAGEMENT: CMD 'status'
2024-03-07 19:36:02.964 +00:00 [DBG] >LOG:1709840162,D,MANAGEMENT: CMD 'status'
2024-03-07 19:36:03.471 +00:00 [DBG] >LOG:1709840163,D,MANAGEMENT: CMD 'status'
2024-03-07 19:36:03.977 +00:00 [DBG] >LOG:1709840163,D,MANAGEMENT: CMD 'status'
2024-03-07 19:36:04.480 +00:00 [DBG] >LOG:1709840164,D,MANAGEMENT: CMD 'status'
2024-03-07 19:36:05.000 +00:00 [DBG] >LOG:1709840164,D,MANAGEMENT: CMD 'status'
2024-03-07 19:36:05.507 +00:00 [DBG] >LOG:1709840165,D,MANAGEMENT: CMD 'status'
2024-03-07 19:36:06.017 +00:00 [DBG] >LOG:1709840166,D,MANAGEMENT: CMD 'status'
2024-03-07 19:36:06.522 +00:00 [DBG] >LOG:1709840166,D,MANAGEMENT: CMD 'status'
2024-03-07 19:36:07.027 +00:00 [DBG] >LOG:1709840167,D,MANAGEMENT: CMD 'status'
2024-03-07 19:36:07.532 +00:00 [DBG] >LOG:1709840167,D,MANAGEMENT: CMD 'status'
2024-03-07 19:36:08.036 +00:00 [DBG] >LOG:1709840168,D,MANAGEMENT: CMD 'status'
2024-03-07 19:36:08.540 +00:00 [DBG] >LOG:1709840168,D,MANAGEMENT: CMD 'status'
2024-03-07 19:36:09.048 +00:00 [DBG] >LOG:1709840169,D,MANAGEMENT: CMD 'status'
2024-03-07 19:36:09.559 +00:00 [DBG] >LOG:1709840169,D,MANAGEMENT: CMD 'status'
2024-03-07 19:36:10.081 +00:00 [DBG] >LOG:1709840170,D,MANAGEMENT: CMD 'status'
2024-03-07 19:36:10.598 +00:00 [DBG] >LOG:1709840170,D,MANAGEMENT: CMD 'status'
2024-03-07 19:36:11.121 +00:00 [DBG] >LOG:1709840171,D,MANAGEMENT: CMD 'status'
2024-03-07 19:36:11.668 +00:00 [DBG] >LOG:1709840171,D,MANAGEMENT: CMD 'status'
2024-03-07 19:36:12.189 +00:00 [DBG] >LOG:1709840172,D,MANAGEMENT: CMD 'status'
2024-03-07 19:36:12.697 +00:00 [DBG] >LOG:1709840172,D,MANAGEMENT: CMD 'status'
2024-03-07 19:36:13.203 +00:00 [DBG] >LOG:1709840173,D,MANAGEMENT: CMD 'status'
2024-03-07 19:36:13.713 +00:00 [DBG] >LOG:1709840173,D,MANAGEMENT: CMD 'status'
2024-03-07 19:36:14.218 +00:00 [DBG] >LOG:1709840174,D,MANAGEMENT: CMD 'status'
2024-03-07 19:36:14.729 +00:00 [DBG] >LOG:1709840174,D,MANAGEMENT: CMD 'status'
2024-03-07 19:36:15.249 +00:00 [DBG] >LOG:1709840175,D,MANAGEMENT: CMD 'status'
2024-03-07 19:36:15.756 +00:00 [DBG] >LOG:1709840175,D,MANAGEMENT: CMD 'status'
2024-03-07 19:36:16.267 +00:00 [DBG] >LOG:1709840176,D,MANAGEMENT: CMD 'status'
2024-03-07 19:36:16.773 +00:00 [DBG] >LOG:1709840176,D,MANAGEMENT: CMD 'status'
2024-03-07 19:36:17.277 +00:00 [DBG] >LOG:1709840177,D,MANAGEMENT: CMD 'status'
2024-03-07 19:36:17.784 +00:00 [DBG] >LOG:1709840177,D,MANAGEMENT: CMD 'status'
2024-03-07 19:36:18.288 +00:00 [DBG] >LOG:1709840178,D,MANAGEMENT: CMD 'status'
2024-03-07 19:36:18.793 +00:00 [DBG] >LOG:1709840178,D,MANAGEMENT: CMD 'status'
2024-03-07 19:36:19.300 +00:00 [DBG] >LOG:1709840179,D,MANAGEMENT: CMD 'status'
2024-03-07 19:36:19.809 +00:00 [DBG] >LOG:1709840179,D,MANAGEMENT: CMD 'status'
2024-03-07 19:36:20.316 +00:00 [DBG] >LOG:1709840180,D,MANAGEMENT: CMD 'status'
2024-03-07 19:36:20.820 +00:00 [DBG] >LOG:1709840180,D,MANAGEMENT: CMD 'status'
2024-03-07 19:36:21.322 +00:00 [DBG] >LOG:1709840181,D,MANAGEMENT: CMD 'status'
2024-03-07 19:36:21.826 +00:00 [DBG] >LOG:1709840181,D,MANAGEMENT: CMD 'status'
2024-03-07 19:36:22.332 +00:00 [DBG] >LOG:1709840182,D,MANAGEMENT: CMD 'status'
2024-03-07 19:36:22.841 +00:00 [DBG] >LOG:1709840182,D,MANAGEMENT: CMD 'status'
2024-03-07 19:36:23.353 +00:00 [DBG] >LOG:1709840183,D,MANAGEMENT: CMD 'status'
2024-03-07 19:36:23.861 +00:00 [DBG] >LOG:1709840183,D,MANAGEMENT: CMD 'status'
2024-03-07 19:36:24.384 +00:00 [DBG] >LOG:1709840184,D,MANAGEMENT: CMD 'status'
2024-03-07 19:36:24.886 +00:00 [DBG] >LOG:1709840184,D,MANAGEMENT: CMD 'status'
2024-03-07 19:36:25.394 +00:00 [DBG] >LOG:1709840185,D,MANAGEMENT: CMD 'status'
2024-03-07 19:36:25.901 +00:00 [DBG] >LOG:1709840185,D,MANAGEMENT: CMD 'status'
2024-03-07 19:36:26.410 +00:00 [DBG] >LOG:1709840186,D,MANAGEMENT: CMD 'status'
2024-03-07 19:36:26.920 +00:00 [DBG] >LOG:1709840186,D,MANAGEMENT: CMD 'status'
2024-03-07 19:36:27.426 +00:00 [DBG] >LOG:1709840187,D,MANAGEMENT: CMD 'status'
2024-03-07 19:36:27.930 +00:00 [DBG] >LOG:1709840187,D,MANAGEMENT: CMD 'status'
2024-03-07 19:36:28.433 +00:00 [DBG] >LOG:1709840188,D,MANAGEMENT: CMD 'status'
2024-03-07 19:36:28.937 +00:00 [DBG] >LOG:1709840188,D,MANAGEMENT: CMD 'status'
2024-03-07 19:36:29.443 +00:00 [DBG] >LOG:1709840189,D,MANAGEMENT: CMD 'status'
2024-03-07 19:36:29.950 +00:00 [DBG] >LOG:1709840189,D,MANAGEMENT: CMD 'status'
2024-03-07 19:36:30.457 +00:00 [DBG] >LOG:1709840190,D,MANAGEMENT: CMD 'status'
2024-03-07 19:36:30.962 +00:00 [DBG] >LOG:1709840190,D,MANAGEMENT: CMD 'status'
2024-03-07 19:36:31.469 +00:00 [DBG] >LOG:1709840191,D,MANAGEMENT: CMD 'status'
2024-03-07 19:36:31.974 +00:00 [DBG] >LOG:1709840191,D,MANAGEMENT: CMD 'status'
2024-03-07 19:36:32.479 +00:00 [DBG] >LOG:1709840192,D,MANAGEMENT: CMD 'status'
2024-03-07 19:36:32.989 +00:00 [DBG] >LOG:1709840192,D,MANAGEMENT: CMD 'status'
2024-03-07 19:36:33.500 +00:00 [DBG] >LOG:1709840193,D,MANAGEMENT: CMD 'status'
2024-03-07 19:36:34.004 +00:00 [DBG] >LOG:1709840194,D,MANAGEMENT: CMD 'status'
2024-03-07 19:36:34.513 +00:00 [DBG] >LOG:1709840194,D,MANAGEMENT: CMD 'status'
2024-03-07 19:36:35.022 +00:00 [DBG] >LOG:1709840195,D,MANAGEMENT: CMD 'status'
2024-03-07 19:36:35.532 +00:00 [DBG] >LOG:1709840195,D,MANAGEMENT: CMD 'status'
2024-03-07 19:36:36.037 +00:00 [DBG] >LOG:1709840196,D,MANAGEMENT: CMD 'status'
2024-03-07 19:36:36.546 +00:00 [DBG] >LOG:1709840196,D,MANAGEMENT: CMD 'status'
2024-03-07 19:36:37.061 +00:00 [DBG] >LOG:1709840197,D,MANAGEMENT: CMD 'status'
2024-03-07 19:36:37.567 +00:00 [DBG] >LOG:1709840197,D,MANAGEMENT: CMD 'status'
2024-03-07 19:36:38.071 +00:00 [DBG] >LOG:1709840198,D,MANAGEMENT: CMD 'status'
2024-03-07 19:36:38.580 +00:00 [DBG] >LOG:1709840198,D,MANAGEMENT: CMD 'status'
2024-03-07 19:36:39.083 +00:00 [DBG] >LOG:1709840199,D,MANAGEMENT: CMD 'status'
2024-03-07 19:36:39.590 +00:00 [DBG] >LOG:1709840199,D,MANAGEMENT: CMD 'status'
2024-03-07 19:36:40.095 +00:00 [DBG] >LOG:1709840200,D,MANAGEMENT: CMD 'status'
2024-03-07 19:36:40.599 +00:00 [DBG] >LOG:1709840200,D,MANAGEMENT: CMD 'status'
2024-03-07 19:36:41.120 +00:00 [DBG] >LOG:1709840201,D,MANAGEMENT: CMD 'status'
2024-03-07 19:36:41.630 +00:00 [DBG] >LOG:1709840201,D,MANAGEMENT: CMD 'status'
2024-03-07 19:36:42.137 +00:00 [DBG] >LOG:1709840202,D,MANAGEMENT: CMD 'status'
2024-03-07 19:36:42.641 +00:00 [DBG] >LOG:1709840202,D,MANAGEMENT: CMD 'status'
2024-03-07 19:36:43.146 +00:00 [DBG] >LOG:1709840203,D,MANAGEMENT: CMD 'status'
2024-03-07 19:36:43.650 +00:00 [DBG] >LOG:1709840203,D,MANAGEMENT: CMD 'status'
2024-03-07 19:36:44.153 +00:00 [DBG] >LOG:1709840204,D,MANAGEMENT: CMD 'status'
2024-03-07 19:36:44.660 +00:00 [DBG] >LOG:1709840204,D,MANAGEMENT: CMD 'status'
2024-03-07 19:36:45.164 +00:00 [DBG] >LOG:1709840205,D,MANAGEMENT: CMD 'status'
2024-03-07 19:36:45.671 +00:00 [DBG] >LOG:1709840205,D,MANAGEMENT: CMD 'status'
2024-03-07 19:36:46.175 +00:00 [DBG] >LOG:1709840206,D,MANAGEMENT: CMD 'status'
2024-03-07 19:36:46.678 +00:00 [DBG] >LOG:1709840206,D,MANAGEMENT: CMD 'status'
2024-03-07 19:36:47.182 +00:00 [DBG] >LOG:1709840207,D,MANAGEMENT: CMD 'status'
2024-03-07 19:36:47.684 +00:00 [DBG] >LOG:1709840207,D,MANAGEMENT: CMD 'status'
2024-03-07 19:36:48.190 +00:00 [DBG] >LOG:1709840208,D,MANAGEMENT: CMD 'status'
2024-03-07 19:36:48.698 +00:00 [DBG] >LOG:1709840208,D,MANAGEMENT: CMD 'status'
2024-03-07 19:36:49.229 +00:00 [DBG] >LOG:1709840209,D,MANAGEMENT: CMD 'status'
2024-03-07 19:36:49.742 +00:00 [DBG] >LOG:1709840209,D,MANAGEMENT: CMD 'status'
2024-03-07 19:36:50.246 +00:00 [DBG] >LOG:1709840210,D,MANAGEMENT: CMD 'status'
2024-03-07 19:36:50.749 +00:00 [DBG] >LOG:1709840210,D,MANAGEMENT: CMD 'status'
2024-03-07 19:36:51.252 +00:00 [DBG] >LOG:1709840211,D,MANAGEMENT: CMD 'status'
2024-03-07 19:36:51.758 +00:00 [DBG] >LOG:1709840211,D,MANAGEMENT: CMD 'status'
2024-03-07 19:36:52.275 +00:00 [DBG] >LOG:1709840212,D,MANAGEMENT: CMD 'status'
2024-03-07 19:36:52.798 +00:00 [DBG] >LOG:1709840212,D,MANAGEMENT: CMD 'status'
2024-03-07 19:36:53.303 +00:00 [DBG] >LOG:1709840213,D,MANAGEMENT: CMD 'status'
2024-03-07 19:36:53.809 +00:00 [DBG] >LOG:1709840213,D,MANAGEMENT: CMD 'status'
2024-03-07 19:36:54.313 +00:00 [DBG] >LOG:1709840214,D,MANAGEMENT: CMD 'status'
2024-03-07 19:36:54.816 +00:00 [DBG] >LOG:1709840214,D,MANAGEMENT: CMD 'status'
2024-03-07 19:36:55.323 +00:00 [DBG] >LOG:1709840215,D,MANAGEMENT: CMD 'status'
2024-03-07 19:36:55.835 +00:00 [DBG] >LOG:1709840215,D,MANAGEMENT: CMD 'status'
2024-03-07 19:36:56.350 +00:00 [DBG] >LOG:1709840216,D,MANAGEMENT: CMD 'status'
2024-03-07 19:36:56.856 +00:00 [DBG] >LOG:1709840216,D,MANAGEMENT: CMD 'status'
2024-03-07 19:36:57.360 +00:00 [DBG] >LOG:1709840217,D,MANAGEMENT: CMD 'status'
2024-03-07 19:36:57.862 +00:00 [DBG] >LOG:1709840217,D,MANAGEMENT: CMD 'status'
2024-03-07 19:36:58.369 +00:00 [DBG] >LOG:1709840218,D,MANAGEMENT: CMD 'status'
2024-03-07 19:36:58.877 +00:00 [DBG] >LOG:1709840218,D,MANAGEMENT: CMD 'status'
2024-03-07 19:36:59.386 +00:00 [DBG] >LOG:1709840219,D,MANAGEMENT: CMD 'status'
2024-03-07 19:36:59.907 +00:00 [DBG] >LOG:1709840219,D,MANAGEMENT: CMD 'status'
2024-03-07 19:37:00.413 +00:00 [DBG] >LOG:1709840220,D,MANAGEMENT: CMD 'status'
2024-03-07 19:37:00.928 +00:00 [DBG] >LOG:1709840220,D,MANAGEMENT: CMD 'status'
2024-03-07 19:37:01.442 +00:00 [DBG] >LOG:1709840221,D,MANAGEMENT: CMD 'status'
2024-03-07 19:37:01.959 +00:00 [DBG] >LOG:1709840221,D,MANAGEMENT: CMD 'status'
2024-03-07 19:37:02.464 +00:00 [DBG] >LOG:1709840222,D,MANAGEMENT: CMD 'status'
2024-03-07 19:37:02.969 +00:00 [DBG] >LOG:1709840222,D,MANAGEMENT: CMD 'status'
2024-03-07 19:37:03.489 +00:00 [DBG] >LOG:1709840223,D,MANAGEMENT: CMD 'status'
2024-03-07 19:37:04.012 +00:00 [DBG] >LOG:1709840224,D,MANAGEMENT: CMD 'status'
2024-03-07 19:37:04.532 +00:00 [DBG] >LOG:1709840224,D,MANAGEMENT: CMD 'status'
2024-03-07 19:37:05.042 +00:00 [DBG] >LOG:1709840225,D,MANAGEMENT: CMD 'status'
2024-03-07 19:37:05.564 +00:00 [DBG] >LOG:1709840225,D,MANAGEMENT: CMD 'status'
2024-03-07 19:37:06.075 +00:00 [DBG] >LOG:1709840226,D,MANAGEMENT: CMD 'status'
2024-03-07 19:37:06.583 +00:00 [DBG] >LOG:1709840226,D,MANAGEMENT: CMD 'status'
2024-03-07 19:37:07.089 +00:00 [DBG] >LOG:1709840227,D,MANAGEMENT: CMD 'status'
2024-03-07 19:37:07.592 +00:00 [DBG] >LOG:1709840227,D,MANAGEMENT: CMD 'status'
2024-03-07 19:37:08.110 +00:00 [DBG] >LOG:1709840228,D,MANAGEMENT: CMD 'status'
2024-03-07 19:37:08.616 +00:00 [DBG] >LOG:1709840228,D,MANAGEMENT: CMD 'status'
2024-03-07 19:37:09.137 +00:00 [DBG] >LOG:1709840229,D,MANAGEMENT: CMD 'status'
2024-03-07 19:37:09.644 +00:00 [DBG] >LOG:1709840229,D,MANAGEMENT: CMD 'status'
2024-03-07 19:37:10.150 +00:00 [DBG] >LOG:1709840230,D,MANAGEMENT: CMD 'status'
2024-03-07 19:37:10.653 +00:00 [DBG] >LOG:1709840230,D,MANAGEMENT: CMD 'status'
2024-03-07 19:37:11.156 +00:00 [DBG] >LOG:1709840231,D,MANAGEMENT: CMD 'status'
2024-03-07 19:37:11.659 +00:00 [DBG] >LOG:1709840231,D,MANAGEMENT: CMD 'status'
2024-03-07 19:37:12.162 +00:00 [DBG] >LOG:1709840232,D,MANAGEMENT: CMD 'status'
2024-03-07 19:37:12.672 +00:00 [DBG] >LOG:1709840232,D,MANAGEMENT: CMD 'status'
2024-03-07 19:37:13.180 +00:00 [DBG] >LOG:1709840233,D,MANAGEMENT: CMD 'status'
2024-03-07 19:37:13.690 +00:00 [DBG] >LOG:1709840233,D,MANAGEMENT: CMD 'status'
2024-03-07 19:37:14.198 +00:00 [DBG] >LOG:1709840234,D,MANAGEMENT: CMD 'status'
2024-03-07 19:37:14.705 +00:00 [DBG] >LOG:1709840234,D,MANAGEMENT: CMD 'status'
2024-03-07 19:37:15.209 +00:00 [DBG] >LOG:1709840235,D,MANAGEMENT: CMD 'status'
2024-03-07 19:37:15.711 +00:00 [DBG] >LOG:1709840235,D,MANAGEMENT: CMD 'status'
2024-03-07 19:37:16.215 +00:00 [DBG] >LOG:1709840236,D,MANAGEMENT: CMD 'status'
2024-03-07 19:37:16.721 +00:00 [DBG] >LOG:1709840236,D,MANAGEMENT: CMD 'status'
2024-03-07 19:37:17.228 +00:00 [DBG] >LOG:1709840237,D,MANAGEMENT: CMD 'status'
2024-03-07 19:37:17.733 +00:00 [DBG] >LOG:1709840237,D,MANAGEMENT: CMD 'status'
2024-03-07 19:37:18.243 +00:00 [DBG] >LOG:1709840238,D,MANAGEMENT: CMD 'status'
2024-03-07 19:37:18.745 +00:00 [DBG] >LOG:1709840238,D,MANAGEMENT: CMD 'status'
2024-03-07 19:37:19.250 +00:00 [DBG] >LOG:1709840239,D,MANAGEMENT: CMD 'status'
2024-03-07 19:37:19.756 +00:00 [DBG] >LOG:1709840239,D,MANAGEMENT: CMD 'status'
2024-03-07 19:37:20.259 +00:00 [DBG] >LOG:1709840240,D,MANAGEMENT: CMD 'status'
2024-03-07 19:37:20.765 +00:00 [DBG] >LOG:1709840240,D,MANAGEMENT: CMD 'status'
2024-03-07 19:37:21.296 +00:00 [DBG] >LOG:1709840241,D,MANAGEMENT: CMD 'status'
2024-03-07 19:37:21.801 +00:00 [DBG] >LOG:1709840241,D,MANAGEMENT: CMD 'status'
2024-03-07 19:37:22.304 +00:00 [DBG] >LOG:1709840242,D,MANAGEMENT: CMD 'status'
2024-03-07 19:37:22.810 +00:00 [DBG] >LOG:1709840242,D,MANAGEMENT: CMD 'status'
2024-03-07 19:37:23.317 +00:00 [DBG] >LOG:1709840243,D,MANAGEMENT: CMD 'status'
2024-03-07 19:37:23.822 +00:00 [DBG] >LOG:1709840243,D,MANAGEMENT: CMD 'status'
2024-03-07 19:37:24.327 +00:00 [DBG] >LOG:1709840244,D,MANAGEMENT: CMD 'status'
2024-03-07 19:37:24.832 +00:00 [DBG] >LOG:1709840244,D,MANAGEMENT: CMD 'status'
2024-03-07 19:37:25.341 +00:00 [DBG] >LOG:1709840245,D,MANAGEMENT: CMD 'status'
2024-03-07 19:37:25.848 +00:00 [DBG] >LOG:1709840245,D,MANAGEMENT: CMD 'status'
2024-03-07 19:37:26.355 +00:00 [DBG] >LOG:1709840246,D,MANAGEMENT: CMD 'status'
2024-03-07 19:37:26.871 +00:00 [DBG] >LOG:1709840246,D,MANAGEMENT: CMD 'status'
2024-03-07 19:37:27.377 +00:00 [DBG] >LOG:1709840247,D,MANAGEMENT: CMD 'status'
2024-03-07 19:37:27.882 +00:00 [DBG] >LOG:1709840247,D,MANAGEMENT: CMD 'status'
2024-03-07 19:37:28.386 +00:00 [DBG] >LOG:1709840248,D,MANAGEMENT: CMD 'status'
2024-03-07 19:37:28.893 +00:00 [DBG] >LOG:1709840248,D,MANAGEMENT: CMD 'status'
2024-03-07 19:37:29.399 +00:00 [DBG] >LOG:1709840249,D,MANAGEMENT: CMD 'status'
2024-03-07 19:37:29.904 +00:00 [DBG] >LOG:1709840249,D,MANAGEMENT: CMD 'status'
2024-03-07 19:37:30.410 +00:00 [DBG] >LOG:1709840250,D,MANAGEMENT: CMD 'status'
2024-03-07 19:37:30.934 +00:00 [DBG] >LOG:1709840250,D,MANAGEMENT: CMD 'status'
2024-03-07 19:37:31.439 +00:00 [DBG] >LOG:1709840251,D,MANAGEMENT: CMD 'status'
2024-03-07 19:37:31.943 +00:00 [DBG] >LOG:1709840251,D,MANAGEMENT: CMD 'status'
2024-03-07 19:37:32.448 +00:00 [DBG] >LOG:1709840252,D,MANAGEMENT: CMD 'status'
2024-03-07 19:37:32.962 +00:00 [DBG] >LOG:1709840252,D,MANAGEMENT: CMD 'status'
2024-03-07 19:37:33.471 +00:00 [DBG] >LOG:1709840253,D,MANAGEMENT: CMD 'status'
2024-03-07 19:37:33.981 +00:00 [DBG] >LOG:1709840253,D,MANAGEMENT: CMD 'status'
2024-03-07 19:37:34.494 +00:00 [DBG] >LOG:1709840254,D,MANAGEMENT: CMD 'status'
2024-03-07 19:37:34.999 +00:00 [DBG] >LOG:1709840254,D,MANAGEMENT: CMD 'status'
2024-03-07 19:37:35.505 +00:00 [DBG] >LOG:1709840255,D,MANAGEMENT: CMD 'status'
2024-03-07 19:37:36.009 +00:00 [DBG] >LOG:1709840256,D,MANAGEMENT: CMD 'status'
2024-03-07 19:37:36.511 +00:00 [DBG] >LOG:1709840256,D,MANAGEMENT: CMD 'status'
2024-03-07 19:37:37.016 +00:00 [DBG] >LOG:1709840257,D,MANAGEMENT: CMD 'status'
2024-03-07 19:37:37.520 +00:00 [DBG] >LOG:1709840257,D,MANAGEMENT: CMD 'status'
2024-03-07 19:37:38.024 +00:00 [DBG] >LOG:1709840258,D,MANAGEMENT: CMD 'status'
2024-03-07 19:37:38.528 +00:00 [DBG] >LOG:1709840258,D,MANAGEMENT: CMD 'status'
2024-03-07 19:37:39.034 +00:00 [DBG] >LOG:1709840259,D,MANAGEMENT: CMD 'status'
2024-03-07 19:37:39.539 +00:00 [DBG] >LOG:1709840259,D,MANAGEMENT: CMD 'status'
2024-03-07 19:37:40.044 +00:00 [DBG] >LOG:1709840260,D,MANAGEMENT: CMD 'status'
2024-03-07 19:37:40.553 +00:00 [DBG] >LOG:1709840260,D,MANAGEMENT: CMD 'status'
2024-03-07 19:37:41.059 +00:00 [DBG] >LOG:1709840261,D,MANAGEMENT: CMD 'status'
2024-03-07 19:37:41.567 +00:00 [DBG] >LOG:1709840261,D,MANAGEMENT: CMD 'status'
2024-03-07 19:37:42.075 +00:00 [DBG] >LOG:1709840262,D,MANAGEMENT: CMD 'status'
2024-03-07 19:37:42.588 +00:00 [DBG] >LOG:1709840262,D,MANAGEMENT: CMD 'status'
2024-03-07 19:37:43.094 +00:00 [DBG] >LOG:1709840263,D,MANAGEMENT: CMD 'status'
2024-03-07 19:37:43.605 +00:00 [DBG] >LOG:1709840263,D,MANAGEMENT: CMD 'status'
2024-03-07 19:37:44.123 +00:00 [DBG] >LOG:1709840264,D,MANAGEMENT: CMD 'status'
2024-03-07 19:37:44.628 +00:00 [DBG] >LOG:1709840264,D,MANAGEMENT: CMD 'status'
2024-03-07 19:37:45.137 +00:00 [DBG] >LOG:1709840265,D,MANAGEMENT: CMD 'status'
2024-03-07 19:37:45.644 +00:00 [DBG] >LOG:1709840265,D,MANAGEMENT: CMD 'status'
2024-03-07 19:37:46.154 +00:00 [DBG] >LOG:1709840266,D,MANAGEMENT: CMD 'status'
2024-03-07 19:37:46.666 +00:00 [DBG] >LOG:1709840266,D,MANAGEMENT: CMD 'status'
2024-03-07 19:37:47.184 +00:00 [DBG] >LOG:1709840267,D,MANAGEMENT: CMD 'status'
2024-03-07 19:37:47.701 +00:00 [DBG] >LOG:1709840267,D,MANAGEMENT: CMD 'status'
2024-03-07 19:37:48.214 +00:00 [DBG] >LOG:1709840268,D,MANAGEMENT: CMD 'status'
2024-03-07 19:37:48.716 +00:00 [DBG] >LOG:1709840268,D,MANAGEMENT: CMD 'status'
2024-03-07 19:37:49.221 +00:00 [DBG] >LOG:1709840269,D,MANAGEMENT: CMD 'status'
2024-03-07 19:37:49.726 +00:00 [DBG] >LOG:1709840269,D,MANAGEMENT: CMD 'status'
2024-03-07 19:37:50.235 +00:00 [DBG] >LOG:1709840270,D,MANAGEMENT: CMD 'status'
2024-03-07 19:37:50.739 +00:00 [DBG] >LOG:1709840270,D,MANAGEMENT: CMD 'status'
2024-03-07 19:37:51.252 +00:00 [DBG] >LOG:1709840271,D,MANAGEMENT: CMD 'status'
2024-03-07 19:37:51.758 +00:00 [DBG] >LOG:1709840271,D,MANAGEMENT: CMD 'status'
2024-03-07 19:37:52.264 +00:00 [DBG] >LOG:1709840272,D,MANAGEMENT: CMD 'status'
2024-03-07 19:37:52.766 +00:00 [DBG] >LOG:1709840272,D,MANAGEMENT: CMD 'status'
2024-03-07 19:37:53.273 +00:00 [DBG] >LOG:1709840273,D,MANAGEMENT: CMD 'status'
2024-03-07 19:37:53.777 +00:00 [DBG] >LOG:1709840273,D,MANAGEMENT: CMD 'status'
2024-03-07 19:37:54.282 +00:00 [DBG] >LOG:1709840274,D,MANAGEMENT: CMD 'status'
2024-03-07 19:37:54.790 +00:00 [DBG] >LOG:1709840274,D,MANAGEMENT: CMD 'status'
2024-03-07 19:37:55.297 +00:00 [DBG] >LOG:1709840275,D,MANAGEMENT: CMD 'status'
2024-03-07 19:37:55.804 +00:00 [DBG] >LOG:1709840275,D,MANAGEMENT: CMD 'status'
2024-03-07 19:37:56.318 +00:00 [DBG] >LOG:1709840276,D,MANAGEMENT: CMD 'status'
2024-03-07 19:37:56.838 +00:00 [DBG] >LOG:1709840276,D,MANAGEMENT: CMD 'status'
2024-03-07 19:37:57.345 +00:00 [DBG] >LOG:1709840277,D,MANAGEMENT: CMD 'status'
2024-03-07 19:37:57.849 +00:00 [DBG] >LOG:1709840277,D,MANAGEMENT: CMD 'status'
2024-03-07 19:37:58.367 +00:00 [DBG] >LOG:1709840278,D,MANAGEMENT: CMD 'status'
2024-03-07 19:37:58.871 +00:00 [DBG] >LOG:1709840278,D,MANAGEMENT: CMD 'status'
2024-03-07 19:37:59.375 +00:00 [DBG] >LOG:1709840279,D,MANAGEMENT: CMD 'status'
2024-03-07 19:37:59.883 +00:00 [DBG] >LOG:1709840279,D,MANAGEMENT: CMD 'status'
2024-03-07 19:38:00.390 +00:00 [DBG] >LOG:1709840280,D,MANAGEMENT: CMD 'status'
2024-03-07 19:38:00.895 +00:00 [DBG] >LOG:1709840280,D,MANAGEMENT: CMD 'status'
2024-03-07 19:38:01.398 +00:00 [DBG] >LOG:1709840281,D,MANAGEMENT: CMD 'status'
2024-03-07 19:38:01.902 +00:00 [DBG] >LOG:1709840281,D,MANAGEMENT: CMD 'status'
2024-03-07 19:38:02.409 +00:00 [DBG] >LOG:1709840282,D,MANAGEMENT: CMD 'status'
2024-03-07 19:38:02.918 +00:00 [DBG] >LOG:1709840282,D,MANAGEMENT: CMD 'status'
2024-03-07 19:38:03.432 +00:00 [DBG] >LOG:1709840283,D,MANAGEMENT: CMD 'status'
2024-03-07 19:38:03.938 +00:00 [DBG] >LOG:1709840283,D,MANAGEMENT: CMD 'status'
2024-03-07 19:38:04.446 +00:00 [DBG] >LOG:1709840284,D,MANAGEMENT: CMD 'status'
2024-03-07 19:38:04.951 +00:00 [DBG] >LOG:1709840284,D,MANAGEMENT: CMD 'status'
2024-03-07 19:38:05.455 +00:00 [DBG] >LOG:1709840285,D,MANAGEMENT: CMD 'status'
2024-03-07 19:38:05.959 +00:00 [DBG] >LOG:1709840285,D,MANAGEMENT: CMD 'status'
2024-03-07 19:38:06.469 +00:00 [DBG] >LOG:1709840286,D,MANAGEMENT: CMD 'status'
2024-03-07 19:38:06.972 +00:00 [DBG] >LOG:1709840286,D,MANAGEMENT: CMD 'status'
2024-03-07 19:38:07.478 +00:00 [DBG] >LOG:1709840287,D,MANAGEMENT: CMD 'status'
2024-03-07 19:38:07.985 +00:00 [DBG] >LOG:1709840287,D,MANAGEMENT: CMD 'status'
2024-03-07 19:38:08.491 +00:00 [DBG] >LOG:1709840288,D,MANAGEMENT: CMD 'status'
2024-03-07 19:38:09.004 +00:00 [DBG] >LOG:1709840288,D,MANAGEMENT: CMD 'status'
2024-03-07 19:38:09.523 +00:00 [DBG] >LOG:1709840289,D,MANAGEMENT: CMD 'status'
2024-03-07 19:38:10.031 +00:00 [DBG] >LOG:1709840290,D,MANAGEMENT: CMD 'status'
2024-03-07 19:38:10.538 +00:00 [DBG] >LOG:1709840290,D,MANAGEMENT: CMD 'status'
2024-03-07 19:38:11.043 +00:00 [DBG] >LOG:1709840291,D,MANAGEMENT: CMD 'status'
2024-03-07 19:38:11.546 +00:00 [DBG] >LOG:1709840291,D,MANAGEMENT: CMD 'status'
2024-03-07 19:38:12.052 +00:00 [DBG] >LOG:1709840292,D,MANAGEMENT: CMD 'status'
2024-03-07 19:38:12.558 +00:00 [DBG] >LOG:1709840292,D,MANAGEMENT: CMD 'status'
2024-03-07 19:38:13.064 +00:00 [DBG] >LOG:1709840293,D,MANAGEMENT: CMD 'status'
2024-03-07 19:38:13.572 +00:00 [DBG] >LOG:1709840293,D,MANAGEMENT: CMD 'status'
2024-03-07 19:38:14.080 +00:00 [DBG] >LOG:1709840294,D,MANAGEMENT: CMD 'status'
2024-03-07 19:38:14.588 +00:00 [DBG] >LOG:1709840294,D,MANAGEMENT: CMD 'status'
2024-03-07 19:38:15.095 +00:00 [DBG] >LOG:1709840295,D,MANAGEMENT: CMD 'status'
2024-03-07 19:38:15.602 +00:00 [DBG] >LOG:1709840295,D,MANAGEMENT: CMD 'status'
2024-03-07 19:38:16.107 +00:00 [DBG] >LOG:1709840296,D,MANAGEMENT: CMD 'status'
2024-03-07 19:38:16.611 +00:00 [DBG] >LOG:1709840296,D,MANAGEMENT: CMD 'status'
2024-03-07 19:38:17.115 +00:00 [DBG] >LOG:1709840297,D,MANAGEMENT: CMD 'status'
2024-03-07 19:38:17.618 +00:00 [DBG] >LOG:1709840297,D,MANAGEMENT: CMD 'status'
2024-03-07 19:38:18.129 +00:00 [DBG] >LOG:1709840298,D,MANAGEMENT: CMD 'status'
2024-03-07 19:38:18.634 +00:00 [DBG] >LOG:1709840298,D,MANAGEMENT: CMD 'status'
2024-03-07 19:38:19.140 +00:00 [DBG] >LOG:1709840299,D,MANAGEMENT: CMD 'status'
2024-03-07 19:38:19.647 +00:00 [DBG] >LOG:1709840299,D,MANAGEMENT: CMD 'status'
2024-03-07 19:38:20.150 +00:00 [DBG] >LOG:1709840300,D,MANAGEMENT: CMD 'status'
2024-03-07 19:38:20.653 +00:00 [DBG] >LOG:1709840300,D,MANAGEMENT: CMD 'status'
2024-03-07 19:38:21.159 +00:00 [DBG] >LOG:1709840301,D,MANAGEMENT: CMD 'status'
2024-03-07 19:38:21.680 +00:00 [DBG] >LOG:1709840301,D,MANAGEMENT: CMD 'status'
2024-03-07 19:38:22.185 +00:00 [DBG] >LOG:1709840302,D,MANAGEMENT: CMD 'status'
2024-03-07 19:38:22.689 +00:00 [DBG] >LOG:1709840302,D,MANAGEMENT: CMD 'status'
2024-03-07 19:38:23.201 +00:00 [DBG] >LOG:1709840303,D,MANAGEMENT: CMD 'status'
2024-03-07 19:38:23.708 +00:00 [DBG] >LOG:1709840303,D,MANAGEMENT: CMD 'status'
2024-03-07 19:38:24.216 +00:00 [DBG] >LOG:1709840304,D,MANAGEMENT: CMD 'status'
2024-03-07 19:38:24.720 +00:00 [DBG] >LOG:1709840304,D,MANAGEMENT: CMD 'status'
2024-03-07 19:38:25.226 +00:00 [DBG] >LOG:1709840305,D,MANAGEMENT: CMD 'status'
2024-03-07 19:38:25.738 +00:00 [DBG] >LOG:1709840305,D,MANAGEMENT: CMD 'status'
2024-03-07 19:38:26.246 +00:00 [DBG] >LOG:1709840306,D,MANAGEMENT: CMD 'status'
2024-03-07 19:38:26.753 +00:00 [DBG] >LOG:1709840306,D,MANAGEMENT: CMD 'status'
2024-03-07 19:38:27.261 +00:00 [DBG] >LOG:1709840307,D,MANAGEMENT: CMD 'status'
2024-03-07 19:38:27.767 +00:00 [DBG] >LOG:1709840307,D,MANAGEMENT: CMD 'status'
2024-03-07 19:38:28.271 +00:00 [DBG] >LOG:1709840308,D,MANAGEMENT: CMD 'status'
2024-03-07 19:38:28.783 +00:00 [DBG] >LOG:1709840308,D,MANAGEMENT: CMD 'status'
2024-03-07 19:38:29.290 +00:00 [DBG] >LOG:1709840309,D,MANAGEMENT: CMD 'status'
2024-03-07 19:38:29.798 +00:00 [DBG] >LOG:1709840309,D,MANAGEMENT: CMD 'status'
2024-03-07 19:38:30.305 +00:00 [DBG] >LOG:1709840310,D,MANAGEMENT: CMD 'status'
2024-03-07 19:38:30.814 +00:00 [DBG] >LOG:1709840310,D,MANAGEMENT: CMD 'status'
2024-03-07 19:38:31.322 +00:00 [DBG] >LOG:1709840311,D,MANAGEMENT: CMD 'status'
2024-03-07 19:38:31.833 +00:00 [DBG] >LOG:1709840311,D,MANAGEMENT: CMD 'status'
2024-03-07 19:38:32.336 +00:00 [DBG] >LOG:1709840312,D,MANAGEMENT: CMD 'status'
2024-03-07 19:38:32.841 +00:00 [DBG] >LOG:1709840312,D,MANAGEMENT: CMD 'status'
2024-03-07 19:38:33.349 +00:00 [DBG] >LOG:1709840313,D,MANAGEMENT: CMD 'status'
2024-03-07 19:38:33.858 +00:00 [DBG] >LOG:1709840313,D,MANAGEMENT: CMD 'status'
2024-03-07 19:38:34.364 +00:00 [DBG] >LOG:1709840314,D,MANAGEMENT: CMD 'status'
2024-03-07 19:38:34.880 +00:00 [DBG] >LOG:1709840314,D,MANAGEMENT: CMD 'status'
2024-03-07 19:38:35.385 +00:00 [DBG] >LOG:1709840315,D,MANAGEMENT: CMD 'status'
2024-03-07 19:38:35.890 +00:00 [DBG] >LOG:1709840315,D,MANAGEMENT: CMD 'status'
2024-03-07 19:38:36.398 +00:00 [DBG] >LOG:1709840316,D,MANAGEMENT: CMD 'status'
2024-03-07 19:38:36.909 +00:00 [DBG] >LOG:1709840316,D,MANAGEMENT: CMD 'status'
2024-03-07 19:38:37.420 +00:00 [DBG] >LOG:1709840317,D,MANAGEMENT: CMD 'status'
2024-03-07 19:38:37.928 +00:00 [DBG] >LOG:1709840317,D,MANAGEMENT: CMD 'status'
2024-03-07 19:38:38.435 +00:00 [DBG] >LOG:1709840318,D,MANAGEMENT: CMD 'status'
2024-03-07 19:38:38.939 +00:00 [DBG] >LOG:1709840318,D,MANAGEMENT: CMD 'status'
2024-03-07 19:38:39.442 +00:00 [DBG] >LOG:1709840319,D,MANAGEMENT: CMD 'status'
2024-03-07 19:38:39.945 +00:00 [DBG] >LOG:1709840319,D,MANAGEMENT: CMD 'status'
2024-03-07 19:38:40.449 +00:00 [DBG] >LOG:1709840320,D,MANAGEMENT: CMD 'status'
2024-03-07 19:38:40.957 +00:00 [DBG] >LOG:1709840320,D,MANAGEMENT: CMD 'status'
2024-03-07 19:38:41.467 +00:00 [DBG] >LOG:1709840321,D,MANAGEMENT: CMD 'status'
2024-03-07 19:38:41.971 +00:00 [DBG] >LOG:1709840321,D,MANAGEMENT: CMD 'status'
2024-03-07 19:38:42.475 +00:00 [DBG] >LOG:1709840322,D,MANAGEMENT: CMD 'status'
2024-03-07 19:38:42.979 +00:00 [DBG] >LOG:1709840322,D,MANAGEMENT: CMD 'status'
2024-03-07 19:38:43.484 +00:00 [DBG] >LOG:1709840323,D,MANAGEMENT: CMD 'status'
2024-03-07 19:38:43.998 +00:00 [DBG] >LOG:1709840323,D,MANAGEMENT: CMD 'status'
2024-03-07 19:38:44.510 +00:00 [DBG] >LOG:1709840324,D,MANAGEMENT: CMD 'status'
2024-03-07 19:38:45.032 +00:00 [DBG] >LOG:1709840325,D,MANAGEMENT: CMD 'status'
2024-03-07 19:38:45.545 +00:00 [DBG] >LOG:1709840325,D,MANAGEMENT: CMD 'status'
2024-03-07 19:38:46.050 +00:00 [DBG] >LOG:1709840326,D,MANAGEMENT: CMD 'status'
2024-03-07 19:38:46.557 +00:00 [DBG] >LOG:1709840326,D,MANAGEMENT: CMD 'status'
2024-03-07 19:38:47.070 +00:00 [DBG] >LOG:1709840327,D,MANAGEMENT: CMD 'status'
2024-03-07 19:38:47.576 +00:00 [DBG] >LOG:1709840327,D,MANAGEMENT: CMD 'status'
2024-03-07 19:38:48.086 +00:00 [DBG] >LOG:1709840328,D,MANAGEMENT: CMD 'status'
2024-03-07 19:38:48.597 +00:00 [DBG] >LOG:1709840328,D,MANAGEMENT: CMD 'status'
2024-03-07 19:38:49.112 +00:00 [DBG] >LOG:1709840329,D,MANAGEMENT: CMD 'status'
2024-03-07 19:38:49.621 +00:00 [DBG] >LOG:1709840329,D,MANAGEMENT: CMD 'status'
2024-03-07 19:38:50.142 +00:00 [DBG] >LOG:1709840330,D,MANAGEMENT: CMD 'status'
2024-03-07 19:38:50.647 +00:00 [DBG] >LOG:1709840330,D,MANAGEMENT: CMD 'status'
2024-03-07 19:38:51.152 +00:00 [DBG] >LOG:1709840331,D,MANAGEMENT: CMD 'status'
2024-03-07 19:38:51.656 +00:00 [DBG] >LOG:1709840331,D,MANAGEMENT: CMD 'status'
2024-03-07 19:38:52.163 +00:00 [DBG] >LOG:1709840332,D,MANAGEMENT: CMD 'status'
2024-03-07 19:38:52.672 +00:00 [DBG] >LOG:1709840332,D,MANAGEMENT: CMD 'status'
2024-03-07 19:38:53.182 +00:00 [DBG] >LOG:1709840333,D,MANAGEMENT: CMD 'status'
2024-03-07 19:38:53.689 +00:00 [DBG] >LOG:1709840333,D,MANAGEMENT: CMD 'status'
2024-03-07 19:38:54.196 +00:00 [DBG] >LOG:1709840334,D,MANAGEMENT: CMD 'status'
2024-03-07 19:38:54.699 +00:00 [DBG] >LOG:1709840334,D,MANAGEMENT: CMD 'status'
2024-03-07 19:38:55.204 +00:00 [DBG] >LOG:1709840335,D,MANAGEMENT: CMD 'status'
2024-03-07 19:38:55.708 +00:00 [DBG] >LOG:1709840335,D,MANAGEMENT: CMD 'status'
2024-03-07 19:38:56.214 +00:00 [DBG] >LOG:1709840336,D,MANAGEMENT: CMD 'status'
2024-03-07 19:38:56.719 +00:00 [DBG] >LOG:1709840336,D,MANAGEMENT: CMD 'status'
2024-03-07 19:38:57.223 +00:00 [DBG] >LOG:1709840337,D,MANAGEMENT: CMD 'status'
2024-03-07 19:38:57.728 +00:00 [DBG] >LOG:1709840337,D,MANAGEMENT: CMD 'status'
2024-03-07 19:38:58.237 +00:00 [DBG] >LOG:1709840338,D,MANAGEMENT: CMD 'status'
2024-03-07 19:38:58.741 +00:00 [DBG] >LOG:1709840338,D,MANAGEMENT: CMD 'status'
2024-03-07 19:38:59.245 +00:00 [DBG] >LOG:1709840339,D,MANAGEMENT: CMD 'status'
2024-03-07 19:38:59.749 +00:00 [DBG] >LOG:1709840339,D,MANAGEMENT: CMD 'status'
2024-03-07 19:39:00.253 +00:00 [DBG] >LOG:1709840340,D,MANAGEMENT: CMD 'status'
2024-03-07 19:39:00.757 +00:00 [DBG] >LOG:1709840340,D,MANAGEMENT: CMD 'status'
2024-03-07 19:39:01.263 +00:00 [DBG] >LOG:1709840341,D,MANAGEMENT: CMD 'status'
2024-03-07 19:39:01.768 +00:00 [DBG] >LOG:1709840341,D,MANAGEMENT: CMD 'status'
2024-03-07 19:39:02.273 +00:00 [DBG] >LOG:1709840342,D,MANAGEMENT: CMD 'status'
2024-03-07 19:39:02.778 +00:00 [DBG] >LOG:1709840342,D,MANAGEMENT: CMD 'status'
2024-03-07 19:39:03.282 +00:00 [DBG] >LOG:1709840343,D,MANAGEMENT: CMD 'status'
2024-03-07 19:39:03.787 +00:00 [DBG] >LOG:1709840343,D,MANAGEMENT: CMD 'status'
2024-03-07 19:39:04.293 +00:00 [DBG] >LOG:1709840344,D,MANAGEMENT: CMD 'status'
2024-03-07 19:39:04.805 +00:00 [DBG] >LOG:1709840344,D,MANAGEMENT: CMD 'status'
2024-03-07 19:39:05.316 +00:00 [DBG] >LOG:1709840345,D,MANAGEMENT: CMD 'status'
2024-03-07 19:39:05.820 +00:00 [DBG] >LOG:1709840345,D,MANAGEMENT: CMD 'status'
2024-03-07 19:39:06.346 +00:00 [DBG] >LOG:1709840346,D,MANAGEMENT: CMD 'status'
2024-03-07 19:39:06.849 +00:00 [DBG] >LOG:1709840346,D,MANAGEMENT: CMD 'status'
2024-03-07 19:39:07.353 +00:00 [DBG] >LOG:1709840347,D,MANAGEMENT: CMD 'status'
2024-03-07 19:39:07.860 +00:00 [DBG] >LOG:1709840347,D,MANAGEMENT: CMD 'status'
2024-03-07 19:39:08.371 +00:00 [DBG] >LOG:1709840348,D,MANAGEMENT: CMD 'status'
2024-03-07 19:39:08.882 +00:00 [DBG] >LOG:1709840348,D,MANAGEMENT: CMD 'status'
2024-03-07 19:39:09.387 +00:00 [DBG] >LOG:1709840349,D,MANAGEMENT: CMD 'status'
2024-03-07 19:39:09.894 +00:00 [DBG] >LOG:1709840349,D,MANAGEMENT: CMD 'status'
2024-03-07 19:39:10.399 +00:00 [DBG] >LOG:1709840350,D,MANAGEMENT: CMD 'status'
2024-03-07 19:39:10.904 +00:00 [DBG] >LOG:1709840350,D,MANAGEMENT: CMD 'status'
2024-03-07 19:39:11.409 +00:00 [DBG] >LOG:1709840351,D,MANAGEMENT: CMD 'status'
2024-03-07 19:39:11.915 +00:00 [DBG] >LOG:1709840351,D,MANAGEMENT: CMD 'status'
2024-03-07 19:39:12.424 +00:00 [DBG] >LOG:1709840352,D,MANAGEMENT: CMD 'status'
2024-03-07 19:39:12.934 +00:00 [DBG] >LOG:1709840352,D,MANAGEMENT: CMD 'status'
2024-03-07 19:39:13.442 +00:00 [DBG] >LOG:1709840353,D,MANAGEMENT: CMD 'status'
2024-03-07 19:39:13.950 +00:00 [DBG] >LOG:1709840353,D,MANAGEMENT: CMD 'status'
2024-03-07 19:39:14.457 +00:00 [DBG] >LOG:1709840354,D,MANAGEMENT: CMD 'status'
2024-03-07 19:39:14.962 +00:00 [DBG] >LOG:1709840354,D,MANAGEMENT: CMD 'status'
2024-03-07 19:39:15.467 +00:00 [DBG] >LOG:1709840355,D,MANAGEMENT: CMD 'status'
2024-03-07 19:39:15.973 +00:00 [DBG] >LOG:1709840355,D,MANAGEMENT: CMD 'status'
2024-03-07 19:39:16.478 +00:00 [DBG] >LOG:1709840356,D,MANAGEMENT: CMD 'status'
2024-03-07 19:39:16.989 +00:00 [DBG] >LOG:1709840356,D,MANAGEMENT: CMD 'status'
2024-03-07 19:39:17.495 +00:00 [DBG] >LOG:1709840357,D,MANAGEMENT: CMD 'status'
2024-03-07 19:39:18.001 +00:00 [DBG] >LOG:1709840357,D,MANAGEMENT: CMD 'status'
2024-03-07 19:39:18.506 +00:00 [DBG] >LOG:1709840358,D,MANAGEMENT: CMD 'status'
2024-03-07 19:39:19.034 +00:00 [DBG] >LOG:1709840359,D,MANAGEMENT: CMD 'status'
2024-03-07 19:39:19.570 +00:00 [DBG] >LOG:1709840359,D,MANAGEMENT: CMD 'status'
2024-03-07 19:39:20.074 +00:00 [DBG] >LOG:1709840360,D,MANAGEMENT: CMD 'status'
2024-03-07 19:39:20.595 +00:00 [DBG] >LOG:1709840360,D,MANAGEMENT: CMD 'status'
2024-03-07 19:39:21.098 +00:00 [DBG] >LOG:1709840361,D,MANAGEMENT: CMD 'status'
2024-03-07 19:39:21.604 +00:00 [DBG] >LOG:1709840361,D,MANAGEMENT: CMD 'status'
2024-03-07 19:39:22.111 +00:00 [DBG] >LOG:1709840362,D,MANAGEMENT: CMD 'status'
2024-03-07 19:39:22.629 +00:00 [DBG] >LOG:1709840362,D,MANAGEMENT: CMD 'status'
2024-03-07 19:39:23.133 +00:00 [DBG] >LOG:1709840363,D,MANAGEMENT: CMD 'status'
2024-03-07 19:39:23.637 +00:00 [DBG] >LOG:1709840363,D,MANAGEMENT: CMD 'status'
2024-03-07 19:39:24.146 +00:00 [DBG] >LOG:1709840364,D,MANAGEMENT: CMD 'status'
2024-03-07 19:39:24.656 +00:00 [DBG] >LOG:1709840364,D,MANAGEMENT: CMD 'status'
2024-03-07 19:39:25.162 +00:00 [DBG] >LOG:1709840365,D,MANAGEMENT: CMD 'status'
2024-03-07 19:39:25.667 +00:00 [DBG] >LOG:1709840365,D,MANAGEMENT: CMD 'status'
2024-03-07 19:39:26.171 +00:00 [DBG] >LOG:1709840366,D,MANAGEMENT: CMD 'status'
2024-03-07 19:39:26.675 +00:00 [DBG] >LOG:1709840366,D,MANAGEMENT: CMD 'status'
2024-03-07 19:39:27.179 +00:00 [DBG] >LOG:1709840367,D,MANAGEMENT: CMD 'status'
2024-03-07 19:39:27.684 +00:00 [DBG] >LOG:1709840367,D,MANAGEMENT: CMD 'status'
2024-03-07 19:39:28.188 +00:00 [DBG] >LOG:1709840368,D,MANAGEMENT: CMD 'status'
2024-03-07 19:39:28.700 +00:00 [DBG] >LOG:1709840368,D,MANAGEMENT: CMD 'status'
2024-03-07 19:39:29.214 +00:00 [DBG] >LOG:1709840369,D,MANAGEMENT: CMD 'status'
2024-03-07 19:39:29.720 +00:00 [DBG] >LOG:1709840369,D,MANAGEMENT: CMD 'status'
2024-03-07 19:39:30.223 +00:00 [DBG] >LOG:1709840370,D,MANAGEMENT: CMD 'status'
2024-03-07 19:39:30.727 +00:00 [DBG] >LOG:1709840370,D,MANAGEMENT: CMD 'status'
2024-03-07 19:39:31.230 +00:00 [DBG] >LOG:1709840371,D,MANAGEMENT: CMD 'status'
2024-03-07 19:39:31.733 +00:00 [DBG] >LOG:1709840371,D,MANAGEMENT: CMD 'status'
2024-03-07 19:39:32.238 +00:00 [DBG] >LOG:1709840372,D,MANAGEMENT: CMD 'status'
2024-03-07 19:39:32.746 +00:00 [DBG] >LOG:1709840372,D,MANAGEMENT: CMD 'status'
2024-03-07 19:39:33.258 +00:00 [DBG] >LOG:1709840373,D,MANAGEMENT: CMD 'status'
2024-03-07 19:39:33.771 +00:00 [DBG] >LOG:1709840373,D,MANAGEMENT: CMD 'status'
2024-03-07 19:39:34.281 +00:00 [DBG] >LOG:1709840374,D,MANAGEMENT: CMD 'status'
2024-03-07 19:39:34.794 +00:00 [DBG] >LOG:1709840374,D,MANAGEMENT: CMD 'status'
2024-03-07 19:39:35.300 +00:00 [DBG] >LOG:1709840375,D,MANAGEMENT: CMD 'status'
2024-03-07 19:39:35.806 +00:00 [DBG] >LOG:1709840375,D,MANAGEMENT: CMD 'status'
2024-03-07 19:39:36.314 +00:00 [DBG] >LOG:1709840376,D,MANAGEMENT: CMD 'status'
2024-03-07 19:39:36.822 +00:00 [DBG] >LOG:1709840376,D,MANAGEMENT: CMD 'status'
2024-03-07 19:39:37.326 +00:00 [DBG] >LOG:1709840377,D,MANAGEMENT: CMD 'status'
2024-03-07 19:39:37.829 +00:00 [DBG] >LOG:1709840377,D,MANAGEMENT: CMD 'status'
2024-03-07 19:39:38.333 +00:00 [DBG] >LOG:1709840378,D,MANAGEMENT: CMD 'status'
2024-03-07 19:39:38.837 +00:00 [DBG] >LOG:1709840378,D,MANAGEMENT: CMD 'status'
2024-03-07 19:39:39.346 +00:00 [DBG] >LOG:1709840379,D,MANAGEMENT: CMD 'status'
2024-03-07 19:39:39.860 +00:00 [DBG] >LOG:1709840379,D,MANAGEMENT: CMD 'status'
2024-03-07 19:39:40.371 +00:00 [DBG] >LOG:1709840380,D,MANAGEMENT: CMD 'status'
2024-03-07 19:39:40.876 +00:00 [DBG] >LOG:1709840380,D,MANAGEMENT: CMD 'status'
2024-03-07 19:39:41.384 +00:00 [DBG] >LOG:1709840381,D,MANAGEMENT: CMD 'status'
2024-03-07 19:39:41.909 +00:00 [DBG] >LOG:1709840381,D,MANAGEMENT: CMD 'status'
2024-03-07 19:39:42.425 +00:00 [DBG] >LOG:1709840382,D,MANAGEMENT: CMD 'status'
2024-03-07 19:39:42.933 +00:00 [DBG] >LOG:1709840382,D,MANAGEMENT: CMD 'status'
2024-03-07 19:39:43.439 +00:00 [DBG] >LOG:1709840383,D,MANAGEMENT: CMD 'status'
2024-03-07 19:39:43.949 +00:00 [DBG] >LOG:1709840383,D,MANAGEMENT: CMD 'status'
2024-03-07 19:39:44.456 +00:00 [DBG] >LOG:1709840384,D,MANAGEMENT: CMD 'status'
2024-03-07 19:39:44.964 +00:00 [DBG] >LOG:1709840384,D,MANAGEMENT: CMD 'status'
2024-03-07 19:39:45.478 +00:00 [DBG] >LOG:1709840385,D,MANAGEMENT: CMD 'status'
2024-03-07 19:39:45.985 +00:00 [DBG] >LOG:1709840385,D,MANAGEMENT: CMD 'status'
2024-03-07 19:39:46.492 +00:00 [DBG] >LOG:1709840386,D,MANAGEMENT: CMD 'status'
2024-03-07 19:39:46.996 +00:00 [DBG] >LOG:1709840386,D,MANAGEMENT: CMD 'status'
2024-03-07 19:39:47.507 +00:00 [DBG] >LOG:1709840387,D,MANAGEMENT: CMD 'status'
2024-03-07 19:39:48.025 +00:00 [DBG] >LOG:1709840388,D,MANAGEMENT: CMD 'status'
2024-03-07 19:39:48.535 +00:00 [DBG] >LOG:1709840388,D,MANAGEMENT: CMD 'status'
2024-03-07 19:39:49.043 +00:00 [DBG] >LOG:1709840389,D,MANAGEMENT: CMD 'status'
2024-03-07 19:39:49.550 +00:00 [DBG] >LOG:1709840389,D,MANAGEMENT: CMD 'status'
2024-03-07 19:39:50.065 +00:00 [DBG] >LOG:1709840390,D,MANAGEMENT: CMD 'status'
2024-03-07 19:39:50.569 +00:00 [DBG] >LOG:1709840390,D,MANAGEMENT: CMD 'status'
2024-03-07 19:39:51.076 +00:00 [DBG] >LOG:1709840391,D,MANAGEMENT: CMD 'status'
2024-03-07 19:39:51.582 +00:00 [DBG] >LOG:1709840391,D,MANAGEMENT: CMD 'status'
2024-03-07 19:39:52.092 +00:00 [DBG] >LOG:1709840392,D,MANAGEMENT: CMD 'status'
2024-03-07 19:39:52.598 +00:00 [DBG] >LOG:1709840392,D,MANAGEMENT: CMD 'status'
2024-03-07 19:39:53.106 +00:00 [DBG] >LOG:1709840393,D,MANAGEMENT: CMD 'status'
2024-03-07 19:39:53.618 +00:00 [DBG] >LOG:1709840393,D,MANAGEMENT: CMD 'status'
2024-03-07 19:39:54.128 +00:00 [DBG] >LOG:1709840394,D,MANAGEMENT: CMD 'status'
2024-03-07 19:39:54.644 +00:00 [DBG] >LOG:1709840394,D,MANAGEMENT: CMD 'status'
2024-03-07 19:39:55.152 +00:00 [DBG] >LOG:1709840395,D,MANAGEMENT: CMD 'status'
2024-03-07 19:39:55.658 +00:00 [DBG] >LOG:1709840395,D,MANAGEMENT: CMD 'status'
2024-03-07 19:39:56.164 +00:00 [DBG] >LOG:1709840396,D,MANAGEMENT: CMD 'status'
2024-03-07 19:39:56.669 +00:00 [DBG] >LOG:1709840396,D,MANAGEMENT: CMD 'status'
2024-03-07 19:39:57.177 +00:00 [DBG] >LOG:1709840397,D,MANAGEMENT: CMD 'status'
2024-03-07 19:39:57.684 +00:00 [DBG] >LOG:1709840397,D,MANAGEMENT: CMD 'status'
2024-03-07 19:39:58.192 +00:00 [DBG] >LOG:1709840398,D,MANAGEMENT: CMD 'status'
2024-03-07 19:39:58.696 +00:00 [DBG] >LOG:1709840398,D,MANAGEMENT: CMD 'status'
2024-03-07 19:39:59.206 +00:00 [DBG] >LOG:1709840399,D,MANAGEMENT: CMD 'status'
2024-03-07 19:39:59.710 +00:00 [DBG] >LOG:1709840399,D,MANAGEMENT: CMD 'status'
2024-03-07 19:40:00.218 +00:00 [DBG] >LOG:1709840400,D,MANAGEMENT: CMD 'status'
2024-03-07 19:40:00.723 +00:00 [DBG] >LOG:1709840400,D,MANAGEMENT: CMD 'status'
2024-03-07 19:40:01.230 +00:00 [DBG] >LOG:1709840401,D,MANAGEMENT: CMD 'status'
2024-03-07 19:40:01.736 +00:00 [DBG] >LOG:1709840401,D,MANAGEMENT: CMD 'status'
2024-03-07 19:40:02.249 +00:00 [DBG] >LOG:1709840402,D,MANAGEMENT: CMD 'status'
2024-03-07 19:40:02.753 +00:00 [DBG] >LOG:1709840402,D,MANAGEMENT: CMD 'status'
2024-03-07 19:40:03.259 +00:00 [DBG] >LOG:1709840403,D,MANAGEMENT: CMD 'status'
2024-03-07 19:40:03.765 +00:00 [DBG] >LOG:1709840403,D,MANAGEMENT: CMD 'status'
2024-03-07 19:40:04.273 +00:00 [DBG] >LOG:1709840404,D,MANAGEMENT: CMD 'status'
2024-03-07 19:40:04.784 +00:00 [DBG] >LOG:1709840404,D,MANAGEMENT: CMD 'status'
2024-03-07 19:40:05.292 +00:00 [DBG] >LOG:1709840405,D,MANAGEMENT: CMD 'status'
2024-03-07 19:40:05.801 +00:00 [DBG] >LOG:1709840405,D,MANAGEMENT: CMD 'status'
2024-03-07 19:40:06.309 +00:00 [DBG] >LOG:1709840406,D,MANAGEMENT: CMD 'status'
2024-03-07 19:40:06.816 +00:00 [DBG] >LOG:1709840406,D,MANAGEMENT: CMD 'status'
2024-03-07 19:40:07.322 +00:00 [DBG] >LOG:1709840407,D,MANAGEMENT: CMD 'status'
2024-03-07 19:40:07.835 +00:00 [DBG] >LOG:1709840407,D,MANAGEMENT: CMD 'status'
2024-03-07 19:40:08.339 +00:00 [DBG] >LOG:1709840408,D,MANAGEMENT: CMD 'status'
2024-03-07 19:40:08.848 +00:00 [DBG] >LOG:1709840408,D,MANAGEMENT: CMD 'status'
2024-03-07 19:40:09.355 +00:00 [DBG] >LOG:1709840409,D,MANAGEMENT: CMD 'status'
2024-03-07 19:40:09.864 +00:00 [DBG] >LOG:1709840409,D,MANAGEMENT: CMD 'status'
2024-03-07 19:40:10.373 +00:00 [DBG] >LOG:1709840410,D,MANAGEMENT: CMD 'status'
2024-03-07 19:40:10.879 +00:00 [DBG] >LOG:1709840410,D,MANAGEMENT: CMD 'status'
2024-03-07 19:40:11.384 +00:00 [DBG] >LOG:1709840411,D,MANAGEMENT: CMD 'status'
2024-03-07 19:40:11.891 +00:00 [DBG] >LOG:1709840411,D,MANAGEMENT: CMD 'status'
2024-03-07 19:40:12.398 +00:00 [DBG] >LOG:1709840412,D,MANAGEMENT: CMD 'status'
2024-03-07 19:40:12.902 +00:00 [DBG] >LOG:1709840412,D,MANAGEMENT: CMD 'status'
2024-03-07 19:40:13.408 +00:00 [DBG] >LOG:1709840413,D,MANAGEMENT: CMD 'status'
2024-03-07 19:40:13.919 +00:00 [DBG] >LOG:1709840413,D,MANAGEMENT: CMD 'status'
2024-03-07 19:40:14.426 +00:00 [DBG] >LOG:1709840414,D,MANAGEMENT: CMD 'status'
2024-03-07 19:40:14.933 +00:00 [DBG] >LOG:1709840414,D,MANAGEMENT: CMD 'status'
2024-03-07 19:40:15.440 +00:00 [DBG] >LOG:1709840415,D,MANAGEMENT: CMD 'status'
2024-03-07 19:40:15.995 +00:00 [DBG] >LOG:1709840415,D,MANAGEMENT: CMD 'status'
2024-03-07 19:40:16.511 +00:00 [DBG] >LOG:1709840416,D,MANAGEMENT: CMD 'status'
2024-03-07 19:40:17.023 +00:00 [DBG] >LOG:1709840417,D,MANAGEMENT: CMD 'status'
2024-03-07 19:40:17.527 +00:00 [DBG] >LOG:1709840417,D,MANAGEMENT: CMD 'status'
2024-03-07 19:40:18.035 +00:00 [DBG] >LOG:1709840418,D,MANAGEMENT: CMD 'status'
2024-03-07 19:40:18.546 +00:00 [DBG] >LOG:1709840418,D,MANAGEMENT: CMD 'status'
2024-03-07 19:40:19.058 +00:00 [DBG] >LOG:1709840419,D,MANAGEMENT: CMD 'status'
2024-03-07 19:40:19.569 +00:00 [DBG] >LOG:1709840419,D,MANAGEMENT: CMD 'status'
2024-03-07 19:40:20.080 +00:00 [DBG] >LOG:1709840420,D,MANAGEMENT: CMD 'status'
2024-03-07 19:40:20.601 +00:00 [DBG] >LOG:1709840420,D,MANAGEMENT: CMD 'status'
2024-03-07 19:40:21.106 +00:00 [DBG] >LOG:1709840421,D,MANAGEMENT: CMD 'status'
2024-03-07 19:40:21.620 +00:00 [DBG] >LOG:1709840421,D,MANAGEMENT: CMD 'status'
2024-03-07 19:40:22.124 +00:00 [DBG] >LOG:1709840422,D,MANAGEMENT: CMD 'status'
2024-03-07 19:40:22.630 +00:00 [DBG] >LOG:1709840422,D,MANAGEMENT: CMD 'status'
2024-03-07 19:40:23.143 +00:00 [DBG] >LOG:1709840423,D,MANAGEMENT: CMD 'status'
2024-03-07 19:40:23.653 +00:00 [DBG] >LOG:1709840423,D,MANAGEMENT: CMD 'status'
2024-03-07 19:40:24.161 +00:00 [DBG] >LOG:1709840424,D,MANAGEMENT: CMD 'status'
2024-03-07 19:40:24.670 +00:00 [DBG] >LOG:1709840424,D,MANAGEMENT: CMD 'status'
2024-03-07 19:40:25.178 +00:00 [DBG] >LOG:1709840425,D,MANAGEMENT: CMD 'status'
2024-03-07 19:40:25.686 +00:00 [DBG] >LOG:1709840425,D,MANAGEMENT: CMD 'status'
2024-03-07 19:40:26.196 +00:00 [DBG] >LOG:1709840426,D,MANAGEMENT: CMD 'status'
2024-03-07 19:40:26.705 +00:00 [DBG] >LOG:1709840426,D,MANAGEMENT: CMD 'status'
2024-03-07 19:40:27.215 +00:00 [DBG] >LOG:1709840427,D,MANAGEMENT: CMD 'status'
2024-03-07 19:40:27.721 +00:00 [DBG] >LOG:1709840427,D,MANAGEMENT: CMD 'status'
2024-03-07 19:40:28.230 +00:00 [DBG] >LOG:1709840428,D,MANAGEMENT: CMD 'status'
2024-03-07 19:40:28.746 +00:00 [DBG] >LOG:1709840428,D,MANAGEMENT: CMD 'status'
2024-03-07 19:40:29.250 +00:00 [DBG] >LOG:1709840429,D,MANAGEMENT: CMD 'status'
2024-03-07 19:40:29.756 +00:00 [DBG] >LOG:1709840429,D,MANAGEMENT: CMD 'status'
2024-03-07 19:40:30.261 +00:00 [DBG] >LOG:1709840430,D,MANAGEMENT: CMD 'status'
2024-03-07 19:40:30.766 +00:00 [DBG] >LOG:1709840430,D,MANAGEMENT: CMD 'status'
2024-03-07 19:40:31.274 +00:00 [DBG] >LOG:1709840431,D,MANAGEMENT: CMD 'status'
2024-03-07 19:40:31.785 +00:00 [DBG] >LOG:1709840431,D,MANAGEMENT: CMD 'status'
2024-03-07 19:40:32.294 +00:00 [DBG] >LOG:1709840432,D,MANAGEMENT: CMD 'status'
2024-03-07 19:40:32.801 +00:00 [DBG] >LOG:1709840432,D,MANAGEMENT: CMD 'status'
2024-03-07 19:40:33.308 +00:00 [DBG] >LOG:1709840433,D,MANAGEMENT: CMD 'status'
2024-03-07 19:40:33.815 +00:00 [DBG] >LOG:1709840433,D,MANAGEMENT: CMD 'status'
2024-03-07 19:40:34.321 +00:00 [DBG] >LOG:1709840434,D,MANAGEMENT: CMD 'status'
2024-03-07 19:40:34.832 +00:00 [DBG] >LOG:1709840434,D,MANAGEMENT: CMD 'status'
2024-03-07 19:40:35.337 +00:00 [DBG] >LOG:1709840435,D,MANAGEMENT: CMD 'status'
2024-03-07 19:40:35.848 +00:00 [DBG] >LOG:1709840435,D,MANAGEMENT: CMD 'status'
2024-03-07 19:40:36.359 +00:00 [DBG] >LOG:1709840436,D,MANAGEMENT: CMD 'status'
2024-03-07 19:40:36.867 +00:00 [DBG] >LOG:1709840436,D,MANAGEMENT: CMD 'status'
2024-03-07 19:40:37.374 +00:00 [DBG] >LOG:1709840437,D,MANAGEMENT: CMD 'status'
2024-03-07 19:40:37.883 +00:00 [DBG] >LOG:1709840437,D,MANAGEMENT: CMD 'status'
2024-03-07 19:40:38.389 +00:00 [DBG] >LOG:1709840438,D,MANAGEMENT: CMD 'status'
2024-03-07 19:40:38.897 +00:00 [DBG] >LOG:1709840438,D,MANAGEMENT: CMD 'status'
2024-03-07 19:40:39.405 +00:00 [DBG] >LOG:1709840439,D,MANAGEMENT: CMD 'status'
2024-03-07 19:40:39.914 +00:00 [DBG] >LOG:1709840439,D,MANAGEMENT: CMD 'status'
2024-03-07 19:40:40.424 +00:00 [DBG] >LOG:1709840440,D,MANAGEMENT: CMD 'status'
2024-03-07 19:40:40.928 +00:00 [DBG] >LOG:1709840440,D,MANAGEMENT: CMD 'status'
2024-03-07 19:40:41.444 +00:00 [DBG] >LOG:1709840441,D,MANAGEMENT: CMD 'status'
2024-03-07 19:40:41.950 +00:00 [DBG] >LOG:1709840441,D,MANAGEMENT: CMD 'status'
2024-03-07 19:40:42.468 +00:00 [DBG] >LOG:1709840442,D,MANAGEMENT: CMD 'status'
2024-03-07 19:40:42.971 +00:00 [DBG] >LOG:1709840442,D,MANAGEMENT: CMD 'status'
2024-03-07 19:40:43.475 +00:00 [DBG] >LOG:1709840443,D,MANAGEMENT: CMD 'status'
2024-03-07 19:40:43.986 +00:00 [DBG] >LOG:1709840443,D,MANAGEMENT: CMD 'status'
2024-03-07 19:40:44.501 +00:00 [DBG] >LOG:1709840444,D,MANAGEMENT: CMD 'status'
2024-03-07 19:40:45.006 +00:00 [DBG] >LOG:1709840445,D,MANAGEMENT: CMD 'status'
2024-03-07 19:40:45.513 +00:00 [DBG] >LOG:1709840445,D,MANAGEMENT: CMD 'status'
2024-03-07 19:40:46.023 +00:00 [DBG] >LOG:1709840446,D,MANAGEMENT: CMD 'status'
2024-03-07 19:40:46.535 +00:00 [DBG] >LOG:1709840446,D,MANAGEMENT: CMD 'status'
2024-03-07 19:40:47.039 +00:00 [DBG] >LOG:1709840447,D,MANAGEMENT: CMD 'status'
2024-03-07 19:40:47.542 +00:00 [DBG] >LOG:1709840447,D,MANAGEMENT: CMD 'status'
2024-03-07 19:40:48.047 +00:00 [DBG] >LOG:1709840448,D,MANAGEMENT: CMD 'status'
2024-03-07 19:40:48.556 +00:00 [DBG] >LOG:1709840448,D,MANAGEMENT: CMD 'status'
2024-03-07 19:40:49.061 +00:00 [DBG] >LOG:1709840449,D,MANAGEMENT: CMD 'status'
2024-03-07 19:40:49.569 +00:00 [DBG] >LOG:1709840449,D,MANAGEMENT: CMD 'status'
2024-03-07 19:40:50.080 +00:00 [DBG] >LOG:1709840450,D,MANAGEMENT: CMD 'status'
2024-03-07 19:40:50.588 +00:00 [DBG] >LOG:1709840450,D,MANAGEMENT: CMD 'status'
2024-03-07 19:40:51.091 +00:00 [DBG] >LOG:1709840451,D,MANAGEMENT: CMD 'status'
2024-03-07 19:40:51.594 +00:00 [DBG] >LOG:1709840451,D,MANAGEMENT: CMD 'status'
2024-03-07 19:40:52.104 +00:00 [DBG] >LOG:1709840452,D,MANAGEMENT: CMD 'status'
2024-03-07 19:40:52.609 +00:00 [DBG] >LOG:1709840452,D,MANAGEMENT: CMD 'status'
2024-03-07 19:40:53.121 +00:00 [DBG] >LOG:1709840453,D,MANAGEMENT: CMD 'status'
2024-03-07 19:40:53.626 +00:00 [DBG] >LOG:1709840453,D,MANAGEMENT: CMD 'status'
2024-03-07 19:40:54.130 +00:00 [DBG] >LOG:1709840454,D,MANAGEMENT: CMD 'status'
2024-03-07 19:40:54.643 +00:00 [DBG] >LOG:1709840454,D,MANAGEMENT: CMD 'status'
2024-03-07 19:40:55.150 +00:00 [DBG] >LOG:1709840455,D,MANAGEMENT: CMD 'status'
2024-03-07 19:40:55.656 +00:00 [DBG] >LOG:1709840455,D,MANAGEMENT: CMD 'status'
2024-03-07 19:40:56.162 +00:00 [DBG] >LOG:1709840456,D,MANAGEMENT: CMD 'status'
2024-03-07 19:40:56.670 +00:00 [DBG] >LOG:1709840456,D,MANAGEMENT: CMD 'status'
2024-03-07 19:40:57.180 +00:00 [DBG] >LOG:1709840457,D,MANAGEMENT: CMD 'status'
2024-03-07 19:40:57.689 +00:00 [DBG] >LOG:1709840457,D,MANAGEMENT: CMD 'status'
2024-03-07 19:40:58.193 +00:00 [DBG] >LOG:1709840458,D,MANAGEMENT: CMD 'status'
2024-03-07 19:40:58.696 +00:00 [DBG] >LOG:1709840458,D,MANAGEMENT: CMD 'status'
2024-03-07 19:40:59.200 +00:00 [DBG] >LOG:1709840459,D,MANAGEMENT: CMD 'status'
2024-03-07 19:40:59.704 +00:00 [DBG] >LOG:1709840459,D,MANAGEMENT: CMD 'status'
2024-03-07 19:41:00.217 +00:00 [DBG] >LOG:1709840460,D,MANAGEMENT: CMD 'status'
2024-03-07 19:41:00.730 +00:00 [DBG] >LOG:1709840460,D,MANAGEMENT: CMD 'status'
2024-03-07 19:41:01.236 +00:00 [DBG] >LOG:1709840461,D,MANAGEMENT: CMD 'status'
2024-03-07 19:41:01.743 +00:00 [DBG] >LOG:1709840461,D,MANAGEMENT: CMD 'status'
2024-03-07 19:41:02.249 +00:00 [DBG] >LOG:1709840462,D,MANAGEMENT: CMD 'status'
2024-03-07 19:41:02.752 +00:00 [DBG] >LOG:1709840462,D,MANAGEMENT: CMD 'status'
2024-03-07 19:41:03.258 +00:00 [DBG] >LOG:1709840463,D,MANAGEMENT: CMD 'status'
2024-03-07 19:41:03.765 +00:00 [DBG] >LOG:1709840463,D,MANAGEMENT: CMD 'status'
2024-03-07 19:41:04.271 +00:00 [DBG] >LOG:1709840464,D,MANAGEMENT: CMD 'status'
2024-03-07 19:41:04.779 +00:00 [DBG] >LOG:1709840464,D,MANAGEMENT: CMD 'status'
2024-03-07 19:41:05.283 +00:00 [DBG] >LOG:1709840465,D,MANAGEMENT: CMD 'status'
2024-03-07 19:41:05.786 +00:00 [DBG] >LOG:1709840465,D,MANAGEMENT: CMD 'status'
2024-03-07 19:41:06.289 +00:00 [DBG] >LOG:1709840466,D,MANAGEMENT: CMD 'status'
2024-03-07 19:41:06.796 +00:00 [DBG] >LOG:1709840466,D,MANAGEMENT: CMD 'status'
2024-03-07 19:41:07.307 +00:00 [DBG] >LOG:1709840467,D,MANAGEMENT: CMD 'status'
2024-03-07 19:41:07.816 +00:00 [DBG] >LOG:1709840467,D,MANAGEMENT: CMD 'status'
2024-03-07 19:41:08.324 +00:00 [DBG] >LOG:1709840468,D,MANAGEMENT: CMD 'status'
2024-03-07 19:41:08.829 +00:00 [DBG] >LOG:1709840468,D,MANAGEMENT: CMD 'status'
2024-03-07 19:41:09.333 +00:00 [DBG] >LOG:1709840469,D,MANAGEMENT: CMD 'status'
2024-03-07 19:41:09.835 +00:00 [DBG] >LOG:1709840469,D,MANAGEMENT: CMD 'status'
2024-03-07 19:41:10.341 +00:00 [DBG] >LOG:1709840470,D,MANAGEMENT: CMD 'status'
2024-03-07 19:41:10.846 +00:00 [DBG] >LOG:1709840470,D,MANAGEMENT: CMD 'status'
2024-03-07 19:41:11.357 +00:00 [DBG] >LOG:1709840471,D,MANAGEMENT: CMD 'status'
2024-03-07 19:41:11.861 +00:00 [DBG] >LOG:1709840471,D,MANAGEMENT: CMD 'status'
2024-03-07 19:41:12.365 +00:00 [DBG] >LOG:1709840472,D,MANAGEMENT: CMD 'status'
2024-03-07 19:41:12.907 +00:00 [DBG] >LOG:1709840472,D,MANAGEMENT: CMD 'status'
2024-03-07 19:41:13.413 +00:00 [DBG] >LOG:1709840473,D,MANAGEMENT: CMD 'status'
2024-03-07 19:41:13.922 +00:00 [DBG] >LOG:1709840473,D,MANAGEMENT: CMD 'status'
2024-03-07 19:41:14.431 +00:00 [DBG] >LOG:1709840474,D,MANAGEMENT: CMD 'status'
2024-03-07 19:41:14.938 +00:00 [DBG] >LOG:1709840474,D,MANAGEMENT: CMD 'status'
2024-03-07 19:41:15.443 +00:00 [DBG] >LOG:1709840475,D,MANAGEMENT: CMD 'status'
2024-03-07 19:41:15.948 +00:00 [DBG] >LOG:1709840475,D,MANAGEMENT: CMD 'status'
2024-03-07 19:41:16.471 +00:00 [DBG] >LOG:1709840476,D,MANAGEMENT: CMD 'status'
2024-03-07 19:41:16.974 +00:00 [DBG] >LOG:1709840476,D,MANAGEMENT: CMD 'status'
2024-03-07 19:41:17.478 +00:00 [DBG] >LOG:1709840477,D,MANAGEMENT: CMD 'status'
2024-03-07 19:41:17.983 +00:00 [DBG] >LOG:1709840477,D,MANAGEMENT: CMD 'status'
2024-03-07 19:41:18.489 +00:00 [DBG] >LOG:1709840478,D,MANAGEMENT: CMD 'status'
2024-03-07 19:41:18.996 +00:00 [DBG] >LOG:1709840478,D,MANAGEMENT: CMD 'status'
2024-03-07 19:41:19.508 +00:00 [DBG] >LOG:1709840479,D,MANAGEMENT: CMD 'status'
2024-03-07 19:41:20.029 +00:00 [DBG] >LOG:1709840480,D,MANAGEMENT: CMD 'status'
2024-03-07 19:41:20.549 +00:00 [DBG] >LOG:1709840480,D,MANAGEMENT: CMD 'status'
2024-03-07 19:41:21.052 +00:00 [DBG] >LOG:1709840481,D,MANAGEMENT: CMD 'status'
2024-03-07 19:41:21.556 +00:00 [DBG] >LOG:1709840481,D,MANAGEMENT: CMD 'status'
2024-03-07 19:41:22.069 +00:00 [DBG] >LOG:1709840482,D,MANAGEMENT: CMD 'status'
2024-03-07 19:41:22.578 +00:00 [DBG] >LOG:1709840482,D,MANAGEMENT: CMD 'status'
2024-03-07 19:41:23.087 +00:00 [DBG] >LOG:1709840483,D,MANAGEMENT: CMD 'status'
2024-03-07 19:41:23.603 +00:00 [DBG] >LOG:1709840483,D,MANAGEMENT: CMD 'status'
2024-03-07 19:41:24.107 +00:00 [DBG] >LOG:1709840484,D,MANAGEMENT: CMD 'status'
2024-03-07 19:41:24.611 +00:00 [DBG] >LOG:1709840484,D,MANAGEMENT: CMD 'status'
2024-03-07 19:41:25.115 +00:00 [DBG] >LOG:1709840485,D,MANAGEMENT: CMD 'status'
2024-03-07 19:41:25.618 +00:00 [DBG] >LOG:1709840485,D,MANAGEMENT: CMD 'status'
2024-03-07 19:41:26.121 +00:00 [DBG] >LOG:1709840486,D,MANAGEMENT: CMD 'status'
2024-03-07 19:41:26.626 +00:00 [DBG] >LOG:1709840486,D,MANAGEMENT: CMD 'status'
2024-03-07 19:41:27.142 +00:00 [DBG] >LOG:1709840487,D,MANAGEMENT: CMD 'status'
2024-03-07 19:41:27.646 +00:00 [DBG] >LOG:1709840487,D,MANAGEMENT: CMD 'status'
2024-03-07 19:41:28.167 +00:00 [DBG] >LOG:1709840488,D,MANAGEMENT: CMD 'status'
2024-03-07 19:41:28.669 +00:00 [DBG] >LOG:1709840488,D,MANAGEMENT: CMD 'status'
2024-03-07 19:41:29.191 +00:00 [DBG] >LOG:1709840489,D,MANAGEMENT: CMD 'status'
2024-03-07 19:41:29.699 +00:00 [DBG] >LOG:1709840489,D,MANAGEMENT: CMD 'status'
2024-03-07 19:41:30.204 +00:00 [DBG] >LOG:1709840490,D,MANAGEMENT: CMD 'status'
2024-03-07 19:41:30.724 +00:00 [DBG] >LOG:1709840490,D,MANAGEMENT: CMD 'status'
2024-03-07 19:41:31.228 +00:00 [DBG] >LOG:1709840491,D,MANAGEMENT: CMD 'status'
2024-03-07 19:41:31.733 +00:00 [DBG] >LOG:1709840491,D,MANAGEMENT: CMD 'status'
2024-03-07 19:41:32.238 +00:00 [DBG] >LOG:1709840492,D,MANAGEMENT: CMD 'status'
2024-03-07 19:41:32.743 +00:00 [DBG] >LOG:1709840492,D,MANAGEMENT: CMD 'status'
2024-03-07 19:41:33.248 +00:00 [DBG] >LOG:1709840493,D,MANAGEMENT: CMD 'status'
2024-03-07 19:41:33.756 +00:00 [DBG] >LOG:1709840493,D,MANAGEMENT: CMD 'status'
2024-03-07 19:41:34.261 +00:00 [DBG] >LOG:1709840494,D,MANAGEMENT: CMD 'status'
2024-03-07 19:41:34.770 +00:00 [DBG] >LOG:1709840494,D,MANAGEMENT: CMD 'status'
2024-03-07 19:41:35.282 +00:00 [DBG] >LOG:1709840495,D,MANAGEMENT: CMD 'status'
2024-03-07 19:41:35.786 +00:00 [DBG] >LOG:1709840495,D,MANAGEMENT: CMD 'status'
2024-03-07 19:41:36.292 +00:00 [DBG] >LOG:1709840496,D,MANAGEMENT: CMD 'status'
2024-03-07 19:41:36.795 +00:00 [DBG] >LOG:1709840496,D,MANAGEMENT: CMD 'status'
2024-03-07 19:41:37.299 +00:00 [DBG] >LOG:1709840497,D,MANAGEMENT: CMD 'status'
2024-03-07 19:41:37.809 +00:00 [DBG] >LOG:1709840497,D,MANAGEMENT: CMD 'status'
2024-03-07 19:41:38.320 +00:00 [DBG] >LOG:1709840498,D,MANAGEMENT: CMD 'status'
2024-03-07 19:41:38.828 +00:00 [DBG] >LOG:1709840498,D,MANAGEMENT: CMD 'status'
2024-03-07 19:41:39.334 +00:00 [DBG] >LOG:1709840499,D,MANAGEMENT: CMD 'status'
2024-03-07 19:41:39.839 +00:00 [DBG] >LOG:1709840499,D,MANAGEMENT: CMD 'status'
2024-03-07 19:41:40.345 +00:00 [DBG] >LOG:1709840500,D,MANAGEMENT: CMD 'status'
2024-03-07 19:41:40.849 +00:00 [DBG] >LOG:1709840500,D,MANAGEMENT: CMD 'status'
2024-03-07 19:41:41.352 +00:00 [DBG] >LOG:1709840501,D,MANAGEMENT: CMD 'status'
2024-03-07 19:41:41.885 +00:00 [DBG] >LOG:1709840501,D,MANAGEMENT: CMD 'status'
2024-03-07 19:41:42.401 +00:00 [DBG] >LOG:1709840502,D,MANAGEMENT: CMD 'status'
2024-03-07 19:41:42.911 +00:00 [DBG] >LOG:1709840502,D,MANAGEMENT: CMD 'status'
2024-03-07 19:41:43.422 +00:00 [DBG] >LOG:1709840503,D,MANAGEMENT: CMD 'status'
2024-03-07 19:41:43.931 +00:00 [DBG] >LOG:1709840503,D,MANAGEMENT: CMD 'status'
2024-03-07 19:41:44.441 +00:00 [DBG] >LOG:1709840504,D,MANAGEMENT: CMD 'status'
2024-03-07 19:41:44.946 +00:00 [DBG] >LOG:1709840504,D,MANAGEMENT: CMD 'status'
2024-03-07 19:41:45.455 +00:00 [DBG] >LOG:1709840505,D,MANAGEMENT: CMD 'status'
2024-03-07 19:41:45.962 +00:00 [DBG] >LOG:1709840505,D,MANAGEMENT: CMD 'status'
2024-03-07 19:41:46.479 +00:00 [DBG] >LOG:1709840506,D,MANAGEMENT: CMD 'status'
2024-03-07 19:41:46.984 +00:00 [DBG] >LOG:1709840506,D,MANAGEMENT: CMD 'status'
2024-03-07 19:41:47.487 +00:00 [DBG] >LOG:1709840507,D,MANAGEMENT: CMD 'status'
2024-03-07 19:41:47.993 +00:00 [DBG] >LOG:1709840507,D,MANAGEMENT: CMD 'status'
2024-03-07 19:41:48.502 +00:00 [DBG] >LOG:1709840508,D,MANAGEMENT: CMD 'status'
2024-03-07 19:41:49.019 +00:00 [DBG] >LOG:1709840509,D,MANAGEMENT: CMD 'status'
2024-03-07 19:41:49.524 +00:00 [DBG] >LOG:1709840509,D,MANAGEMENT: CMD 'status'
2024-03-07 19:41:50.033 +00:00 [DBG] >LOG:1709840510,D,MANAGEMENT: CMD 'status'
2024-03-07 19:41:50.549 +00:00 [DBG] >LOG:1709840510,D,MANAGEMENT: CMD 'status'
2024-03-07 19:41:51.051 +00:00 [DBG] >LOG:1709840511,D,MANAGEMENT: CMD 'status'
2024-03-07 19:41:51.557 +00:00 [DBG] >LOG:1709840511,D,MANAGEMENT: CMD 'status'
2024-03-07 19:41:52.060 +00:00 [DBG] >LOG:1709840512,D,MANAGEMENT: CMD 'status'
2024-03-07 19:41:52.563 +00:00 [DBG] >LOG:1709840512,D,MANAGEMENT: CMD 'status'
2024-03-07 19:41:53.067 +00:00 [DBG] >LOG:1709840513,D,MANAGEMENT: CMD 'status'
2024-03-07 19:41:53.577 +00:00 [DBG] >LOG:1709840513,D,MANAGEMENT: CMD 'status'
2024-03-07 19:41:54.087 +00:00 [DBG] >LOG:1709840514,D,MANAGEMENT: CMD 'status'
2024-03-07 19:41:54.604 +00:00 [DBG] >LOG:1709840514,D,MANAGEMENT: CMD 'status'
2024-03-07 19:41:55.128 +00:00 [DBG] >LOG:1709840515,D,MANAGEMENT: CMD 'status'
2024-03-07 19:41:55.633 +00:00 [DBG] >LOG:1709840515,D,MANAGEMENT: CMD 'status'
2024-03-07 19:41:56.139 +00:00 [DBG] >LOG:1709840516,D,MANAGEMENT: CMD 'status'
2024-03-07 19:41:56.646 +00:00 [DBG] >LOG:1709840516,D,MANAGEMENT: CMD 'status'
2024-03-07 19:41:57.153 +00:00 [DBG] >LOG:1709840517,D,MANAGEMENT: CMD 'status'
2024-03-07 19:41:57.663 +00:00 [DBG] >LOG:1709840517,D,MANAGEMENT: CMD 'status'
2024-03-07 19:41:58.171 +00:00 [DBG] >LOG:1709840518,D,MANAGEMENT: CMD 'status'
2024-03-07 19:41:58.676 +00:00 [DBG] >LOG:1709840518,D,MANAGEMENT: CMD 'status'
2024-03-07 19:41:59.182 +00:00 [DBG] >LOG:1709840519,D,MANAGEMENT: CMD 'status'
2024-03-07 19:41:59.687 +00:00 [DBG] >LOG:1709840519,D,MANAGEMENT: CMD 'status'
2024-03-07 19:42:00.195 +00:00 [DBG] >LOG:1709840520,D,MANAGEMENT: CMD 'status'
2024-03-07 19:42:00.704 +00:00 [DBG] >LOG:1709840520,D,MANAGEMENT: CMD 'status'
2024-03-07 19:42:01.211 +00:00 [DBG] >LOG:1709840521,D,MANAGEMENT: CMD 'status'
2024-03-07 19:42:01.717 +00:00 [DBG] >LOG:1709840521,D,MANAGEMENT: CMD 'status'
2024-03-07 19:42:02.226 +00:00 [DBG] >LOG:1709840522,D,MANAGEMENT: CMD 'status'
2024-03-07 19:42:02.731 +00:00 [DBG] >LOG:1709840522,D,MANAGEMENT: CMD 'status'
2024-03-07 19:42:03.242 +00:00 [DBG] >LOG:1709840523,D,MANAGEMENT: CMD 'status'
2024-03-07 19:42:03.748 +00:00 [DBG] >LOG:1709840523,D,MANAGEMENT: CMD 'status'
2024-03-07 19:42:04.253 +00:00 [DBG] >LOG:1709840524,D,MANAGEMENT: CMD 'status'
2024-03-07 19:42:04.758 +00:00 [DBG] >LOG:1709840524,D,MANAGEMENT: CMD 'status'
2024-03-07 19:42:05.265 +00:00 [DBG] >LOG:1709840525,D,MANAGEMENT: CMD 'status'
2024-03-07 19:42:05.776 +00:00 [DBG] >LOG:1709840525,D,MANAGEMENT: CMD 'status'
2024-03-07 19:42:06.287 +00:00 [DBG] >LOG:1709840526,D,MANAGEMENT: CMD 'status'
2024-03-07 19:42:06.791 +00:00 [DBG] >LOG:1709840526,D,MANAGEMENT: CMD 'status'
2024-03-07 19:42:07.296 +00:00 [DBG] >LOG:1709840527,D,MANAGEMENT: CMD 'status'
2024-03-07 19:42:07.800 +00:00 [DBG] >LOG:1709840527,D,MANAGEMENT: CMD 'status'
2024-03-07 19:42:08.305 +00:00 [DBG] >LOG:1709840528,D,MANAGEMENT: CMD 'status'
2024-03-07 19:42:08.811 +00:00 [DBG] >LOG:1709840528,D,MANAGEMENT: CMD 'status'
2024-03-07 19:42:09.320 +00:00 [DBG] >LOG:1709840529,D,MANAGEMENT: CMD 'status'
2024-03-07 19:42:09.826 +00:00 [DBG] >LOG:1709840529,D,MANAGEMENT: CMD 'status'
2024-03-07 19:42:10.331 +00:00 [DBG] >LOG:1709840530,D,MANAGEMENT: CMD 'status'
2024-03-07 19:42:10.834 +00:00 [DBG] >LOG:1709840530,D,MANAGEMENT: CMD 'status'
2024-03-07 19:42:11.339 +00:00 [DBG] >LOG:1709840531,D,MANAGEMENT: CMD 'status'
2024-03-07 19:42:11.851 +00:00 [DBG] >LOG:1709840531,D,MANAGEMENT: CMD 'status'
2024-03-07 19:42:12.362 +00:00 [DBG] >LOG:1709840532,D,MANAGEMENT: CMD 'status'
2024-03-07 19:42:12.873 +00:00 [DBG] >LOG:1709840532,D,MANAGEMENT: CMD 'status'
2024-03-07 19:42:13.392 +00:00 [DBG] >LOG:1709840533,D,MANAGEMENT: CMD 'status'
2024-03-07 19:42:13.898 +00:00 [DBG] >LOG:1709840533,D,MANAGEMENT: CMD 'status'
2024-03-07 19:42:14.407 +00:00 [DBG] >LOG:1709840534,D,MANAGEMENT: CMD 'status'
2024-03-07 19:42:14.918 +00:00 [DBG] >LOG:1709840534,D,MANAGEMENT: CMD 'status'
2024-03-07 19:42:15.424 +00:00 [DBG] >LOG:1709840535,D,MANAGEMENT: CMD 'status'
2024-03-07 19:42:15.934 +00:00 [DBG] >LOG:1709840535,D,MANAGEMENT: CMD 'status'
2024-03-07 19:42:16.443 +00:00 [DBG] >LOG:1709840536,D,MANAGEMENT: CMD 'status'
2024-03-07 19:42:16.959 +00:00 [DBG] >LOG:1709840536,D,MANAGEMENT: CMD 'status'
2024-03-07 19:42:17.467 +00:00 [DBG] >LOG:1709840537,D,MANAGEMENT: CMD 'status'
2024-03-07 19:42:17.990 +00:00 [DBG] >LOG:1709840537,D,MANAGEMENT: CMD 'status'
2024-03-07 19:42:18.504 +00:00 [DBG] >LOG:1709840538,D,MANAGEMENT: CMD 'status'
2024-03-07 19:42:19.008 +00:00 [DBG] >LOG:1709840539,D,MANAGEMENT: CMD 'status'
2024-03-07 19:42:19.518 +00:00 [DBG] >LOG:1709840539,D,MANAGEMENT: CMD 'status'
2024-03-07 19:42:20.029 +00:00 [DBG] >LOG:1709840540,D,MANAGEMENT: CMD 'status'
2024-03-07 19:42:20.537 +00:00 [DBG] >LOG:1709840540,D,MANAGEMENT: CMD 'status'
2024-03-07 19:42:21.045 +00:00 [DBG] >LOG:1709840541,D,MANAGEMENT: CMD 'status'
2024-03-07 19:42:21.551 +00:00 [DBG] >LOG:1709840541,D,MANAGEMENT: CMD 'status'
2024-03-07 19:42:22.065 +00:00 [DBG] >LOG:1709840542,D,MANAGEMENT: CMD 'status'
2024-03-07 19:42:22.569 +00:00 [DBG] >LOG:1709840542,D,MANAGEMENT: CMD 'status'
2024-03-07 19:42:23.077 +00:00 [DBG] >LOG:1709840543,D,MANAGEMENT: CMD 'status'
2024-03-07 19:42:23.583 +00:00 [DBG] >LOG:1709840543,D,MANAGEMENT: CMD 'status'
2024-03-07 19:42:24.090 +00:00 [DBG] >LOG:1709840544,D,MANAGEMENT: CMD 'status'
2024-03-07 19:42:24.603 +00:00 [DBG] >LOG:1709840544,D,MANAGEMENT: CMD 'status'
2024-03-07 19:42:25.114 +00:00 [DBG] >LOG:1709840545,D,MANAGEMENT: CMD 'status'
2024-03-07 19:42:25.621 +00:00 [DBG] >LOG:1709840545,D,MANAGEMENT: CMD 'status'
2024-03-07 19:42:26.141 +00:00 [DBG] >LOG:1709840546,D,MANAGEMENT: CMD 'status'
2024-03-07 19:42:26.648 +00:00 [DBG] >LOG:1709840546,D,MANAGEMENT: CMD 'status'
2024-03-07 19:42:27.152 +00:00 [DBG] >LOG:1709840547,D,MANAGEMENT: CMD 'status'
2024-03-07 19:42:27.667 +00:00 [DBG] >LOG:1709840547,D,MANAGEMENT: CMD 'status'
2024-03-07 19:42:28.170 +00:00 [DBG] >LOG:1709840548,D,MANAGEMENT: CMD 'status'
2024-03-07 19:42:28.684 +00:00 [DBG] >LOG:1709840548,D,MANAGEMENT: CMD 'status'
2024-03-07 19:42:29.205 +00:00 [DBG] >LOG:1709840549,D,MANAGEMENT: CMD 'status'
2024-03-07 19:42:29.714 +00:00 [DBG] >LOG:1709840549,D,MANAGEMENT: CMD 'status'
2024-03-07 19:42:30.233 +00:00 [DBG] >LOG:1709840550,D,MANAGEMENT: CMD 'status'
2024-03-07 19:42:30.746 +00:00 [DBG] >LOG:1709840550,D,MANAGEMENT: CMD 'status'
2024-03-07 19:42:31.256 +00:00 [DBG] >LOG:1709840551,D,MANAGEMENT: CMD 'status'
2024-03-07 19:42:31.766 +00:00 [DBG] >LOG:1709840551,D,MANAGEMENT: CMD 'status'
2024-03-07 19:42:32.275 +00:00 [DBG] >LOG:1709840552,D,MANAGEMENT: CMD 'status'
2024-03-07 19:42:32.780 +00:00 [DBG] >LOG:1709840552,D,MANAGEMENT: CMD 'status'
2024-03-07 19:42:33.288 +00:00 [DBG] >LOG:1709840553,D,MANAGEMENT: CMD 'status'
2024-03-07 19:42:33.793 +00:00 [DBG] >LOG:1709840553,D,MANAGEMENT: CMD 'status'
2024-03-07 19:42:34.301 +00:00 [DBG] >LOG:1709840554,D,MANAGEMENT: CMD 'status'
2024-03-07 19:42:34.807 +00:00 [DBG] >LOG:1709840554,D,MANAGEMENT: CMD 'status'
2024-03-07 19:42:35.320 +00:00 [DBG] >LOG:1709840555,D,MANAGEMENT: CMD 'status'
2024-03-07 19:42:35.839 +00:00 [DBG] >LOG:1709840555,D,MANAGEMENT: CMD 'status'
2024-03-07 19:42:36.347 +00:00 [DBG] >LOG:1709840556,D,MANAGEMENT: CMD 'status'
2024-03-07 19:42:36.862 +00:00 [DBG] >LOG:1709840556,D,MANAGEMENT: CMD 'status'
2024-03-07 19:42:37.379 +00:00 [DBG] >LOG:1709840557,D,MANAGEMENT: CMD 'status'
2024-03-07 19:42:37.887 +00:00 [DBG] >LOG:1709840557,D,MANAGEMENT: CMD 'status'
2024-03-07 19:42:38.392 +00:00 [DBG] >LOG:1709840558,D,MANAGEMENT: CMD 'status'
2024-03-07 19:42:38.896 +00:00 [DBG] >LOG:1709840558,D,MANAGEMENT: CMD 'status'
2024-03-07 19:42:39.400 +00:00 [DBG] >LOG:1709840559,D,MANAGEMENT: CMD 'status'
2024-03-07 19:42:39.903 +00:00 [DBG] >LOG:1709840559,D,MANAGEMENT: CMD 'status'
2024-03-07 19:42:40.409 +00:00 [DBG] >LOG:1709840560,D,MANAGEMENT: CMD 'status'
2024-03-07 19:42:40.918 +00:00 [DBG] >LOG:1709840560,D,MANAGEMENT: CMD 'status'
2024-03-07 19:42:41.423 +00:00 [DBG] >LOG:1709840561,D,MANAGEMENT: CMD 'status'
2024-03-07 19:42:41.929 +00:00 [DBG] >LOG:1709840561,D,MANAGEMENT: CMD 'status'
2024-03-07 19:42:42.433 +00:00 [DBG] >LOG:1709840562,D,MANAGEMENT: CMD 'status'
2024-03-07 19:42:42.942 +00:00 [DBG] >LOG:1709840562,D,MANAGEMENT: CMD 'status'
2024-03-07 19:42:43.453 +00:00 [DBG] >LOG:1709840563,D,MANAGEMENT: CMD 'status'
2024-03-07 19:42:43.955 +00:00 [DBG] >LOG:1709840563,D,MANAGEMENT: CMD 'status'
2024-03-07 19:42:44.461 +00:00 [DBG] >LOG:1709840564,D,MANAGEMENT: CMD 'status'
2024-03-07 19:42:44.969 +00:00 [DBG] >LOG:1709840564,D,MANAGEMENT: CMD 'status'
2024-03-07 19:42:45.488 +00:00 [DBG] >LOG:1709840565,D,MANAGEMENT: CMD 'status'
2024-03-07 19:42:46.006 +00:00 [DBG] >LOG:1709840566,D,MANAGEMENT: CMD 'status'
2024-03-07 19:42:46.514 +00:00 [DBG] >LOG:1709840566,D,MANAGEMENT: CMD 'status'
2024-03-07 19:42:47.018 +00:00 [DBG] >LOG:1709840567,D,MANAGEMENT: CMD 'status'
2024-03-07 19:42:47.522 +00:00 [DBG] >LOG:1709840567,D,MANAGEMENT: CMD 'status'
2024-03-07 19:42:48.028 +00:00 [DBG] >LOG:1709840568,D,MANAGEMENT: CMD 'status'
2024-03-07 19:42:48.533 +00:00 [DBG] >LOG:1709840568,D,MANAGEMENT: CMD 'status'
2024-03-07 19:42:49.044 +00:00 [DBG] >LOG:1709840569,D,MANAGEMENT: CMD 'status'
2024-03-07 19:42:49.554 +00:00 [DBG] >LOG:1709840569,D,MANAGEMENT: CMD 'status'
2024-03-07 19:42:50.084 +00:00 [DBG] >LOG:1709840570,D,MANAGEMENT: CMD 'status'
2024-03-07 19:42:50.589 +00:00 [DBG] >LOG:1709840570,D,MANAGEMENT: CMD 'status'
2024-03-07 19:42:51.095 +00:00 [DBG] >LOG:1709840571,D,MANAGEMENT: CMD 'status'
2024-03-07 19:42:51.598 +00:00 [DBG] >LOG:1709840571,D,MANAGEMENT: CMD 'status'
2024-03-07 19:42:52.103 +00:00 [DBG] >LOG:1709840572,D,MANAGEMENT: CMD 'status'
2024-03-07 19:42:52.612 +00:00 [DBG] >LOG:1709840572,D,MANAGEMENT: CMD 'status'
2024-03-07 19:42:53.121 +00:00 [DBG] >LOG:1709840573,D,MANAGEMENT: CMD 'status'
2024-03-07 19:42:53.631 +00:00 [DBG] >LOG:1709840573,D,MANAGEMENT: CMD 'status'
2024-03-07 19:42:54.137 +00:00 [DBG] >LOG:1709840574,D,MANAGEMENT: CMD 'status'
2024-03-07 19:42:54.643 +00:00 [DBG] >LOG:1709840574,D,MANAGEMENT: CMD 'status'
2024-03-07 19:42:55.161 +00:00 [DBG] >LOG:1709840575,D,MANAGEMENT: CMD 'status'
2024-03-07 19:42:55.665 +00:00 [DBG] >LOG:1709840575,D,MANAGEMENT: CMD 'status'
2024-03-07 19:42:56.170 +00:00 [DBG] >LOG:1709840576,D,MANAGEMENT: CMD 'status'
2024-03-07 19:42:56.674 +00:00 [DBG] >LOG:1709840576,D,MANAGEMENT: CMD 'status'
2024-03-07 19:42:57.186 +00:00 [DBG] >LOG:1709840577,D,MANAGEMENT: CMD 'status'
2024-03-07 19:42:57.706 +00:00 [DBG] >LOG:1709840577,D,MANAGEMENT: CMD 'status'
2024-03-07 19:42:58.213 +00:00 [DBG] >LOG:1709840578,D,MANAGEMENT: CMD 'status'
2024-03-07 19:42:58.731 +00:00 [DBG] >LOG:1709840578,D,MANAGEMENT: CMD 'status'
2024-03-07 19:42:59.244 +00:00 [DBG] >LOG:1709840579,D,MANAGEMENT: CMD 'status'
2024-03-07 19:42:59.749 +00:00 [DBG] >LOG:1709840579,D,MANAGEMENT: CMD 'status'
2024-03-07 19:43:00.262 +00:00 [DBG] >LOG:1709840580,D,MANAGEMENT: CMD 'status'
2024-03-07 19:43:00.767 +00:00 [DBG] >LOG:1709840580,D,MANAGEMENT: CMD 'status'
2024-03-07 19:43:01.273 +00:00 [DBG] >LOG:1709840581,D,MANAGEMENT: CMD 'status'
2024-03-07 19:43:01.778 +00:00 [DBG] >LOG:1709840581,D,MANAGEMENT: CMD 'status'
2024-03-07 19:43:02.286 +00:00 [DBG] >LOG:1709840582,D,MANAGEMENT: CMD 'status'
2024-03-07 19:43:02.793 +00:00 [DBG] >LOG:1709840582,D,MANAGEMENT: CMD 'status'
2024-03-07 19:43:03.299 +00:00 [DBG] >LOG:1709840583,D,MANAGEMENT: CMD 'status'
2024-03-07 19:43:03.805 +00:00 [DBG] >LOG:1709840583,D,MANAGEMENT: CMD 'status'
2024-03-07 19:43:04.310 +00:00 [DBG] >LOG:1709840584,D,MANAGEMENT: CMD 'status'
2024-03-07 19:43:04.814 +00:00 [DBG] >LOG:1709840584,D,MANAGEMENT: CMD 'status'
2024-03-07 19:43:05.319 +00:00 [DBG] >LOG:1709840585,D,MANAGEMENT: CMD 'status'
2024-03-07 19:43:05.834 +00:00 [DBG] >LOG:1709840585,D,MANAGEMENT: CMD 'status'
2024-03-07 19:43:06.344 +00:00 [DBG] >LOG:1709840586,D,MANAGEMENT: CMD 'status'
2024-03-07 19:43:06.852 +00:00 [DBG] >LOG:1709840586,D,MANAGEMENT: CMD 'status'
2024-03-07 19:43:07.359 +00:00 [DBG] >LOG:1709840587,D,MANAGEMENT: CMD 'status'
2024-03-07 19:43:07.863 +00:00 [DBG] >LOG:1709840587,D,MANAGEMENT: CMD 'status'
2024-03-07 19:43:08.372 +00:00 [DBG] >LOG:1709840588,D,MANAGEMENT: CMD 'status'
2024-03-07 19:43:08.881 +00:00 [DBG] >LOG:1709840588,D,MANAGEMENT: CMD 'status'
2024-03-07 19:43:09.398 +00:00 [DBG] >LOG:1709840589,D,MANAGEMENT: CMD 'status'
2024-03-07 19:43:09.908 +00:00 [DBG] >LOG:1709840589,D,MANAGEMENT: CMD 'status'
2024-03-07 19:43:10.419 +00:00 [DBG] >LOG:1709840590,D,MANAGEMENT: CMD 'status'
2024-03-07 19:43:10.922 +00:00 [DBG] >LOG:1709840590,D,MANAGEMENT: CMD 'status'
2024-03-07 19:43:11.429 +00:00 [DBG] >LOG:1709840591,D,MANAGEMENT: CMD 'status'
2024-03-07 19:43:11.937 +00:00 [DBG] >LOG:1709840591,D,MANAGEMENT: CMD 'status'
2024-03-07 19:43:12.444 +00:00 [DBG] >LOG:1709840592,D,MANAGEMENT: CMD 'status'
2024-03-07 19:43:12.957 +00:00 [DBG] >LOG:1709840592,D,MANAGEMENT: CMD 'status'
2024-03-07 19:43:13.464 +00:00 [DBG] >LOG:1709840593,D,MANAGEMENT: CMD 'status'
2024-03-07 19:43:13.974 +00:00 [DBG] >LOG:1709840593,D,MANAGEMENT: CMD 'status'
2024-03-07 19:43:14.497 +00:00 [DBG] >LOG:1709840594,D,MANAGEMENT: CMD 'status'
2024-03-07 19:43:15.018 +00:00 [DBG] >LOG:1709840595,D,MANAGEMENT: CMD 'status'
2024-03-07 19:43:15.530 +00:00 [DBG] >LOG:1709840595,D,MANAGEMENT: CMD 'status'
2024-03-07 19:43:16.036 +00:00 [DBG] >LOG:1709840596,D,MANAGEMENT: CMD 'status'
2024-03-07 19:43:16.553 +00:00 [DBG] >LOG:1709840596,D,MANAGEMENT: CMD 'status'
2024-03-07 19:43:17.067 +00:00 [DBG] >LOG:1709840597,D,MANAGEMENT: CMD 'status'
2024-03-07 19:43:17.578 +00:00 [DBG] >LOG:1709840597,D,MANAGEMENT: CMD 'status'
2024-03-07 19:43:18.087 +00:00 [DBG] >LOG:1709840598,D,MANAGEMENT: CMD 'status'
2024-03-07 19:43:18.597 +00:00 [DBG] >LOG:1709840598,D,MANAGEMENT: CMD 'status'
2024-03-07 19:43:19.109 +00:00 [DBG] >LOG:1709840599,D,MANAGEMENT: CMD 'status'
2024-03-07 19:43:19.615 +00:00 [DBG] >LOG:1709840599,D,MANAGEMENT: CMD 'status'
2024-03-07 19:43:20.118 +00:00 [DBG] >LOG:1709840600,D,MANAGEMENT: CMD 'status'
2024-03-07 19:43:20.629 +00:00 [DBG] >LOG:1709840600,D,MANAGEMENT: CMD 'status'
2024-03-07 19:43:21.148 +00:00 [DBG] >LOG:1709840601,D,MANAGEMENT: CMD 'status'
2024-03-07 19:43:21.653 +00:00 [DBG] >LOG:1709840601,D,MANAGEMENT: CMD 'status'
2024-03-07 19:43:22.162 +00:00 [DBG] >LOG:1709840602,D,MANAGEMENT: CMD 'status'
2024-03-07 19:43:22.675 +00:00 [DBG] >LOG:1709840602,D,MANAGEMENT: CMD 'status'
2024-03-07 19:43:23.182 +00:00 [DBG] >LOG:1709840603,D,MANAGEMENT: CMD 'status'
2024-03-07 19:43:23.687 +00:00 [DBG] >LOG:1709840603,D,MANAGEMENT: CMD 'status'
2024-03-07 19:43:24.205 +00:00 [DBG] >LOG:1709840604,D,MANAGEMENT: CMD 'status'
2024-03-07 19:43:24.722 +00:00 [DBG] >LOG:1709840604,D,MANAGEMENT: CMD 'status'
2024-03-07 19:43:25.227 +00:00 [DBG] >LOG:1709840605,D,MANAGEMENT: CMD 'status'
2024-03-07 19:43:25.737 +00:00 [DBG] >LOG:1709840605,D,MANAGEMENT: CMD 'status'
2024-03-07 19:43:26.243 +00:00 [DBG] >LOG:1709840606,D,MANAGEMENT: CMD 'status'
2024-03-07 19:43:26.763 +00:00 [DBG] >LOG:1709840606,D,MANAGEMENT: CMD 'status'
2024-03-07 19:43:27.270 +00:00 [DBG] >LOG:1709840607,D,MANAGEMENT: CMD 'status'
2024-03-07 19:43:27.779 +00:00 [DBG] >LOG:1709840607,D,MANAGEMENT: CMD 'status'
2024-03-07 19:43:28.284 +00:00 [DBG] >LOG:1709840608,D,MANAGEMENT: CMD 'status'
2024-03-07 19:43:28.789 +00:00 [DBG] >LOG:1709840608,D,MANAGEMENT: CMD 'status'
2024-03-07 19:43:29.297 +00:00 [DBG] >LOG:1709840609,D,MANAGEMENT: CMD 'status'
2024-03-07 19:43:29.803 +00:00 [DBG] >LOG:1709840609,D,MANAGEMENT: CMD 'status'
2024-03-07 19:43:30.308 +00:00 [DBG] >LOG:1709840610,D,MANAGEMENT: CMD 'status'
2024-03-07 19:43:30.811 +00:00 [DBG] >LOG:1709840610,D,MANAGEMENT: CMD 'status'
2024-03-07 19:43:31.317 +00:00 [DBG] >LOG:1709840611,D,MANAGEMENT: CMD 'status'
2024-03-07 19:43:31.825 +00:00 [DBG] >LOG:1709840611,D,MANAGEMENT: CMD 'status'
2024-03-07 19:43:32.336 +00:00 [DBG] >LOG:1709840612,D,MANAGEMENT: CMD 'status'
2024-03-07 19:43:32.850 +00:00 [DBG] >LOG:1709840612,D,MANAGEMENT: CMD 'status'
2024-03-07 19:43:33.366 +00:00 [DBG] >LOG:1709840613,D,MANAGEMENT: CMD 'status'
2024-03-07 19:43:33.885 +00:00 [DBG] >LOG:1709840613,D,MANAGEMENT: CMD 'status'
2024-03-07 19:43:34.394 +00:00 [DBG] >LOG:1709840614,D,MANAGEMENT: CMD 'status'
2024-03-07 19:43:34.902 +00:00 [DBG] >LOG:1709840614,D,MANAGEMENT: CMD 'status'
2024-03-07 19:43:35.413 +00:00 [DBG] >LOG:1709840615,D,MANAGEMENT: CMD 'status'
2024-03-07 19:43:35.923 +00:00 [DBG] >LOG:1709840615,D,MANAGEMENT: CMD 'status'
2024-03-07 19:43:36.435 +00:00 [DBG] >LOG:1709840616,D,MANAGEMENT: CMD 'status'
2024-03-07 19:43:36.946 +00:00 [DBG] >LOG:1709840616,D,MANAGEMENT: CMD 'status'
2024-03-07 19:43:37.451 +00:00 [DBG] >LOG:1709840617,D,MANAGEMENT: CMD 'status'
2024-03-07 19:43:37.960 +00:00 [DBG] >LOG:1709840617,D,MANAGEMENT: CMD 'status'
2024-03-07 19:43:38.467 +00:00 [DBG] >LOG:1709840618,D,MANAGEMENT: CMD 'status'
2024-03-07 19:43:38.974 +00:00 [DBG] >LOG:1709840618,D,MANAGEMENT: CMD 'status'
2024-03-07 19:43:39.488 +00:00 [DBG] >LOG:1709840619,D,MANAGEMENT: CMD 'status'
2024-03-07 19:43:39.999 +00:00 [DBG] >LOG:1709840619,D,MANAGEMENT: CMD 'status'
2024-03-07 19:43:40.520 +00:00 [DBG] >LOG:1709840620,D,MANAGEMENT: CMD 'status'
2024-03-07 19:43:41.025 +00:00 [DBG] >LOG:1709840621,D,MANAGEMENT: CMD 'status'
2024-03-07 19:43:41.537 +00:00 [DBG] >LOG:1709840621,D,MANAGEMENT: CMD 'status'
2024-03-07 19:43:42.045 +00:00 [DBG] >LOG:1709840622,D,MANAGEMENT: CMD 'status'
2024-03-07 19:43:42.553 +00:00 [DBG] >LOG:1709840622,D,MANAGEMENT: CMD 'status'
2024-03-07 19:43:43.067 +00:00 [DBG] >LOG:1709840623,D,MANAGEMENT: CMD 'status'
2024-03-07 19:43:43.575 +00:00 [DBG] >LOG:1709840623,D,MANAGEMENT: CMD 'status'
2024-03-07 19:43:44.091 +00:00 [DBG] >LOG:1709840624,D,MANAGEMENT: CMD 'status'
2024-03-07 19:43:44.602 +00:00 [DBG] >LOG:1709840624,D,MANAGEMENT: CMD 'status'
2024-03-07 19:43:45.118 +00:00 [DBG] >LOG:1709840625,D,MANAGEMENT: CMD 'status'
2024-03-07 19:43:45.629 +00:00 [DBG] >LOG:1709840625,D,MANAGEMENT: CMD 'status'
2024-03-07 19:43:46.137 +00:00 [DBG] >LOG:1709840626,D,MANAGEMENT: CMD 'status'
2024-03-07 19:43:46.655 +00:00 [DBG] >LOG:1709840626,D,MANAGEMENT: CMD 'status'
2024-03-07 19:43:47.166 +00:00 [DBG] >LOG:1709840627,D,MANAGEMENT: CMD 'status'
2024-03-07 19:43:47.676 +00:00 [DBG] >LOG:1709840627,D,MANAGEMENT: CMD 'status'
2024-03-07 19:43:48.182 +00:00 [DBG] >LOG:1709840628,D,MANAGEMENT: CMD 'status'
2024-03-07 19:43:48.693 +00:00 [DBG] >LOG:1709840628,D,MANAGEMENT: CMD 'status'
2024-03-07 19:43:49.204 +00:00 [DBG] >LOG:1709840629,D,MANAGEMENT: CMD 'status'
2024-03-07 19:43:49.714 +00:00 [DBG] >LOG:1709840629,D,MANAGEMENT: CMD 'status'
2024-03-07 19:43:50.222 +00:00 [DBG] >LOG:1709840630,D,MANAGEMENT: CMD 'status'
2024-03-07 19:43:50.731 +00:00 [DBG] >LOG:1709840630,D,MANAGEMENT: CMD 'status'
2024-03-07 19:43:51.240 +00:00 [DBG] >LOG:1709840631,D,MANAGEMENT: CMD 'status'
2024-03-07 19:43:51.752 +00:00 [DBG] >LOG:1709840631,D,MANAGEMENT: CMD 'status'
2024-03-07 19:43:52.257 +00:00 [DBG] >LOG:1709840632,D,MANAGEMENT: CMD 'status'
2024-03-07 19:43:52.765 +00:00 [DBG] >LOG:1709840632,D,MANAGEMENT: CMD 'status'
2024-03-07 19:43:53.279 +00:00 [DBG] >LOG:1709840633,D,MANAGEMENT: CMD 'status'
2024-03-07 19:43:53.790 +00:00 [DBG] >LOG:1709840633,D,MANAGEMENT: CMD 'status'
2024-03-07 19:43:54.304 +00:00 [DBG] >LOG:1709840634,D,MANAGEMENT: CMD 'status'
2024-03-07 19:43:54.826 +00:00 [DBG] >LOG:1709840634,D,MANAGEMENT: CMD 'status'
2024-03-07 19:43:55.339 +00:00 [DBG] >LOG:1709840635,D,MANAGEMENT: CMD 'status'
2024-03-07 19:43:55.863 +00:00 [DBG] >LOG:1709840635,D,MANAGEMENT: CMD 'status'
2024-03-07 19:43:56.371 +00:00 [DBG] >LOG:1709840636,D,MANAGEMENT: CMD 'status'
2024-03-07 19:43:56.880 +00:00 [DBG] >LOG:1709840636,D,MANAGEMENT: CMD 'status'
2024-03-07 19:43:57.386 +00:00 [DBG] >LOG:1709840637,D,MANAGEMENT: CMD 'status'
2024-03-07 19:43:57.904 +00:00 [DBG] >LOG:1709840637,D,MANAGEMENT: CMD 'status'
2024-03-07 19:43:58.409 +00:00 [DBG] >LOG:1709840638,D,MANAGEMENT: CMD 'status'
2024-03-07 19:43:58.916 +00:00 [DBG] >LOG:1709840638,D,MANAGEMENT: CMD 'status'
2024-03-07 19:43:59.423 +00:00 [DBG] >LOG:1709840639,D,MANAGEMENT: CMD 'status'
2024-03-07 19:43:59.936 +00:00 [DBG] >LOG:1709840639,D,MANAGEMENT: CMD 'status'
2024-03-07 19:44:00.443 +00:00 [DBG] >LOG:1709840640,D,MANAGEMENT: CMD 'status'
2024-03-07 19:44:00.950 +00:00 [DBG] >LOG:1709840640,D,MANAGEMENT: CMD 'status'
2024-03-07 19:44:01.463 +00:00 [DBG] >LOG:1709840641,D,MANAGEMENT: CMD 'status'
2024-03-07 19:44:01.983 +00:00 [DBG] >LOG:1709840641,D,MANAGEMENT: CMD 'status'
2024-03-07 19:44:02.495 +00:00 [DBG] >LOG:1709840642,D,MANAGEMENT: CMD 'status'
2024-03-07 19:44:03.008 +00:00 [DBG] >LOG:1709840643,D,MANAGEMENT: CMD 'status'
2024-03-07 19:44:03.520 +00:00 [DBG] >LOG:1709840643,D,MANAGEMENT: CMD 'status'
2024-03-07 19:44:04.033 +00:00 [DBG] >LOG:1709840644,D,MANAGEMENT: CMD 'status'
2024-03-07 19:44:04.535 +00:00 [DBG] >LOG:1709840644,D,MANAGEMENT: CMD 'status'
2024-03-07 19:44:05.040 +00:00 [DBG] >LOG:1709840645,D,MANAGEMENT: CMD 'status'
2024-03-07 19:44:05.543 +00:00 [DBG] >LOG:1709840645,D,MANAGEMENT: CMD 'status'
2024-03-07 19:44:06.052 +00:00 [DBG] >LOG:1709840646,D,MANAGEMENT: CMD 'status'
2024-03-07 19:44:06.559 +00:00 [DBG] >LOG:1709840646,D,MANAGEMENT: CMD 'status'
2024-03-07 19:44:07.065 +00:00 [DBG] >LOG:1709840647,D,MANAGEMENT: CMD 'status'
2024-03-07 19:44:07.570 +00:00 [DBG] >LOG:1709840647,D,MANAGEMENT: CMD 'status'
2024-03-07 19:44:08.076 +00:00 [DBG] >LOG:1709840648,D,MANAGEMENT: CMD 'status'
2024-03-07 19:44:08.585 +00:00 [DBG] >LOG:1709840648,D,MANAGEMENT: CMD 'status'
2024-03-07 19:44:09.089 +00:00 [DBG] >LOG:1709840649,D,MANAGEMENT: CMD 'status'
2024-03-07 19:44:09.601 +00:00 [DBG] >LOG:1709840649,D,MANAGEMENT: CMD 'status'
2024-03-07 19:44:10.109 +00:00 [DBG] >LOG:1709840650,D,MANAGEMENT: CMD 'status'
2024-03-07 19:44:10.619 +00:00 [DBG] >LOG:1709840650,D,MANAGEMENT: CMD 'status'
2024-03-07 19:44:11.124 +00:00 [DBG] >LOG:1709840651,D,MANAGEMENT: CMD 'status'
2024-03-07 19:44:11.629 +00:00 [DBG] >LOG:1709840651,D,MANAGEMENT: CMD 'status'
2024-03-07 19:44:12.136 +00:00 [DBG] >LOG:1709840652,D,MANAGEMENT: CMD 'status'
2024-03-07 19:44:12.645 +00:00 [DBG] >LOG:1709840652,D,MANAGEMENT: CMD 'status'
2024-03-07 19:44:13.163 +00:00 [DBG] >LOG:1709840653,D,MANAGEMENT: CMD 'status'
2024-03-07 19:44:13.671 +00:00 [DBG] >LOG:1709840653,D,MANAGEMENT: CMD 'status'
2024-03-07 19:44:14.186 +00:00 [DBG] >LOG:1709840654,D,MANAGEMENT: CMD 'status'
2024-03-07 19:44:14.694 +00:00 [DBG] >LOG:1709840654,D,MANAGEMENT: CMD 'status'
2024-03-07 19:44:15.201 +00:00 [DBG] >LOG:1709840655,D,MANAGEMENT: CMD 'status'
2024-03-07 19:44:15.706 +00:00 [DBG] >LOG:1709840655,D,MANAGEMENT: CMD 'status'
2024-03-07 19:44:16.214 +00:00 [DBG] >LOG:1709840656,D,MANAGEMENT: CMD 'status'
2024-03-07 19:44:16.731 +00:00 [DBG] >LOG:1709840656,D,MANAGEMENT: CMD 'status'
2024-03-07 19:44:17.236 +00:00 [DBG] >LOG:1709840657,D,MANAGEMENT: CMD 'status'
2024-03-07 19:44:17.746 +00:00 [DBG] >LOG:1709840657,D,MANAGEMENT: CMD 'status'
2024-03-07 19:44:18.301 +00:00 [DBG] >LOG:1709840658,D,MANAGEMENT: CMD 'status'
2024-03-07 19:44:18.805 +00:00 [DBG] >LOG:1709840658,D,MANAGEMENT: CMD 'status'
2024-03-07 19:44:19.317 +00:00 [DBG] >LOG:1709840659,D,MANAGEMENT: CMD 'status'
2024-03-07 19:44:19.824 +00:00 [DBG] >LOG:1709840659,D,MANAGEMENT: CMD 'status'
2024-03-07 19:44:20.329 +00:00 [DBG] >LOG:1709840660,D,MANAGEMENT: CMD 'status'
2024-03-07 19:44:20.834 +00:00 [DBG] >LOG:1709840660,D,MANAGEMENT: CMD 'status'
2024-03-07 19:44:21.342 +00:00 [DBG] >LOG:1709840661,D,MANAGEMENT: CMD 'status'
2024-03-07 19:44:21.850 +00:00 [DBG] >LOG:1709840661,D,MANAGEMENT: CMD 'status'
2024-03-07 19:44:22.357 +00:00 [DBG] >LOG:1709840662,D,MANAGEMENT: CMD 'status'
2024-03-07 19:44:22.864 +00:00 [DBG] >LOG:1709840662,D,MANAGEMENT: CMD 'status'
2024-03-07 19:44:23.374 +00:00 [DBG] >LOG:1709840663,D,MANAGEMENT: CMD 'status'
2024-03-07 19:44:23.878 +00:00 [DBG] >LOG:1709840663,D,MANAGEMENT: CMD 'status'
2024-03-07 19:44:24.383 +00:00 [DBG] >LOG:1709840664,D,MANAGEMENT: CMD 'status'
2024-03-07 19:44:24.889 +00:00 [DBG] >LOG:1709840664,D,MANAGEMENT: CMD 'status'
2024-03-07 19:44:25.394 +00:00 [DBG] >LOG:1709840665,D,MANAGEMENT: CMD 'status'
2024-03-07 19:44:25.898 +00:00 [DBG] >LOG:1709840665,D,MANAGEMENT: CMD 'status'
2024-03-07 19:44:26.404 +00:00 [DBG] >LOG:1709840666,D,MANAGEMENT: CMD 'status'
2024-03-07 19:44:26.908 +00:00 [DBG] >LOG:1709840666,D,MANAGEMENT: CMD 'status'
2024-03-07 19:44:27.415 +00:00 [DBG] >LOG:1709840667,D,MANAGEMENT: CMD 'status'
2024-03-07 19:44:27.921 +00:00 [DBG] >LOG:1709840667,D,MANAGEMENT: CMD 'status'
2024-03-07 19:44:28.430 +00:00 [DBG] >LOG:1709840668,D,MANAGEMENT: CMD 'status'
2024-03-07 19:44:28.933 +00:00 [DBG] >LOG:1709840668,D,MANAGEMENT: CMD 'status'
2024-03-07 19:44:29.440 +00:00 [DBG] >LOG:1709840669,D,MANAGEMENT: CMD 'status'
2024-03-07 19:44:29.956 +00:00 [DBG] >LOG:1709840669,D,MANAGEMENT: CMD 'status'
2024-03-07 19:44:30.462 +00:00 [DBG] >LOG:1709840670,D,MANAGEMENT: CMD 'status'
2024-03-07 19:44:30.967 +00:00 [DBG] >LOG:1709840670,D,MANAGEMENT: CMD 'status'
2024-03-07 19:44:31.477 +00:00 [DBG] >LOG:1709840671,D,MANAGEMENT: CMD 'status'
2024-03-07 19:44:31.984 +00:00 [DBG] >LOG:1709840671,D,MANAGEMENT: CMD 'status'
2024-03-07 19:44:32.490 +00:00 [DBG] >LOG:1709840672,D,MANAGEMENT: CMD 'status'
2024-03-07 19:44:32.997 +00:00 [DBG] >LOG:1709840672,D,MANAGEMENT: CMD 'status'
2024-03-07 19:44:33.500 +00:00 [DBG] >LOG:1709840673,D,MANAGEMENT: CMD 'status'
2024-03-07 19:44:34.006 +00:00 [DBG] >LOG:1709840674,D,MANAGEMENT: CMD 'status'
2024-03-07 19:44:34.525 +00:00 [DBG] >LOG:1709840674,D,MANAGEMENT: CMD 'status'
2024-03-07 19:44:35.045 +00:00 [DBG] >LOG:1709840675,D,MANAGEMENT: CMD 'status'
2024-03-07 19:44:35.552 +00:00 [DBG] >LOG:1709840675,D,MANAGEMENT: CMD 'status'
2024-03-07 19:44:36.062 +00:00 [DBG] >LOG:1709840676,D,MANAGEMENT: CMD 'status'
2024-03-07 19:44:36.566 +00:00 [DBG] >LOG:1709840676,D,MANAGEMENT: CMD 'status'
2024-03-07 19:44:37.073 +00:00 [DBG] >LOG:1709840677,D,MANAGEMENT: CMD 'status'
2024-03-07 19:44:37.581 +00:00 [DBG] >LOG:1709840677,D,MANAGEMENT: CMD 'status'
2024-03-07 19:44:38.093 +00:00 [DBG] >LOG:1709840678,D,MANAGEMENT: CMD 'status'
2024-03-07 19:44:38.600 +00:00 [DBG] >LOG:1709840678,D,MANAGEMENT: CMD 'status'
2024-03-07 19:44:39.108 +00:00 [DBG] >LOG:1709840679,D,MANAGEMENT: CMD 'status'
2024-03-07 19:44:39.624 +00:00 [DBG] >LOG:1709840679,D,MANAGEMENT: CMD 'status'
2024-03-07 19:44:40.128 +00:00 [DBG] >LOG:1709840680,D,MANAGEMENT: CMD 'status'
2024-03-07 19:44:40.636 +00:00 [DBG] >LOG:1709840680,D,MANAGEMENT: CMD 'status'
2024-03-07 19:44:41.151 +00:00 [DBG] >LOG:1709840681,D,MANAGEMENT: CMD 'status'
2024-03-07 19:44:41.665 +00:00 [DBG] >LOG:1709840681,D,MANAGEMENT: CMD 'status'
2024-03-07 19:44:42.173 +00:00 [DBG] >LOG:1709840682,D,MANAGEMENT: CMD 'status'
2024-03-07 19:44:42.678 +00:00 [DBG] >LOG:1709840682,D,MANAGEMENT: CMD 'status'
2024-03-07 19:44:43.184 +00:00 [DBG] >LOG:1709840683,D,MANAGEMENT: CMD 'status'
2024-03-07 19:44:43.690 +00:00 [DBG] >LOG:1709840683,D,MANAGEMENT: CMD 'status'
2024-03-07 19:44:44.194 +00:00 [DBG] >LOG:1709840684,D,MANAGEMENT: CMD 'status'
2024-03-07 19:44:44.699 +00:00 [DBG] >LOG:1709840684,D,MANAGEMENT: CMD 'status'
2024-03-07 19:44:45.213 +00:00 [DBG] >LOG:1709840685,D,MANAGEMENT: CMD 'status'
2024-03-07 19:44:45.722 +00:00 [DBG] >LOG:1709840685,D,MANAGEMENT: CMD 'status'
2024-03-07 19:44:46.231 +00:00 [DBG] >LOG:1709840686,D,MANAGEMENT: CMD 'status'
2024-03-07 19:44:46.739 +00:00 [DBG] >LOG:1709840686,D,MANAGEMENT: CMD 'status'
2024-03-07 19:44:47.243 +00:00 [DBG] >LOG:1709840687,D,MANAGEMENT: CMD 'status'
2024-03-07 19:44:47.747 +00:00 [DBG] >LOG:1709840687,D,MANAGEMENT: CMD 'status'
2024-03-07 19:44:48.251 +00:00 [DBG] >LOG:1709840688,D,MANAGEMENT: CMD 'status'
2024-03-07 19:44:48.757 +00:00 [DBG] >LOG:1709840688,D,MANAGEMENT: CMD 'status'
2024-03-07 19:44:49.283 +00:00 [DBG] >LOG:1709840689,D,MANAGEMENT: CMD 'status'
2024-03-07 19:44:49.791 +00:00 [DBG] >LOG:1709840689,D,MANAGEMENT: CMD 'status'
2024-03-07 19:44:50.329 +00:00 [DBG] >LOG:1709840690,D,MANAGEMENT: CMD 'status'
2024-03-07 19:44:50.844 +00:00 [DBG] >LOG:1709840690,D,MANAGEMENT: CMD 'status'
2024-03-07 19:44:51.353 +00:00 [DBG] >LOG:1709840691,D,MANAGEMENT: CMD 'status'
2024-03-07 19:44:51.865 +00:00 [DBG] >LOG:1709840691,D,MANAGEMENT: CMD 'status'
2024-03-07 19:44:52.371 +00:00 [DBG] >LOG:1709840692,D,MANAGEMENT: CMD 'status'
2024-03-07 19:44:52.880 +00:00 [DBG] >LOG:1709840692,D,MANAGEMENT: CMD 'status'
2024-03-07 19:44:53.386 +00:00 [DBG] >LOG:1709840693,D,MANAGEMENT: CMD 'status'
2024-03-07 19:44:53.907 +00:00 [DBG] >LOG:1709840693,D,MANAGEMENT: CMD 'status'
2024-03-07 19:44:54.412 +00:00 [DBG] >LOG:1709840694,D,MANAGEMENT: CMD 'status'
2024-03-07 19:44:54.921 +00:00 [DBG] >LOG:1709840694,D,MANAGEMENT: CMD 'status'
2024-03-07 19:44:55.425 +00:00 [DBG] >LOG:1709840695,D,MANAGEMENT: CMD 'status'
2024-03-07 19:44:55.942 +00:00 [DBG] >LOG:1709840695,D,MANAGEMENT: CMD 'status'
2024-03-07 19:44:56.465 +00:00 [DBG] >LOG:1709840696,D,MANAGEMENT: CMD 'status'
2024-03-07 19:44:56.979 +00:00 [DBG] >LOG:1709840696,D,MANAGEMENT: CMD 'status'
2024-03-07 19:44:57.497 +00:00 [DBG] >LOG:1709840697,D,MANAGEMENT: CMD 'status'
2024-03-07 19:44:58.019 +00:00 [DBG] >LOG:1709840698,D,MANAGEMENT: CMD 'status'
2024-03-07 19:44:58.540 +00:00 [DBG] >LOG:1709840698,D,MANAGEMENT: CMD 'status'
2024-03-07 19:44:59.047 +00:00 [DBG] >LOG:1709840699,D,MANAGEMENT: CMD 'status'
2024-03-07 19:44:59.551 +00:00 [DBG] >LOG:1709840699,D,MANAGEMENT: CMD 'status'
2024-03-07 19:45:00.061 +00:00 [DBG] >LOG:1709840700,D,MANAGEMENT: CMD 'status'
2024-03-07 19:45:00.567 +00:00 [DBG] >LOG:1709840700,D,MANAGEMENT: CMD 'status'
2024-03-07 19:45:01.072 +00:00 [DBG] >LOG:1709840701,D,MANAGEMENT: CMD 'status'
2024-03-07 19:45:01.582 +00:00 [DBG] >LOG:1709840701,D,MANAGEMENT: CMD 'status'
2024-03-07 19:45:02.091 +00:00 [DBG] >LOG:1709840702,D,MANAGEMENT: CMD 'status'
2024-03-07 19:45:02.601 +00:00 [DBG] >LOG:1709840702,D,MANAGEMENT: CMD 'status'
2024-03-07 19:45:03.121 +00:00 [DBG] >LOG:1709840703,D,MANAGEMENT: CMD 'status'
2024-03-07 19:45:03.625 +00:00 [DBG] >LOG:1709840703,D,MANAGEMENT: CMD 'status'
2024-03-07 19:45:04.127 +00:00 [DBG] >LOG:1709840704,D,MANAGEMENT: CMD 'status'
2024-03-07 19:45:04.642 +00:00 [DBG] >LOG:1709840704,D,MANAGEMENT: CMD 'status'
2024-03-07 19:45:05.147 +00:00 [DBG] >LOG:1709840705,D,MANAGEMENT: CMD 'status'
2024-03-07 19:45:05.657 +00:00 [DBG] >LOG:1709840705,D,MANAGEMENT: CMD 'status'
2024-03-07 19:45:06.195 +00:00 [DBG] >LOG:1709840706,D,MANAGEMENT: CMD 'status'
2024-03-07 19:45:06.710 +00:00 [DBG] >LOG:1709840706,D,MANAGEMENT: CMD 'status'
2024-03-07 19:45:07.216 +00:00 [DBG] >LOG:1709840707,D,MANAGEMENT: CMD 'status'
2024-03-07 19:45:07.722 +00:00 [DBG] >LOG:1709840707,D,MANAGEMENT: CMD 'status'
2024-03-07 19:45:08.233 +00:00 [DBG] >LOG:1709840708,D,MANAGEMENT: CMD 'status'
2024-03-07 19:45:08.744 +00:00 [DBG] >LOG:1709840708,D,MANAGEMENT: CMD 'status'
2024-03-07 19:45:09.259 +00:00 [DBG] >LOG:1709840709,D,MANAGEMENT: CMD 'status'
2024-03-07 19:45:09.769 +00:00 [DBG] >LOG:1709840709,D,MANAGEMENT: CMD 'status'
2024-03-07 19:45:10.281 +00:00 [DBG] >LOG:1709840710,D,MANAGEMENT: CMD 'status'
2024-03-07 19:45:10.785 +00:00 [DBG] >LOG:1709840710,D,MANAGEMENT: CMD 'status'
2024-03-07 19:45:11.291 +00:00 [DBG] >LOG:1709840711,D,MANAGEMENT: CMD 'status'
2024-03-07 19:45:11.802 +00:00 [DBG] >LOG:1709840711,D,MANAGEMENT: CMD 'status'
2024-03-07 19:45:12.309 +00:00 [DBG] >LOG:1709840712,D,MANAGEMENT: CMD 'status'
2024-03-07 19:45:12.821 +00:00 [DBG] >LOG:1709840712,D,MANAGEMENT: CMD 'status'
2024-03-07 19:45:13.330 +00:00 [DBG] >LOG:1709840713,D,MANAGEMENT: CMD 'status'
2024-03-07 19:45:13.837 +00:00 [DBG] >LOG:1709840713,D,MANAGEMENT: CMD 'status'
2024-03-07 19:45:14.345 +00:00 [DBG] >LOG:1709840714,D,MANAGEMENT: CMD 'status'
2024-03-07 19:45:14.854 +00:00 [DBG] >LOG:1709840714,D,MANAGEMENT: CMD 'status'
2024-03-07 19:45:15.360 +00:00 [DBG] >LOG:1709840715,D,MANAGEMENT: CMD 'status'
2024-03-07 19:45:15.866 +00:00 [DBG] >LOG:1709840715,D,MANAGEMENT: CMD 'status'
2024-03-07 19:45:16.378 +00:00 [DBG] >LOG:1709840716,D,MANAGEMENT: CMD 'status'
2024-03-07 19:45:16.887 +00:00 [DBG] >LOG:1709840716,D,MANAGEMENT: CMD 'status'
2024-03-07 19:45:17.397 +00:00 [DBG] >LOG:1709840717,D,MANAGEMENT: CMD 'status'
2024-03-07 19:45:17.925 +00:00 [DBG] >LOG:1709840717,D,MANAGEMENT: CMD 'status'
2024-03-07 19:45:18.434 +00:00 [DBG] >LOG:1709840718,D,MANAGEMENT: CMD 'status'
2024-03-07 19:45:18.939 +00:00 [DBG] >LOG:1709840718,D,MANAGEMENT: CMD 'status'
2024-03-07 19:45:19.445 +00:00 [DBG] >LOG:1709840719,D,MANAGEMENT: CMD 'status'
2024-03-07 19:45:19.953 +00:00 [DBG] >LOG:1709840719,D,MANAGEMENT: CMD 'status'
2024-03-07 19:45:20.463 +00:00 [DBG] >LOG:1709840720,D,MANAGEMENT: CMD 'status'
2024-03-07 19:45:20.973 +00:00 [DBG] >LOG:1709840720,D,MANAGEMENT: CMD 'status'
2024-03-07 19:45:21.485 +00:00 [DBG] >LOG:1709840721,D,MANAGEMENT: CMD 'status'
2024-03-07 19:45:22.001 +00:00 [DBG] >LOG:1709840721,D,MANAGEMENT: CMD 'status'
2024-03-07 19:45:22.508 +00:00 [DBG] >LOG:1709840722,D,MANAGEMENT: CMD 'status'
2024-03-07 19:45:23.016 +00:00 [DBG] >LOG:1709840723,D,MANAGEMENT: CMD 'status'
2024-03-07 19:45:23.520 +00:00 [DBG] >LOG:1709840723,D,MANAGEMENT: CMD 'status'
2024-03-07 19:45:24.027 +00:00 [DBG] >LOG:1709840724,D,MANAGEMENT: CMD 'status'
2024-03-07 19:45:24.534 +00:00 [DBG] >LOG:1709840724,D,MANAGEMENT: CMD 'status'
2024-03-07 19:45:25.059 +00:00 [DBG] >LOG:1709840725,D,MANAGEMENT: CMD 'status'
2024-03-07 19:45:25.572 +00:00 [DBG] >LOG:1709840725,D,MANAGEMENT: CMD 'status'
2024-03-07 19:45:26.080 +00:00 [DBG] >LOG:1709840726,D,MANAGEMENT: CMD 'status'
2024-03-07 19:45:26.588 +00:00 [DBG] >LOG:1709840726,D,MANAGEMENT: CMD 'status'
2024-03-07 19:45:27.092 +00:00 [DBG] >LOG:1709840727,D,MANAGEMENT: CMD 'status'
2024-03-07 19:45:27.598 +00:00 [DBG] >LOG:1709840727,D,MANAGEMENT: CMD 'status'
2024-03-07 19:45:28.109 +00:00 [DBG] >LOG:1709840728,D,MANAGEMENT: CMD 'status'
2024-03-07 19:45:28.621 +00:00 [DBG] >LOG:1709840728,D,MANAGEMENT: CMD 'status'
2024-03-07 19:45:29.130 +00:00 [DBG] >LOG:1709840729,D,MANAGEMENT: CMD 'status'
2024-03-07 19:45:29.640 +00:00 [DBG] >LOG:1709840729,D,MANAGEMENT: CMD 'status'
2024-03-07 19:45:30.153 +00:00 [DBG] >LOG:1709840730,D,MANAGEMENT: CMD 'status'
2024-03-07 19:45:30.660 +00:00 [DBG] >LOG:1709840730,D,MANAGEMENT: CMD 'status'
2024-03-07 19:45:31.166 +00:00 [DBG] >LOG:1709840731,D,MANAGEMENT: CMD 'status'
2024-03-07 19:45:31.669 +00:00 [DBG] >LOG:1709840731,D,MANAGEMENT: CMD 'status'
2024-03-07 19:45:32.178 +00:00 [DBG] >LOG:1709840732,D,MANAGEMENT: CMD 'status'
2024-03-07 19:45:32.687 +00:00 [DBG] >LOG:1709840732,D,MANAGEMENT: CMD 'status'
2024-03-07 19:45:33.196 +00:00 [DBG] >LOG:1709840733,D,MANAGEMENT: CMD 'status'
2024-03-07 19:45:33.705 +00:00 [DBG] >LOG:1709840733,D,MANAGEMENT: CMD 'status'
2024-03-07 19:45:34.211 +00:00 [DBG] >LOG:1709840734,D,MANAGEMENT: CMD 'status'
2024-03-07 19:45:34.730 +00:00 [DBG] >LOG:1709840734,D,MANAGEMENT: CMD 'status'
2024-03-07 19:45:35.233 +00:00 [DBG] >LOG:1709840735,D,MANAGEMENT: CMD 'status'
2024-03-07 19:45:35.740 +00:00 [DBG] >LOG:1709840735,D,MANAGEMENT: CMD 'status'
2024-03-07 19:45:36.249 +00:00 [DBG] >LOG:1709840736,D,MANAGEMENT: CMD 'status'
2024-03-07 19:45:36.755 +00:00 [DBG] >LOG:1709840736,D,MANAGEMENT: CMD 'status'
2024-03-07 19:45:37.317 +00:00 [DBG] >LOG:1709840737,D,MANAGEMENT: CMD 'status'
2024-03-07 19:45:37.838 +00:00 [DBG] >LOG:1709840737,D,MANAGEMENT: CMD 'status'
2024-03-07 19:45:38.364 +00:00 [DBG] >LOG:1709840738,D,MANAGEMENT: CMD 'status'
2024-03-07 19:45:38.872 +00:00 [DBG] >LOG:1709840738,D,MANAGEMENT: CMD 'status'
2024-03-07 19:45:39.375 +00:00 [DBG] >LOG:1709840739,D,MANAGEMENT: CMD 'status'
2024-03-07 19:45:39.883 +00:00 [DBG] >LOG:1709840739,D,MANAGEMENT: CMD 'status'
2024-03-07 19:45:40.390 +00:00 [DBG] >LOG:1709840740,D,MANAGEMENT: CMD 'status'
2024-03-07 19:45:40.899 +00:00 [DBG] >LOG:1709840740,D,MANAGEMENT: CMD 'status'
2024-03-07 19:45:41.412 +00:00 [DBG] >LOG:1709840741,D,MANAGEMENT: CMD 'status'
2024-03-07 19:45:41.918 +00:00 [DBG] >LOG:1709840741,D,MANAGEMENT: CMD 'status'
2024-03-07 19:45:42.422 +00:00 [DBG] >LOG:1709840742,D,MANAGEMENT: CMD 'status'
2024-03-07 19:45:42.932 +00:00 [DBG] >LOG:1709840742,D,MANAGEMENT: CMD 'status'
2024-03-07 19:45:43.437 +00:00 [DBG] >LOG:1709840743,D,MANAGEMENT: CMD 'status'
2024-03-07 19:45:43.941 +00:00 [DBG] >LOG:1709840743,D,MANAGEMENT: CMD 'status'
2024-03-07 19:45:44.447 +00:00 [DBG] >LOG:1709840744,D,MANAGEMENT: CMD 'status'
2024-03-07 19:45:44.956 +00:00 [DBG] >LOG:1709840744,D,MANAGEMENT: CMD 'status'
2024-03-07 19:45:45.465 +00:00 [DBG] >LOG:1709840745,D,MANAGEMENT: CMD 'status'
2024-03-07 19:45:45.971 +00:00 [DBG] >LOG:1709840745,D,MANAGEMENT: CMD 'status'
2024-03-07 19:45:46.479 +00:00 [DBG] >LOG:1709840746,D,MANAGEMENT: CMD 'status'
2024-03-07 19:45:46.991 +00:00 [DBG] >LOG:1709840746,D,MANAGEMENT: CMD 'status'
2024-03-07 19:45:47.504 +00:00 [DBG] >LOG:1709840747,D,MANAGEMENT: CMD 'status'
2024-03-07 19:45:48.019 +00:00 [DBG] >LOG:1709840748,D,MANAGEMENT: CMD 'status'
2024-03-07 19:45:48.526 +00:00 [DBG] >LOG:1709840748,D,MANAGEMENT: CMD 'status'
2024-03-07 19:45:49.033 +00:00 [DBG] >LOG:1709840749,D,MANAGEMENT: CMD 'status'
2024-03-07 19:45:49.537 +00:00 [DBG] >LOG:1709840749,D,MANAGEMENT: CMD 'status'
2024-03-07 19:45:50.042 +00:00 [DBG] >LOG:1709840750,D,MANAGEMENT: CMD 'status'
2024-03-07 19:45:50.576 +00:00 [DBG] >LOG:1709840750,D,MANAGEMENT: CMD 'status'
2024-03-07 19:45:51.080 +00:00 [DBG] >LOG:1709840751,D,MANAGEMENT: CMD 'status'
2024-03-07 19:45:51.590 +00:00 [DBG] >LOG:1709840751,D,MANAGEMENT: CMD 'status'
2024-03-07 19:45:52.097 +00:00 [DBG] >LOG:1709840752,D,MANAGEMENT: CMD 'status'
2024-03-07 19:45:52.614 +00:00 [DBG] >LOG:1709840752,D,MANAGEMENT: CMD 'status'
2024-03-07 19:45:53.126 +00:00 [DBG] >LOG:1709840753,D,MANAGEMENT: CMD 'status'
2024-03-07 19:45:53.641 +00:00 [DBG] >LOG:1709840753,D,MANAGEMENT: CMD 'status'
2024-03-07 19:45:54.145 +00:00 [DBG] >LOG:1709840754,D,MANAGEMENT: CMD 'status'
2024-03-07 19:45:54.649 +00:00 [DBG] >LOG:1709840754,D,MANAGEMENT: CMD 'status'
2024-03-07 19:45:55.154 +00:00 [DBG] >LOG:1709840755,D,MANAGEMENT: CMD 'status'
2024-03-07 19:45:55.662 +00:00 [DBG] >LOG:1709840755,D,MANAGEMENT: CMD 'status'
2024-03-07 19:45:56.170 +00:00 [DBG] >LOG:1709840756,D,MANAGEMENT: CMD 'status'
2024-03-07 19:45:56.680 +00:00 [DBG] >LOG:1709840756,D,MANAGEMENT: CMD 'status'
2024-03-07 19:45:57.190 +00:00 [DBG] >LOG:1709840757,D,MANAGEMENT: CMD 'status'
2024-03-07 19:45:57.694 +00:00 [DBG] >LOG:1709840757,D,MANAGEMENT: CMD 'status'
2024-03-07 19:45:58.202 +00:00 [DBG] >LOG:1709840758,D,MANAGEMENT: CMD 'status'
2024-03-07 19:45:58.710 +00:00 [DBG] >LOG:1709840758,D,MANAGEMENT: CMD 'status'
2024-03-07 19:45:59.217 +00:00 [DBG] >LOG:1709840759,D,MANAGEMENT: CMD 'status'
2024-03-07 19:45:59.729 +00:00 [DBG] >LOG:1709840759,D,MANAGEMENT: CMD 'status'
2024-03-07 19:46:00.234 +00:00 [DBG] >LOG:1709840760,D,MANAGEMENT: CMD 'status'
2024-03-07 19:46:00.763 +00:00 [DBG] >LOG:1709840760,D,MANAGEMENT: CMD 'status'
2024-03-07 19:46:01.269 +00:00 [DBG] >LOG:1709840761,D,MANAGEMENT: CMD 'status'
2024-03-07 19:46:01.779 +00:00 [DBG] >LOG:1709840761,D,MANAGEMENT: CMD 'status'
2024-03-07 19:46:02.290 +00:00 [DBG] >LOG:1709840762,D,MANAGEMENT: CMD 'status'
2024-03-07 19:46:02.800 +00:00 [DBG] >LOG:1709840762,D,MANAGEMENT: CMD 'status'
2024-03-07 19:46:03.304 +00:00 [DBG] >LOG:1709840763,D,MANAGEMENT: CMD 'status'
2024-03-07 19:46:03.809 +00:00 [DBG] >LOG:1709840763,D,MANAGEMENT: CMD 'status'
2024-03-07 19:46:04.322 +00:00 [DBG] >LOG:1709840764,D,MANAGEMENT: CMD 'status'
2024-03-07 19:46:04.832 +00:00 [DBG] >LOG:1709840764,D,MANAGEMENT: CMD 'status'
2024-03-07 19:46:05.341 +00:00 [DBG] >LOG:1709840765,D,MANAGEMENT: CMD 'status'
2024-03-07 19:46:05.851 +00:00 [DBG] >LOG:1709840765,D,MANAGEMENT: CMD 'status'
2024-03-07 19:46:06.361 +00:00 [DBG] >LOG:1709840766,D,MANAGEMENT: CMD 'status'
2024-03-07 19:46:06.874 +00:00 [DBG] >LOG:1709840766,D,MANAGEMENT: CMD 'status'
2024-03-07 19:46:07.380 +00:00 [DBG] >LOG:1709840767,D,MANAGEMENT: CMD 'status'
2024-03-07 19:46:07.884 +00:00 [DBG] >LOG:1709840767,D,MANAGEMENT: CMD 'status'
2024-03-07 19:46:08.401 +00:00 [DBG] >LOG:1709840768,D,MANAGEMENT: CMD 'status'
2024-03-07 19:46:08.909 +00:00 [DBG] >LOG:1709840768,D,MANAGEMENT: CMD 'status'
2024-03-07 19:46:09.414 +00:00 [DBG] >LOG:1709840769,D,MANAGEMENT: CMD 'status'
2024-03-07 19:46:09.921 +00:00 [DBG] >LOG:1709840769,D,MANAGEMENT: CMD 'status'
2024-03-07 19:46:10.427 +00:00 [DBG] >LOG:1709840770,D,MANAGEMENT: CMD 'status'
2024-03-07 19:46:10.931 +00:00 [DBG] >LOG:1709840770,D,MANAGEMENT: CMD 'status'
2024-03-07 19:46:11.438 +00:00 [DBG] >LOG:1709840771,D,MANAGEMENT: CMD 'status'
2024-03-07 19:46:11.942 +00:00 [DBG] >LOG:1709840771,D,MANAGEMENT: CMD 'status'
2024-03-07 19:46:12.449 +00:00 [DBG] >LOG:1709840772,D,MANAGEMENT: CMD 'status'
2024-03-07 19:46:12.956 +00:00 [DBG] >LOG:1709840772,D,MANAGEMENT: CMD 'status'
2024-03-07 19:46:13.469 +00:00 [DBG] >LOG:1709840773,D,MANAGEMENT: CMD 'status'
2024-03-07 19:46:13.981 +00:00 [DBG] >LOG:1709840773,D,MANAGEMENT: CMD 'status'
2024-03-07 19:46:14.485 +00:00 [DBG] >LOG:1709840774,D,MANAGEMENT: CMD 'status'
2024-03-07 19:46:14.991 +00:00 [DBG] >LOG:1709840774,D,MANAGEMENT: CMD 'status'
2024-03-07 19:46:15.496 +00:00 [DBG] >LOG:1709840775,D,MANAGEMENT: CMD 'status'
2024-03-07 19:46:16.006 +00:00 [DBG] >LOG:1709840776,D,MANAGEMENT: CMD 'status'
2024-03-07 19:46:16.538 +00:00 [DBG] >LOG:1709840776,D,MANAGEMENT: CMD 'status'
2024-03-07 19:46:17.045 +00:00 [DBG] >LOG:1709840777,D,MANAGEMENT: CMD 'status'
2024-03-07 19:46:17.551 +00:00 [DBG] >LOG:1709840777,D,MANAGEMENT: CMD 'status'
2024-03-07 19:46:18.058 +00:00 [DBG] >LOG:1709840778,D,MANAGEMENT: CMD 'status'
2024-03-07 19:46:18.565 +00:00 [DBG] >LOG:1709840778,D,MANAGEMENT: CMD 'status'
2024-03-07 19:46:19.076 +00:00 [DBG] >LOG:1709840779,D,MANAGEMENT: CMD 'status'
2024-03-07 19:46:19.583 +00:00 [DBG] >LOG:1709840779,D,MANAGEMENT: CMD 'status'
2024-03-07 19:46:20.090 +00:00 [DBG] >LOG:1709840780,D,MANAGEMENT: CMD 'status'
2024-03-07 19:46:20.598 +00:00 [DBG] >LOG:1709840780,D,MANAGEMENT: CMD 'status'
2024-03-07 19:46:21.102 +00:00 [DBG] >LOG:1709840781,D,MANAGEMENT: CMD 'status'
2024-03-07 19:46:21.611 +00:00 [DBG] >LOG:1709840781,D,MANAGEMENT: CMD 'status'
2024-03-07 19:46:22.115 +00:00 [DBG] >LOG:1709840782,D,MANAGEMENT: CMD 'status'
2024-03-07 19:46:22.619 +00:00 [DBG] >LOG:1709840782,D,MANAGEMENT: CMD 'status'
2024-03-07 19:46:23.123 +00:00 [DBG] >LOG:1709840783,D,MANAGEMENT: CMD 'status'
2024-03-07 19:46:23.627 +00:00 [DBG] >LOG:1709840783,D,MANAGEMENT: CMD 'status'
2024-03-07 19:46:24.136 +00:00 [DBG] >LOG:1709840784,D,MANAGEMENT: CMD 'status'
2024-03-07 19:46:24.644 +00:00 [DBG] >LOG:1709840784,D,MANAGEMENT: CMD 'status'
2024-03-07 19:46:25.151 +00:00 [DBG] >LOG:1709840785,D,MANAGEMENT: CMD 'status'
2024-03-07 19:46:25.657 +00:00 [DBG] >LOG:1709840785,D,MANAGEMENT: CMD 'status'
2024-03-07 19:46:26.162 +00:00 [DBG] >LOG:1709840786,D,MANAGEMENT: CMD 'status'
2024-03-07 19:46:26.667 +00:00 [DBG] >LOG:1709840786,D,MANAGEMENT: CMD 'status'
2024-03-07 19:46:27.173 +00:00 [DBG] >LOG:1709840787,D,MANAGEMENT: CMD 'status'
2024-03-07 19:46:27.685 +00:00 [DBG] >LOG:1709840787,D,MANAGEMENT: CMD 'status'
2024-03-07 19:46:28.198 +00:00 [DBG] >LOG:1709840788,D,MANAGEMENT: CMD 'status'
2024-03-07 19:46:28.722 +00:00 [DBG] >LOG:1709840788,D,MANAGEMENT: CMD 'status'
2024-03-07 19:46:29.245 +00:00 [DBG] >LOG:1709840789,D,MANAGEMENT: CMD 'status'
2024-03-07 19:46:29.751 +00:00 [DBG] >LOG:1709840789,D,MANAGEMENT: CMD 'status'
2024-03-07 19:46:30.260 +00:00 [DBG] >LOG:1709840790,D,MANAGEMENT: CMD 'status'
2024-03-07 19:46:30.765 +00:00 [DBG] >LOG:1709840790,D,MANAGEMENT: CMD 'status'
2024-03-07 19:46:31.270 +00:00 [DBG] >LOG:1709840791,D,MANAGEMENT: CMD 'status'
2024-03-07 19:46:31.774 +00:00 [DBG] >LOG:1709840791,D,MANAGEMENT: CMD 'status'
2024-03-07 19:46:32.278 +00:00 [DBG] >LOG:1709840792,D,MANAGEMENT: CMD 'status'
2024-03-07 19:46:32.782 +00:00 [DBG] >LOG:1709840792,D,MANAGEMENT: CMD 'status'
2024-03-07 19:46:33.290 +00:00 [DBG] >LOG:1709840793,D,MANAGEMENT: CMD 'status'
2024-03-07 19:46:33.795 +00:00 [DBG] >LOG:1709840793,D,MANAGEMENT: CMD 'status'
2024-03-07 19:46:34.300 +00:00 [DBG] >LOG:1709840794,D,MANAGEMENT: CMD 'status'
2024-03-07 19:46:34.807 +00:00 [DBG] >LOG:1709840794,D,MANAGEMENT: CMD 'status'
2024-03-07 19:46:35.311 +00:00 [DBG] >LOG:1709840795,D,MANAGEMENT: CMD 'status'
2024-03-07 19:46:35.830 +00:00 [DBG] >LOG:1709840795,D,MANAGEMENT: CMD 'status'
2024-03-07 19:46:36.349 +00:00 [DBG] >LOG:1709840796,D,MANAGEMENT: CMD 'status'
2024-03-07 19:46:36.861 +00:00 [DBG] >LOG:1709840796,D,MANAGEMENT: CMD 'status'
2024-03-07 19:46:37.367 +00:00 [DBG] >LOG:1709840797,D,MANAGEMENT: CMD 'status'
2024-03-07 19:46:37.877 +00:00 [DBG] >LOG:1709840797,D,MANAGEMENT: CMD 'status'
2024-03-07 19:46:38.385 +00:00 [DBG] >LOG:1709840798,D,MANAGEMENT: CMD 'status'
2024-03-07 19:46:38.892 +00:00 [DBG] >LOG:1709840798,D,MANAGEMENT: CMD 'status'
2024-03-07 19:46:39.402 +00:00 [DBG] >LOG:1709840799,D,MANAGEMENT: CMD 'status'
2024-03-07 19:46:39.915 +00:00 [DBG] >LOG:1709840799,D,MANAGEMENT: CMD 'status'
2024-03-07 19:46:40.431 +00:00 [DBG] >LOG:1709840800,D,MANAGEMENT: CMD 'status'
2024-03-07 19:46:40.937 +00:00 [DBG] >LOG:1709840800,D,MANAGEMENT: CMD 'status'
2024-03-07 19:46:41.445 +00:00 [DBG] >LOG:1709840801,D,MANAGEMENT: CMD 'status'
2024-03-07 19:46:41.949 +00:00 [DBG] >LOG:1709840801,D,MANAGEMENT: CMD 'status'
2024-03-07 19:46:42.455 +00:00 [DBG] >LOG:1709840802,D,MANAGEMENT: CMD 'status'
2024-03-07 19:46:42.964 +00:00 [DBG] >LOG:1709840802,D,MANAGEMENT: CMD 'status'
2024-03-07 19:46:43.470 +00:00 [DBG] >LOG:1709840803,D,MANAGEMENT: CMD 'status'
2024-03-07 19:46:43.978 +00:00 [DBG] >LOG:1709840803,D,MANAGEMENT: CMD 'status'
2024-03-07 19:46:44.496 +00:00 [DBG] >LOG:1709840804,D,MANAGEMENT: CMD 'status'
2024-03-07 19:46:45.016 +00:00 [DBG] >LOG:1709840805,D,MANAGEMENT: CMD 'status'
2024-03-07 19:46:45.522 +00:00 [DBG] >LOG:1709840805,D,MANAGEMENT: CMD 'status'
2024-03-07 19:46:46.027 +00:00 [DBG] >LOG:1709840806,D,MANAGEMENT: CMD 'status'
2024-03-07 19:46:46.538 +00:00 [DBG] >LOG:1709840806,D,MANAGEMENT: CMD 'status'
2024-03-07 19:46:47.049 +00:00 [DBG] >LOG:1709840807,D,MANAGEMENT: CMD 'status'
2024-03-07 19:46:47.555 +00:00 [DBG] >LOG:1709840807,D,MANAGEMENT: CMD 'status'
2024-03-07 19:46:48.063 +00:00 [DBG] >LOG:1709840808,D,MANAGEMENT: CMD 'status'
2024-03-07 19:46:48.571 +00:00 [DBG] >LOG:1709840808,D,MANAGEMENT: CMD 'status'
2024-03-07 19:46:49.076 +00:00 [DBG] >LOG:1709840809,D,MANAGEMENT: CMD 'status'
2024-03-07 19:46:49.584 +00:00 [DBG] >LOG:1709840809,D,MANAGEMENT: CMD 'status'
2024-03-07 19:46:50.091 +00:00 [DBG] >LOG:1709840810,D,MANAGEMENT: CMD 'status'
2024-03-07 19:46:50.595 +00:00 [DBG] >LOG:1709840810,D,MANAGEMENT: CMD 'status'
2024-03-07 19:46:51.099 +00:00 [DBG] >LOG:1709840811,D,MANAGEMENT: CMD 'status'
2024-03-07 19:46:51.620 +00:00 [DBG] >LOG:1709840811,D,MANAGEMENT: CMD 'status'
2024-03-07 19:46:52.127 +00:00 [DBG] >LOG:1709840812,D,MANAGEMENT: CMD 'status'
2024-03-07 19:46:52.635 +00:00 [DBG] >LOG:1709840812,D,MANAGEMENT: CMD 'status'
2024-03-07 19:46:53.140 +00:00 [DBG] >LOG:1709840813,D,MANAGEMENT: CMD 'status'
2024-03-07 19:46:53.646 +00:00 [DBG] >LOG:1709840813,D,MANAGEMENT: CMD 'status'
2024-03-07 19:46:54.155 +00:00 [DBG] >LOG:1709840814,D,MANAGEMENT: CMD 'status'
2024-03-07 19:46:54.669 +00:00 [DBG] >LOG:1709840814,D,MANAGEMENT: CMD 'status'
2024-03-07 19:46:55.174 +00:00 [DBG] >LOG:1709840815,D,MANAGEMENT: CMD 'status'
2024-03-07 19:46:55.677 +00:00 [DBG] >LOG:1709840815,D,MANAGEMENT: CMD 'status'
2024-03-07 19:46:56.187 +00:00 [DBG] >LOG:1709840816,D,MANAGEMENT: CMD 'status'
2024-03-07 19:46:56.692 +00:00 [DBG] >LOG:1709840816,D,MANAGEMENT: CMD 'status'
2024-03-07 19:46:57.196 +00:00 [DBG] >LOG:1709840817,D,MANAGEMENT: CMD 'status'
2024-03-07 19:46:57.705 +00:00 [DBG] >LOG:1709840817,D,MANAGEMENT: CMD 'status'
2024-03-07 19:46:58.216 +00:00 [DBG] >LOG:1709840818,D,MANAGEMENT: CMD 'status'
2024-03-07 19:46:58.732 +00:00 [DBG] >LOG:1709840818,D,MANAGEMENT: CMD 'status'
2024-03-07 19:46:59.239 +00:00 [DBG] >LOG:1709840819,D,MANAGEMENT: CMD 'status'
2024-03-07 19:46:59.744 +00:00 [DBG] >LOG:1709840819,D,MANAGEMENT: CMD 'status'
2024-03-07 19:47:00.252 +00:00 [DBG] >LOG:1709840820,D,MANAGEMENT: CMD 'status'
2024-03-07 19:47:00.768 +00:00 [DBG] >LOG:1709840820,D,MANAGEMENT: CMD 'status'
2024-03-07 19:47:01.271 +00:00 [DBG] >LOG:1709840821,D,MANAGEMENT: CMD 'status'
2024-03-07 19:47:01.779 +00:00 [DBG] >LOG:1709840821,D,MANAGEMENT: CMD 'status'
2024-03-07 19:47:02.284 +00:00 [DBG] >LOG:1709840822,D,MANAGEMENT: CMD 'status'
2024-03-07 19:47:02.791 +00:00 [DBG] >LOG:1709840822,D,MANAGEMENT: CMD 'status'
2024-03-07 19:47:03.301 +00:00 [DBG] >LOG:1709840823,D,MANAGEMENT: CMD 'status'
2024-03-07 19:47:03.813 +00:00 [DBG] >LOG:1709840823,D,MANAGEMENT: CMD 'status'
2024-03-07 19:47:04.340 +00:00 [DBG] >LOG:1709840824,D,MANAGEMENT: CMD 'status'
2024-03-07 19:47:04.852 +00:00 [DBG] >LOG:1709840824,D,MANAGEMENT: CMD 'status'
2024-03-07 19:47:05.366 +00:00 [DBG] >LOG:1709840825,D,MANAGEMENT: CMD 'status'
2024-03-07 19:47:05.917 +00:00 [DBG] >LOG:1709840825,D,MANAGEMENT: CMD 'status'
2024-03-07 19:47:06.424 +00:00 [DBG] >LOG:1709840826,D,MANAGEMENT: CMD 'status'
2024-03-07 19:47:06.931 +00:00 [DBG] >LOG:1709840826,D,MANAGEMENT: CMD 'status'
2024-03-07 19:47:07.440 +00:00 [DBG] >LOG:1709840827,D,MANAGEMENT: CMD 'status'
2024-03-07 19:47:07.944 +00:00 [DBG] >LOG:1709840827,D,MANAGEMENT: CMD 'status'
2024-03-07 19:47:08.449 +00:00 [DBG] >LOG:1709840828,D,MANAGEMENT: CMD 'status'
2024-03-07 19:47:08.952 +00:00 [DBG] >LOG:1709840828,D,MANAGEMENT: CMD 'status'
2024-03-07 19:47:09.458 +00:00 [DBG] >LOG:1709840829,D,MANAGEMENT: CMD 'status'
2024-03-07 19:47:09.983 +00:00 [DBG] >LOG:1709840829,D,MANAGEMENT: CMD 'status'
2024-03-07 19:47:10.490 +00:00 [DBG] >LOG:1709840830,D,MANAGEMENT: CMD 'status'
2024-03-07 19:47:10.999 +00:00 [DBG] >LOG:1709840830,D,MANAGEMENT: CMD 'status'
2024-03-07 19:47:11.504 +00:00 [DBG] >LOG:1709840831,D,MANAGEMENT: CMD 'status'
2024-03-07 19:47:12.010 +00:00 [DBG] >LOG:1709840832,D,MANAGEMENT: CMD 'status'
2024-03-07 19:47:12.517 +00:00 [DBG] >LOG:1709840832,D,MANAGEMENT: CMD 'status'
2024-03-07 19:47:13.020 +00:00 [DBG] >LOG:1709840833,D,MANAGEMENT: CMD 'status'
2024-03-07 19:47:13.524 +00:00 [DBG] >LOG:1709840833,D,MANAGEMENT: CMD 'status'
2024-03-07 19:47:14.031 +00:00 [DBG] >LOG:1709840834,D,MANAGEMENT: CMD 'status'
2024-03-07 19:47:14.545 +00:00 [DBG] >LOG:1709840834,D,MANAGEMENT: CMD 'status'
2024-03-07 19:47:15.056 +00:00 [DBG] >LOG:1709840835,D,MANAGEMENT: CMD 'status'
2024-03-07 19:47:15.562 +00:00 [DBG] >LOG:1709840835,D,MANAGEMENT: CMD 'status'
2024-03-07 19:47:16.072 +00:00 [DBG] >LOG:1709840836,D,MANAGEMENT: CMD 'status'
2024-03-07 19:47:16.582 +00:00 [DBG] >LOG:1709840836,D,MANAGEMENT: CMD 'status'
2024-03-07 19:47:17.095 +00:00 [DBG] >LOG:1709840837,D,MANAGEMENT: CMD 'status'
2024-03-07 19:47:17.599 +00:00 [DBG] >LOG:1709840837,D,MANAGEMENT: CMD 'status'
2024-03-07 19:47:18.109 +00:00 [DBG] >LOG:1709840838,D,MANAGEMENT: CMD 'status'
2024-03-07 19:47:18.621 +00:00 [DBG] >LOG:1709840838,D,MANAGEMENT: CMD 'status'
2024-03-07 19:47:19.131 +00:00 [DBG] >LOG:1709840839,D,MANAGEMENT: CMD 'status'
2024-03-07 19:47:19.638 +00:00 [DBG] >LOG:1709840839,D,MANAGEMENT: CMD 'status'
2024-03-07 19:47:20.147 +00:00 [DBG] >LOG:1709840840,D,MANAGEMENT: CMD 'status'
2024-03-07 19:47:20.651 +00:00 [DBG] >LOG:1709840840,D,MANAGEMENT: CMD 'status'
2024-03-07 19:47:21.157 +00:00 [DBG] >LOG:1709840841,D,MANAGEMENT: CMD 'status'
2024-03-07 19:47:21.665 +00:00 [DBG] >LOG:1709840841,D,MANAGEMENT: CMD 'status'
2024-03-07 19:47:22.176 +00:00 [DBG] >LOG:1709840842,D,MANAGEMENT: CMD 'status'
2024-03-07 19:47:22.701 +00:00 [DBG] >LOG:1709840842,D,MANAGEMENT: CMD 'status'
2024-03-07 19:47:23.205 +00:00 [DBG] >LOG:1709840843,D,MANAGEMENT: CMD 'status'
2024-03-07 19:47:23.712 +00:00 [DBG] >LOG:1709840843,D,MANAGEMENT: CMD 'status'
2024-03-07 19:47:24.216 +00:00 [DBG] >LOG:1709840844,D,MANAGEMENT: CMD 'status'
2024-03-07 19:47:24.723 +00:00 [DBG] >LOG:1709840844,D,MANAGEMENT: CMD 'status'
2024-03-07 19:47:25.228 +00:00 [DBG] >LOG:1709840845,D,MANAGEMENT: CMD 'status'
2024-03-07 19:47:25.740 +00:00 [DBG] >LOG:1709840845,D,MANAGEMENT: CMD 'status'
2024-03-07 19:47:26.245 +00:00 [DBG] >LOG:1709840846,D,MANAGEMENT: CMD 'status'
2024-03-07 19:47:26.748 +00:00 [DBG] >LOG:1709840846,D,MANAGEMENT: CMD 'status'
2024-03-07 19:47:27.258 +00:00 [DBG] >LOG:1709840847,D,MANAGEMENT: CMD 'status'
2024-03-07 19:47:27.764 +00:00 [DBG] >LOG:1709840847,D,MANAGEMENT: CMD 'status'
2024-03-07 19:47:28.268 +00:00 [DBG] >LOG:1709840848,D,MANAGEMENT: CMD 'status'
2024-03-07 19:47:28.775 +00:00 [DBG] >LOG:1709840848,D,MANAGEMENT: CMD 'status'
2024-03-07 19:47:29.289 +00:00 [DBG] >LOG:1709840849,D,MANAGEMENT: CMD 'status'
2024-03-07 19:47:29.798 +00:00 [DBG] >LOG:1709840849,D,MANAGEMENT: CMD 'status'
2024-03-07 19:47:30.309 +00:00 [DBG] >LOG:1709840850,D,MANAGEMENT: CMD 'status'
2024-03-07 19:47:30.815 +00:00 [DBG] >LOG:1709840850,D,MANAGEMENT: CMD 'status'
2024-03-07 19:47:31.318 +00:00 [DBG] >LOG:1709840851,D,MANAGEMENT: CMD 'status'
2024-03-07 19:47:31.821 +00:00 [DBG] >LOG:1709840851,D,MANAGEMENT: CMD 'status'
2024-03-07 19:47:32.326 +00:00 [DBG] >LOG:1709840852,D,MANAGEMENT: CMD 'status'
2024-03-07 19:47:32.833 +00:00 [DBG] >LOG:1709840852,D,MANAGEMENT: CMD 'status'
2024-03-07 19:47:33.346 +00:00 [DBG] >LOG:1709840853,D,MANAGEMENT: CMD 'status'
2024-03-07 19:47:33.855 +00:00 [DBG] >LOG:1709840853,D,MANAGEMENT: CMD 'status'
2024-03-07 19:47:34.363 +00:00 [DBG] >LOG:1709840854,D,MANAGEMENT: CMD 'status'
2024-03-07 19:47:34.868 +00:00 [DBG] >LOG:1709840854,D,MANAGEMENT: CMD 'status'
2024-03-07 19:47:35.408 +00:00 [DBG] >LOG:1709840855,D,MANAGEMENT: CMD 'status'
2024-03-07 19:47:35.911 +00:00 [DBG] >LOG:1709840855,D,MANAGEMENT: CMD 'status'
2024-03-07 19:47:36.418 +00:00 [DBG] >LOG:1709840856,D,MANAGEMENT: CMD 'status'
2024-03-07 19:47:36.930 +00:00 [DBG] >LOG:1709840856,D,MANAGEMENT: CMD 'status'
2024-03-07 19:47:37.436 +00:00 [DBG] >LOG:1709840857,D,MANAGEMENT: CMD 'status'
2024-03-07 19:47:37.949 +00:00 [DBG] >LOG:1709840857,D,MANAGEMENT: CMD 'status'
2024-03-07 19:47:38.459 +00:00 [DBG] >LOG:1709840858,D,MANAGEMENT: CMD 'status'
2024-03-07 19:47:38.963 +00:00 [DBG] >LOG:1709840858,D,MANAGEMENT: CMD 'status'
2024-03-07 19:47:39.469 +00:00 [DBG] >LOG:1709840859,D,MANAGEMENT: CMD 'status'
2024-03-07 19:47:39.976 +00:00 [DBG] >LOG:1709840859,D,MANAGEMENT: CMD 'status'
2024-03-07 19:47:40.486 +00:00 [DBG] >LOG:1709840860,D,MANAGEMENT: CMD 'status'
2024-03-07 19:47:40.993 +00:00 [DBG] >LOG:1709840860,D,MANAGEMENT: CMD 'status'
2024-03-07 19:47:41.497 +00:00 [DBG] >LOG:1709840861,D,MANAGEMENT: CMD 'status'
2024-03-07 19:47:42.001 +00:00 [DBG] >LOG:1709840862,D,MANAGEMENT: CMD 'status'
2024-03-07 19:47:42.506 +00:00 [DBG] >LOG:1709840862,D,MANAGEMENT: CMD 'status'
2024-03-07 19:47:43.014 +00:00 [DBG] >LOG:1709840863,D,MANAGEMENT: CMD 'status'
2024-03-07 19:47:43.519 +00:00 [DBG] >LOG:1709840863,D,MANAGEMENT: CMD 'status'
2024-03-07 19:47:44.038 +00:00 [DBG] >LOG:1709840864,D,MANAGEMENT: CMD 'status'
2024-03-07 19:47:44.549 +00:00 [DBG] >LOG:1709840864,D,MANAGEMENT: CMD 'status'
2024-03-07 19:47:45.084 +00:00 [DBG] >LOG:1709840865,D,MANAGEMENT: CMD 'status'
2024-03-07 19:47:45.619 +00:00 [DBG] >LOG:1709840865,D,MANAGEMENT: CMD 'status'
2024-03-07 19:47:46.129 +00:00 [DBG] >LOG:1709840866,D,MANAGEMENT: CMD 'status'
2024-03-07 19:47:46.635 +00:00 [DBG] >LOG:1709840866,D,MANAGEMENT: CMD 'status'
2024-03-07 19:47:47.142 +00:00 [DBG] >LOG:1709840867,D,MANAGEMENT: CMD 'status'
2024-03-07 19:47:47.645 +00:00 [DBG] >LOG:1709840867,D,MANAGEMENT: CMD 'status'
2024-03-07 19:47:48.153 +00:00 [DBG] >LOG:1709840868,D,MANAGEMENT: CMD 'status'
2024-03-07 19:47:48.670 +00:00 [DBG] >LOG:1709840868,D,MANAGEMENT: CMD 'status'
2024-03-07 19:47:49.184 +00:00 [DBG] >LOG:1709840869,D,MANAGEMENT: CMD 'status'
2024-03-07 19:47:49.690 +00:00 [DBG] >LOG:1709840869,D,MANAGEMENT: CMD 'status'
2024-03-07 19:47:50.195 +00:00 [DBG] >LOG:1709840870,D,MANAGEMENT: CMD 'status'
2024-03-07 19:47:50.698 +00:00 [DBG] >LOG:1709840870,D,MANAGEMENT: CMD 'status'
2024-03-07 19:47:51.201 +00:00 [DBG] >LOG:1709840871,D,MANAGEMENT: CMD 'status'
2024-03-07 19:47:51.704 +00:00 [DBG] >LOG:1709840871,D,MANAGEMENT: CMD 'status'
2024-03-07 19:47:52.211 +00:00 [DBG] >LOG:1709840872,D,MANAGEMENT: CMD 'status'
2024-03-07 19:47:52.720 +00:00 [DBG] >LOG:1709840872,D,MANAGEMENT: CMD 'status'
2024-03-07 19:47:53.231 +00:00 [DBG] >LOG:1709840873,D,MANAGEMENT: CMD 'status'
2024-03-07 19:47:53.735 +00:00 [DBG] >LOG:1709840873,D,MANAGEMENT: CMD 'status'
2024-03-07 19:47:54.241 +00:00 [DBG] >LOG:1709840874,D,MANAGEMENT: CMD 'status'
2024-03-07 19:47:54.746 +00:00 [DBG] >LOG:1709840874,D,MANAGEMENT: CMD 'status'
2024-03-07 19:47:55.250 +00:00 [DBG] >LOG:1709840875,D,MANAGEMENT: CMD 'status'
2024-03-07 19:47:55.767 +00:00 [DBG] >LOG:1709840875,D,MANAGEMENT: CMD 'status'
2024-03-07 19:47:56.288 +00:00 [DBG] >LOG:1709840876,D,MANAGEMENT: CMD 'status'
2024-03-07 19:47:56.796 +00:00 [DBG] >LOG:1709840876,D,MANAGEMENT: CMD 'status'
2024-03-07 19:47:57.300 +00:00 [DBG] >LOG:1709840877,D,MANAGEMENT: CMD 'status'
2024-03-07 19:47:57.803 +00:00 [DBG] >LOG:1709840877,D,MANAGEMENT: CMD 'status'
2024-03-07 19:47:58.312 +00:00 [DBG] >LOG:1709840878,D,MANAGEMENT: CMD 'status'
2024-03-07 19:47:58.820 +00:00 [DBG] >LOG:1709840878,D,MANAGEMENT: CMD 'status'
2024-03-07 19:47:59.326 +00:00 [DBG] >LOG:1709840879,D,MANAGEMENT: CMD 'status'
2024-03-07 19:47:59.831 +00:00 [DBG] >LOG:1709840879,D,MANAGEMENT: CMD 'status'
2024-03-07 19:48:00.336 +00:00 [DBG] >LOG:1709840880,D,MANAGEMENT: CMD 'status'
2024-03-07 19:48:00.841 +00:00 [DBG] >LOG:1709840880,D,MANAGEMENT: CMD 'status'
2024-03-07 19:48:01.354 +00:00 [DBG] >LOG:1709840881,D,MANAGEMENT: CMD 'status'
2024-03-07 19:48:01.864 +00:00 [DBG] >LOG:1709840881,D,MANAGEMENT: CMD 'status'
2024-03-07 19:48:02.370 +00:00 [DBG] >LOG:1709840882,D,MANAGEMENT: CMD 'status'
2024-03-07 19:48:02.899 +00:00 [DBG] >LOG:1709840882,D,MANAGEMENT: CMD 'status'
2024-03-07 19:48:03.412 +00:00 [DBG] >LOG:1709840883,D,MANAGEMENT: CMD 'status'
2024-03-07 19:48:03.920 +00:00 [DBG] >LOG:1709840883,D,MANAGEMENT: CMD 'status'
2024-03-07 19:48:04.427 +00:00 [DBG] >LOG:1709840884,D,MANAGEMENT: CMD 'status'
2024-03-07 19:48:04.932 +00:00 [DBG] >LOG:1709840884,D,MANAGEMENT: CMD 'status'
2024-03-07 19:48:05.438 +00:00 [DBG] >LOG:1709840885,D,MANAGEMENT: CMD 'status'
2024-03-07 19:48:05.948 +00:00 [DBG] >LOG:1709840885,D,MANAGEMENT: CMD 'status'
2024-03-07 19:48:06.457 +00:00 [DBG] >LOG:1709840886,D,MANAGEMENT: CMD 'status'
2024-03-07 19:48:06.978 +00:00 [DBG] >LOG:1709840886,D,MANAGEMENT: CMD 'status'
2024-03-07 19:48:07.485 +00:00 [DBG] >LOG:1709840887,D,MANAGEMENT: CMD 'status'
2024-03-07 19:48:07.993 +00:00 [DBG] >LOG:1709840887,D,MANAGEMENT: CMD 'status'
2024-03-07 19:48:08.501 +00:00 [DBG] >LOG:1709840888,D,MANAGEMENT: CMD 'status'
2024-03-07 19:48:09.012 +00:00 [DBG] >LOG:1709840889,D,MANAGEMENT: CMD 'status'
2024-03-07 19:48:09.522 +00:00 [DBG] >LOG:1709840889,D,MANAGEMENT: CMD 'status'
2024-03-07 19:48:10.032 +00:00 [DBG] >LOG:1709840890,D,MANAGEMENT: CMD 'status'
2024-03-07 19:48:10.552 +00:00 [DBG] >LOG:1709840890,D,MANAGEMENT: CMD 'status'
2024-03-07 19:48:11.075 +00:00 [DBG] >LOG:1709840891,D,MANAGEMENT: CMD 'status'
2024-03-07 19:48:11.582 +00:00 [DBG] >LOG:1709840891,D,MANAGEMENT: CMD 'status'
2024-03-07 19:48:12.086 +00:00 [DBG] >LOG:1709840892,D,MANAGEMENT: CMD 'status'
2024-03-07 19:48:12.590 +00:00 [DBG] >LOG:1709840892,D,MANAGEMENT: CMD 'status'
2024-03-07 19:48:13.093 +00:00 [DBG] >LOG:1709840893,D,MANAGEMENT: CMD 'status'
2024-03-07 19:48:13.600 +00:00 [DBG] >LOG:1709840893,D,MANAGEMENT: CMD 'status'
2024-03-07 19:48:14.109 +00:00 [DBG] >LOG:1709840894,D,MANAGEMENT: CMD 'status'
2024-03-07 19:48:14.617 +00:00 [DBG] >LOG:1709840894,D,MANAGEMENT: CMD 'status'
2024-03-07 19:48:15.122 +00:00 [DBG] >LOG:1709840895,D,MANAGEMENT: CMD 'status'
2024-03-07 19:48:15.637 +00:00 [DBG] >LOG:1709840895,D,MANAGEMENT: CMD 'status'
2024-03-07 19:48:16.142 +00:00 [DBG] >LOG:1709840896,D,MANAGEMENT: CMD 'status'
2024-03-07 19:48:16.649 +00:00 [DBG] >LOG:1709840896,D,MANAGEMENT: CMD 'status'
2024-03-07 19:48:17.162 +00:00 [DBG] >LOG:1709840897,D,MANAGEMENT: CMD 'status'
2024-03-07 19:48:17.675 +00:00 [DBG] >LOG:1709840897,D,MANAGEMENT: CMD 'status'
2024-03-07 19:48:18.187 +00:00 [DBG] >LOG:1709840898,D,MANAGEMENT: CMD 'status'
2024-03-07 19:48:18.697 +00:00 [DBG] >LOG:1709840898,D,MANAGEMENT: CMD 'status'
2024-03-07 19:48:19.213 +00:00 [DBG] >LOG:1709840899,D,MANAGEMENT: CMD 'status'
2024-03-07 19:48:19.721 +00:00 [DBG] >LOG:1709840899,D,MANAGEMENT: CMD 'status'
2024-03-07 19:48:20.226 +00:00 [DBG] >LOG:1709840900,D,MANAGEMENT: CMD 'status'
2024-03-07 19:48:20.731 +00:00 [DBG] >LOG:1709840900,D,MANAGEMENT: CMD 'status'
2024-03-07 19:48:21.235 +00:00 [DBG] >LOG:1709840901,D,MANAGEMENT: CMD 'status'
2024-03-07 19:48:21.742 +00:00 [DBG] >LOG:1709840901,D,MANAGEMENT: CMD 'status'
2024-03-07 19:48:22.252 +00:00 [DBG] >LOG:1709840902,D,MANAGEMENT: CMD 'status'
2024-03-07 19:48:22.762 +00:00 [DBG] >LOG:1709840902,D,MANAGEMENT: CMD 'status'
2024-03-07 19:48:23.272 +00:00 [DBG] >LOG:1709840903,D,MANAGEMENT: CMD 'status'
2024-03-07 19:48:23.778 +00:00 [DBG] >LOG:1709840903,D,MANAGEMENT: CMD 'status'
2024-03-07 19:48:24.288 +00:00 [DBG] >LOG:1709840904,D,MANAGEMENT: CMD 'status'
2024-03-07 19:48:24.794 +00:00 [DBG] >LOG:1709840904,D,MANAGEMENT: CMD 'status'
2024-03-07 19:48:25.303 +00:00 [DBG] >LOG:1709840905,D,MANAGEMENT: CMD 'status'
2024-03-07 19:48:25.815 +00:00 [DBG] >LOG:1709840905,D,MANAGEMENT: CMD 'status'
2024-03-07 19:48:26.326 +00:00 [DBG] >LOG:1709840906,D,MANAGEMENT: CMD 'status'
2024-03-07 19:48:26.834 +00:00 [DBG] >LOG:1709840906,D,MANAGEMENT: CMD 'status'
2024-03-07 19:48:27.341 +00:00 [DBG] >LOG:1709840907,D,MANAGEMENT: CMD 'status'
2024-03-07 19:48:27.849 +00:00 [DBG] >LOG:1709840907,D,MANAGEMENT: CMD 'status'
2024-03-07 19:48:28.353 +00:00 [DBG] >LOG:1709840908,D,MANAGEMENT: CMD 'status'
2024-03-07 19:48:28.865 +00:00 [DBG] >LOG:1709840908,D,MANAGEMENT: CMD 'status'
2024-03-07 19:48:29.374 +00:00 [DBG] >LOG:1709840909,D,MANAGEMENT: CMD 'status'
2024-03-07 19:48:29.881 +00:00 [DBG] >LOG:1709840909,D,MANAGEMENT: CMD 'status'
2024-03-07 19:48:30.388 +00:00 [DBG] >LOG:1709840910,D,MANAGEMENT: CMD 'status'
2024-03-07 19:48:30.901 +00:00 [DBG] >LOG:1709840910,D,MANAGEMENT: CMD 'status'
2024-03-07 19:48:31.405 +00:00 [DBG] >LOG:1709840911,D,MANAGEMENT: CMD 'status'
2024-03-07 19:48:31.910 +00:00 [DBG] >LOG:1709840911,D,MANAGEMENT: CMD 'status'
2024-03-07 19:48:32.417 +00:00 [DBG] >LOG:1709840912,D,MANAGEMENT: CMD 'status'
2024-03-07 19:48:32.948 +00:00 [DBG] >LOG:1709840912,D,MANAGEMENT: CMD 'status'
2024-03-07 19:48:33.459 +00:00 [DBG] >LOG:1709840913,D,MANAGEMENT: CMD 'status'
2024-03-07 19:48:33.973 +00:00 [DBG] >LOG:1709840913,D,MANAGEMENT: CMD 'status'
2024-03-07 19:48:34.484 +00:00 [DBG] >LOG:1709840914,D,MANAGEMENT: CMD 'status'
2024-03-07 19:48:34.990 +00:00 [DBG] >LOG:1709840914,D,MANAGEMENT: CMD 'status'
2024-03-07 19:48:35.499 +00:00 [DBG] >LOG:1709840915,D,MANAGEMENT: CMD 'status'
2024-03-07 19:48:36.003 +00:00 [DBG] >LOG:1709840916,D,MANAGEMENT: CMD 'status'
2024-03-07 19:48:36.510 +00:00 [DBG] >LOG:1709840916,D,MANAGEMENT: CMD 'status'
2024-03-07 19:48:37.016 +00:00 [DBG] >LOG:1709840917,D,MANAGEMENT: CMD 'status'
2024-03-07 19:48:37.521 +00:00 [DBG] >LOG:1709840917,D,MANAGEMENT: CMD 'status'
2024-03-07 19:48:38.026 +00:00 [DBG] >LOG:1709840918,D,MANAGEMENT: CMD 'status'
2024-03-07 19:48:38.531 +00:00 [DBG] >LOG:1709840918,D,MANAGEMENT: CMD 'status'
2024-03-07 19:48:39.039 +00:00 [DBG] >LOG:1709840919,D,MANAGEMENT: CMD 'status'
2024-03-07 19:48:39.547 +00:00 [DBG] >LOG:1709840919,D,MANAGEMENT: CMD 'status'
2024-03-07 19:48:40.056 +00:00 [DBG] >LOG:1709840920,D,MANAGEMENT: CMD 'status'
2024-03-07 19:48:40.566 +00:00 [DBG] >LOG:1709840920,D,MANAGEMENT: CMD 'status'
2024-03-07 19:48:41.070 +00:00 [DBG] >LOG:1709840921,D,MANAGEMENT: CMD 'status'
2024-03-07 19:48:41.578 +00:00 [DBG] >LOG:1709840921,D,MANAGEMENT: CMD 'status'
2024-03-07 19:48:42.091 +00:00 [DBG] >LOG:1709840922,D,MANAGEMENT: CMD 'status'
2024-03-07 19:48:42.601 +00:00 [DBG] >LOG:1709840922,D,MANAGEMENT: CMD 'status'
2024-03-07 19:48:43.112 +00:00 [DBG] >LOG:1709840923,D,MANAGEMENT: CMD 'status'
2024-03-07 19:48:43.616 +00:00 [DBG] >LOG:1709840923,D,MANAGEMENT: CMD 'status'
2024-03-07 19:48:44.121 +00:00 [DBG] >LOG:1709840924,D,MANAGEMENT: CMD 'status'
2024-03-07 19:48:44.627 +00:00 [DBG] >LOG:1709840924,D,MANAGEMENT: CMD 'status'
2024-03-07 19:48:45.134 +00:00 [DBG] >LOG:1709840925,D,MANAGEMENT: CMD 'status'
2024-03-07 19:48:45.643 +00:00 [DBG] >LOG:1709840925,D,MANAGEMENT: CMD 'status'
2024-03-07 19:48:46.165 +00:00 [DBG] >LOG:1709840926,D,MANAGEMENT: CMD 'status'
2024-03-07 19:48:46.670 +00:00 [DBG] >LOG:1709840926,D,MANAGEMENT: CMD 'status'
2024-03-07 19:48:47.177 +00:00 [DBG] >LOG:1709840927,D,MANAGEMENT: CMD 'status'
2024-03-07 19:48:47.681 +00:00 [DBG] >LOG:1709840927,D,MANAGEMENT: CMD 'status'
2024-03-07 19:48:48.185 +00:00 [DBG] >LOG:1709840928,D,MANAGEMENT: CMD 'status'
2024-03-07 19:48:48.692 +00:00 [DBG] >LOG:1709840928,D,MANAGEMENT: CMD 'status'
2024-03-07 19:48:49.197 +00:00 [DBG] >LOG:1709840929,D,MANAGEMENT: CMD 'status'
2024-03-07 19:48:49.706 +00:00 [DBG] >LOG:1709840929,D,MANAGEMENT: CMD 'status'
2024-03-07 19:48:50.214 +00:00 [DBG] >LOG:1709840930,D,MANAGEMENT: CMD 'status'
2024-03-07 19:48:50.721 +00:00 [DBG] >LOG:1709840930,D,MANAGEMENT: CMD 'status'
2024-03-07 19:48:51.225 +00:00 [DBG] >LOG:1709840931,D,MANAGEMENT: CMD 'status'
2024-03-07 19:48:51.731 +00:00 [DBG] >LOG:1709840931,D,MANAGEMENT: CMD 'status'
2024-03-07 19:48:52.258 +00:00 [DBG] >LOG:1709840932,D,MANAGEMENT: CMD 'status'
2024-03-07 19:48:52.766 +00:00 [DBG] >LOG:1709840932,D,MANAGEMENT: CMD 'status'
2024-03-07 19:48:53.275 +00:00 [DBG] >LOG:1709840933,D,MANAGEMENT: CMD 'status'
2024-03-07 19:48:53.781 +00:00 [DBG] >LOG:1709840933,D,MANAGEMENT: CMD 'status'
2024-03-07 19:48:54.292 +00:00 [DBG] >LOG:1709840934,D,MANAGEMENT: CMD 'status'
2024-03-07 19:48:54.798 +00:00 [DBG] >LOG:1709840934,D,MANAGEMENT: CMD 'status'
2024-03-07 19:48:55.307 +00:00 [DBG] >LOG:1709840935,D,MANAGEMENT: CMD 'status'
2024-03-07 19:48:55.815 +00:00 [DBG] >LOG:1709840935,D,MANAGEMENT: CMD 'status'
2024-03-07 19:48:56.323 +00:00 [DBG] >LOG:1709840936,D,MANAGEMENT: CMD 'status'
2024-03-07 19:48:56.831 +00:00 [DBG] >LOG:1709840936,D,MANAGEMENT: CMD 'status'
2024-03-07 19:48:57.336 +00:00 [DBG] >LOG:1709840937,D,MANAGEMENT: CMD 'status'
2024-03-07 19:48:57.842 +00:00 [DBG] >LOG:1709840937,D,MANAGEMENT: CMD 'status'
2024-03-07 19:48:58.347 +00:00 [DBG] >LOG:1709840938,D,MANAGEMENT: CMD 'status'
2024-03-07 19:48:58.851 +00:00 [DBG] >LOG:1709840938,D,MANAGEMENT: CMD 'status'
2024-03-07 19:48:59.357 +00:00 [DBG] >LOG:1709840939,D,MANAGEMENT: CMD 'status'
2024-03-07 19:48:59.863 +00:00 [DBG] >LOG:1709840939,D,MANAGEMENT: CMD 'status'
2024-03-07 19:49:00.385 +00:00 [DBG] >LOG:1709840940,D,MANAGEMENT: CMD 'status'
2024-03-07 19:49:00.894 +00:00 [DBG] >LOG:1709840940,D,MANAGEMENT: CMD 'status'
2024-03-07 19:49:01.400 +00:00 [DBG] >LOG:1709840941,D,MANAGEMENT: CMD 'status'
2024-03-07 19:49:01.905 +00:00 [DBG] >LOG:1709840941,D,MANAGEMENT: CMD 'status'
2024-03-07 19:49:02.411 +00:00 [DBG] >LOG:1709840942,D,MANAGEMENT: CMD 'status'
2024-03-07 19:49:02.924 +00:00 [DBG] >LOG:1709840942,D,MANAGEMENT: CMD 'status'
2024-03-07 19:49:03.437 +00:00 [DBG] >LOG:1709840943,D,MANAGEMENT: CMD 'status'
2024-03-07 19:49:03.950 +00:00 [DBG] >LOG:1709840943,D,MANAGEMENT: CMD 'status'
2024-03-07 19:49:04.458 +00:00 [DBG] >LOG:1709840944,D,MANAGEMENT: CMD 'status'
2024-03-07 19:49:04.965 +00:00 [DBG] >LOG:1709840944,D,MANAGEMENT: CMD 'status'
2024-03-07 19:49:05.470 +00:00 [DBG] >LOG:1709840945,D,MANAGEMENT: CMD 'status'
2024-03-07 19:49:05.974 +00:00 [DBG] >LOG:1709840945,D,MANAGEMENT: CMD 'status'
2024-03-07 19:49:06.480 +00:00 [DBG] >LOG:1709840946,D,MANAGEMENT: CMD 'status'
2024-03-07 19:49:06.985 +00:00 [DBG] >LOG:1709840946,D,MANAGEMENT: CMD 'status'
2024-03-07 19:49:07.501 +00:00 [DBG] >LOG:1709840947,D,MANAGEMENT: CMD 'status'
2024-03-07 19:49:08.023 +00:00 [DBG] >LOG:1709840948,D,MANAGEMENT: CMD 'status'
2024-03-07 19:49:08.544 +00:00 [DBG] >LOG:1709840948,D,MANAGEMENT: CMD 'status'
2024-03-07 19:49:09.049 +00:00 [DBG] >LOG:1709840949,D,MANAGEMENT: CMD 'status'
2024-03-07 19:49:09.553 +00:00 [DBG] >LOG:1709840949,D,MANAGEMENT: CMD 'status'
2024-03-07 19:49:10.058 +00:00 [DBG] >LOG:1709840950,D,MANAGEMENT: CMD 'status'
2024-03-07 19:49:10.562 +00:00 [DBG] >LOG:1709840950,D,MANAGEMENT: CMD 'status'
2024-03-07 19:49:11.069 +00:00 [DBG] >LOG:1709840951,D,MANAGEMENT: CMD 'status'
2024-03-07 19:49:11.583 +00:00 [DBG] >LOG:1709840951,D,MANAGEMENT: CMD 'status'
2024-03-07 19:49:12.098 +00:00 [DBG] >LOG:1709840952,D,MANAGEMENT: CMD 'status'
2024-03-07 19:49:12.603 +00:00 [DBG] >LOG:1709840952,D,MANAGEMENT: CMD 'status'
2024-03-07 19:49:13.111 +00:00 [DBG] >LOG:1709840953,D,MANAGEMENT: CMD 'status'
2024-03-07 19:49:13.615 +00:00 [DBG] >LOG:1709840953,D,MANAGEMENT: CMD 'status'
2024-03-07 19:49:14.120 +00:00 [DBG] >LOG:1709840954,D,MANAGEMENT: CMD 'status'
2024-03-07 19:49:14.626 +00:00 [DBG] >LOG:1709840954,D,MANAGEMENT: CMD 'status'
2024-03-07 19:49:15.136 +00:00 [DBG] >LOG:1709840955,D,MANAGEMENT: CMD 'status'
2024-03-07 19:49:15.644 +00:00 [DBG] >LOG:1709840955,D,MANAGEMENT: CMD 'status'
2024-03-07 19:49:16.155 +00:00 [DBG] >LOG:1709840956,D,MANAGEMENT: CMD 'status'
2024-03-07 19:49:16.659 +00:00 [DBG] >LOG:1709840956,D,MANAGEMENT: CMD 'status'
2024-03-07 19:49:17.164 +00:00 [DBG] >LOG:1709840957,D,MANAGEMENT: CMD 'status'
2024-03-07 19:49:17.668 +00:00 [DBG] >LOG:1709840957,D,MANAGEMENT: CMD 'status'
2024-03-07 19:49:18.172 +00:00 [DBG] >LOG:1709840958,D,MANAGEMENT: CMD 'status'
2024-03-07 19:49:18.686 +00:00 [DBG] >LOG:1709840958,D,MANAGEMENT: CMD 'status'
2024-03-07 19:49:19.206 +00:00 [DBG] >LOG:1709840959,D,MANAGEMENT: CMD 'status'
2024-03-07 19:49:19.721 +00:00 [DBG] >LOG:1709840959,D,MANAGEMENT: CMD 'status'
2024-03-07 19:49:20.226 +00:00 [DBG] >LOG:1709840960,D,MANAGEMENT: CMD 'status'
2024-03-07 19:49:20.729 +00:00 [DBG] >LOG:1709840960,D,MANAGEMENT: CMD 'status'
2024-03-07 19:49:21.235 +00:00 [DBG] >LOG:1709840961,D,MANAGEMENT: CMD 'status'
2024-03-07 19:49:21.750 +00:00 [DBG] >LOG:1709840961,D,MANAGEMENT: CMD 'status'
2024-03-07 19:49:22.264 +00:00 [DBG] >LOG:1709840962,D,MANAGEMENT: CMD 'status'
2024-03-07 19:49:22.775 +00:00 [DBG] >LOG:1709840962,D,MANAGEMENT: CMD 'status'
2024-03-07 19:49:23.283 +00:00 [DBG] >LOG:1709840963,D,MANAGEMENT: CMD 'status'
2024-03-07 19:49:23.789 +00:00 [DBG] >LOG:1709840963,D,MANAGEMENT: CMD 'status'
2024-03-07 19:49:24.301 +00:00 [DBG] >LOG:1709840964,D,MANAGEMENT: CMD 'status'
2024-03-07 19:49:24.807 +00:00 [DBG] >LOG:1709840964,D,MANAGEMENT: CMD 'status'
2024-03-07 19:49:25.314 +00:00 [DBG] >LOG:1709840965,D,MANAGEMENT: CMD 'status'
2024-03-07 19:49:25.830 +00:00 [DBG] >LOG:1709840965,D,MANAGEMENT: CMD 'status'
2024-03-07 19:49:26.337 +00:00 [DBG] >LOG:1709840966,D,MANAGEMENT: CMD 'status'
2024-03-07 19:49:26.839 +00:00 [DBG] >LOG:1709840966,D,MANAGEMENT: CMD 'status'
2024-03-07 19:49:27.348 +00:00 [DBG] >LOG:1709840967,D,MANAGEMENT: CMD 'status'
2024-03-07 19:49:27.854 +00:00 [DBG] >LOG:1709840967,D,MANAGEMENT: CMD 'status'
2024-03-07 19:49:28.356 +00:00 [DBG] >LOG:1709840968,D,MANAGEMENT: CMD 'status'
2024-03-07 19:49:28.861 +00:00 [DBG] >LOG:1709840968,D,MANAGEMENT: CMD 'status'
2024-03-07 19:49:29.368 +00:00 [DBG] >LOG:1709840969,D,MANAGEMENT: CMD 'status'
2024-03-07 19:49:29.875 +00:00 [DBG] >LOG:1709840969,D,MANAGEMENT: CMD 'status'
2024-03-07 19:49:30.385 +00:00 [DBG] >LOG:1709840970,D,MANAGEMENT: CMD 'status'
2024-03-07 19:49:30.900 +00:00 [DBG] >LOG:1709840970,D,MANAGEMENT: CMD 'status'
2024-03-07 19:49:31.407 +00:00 [DBG] >LOG:1709840971,D,MANAGEMENT: CMD 'status'
2024-03-07 19:49:31.912 +00:00 [DBG] >LOG:1709840971,D,MANAGEMENT: CMD 'status'
2024-03-07 19:49:32.415 +00:00 [DBG] >LOG:1709840972,D,MANAGEMENT: CMD 'status'
2024-03-07 19:49:32.920 +00:00 [DBG] >LOG:1709840972,D,MANAGEMENT: CMD 'status'
2024-03-07 19:49:33.431 +00:00 [DBG] >LOG:1709840973,D,MANAGEMENT: CMD 'status'
2024-03-07 19:49:33.942 +00:00 [DBG] >LOG:1709840973,D,MANAGEMENT: CMD 'status'
2024-03-07 19:49:34.453 +00:00 [DBG] >LOG:1709840974,D,MANAGEMENT: CMD 'status'
2024-03-07 19:49:34.962 +00:00 [DBG] >LOG:1709840974,D,MANAGEMENT: CMD 'status'
2024-03-07 19:49:35.470 +00:00 [DBG] >LOG:1709840975,D,MANAGEMENT: CMD 'status'
2024-03-07 19:49:35.973 +00:00 [DBG] >LOG:1709840975,D,MANAGEMENT: CMD 'status'
2024-03-07 19:49:36.480 +00:00 [DBG] >LOG:1709840976,D,MANAGEMENT: CMD 'status'
2024-03-07 19:49:37.001 +00:00 [DBG] >LOG:1709840976,D,MANAGEMENT: CMD 'status'
2024-03-07 19:49:37.512 +00:00 [DBG] >LOG:1709840977,D,MANAGEMENT: CMD 'status'
2024-03-07 19:49:38.028 +00:00 [DBG] >LOG:1709840978,D,MANAGEMENT: CMD 'status'
2024-03-07 19:49:38.536 +00:00 [DBG] >LOG:1709840978,D,MANAGEMENT: CMD 'status'
2024-03-07 19:49:39.043 +00:00 [DBG] >LOG:1709840979,D,MANAGEMENT: CMD 'status'
2024-03-07 19:49:39.548 +00:00 [DBG] >LOG:1709840979,D,MANAGEMENT: CMD 'status'
2024-03-07 19:49:40.054 +00:00 [DBG] >LOG:1709840980,D,MANAGEMENT: CMD 'status'
2024-03-07 19:49:40.580 +00:00 [DBG] >LOG:1709840980,D,MANAGEMENT: CMD 'status'
2024-03-07 19:49:41.085 +00:00 [DBG] >LOG:1709840981,D,MANAGEMENT: CMD 'status'
2024-03-07 19:49:41.590 +00:00 [DBG] >LOG:1709840981,D,MANAGEMENT: CMD 'status'
2024-03-07 19:49:42.098 +00:00 [DBG] >LOG:1709840982,D,MANAGEMENT: CMD 'status'
2024-03-07 19:49:42.605 +00:00 [DBG] >LOG:1709840982,D,MANAGEMENT: CMD 'status'
2024-03-07 19:49:43.112 +00:00 [DBG] >LOG:1709840983,D,MANAGEMENT: CMD 'status'
2024-03-07 19:49:43.618 +00:00 [DBG] >LOG:1709840983,D,MANAGEMENT: CMD 'status'
2024-03-07 19:49:44.125 +00:00 [DBG] >LOG:1709840984,D,MANAGEMENT: CMD 'status'
2024-03-07 19:49:44.630 +00:00 [DBG] >LOG:1709840984,D,MANAGEMENT: CMD 'status'
2024-03-07 19:49:45.137 +00:00 [DBG] >LOG:1709840985,D,MANAGEMENT: CMD 'status'
2024-03-07 19:49:45.684 +00:00 [DBG] >LOG:1709840985,D,MANAGEMENT: CMD 'status'
2024-03-07 19:49:46.200 +00:00 [DBG] >LOG:1709840986,D,MANAGEMENT: CMD 'status'
2024-03-07 19:49:46.706 +00:00 [DBG] >LOG:1709840986,D,MANAGEMENT: CMD 'status'
2024-03-07 19:49:47.212 +00:00 [DBG] >LOG:1709840987,D,MANAGEMENT: CMD 'status'
2024-03-07 19:49:47.721 +00:00 [DBG] >LOG:1709840987,D,MANAGEMENT: CMD 'status'
2024-03-07 19:49:48.226 +00:00 [DBG] >LOG:1709840988,D,MANAGEMENT: CMD 'status'
2024-03-07 19:49:48.733 +00:00 [DBG] >LOG:1709840988,D,MANAGEMENT: CMD 'status'
2024-03-07 19:49:49.251 +00:00 [DBG] >LOG:1709840989,D,MANAGEMENT: CMD 'status'
2024-03-07 19:49:49.764 +00:00 [DBG] >LOG:1709840989,D,MANAGEMENT: CMD 'status'
2024-03-07 19:49:50.272 +00:00 [DBG] >LOG:1709840990,D,MANAGEMENT: CMD 'status'
2024-03-07 19:49:50.777 +00:00 [DBG] >LOG:1709840990,D,MANAGEMENT: CMD 'status'
2024-03-07 19:49:51.281 +00:00 [DBG] >LOG:1709840991,D,MANAGEMENT: CMD 'status'
2024-03-07 19:49:51.784 +00:00 [DBG] >LOG:1709840991,D,MANAGEMENT: CMD 'status'
2024-03-07 19:49:52.287 +00:00 [DBG] >LOG:1709840992,D,MANAGEMENT: CMD 'status'
2024-03-07 19:49:52.792 +00:00 [DBG] >LOG:1709840992,D,MANAGEMENT: CMD 'status'
2024-03-07 19:49:53.298 +00:00 [DBG] >LOG:1709840993,D,MANAGEMENT: CMD 'status'
2024-03-07 19:49:53.804 +00:00 [DBG] >LOG:1709840993,D,MANAGEMENT: CMD 'status'
2024-03-07 19:49:54.311 +00:00 [DBG] >LOG:1709840994,D,MANAGEMENT: CMD 'status'
2024-03-07 19:49:54.814 +00:00 [DBG] >LOG:1709840994,D,MANAGEMENT: CMD 'status'
2024-03-07 19:49:55.322 +00:00 [DBG] >LOG:1709840995,D,MANAGEMENT: CMD 'status'
2024-03-07 19:49:55.825 +00:00 [DBG] >LOG:1709840995,D,MANAGEMENT: CMD 'status'
2024-03-07 19:49:56.330 +00:00 [DBG] >LOG:1709840996,D,MANAGEMENT: CMD 'status'
2024-03-07 19:49:56.837 +00:00 [DBG] >LOG:1709840996,D,MANAGEMENT: CMD 'status'
2024-03-07 19:49:57.345 +00:00 [DBG] >LOG:1709840997,D,MANAGEMENT: CMD 'status'
2024-03-07 19:49:57.856 +00:00 [DBG] >LOG:1709840997,D,MANAGEMENT: CMD 'status'
2024-03-07 19:49:58.372 +00:00 [DBG] >LOG:1709840998,D,MANAGEMENT: CMD 'status'
2024-03-07 19:49:58.881 +00:00 [DBG] >LOG:1709840998,D,MANAGEMENT: CMD 'status'
2024-03-07 19:49:59.386 +00:00 [DBG] >LOG:1709840999,D,MANAGEMENT: CMD 'status'
2024-03-07 19:49:59.891 +00:00 [DBG] >LOG:1709840999,D,MANAGEMENT: CMD 'status'
2024-03-07 19:50:00.394 +00:00 [DBG] >LOG:1709841000,D,MANAGEMENT: CMD 'status'
2024-03-07 19:50:00.897 +00:00 [DBG] >LOG:1709841000,D,MANAGEMENT: CMD 'status'
2024-03-07 19:50:01.405 +00:00 [DBG] >LOG:1709841001,D,MANAGEMENT: CMD 'status'
2024-03-07 19:50:01.916 +00:00 [DBG] >LOG:1709841001,D,MANAGEMENT: CMD 'status'
2024-03-07 19:50:02.435 +00:00 [DBG] >LOG:1709841002,D,MANAGEMENT: CMD 'status'
2024-03-07 19:50:02.941 +00:00 [DBG] >LOG:1709841002,D,MANAGEMENT: CMD 'status'
2024-03-07 19:50:03.449 +00:00 [DBG] >LOG:1709841003,D,MANAGEMENT: CMD 'status'
2024-03-07 19:50:03.955 +00:00 [DBG] >LOG:1709841003,D,MANAGEMENT: CMD 'status'
2024-03-07 19:50:04.460 +00:00 [DBG] >LOG:1709841004,D,MANAGEMENT: CMD 'status'
2024-03-07 19:50:04.964 +00:00 [DBG] >LOG:1709841004,D,MANAGEMENT: CMD 'status'
2024-03-07 19:50:05.471 +00:00 [DBG] >LOG:1709841005,D,MANAGEMENT: CMD 'status'
2024-03-07 19:50:05.982 +00:00 [DBG] >LOG:1709841005,D,MANAGEMENT: CMD 'status'
2024-03-07 19:50:06.487 +00:00 [DBG] >LOG:1709841006,D,MANAGEMENT: CMD 'status'
2024-03-07 19:50:06.992 +00:00 [DBG] >LOG:1709841006,D,MANAGEMENT: CMD 'status'
2024-03-07 19:50:07.510 +00:00 [DBG] >LOG:1709841007,D,MANAGEMENT: CMD 'status'
2024-03-07 19:50:08.013 +00:00 [DBG] >LOG:1709841008,D,MANAGEMENT: CMD 'status'
2024-03-07 19:50:08.517 +00:00 [DBG] >LOG:1709841008,D,MANAGEMENT: CMD 'status'
2024-03-07 19:50:09.021 +00:00 [DBG] >LOG:1709841009,D,MANAGEMENT: CMD 'status'
2024-03-07 19:50:09.524 +00:00 [DBG] >LOG:1709841009,D,MANAGEMENT: CMD 'status'
2024-03-07 19:50:10.028 +00:00 [DBG] >LOG:1709841010,D,MANAGEMENT: CMD 'status'
2024-03-07 19:50:10.536 +00:00 [DBG] >LOG:1709841010,D,MANAGEMENT: CMD 'status'
2024-03-07 19:50:11.044 +00:00 [DBG] >LOG:1709841011,D,MANAGEMENT: CMD 'status'
2024-03-07 19:50:11.559 +00:00 [DBG] >LOG:1709841011,D,MANAGEMENT: CMD 'status'
2024-03-07 19:50:12.074 +00:00 [DBG] >LOG:1709841012,D,MANAGEMENT: CMD 'status'
2024-03-07 19:50:12.582 +00:00 [DBG] >LOG:1709841012,D,MANAGEMENT: CMD 'status'
2024-03-07 19:50:13.087 +00:00 [DBG] >LOG:1709841013,D,MANAGEMENT: CMD 'status'
2024-03-07 19:50:13.591 +00:00 [DBG] >LOG:1709841013,D,MANAGEMENT: CMD 'status'
2024-03-07 19:50:14.097 +00:00 [DBG] >LOG:1709841014,D,MANAGEMENT: CMD 'status'
2024-03-07 19:50:14.600 +00:00 [DBG] >LOG:1709841014,D,MANAGEMENT: CMD 'status'
2024-03-07 19:50:15.123 +00:00 [DBG] >LOG:1709841015,D,MANAGEMENT: CMD 'status'
2024-03-07 19:50:15.636 +00:00 [DBG] >LOG:1709841015,D,MANAGEMENT: CMD 'status'
2024-03-07 19:50:16.144 +00:00 [DBG] >LOG:1709841016,D,MANAGEMENT: CMD 'status'
2024-03-07 19:50:16.651 +00:00 [DBG] >LOG:1709841016,D,MANAGEMENT: CMD 'status'
2024-03-07 19:50:17.160 +00:00 [DBG] >LOG:1709841017,D,MANAGEMENT: CMD 'status'
2024-03-07 19:50:17.664 +00:00 [DBG] >LOG:1709841017,D,MANAGEMENT: CMD 'status'
2024-03-07 19:50:18.168 +00:00 [DBG] >LOG:1709841018,D,MANAGEMENT: CMD 'status'
2024-03-07 19:50:18.672 +00:00 [DBG] >LOG:1709841018,D,MANAGEMENT: CMD 'status'
2024-03-07 19:50:19.178 +00:00 [DBG] >LOG:1709841019,D,MANAGEMENT: CMD 'status'
2024-03-07 19:50:19.686 +00:00 [DBG] >LOG:1709841019,D,MANAGEMENT: CMD 'status'
2024-03-07 19:50:20.192 +00:00 [DBG] >LOG:1709841020,D,MANAGEMENT: CMD 'status'
2024-03-07 19:50:20.697 +00:00 [DBG] >LOG:1709841020,D,MANAGEMENT: CMD 'status'
2024-03-07 19:50:21.205 +00:00 [DBG] >LOG:1709841021,D,MANAGEMENT: CMD 'status'
2024-03-07 19:50:21.710 +00:00 [DBG] >LOG:1709841021,D,MANAGEMENT: CMD 'status'
2024-03-07 19:50:22.214 +00:00 [DBG] >LOG:1709841022,D,MANAGEMENT: CMD 'status'
2024-03-07 19:50:22.719 +00:00 [DBG] >LOG:1709841022,D,MANAGEMENT: CMD 'status'
2024-03-07 19:50:23.222 +00:00 [DBG] >LOG:1709841023,D,MANAGEMENT: CMD 'status'
2024-03-07 19:50:23.731 +00:00 [DBG] >LOG:1709841023,D,MANAGEMENT: CMD 'status'
2024-03-07 19:50:24.240 +00:00 [DBG] >LOG:1709841024,D,MANAGEMENT: CMD 'status'
2024-03-07 19:50:24.748 +00:00 [DBG] >LOG:1709841024,D,MANAGEMENT: CMD 'status'
2024-03-07 19:50:25.261 +00:00 [DBG] >LOG:1709841025,D,MANAGEMENT: CMD 'status'
2024-03-07 19:50:25.769 +00:00 [DBG] >LOG:1709841025,D,MANAGEMENT: CMD 'status'
2024-03-07 19:50:26.273 +00:00 [DBG] >LOG:1709841026,D,MANAGEMENT: CMD 'status'
2024-03-07 19:50:26.780 +00:00 [DBG] >LOG:1709841026,D,MANAGEMENT: CMD 'status'
2024-03-07 19:50:27.298 +00:00 [DBG] >LOG:1709841027,D,MANAGEMENT: CMD 'status'
2024-03-07 19:50:27.811 +00:00 [DBG] >LOG:1709841027,D,MANAGEMENT: CMD 'status'
2024-03-07 19:50:28.319 +00:00 [DBG] >LOG:1709841028,D,MANAGEMENT: CMD 'status'
2024-03-07 19:50:28.827 +00:00 [DBG] >LOG:1709841028,D,MANAGEMENT: CMD 'status'
2024-03-07 19:50:29.333 +00:00 [DBG] >LOG:1709841029,D,MANAGEMENT: CMD 'status'
2024-03-07 19:50:29.842 +00:00 [DBG] >LOG:1709841029,D,MANAGEMENT: CMD 'status'
2024-03-07 19:50:30.347 +00:00 [DBG] >LOG:1709841030,D,MANAGEMENT: CMD 'status'
2024-03-07 19:50:30.852 +00:00 [DBG] >LOG:1709841030,D,MANAGEMENT: CMD 'status'
2024-03-07 19:50:31.357 +00:00 [DBG] >LOG:1709841031,D,MANAGEMENT: CMD 'status'
2024-03-07 19:50:31.861 +00:00 [DBG] >LOG:1709841031,D,MANAGEMENT: CMD 'status'
2024-03-07 19:50:32.366 +00:00 [DBG] >LOG:1709841032,D,MANAGEMENT: CMD 'status'
2024-03-07 19:50:32.872 +00:00 [DBG] >LOG:1709841032,D,MANAGEMENT: CMD 'status'
2024-03-07 19:50:33.379 +00:00 [DBG] >LOG:1709841033,D,MANAGEMENT: CMD 'status'
2024-03-07 19:50:33.887 +00:00 [DBG] >LOG:1709841033,D,MANAGEMENT: CMD 'status'
2024-03-07 19:50:34.393 +00:00 [DBG] >LOG:1709841034,D,MANAGEMENT: CMD 'status'
2024-03-07 19:50:34.897 +00:00 [DBG] >LOG:1709841034,D,MANAGEMENT: CMD 'status'
2024-03-07 19:50:35.401 +00:00 [DBG] >LOG:1709841035,D,MANAGEMENT: CMD 'status'
2024-03-07 19:50:35.906 +00:00 [DBG] >LOG:1709841035,D,MANAGEMENT: CMD 'status'
2024-03-07 19:50:36.412 +00:00 [DBG] >LOG:1709841036,D,MANAGEMENT: CMD 'status'
2024-03-07 19:50:36.919 +00:00 [DBG] >LOG:1709841036,D,MANAGEMENT: CMD 'status'
2024-03-07 19:50:37.425 +00:00 [DBG] >LOG:1709841037,D,MANAGEMENT: CMD 'status'
2024-03-07 19:50:37.930 +00:00 [DBG] >LOG:1709841037,D,MANAGEMENT: CMD 'status'
2024-03-07 19:50:38.434 +00:00 [DBG] >LOG:1709841038,D,MANAGEMENT: CMD 'status'
2024-03-07 19:50:38.938 +00:00 [DBG] >LOG:1709841038,D,MANAGEMENT: CMD 'status'
2024-03-07 19:50:39.445 +00:00 [DBG] >LOG:1709841039,D,MANAGEMENT: CMD 'status'
2024-03-07 19:50:39.959 +00:00 [DBG] >LOG:1709841039,D,MANAGEMENT: CMD 'status'
2024-03-07 19:50:40.489 +00:00 [DBG] >LOG:1709841040,D,MANAGEMENT: CMD 'status'
2024-03-07 19:50:41.001 +00:00 [DBG] >LOG:1709841041,D,MANAGEMENT: CMD 'status'
2024-03-07 19:50:41.512 +00:00 [DBG] >LOG:1709841041,D,MANAGEMENT: CMD 'status'
2024-03-07 19:50:42.016 +00:00 [DBG] >LOG:1709841042,D,MANAGEMENT: CMD 'status'
2024-03-07 19:50:42.522 +00:00 [DBG] >LOG:1709841042,D,MANAGEMENT: CMD 'status'
2024-03-07 19:50:43.028 +00:00 [DBG] >LOG:1709841043,D,MANAGEMENT: CMD 'status'
2024-03-07 19:50:43.533 +00:00 [DBG] >LOG:1709841043,D,MANAGEMENT: CMD 'status'
2024-03-07 19:50:44.059 +00:00 [DBG] >LOG:1709841044,D,MANAGEMENT: CMD 'status'
2024-03-07 19:50:44.573 +00:00 [DBG] >LOG:1709841044,D,MANAGEMENT: CMD 'status'
2024-03-07 19:50:45.081 +00:00 [DBG] >LOG:1709841045,D,MANAGEMENT: CMD 'status'
2024-03-07 19:50:45.591 +00:00 [DBG] >LOG:1709841045,D,MANAGEMENT: CMD 'status'
2024-03-07 19:50:46.110 +00:00 [DBG] >LOG:1709841046,D,MANAGEMENT: CMD 'status'
2024-03-07 19:50:46.616 +00:00 [DBG] >LOG:1709841046,D,MANAGEMENT: CMD 'status'
2024-03-07 19:50:47.121 +00:00 [DBG] >LOG:1709841047,D,MANAGEMENT: CMD 'status'
2024-03-07 19:50:47.625 +00:00 [DBG] >LOG:1709841047,D,MANAGEMENT: CMD 'status'
2024-03-07 19:50:48.128 +00:00 [DBG] >LOG:1709841048,D,MANAGEMENT: CMD 'status'
2024-03-07 19:50:48.634 +00:00 [DBG] >LOG:1709841048,D,MANAGEMENT: CMD 'status'
2024-03-07 19:50:49.142 +00:00 [DBG] >LOG:1709841049,D,MANAGEMENT: CMD 'status'
2024-03-07 19:50:49.648 +00:00 [DBG] >LOG:1709841049,D,MANAGEMENT: CMD 'status'
2024-03-07 19:50:50.164 +00:00 [DBG] >LOG:1709841050,D,MANAGEMENT: CMD 'status'
2024-03-07 19:50:50.671 +00:00 [DBG] >LOG:1709841050,D,MANAGEMENT: CMD 'status'
2024-03-07 19:50:51.175 +00:00 [DBG] >LOG:1709841051,D,MANAGEMENT: CMD 'status'
2024-03-07 19:50:51.681 +00:00 [DBG] >LOG:1709841051,D,MANAGEMENT: CMD 'status'
2024-03-07 19:50:52.188 +00:00 [DBG] >LOG:1709841052,D,MANAGEMENT: CMD 'status'
2024-03-07 19:50:52.704 +00:00 [DBG] >LOG:1709841052,D,MANAGEMENT: CMD 'status'
2024-03-07 19:50:53.219 +00:00 [DBG] >LOG:1709841053,D,MANAGEMENT: CMD 'status'
2024-03-07 19:50:53.725 +00:00 [DBG] >LOG:1709841053,D,MANAGEMENT: CMD 'status'
2024-03-07 19:50:54.233 +00:00 [DBG] >LOG:1709841054,D,MANAGEMENT: CMD 'status'
2024-03-07 19:50:54.741 +00:00 [DBG] >LOG:1709841054,D,MANAGEMENT: CMD 'status'
2024-03-07 19:50:55.248 +00:00 [DBG] >LOG:1709841055,D,MANAGEMENT: CMD 'status'
2024-03-07 19:50:55.753 +00:00 [DBG] >LOG:1709841055,D,MANAGEMENT: CMD 'status'
2024-03-07 19:50:56.260 +00:00 [DBG] >LOG:1709841056,D,MANAGEMENT: CMD 'status'
2024-03-07 19:50:56.766 +00:00 [DBG] >LOG:1709841056,D,MANAGEMENT: CMD 'status'
2024-03-07 19:50:57.272 +00:00 [DBG] >LOG:1709841057,D,MANAGEMENT: CMD 'status'
2024-03-07 19:50:57.779 +00:00 [DBG] >LOG:1709841057,D,MANAGEMENT: CMD 'status'
2024-03-07 19:50:58.284 +00:00 [DBG] >LOG:1709841058,D,MANAGEMENT: CMD 'status'
2024-03-07 19:50:58.790 +00:00 [DBG] >LOG:1709841058,D,MANAGEMENT: CMD 'status'
2024-03-07 19:50:59.297 +00:00 [DBG] >LOG:1709841059,D,MANAGEMENT: CMD 'status'
2024-03-07 19:50:59.801 +00:00 [DBG] >LOG:1709841059,D,MANAGEMENT: CMD 'status'
2024-03-07 19:51:00.306 +00:00 [DBG] >LOG:1709841060,D,MANAGEMENT: CMD 'status'
2024-03-07 19:51:00.813 +00:00 [DBG] >LOG:1709841060,D,MANAGEMENT: CMD 'status'
2024-03-07 19:51:01.320 +00:00 [DBG] >LOG:1709841061,D,MANAGEMENT: CMD 'status'
2024-03-07 19:51:01.830 +00:00 [DBG] >LOG:1709841061,D,MANAGEMENT: CMD 'status'
2024-03-07 19:51:02.335 +00:00 [DBG] >LOG:1709841062,D,MANAGEMENT: CMD 'status'
2024-03-07 19:51:02.852 +00:00 [DBG] >LOG:1709841062,D,MANAGEMENT: CMD 'status'
2024-03-07 19:51:03.359 +00:00 [DBG] >LOG:1709841063,D,MANAGEMENT: CMD 'status'
2024-03-07 19:51:03.864 +00:00 [DBG] >LOG:1709841063,D,MANAGEMENT: CMD 'status'
2024-03-07 19:51:04.370 +00:00 [DBG] >LOG:1709841064,D,MANAGEMENT: CMD 'status'
2024-03-07 19:51:04.876 +00:00 [DBG] >LOG:1709841064,D,MANAGEMENT: CMD 'status'
2024-03-07 19:51:05.382 +00:00 [DBG] >LOG:1709841065,D,MANAGEMENT: CMD 'status'
2024-03-07 19:51:05.893 +00:00 [DBG] >LOG:1709841065,D,MANAGEMENT: CMD 'status'
2024-03-07 19:51:06.398 +00:00 [DBG] >LOG:1709841066,D,MANAGEMENT: CMD 'status'
2024-03-07 19:51:06.903 +00:00 [DBG] >LOG:1709841066,D,MANAGEMENT: CMD 'status'
2024-03-07 19:51:07.409 +00:00 [DBG] >LOG:1709841067,D,MANAGEMENT: CMD 'status'
2024-03-07 19:51:07.915 +00:00 [DBG] >LOG:1709841067,D,MANAGEMENT: CMD 'status'
2024-03-07 19:51:08.432 +00:00 [DBG] >LOG:1709841068,D,MANAGEMENT: CMD 'status'
2024-03-07 19:51:08.940 +00:00 [DBG] >LOG:1709841068,D,MANAGEMENT: CMD 'status'
2024-03-07 19:51:09.448 +00:00 [DBG] >LOG:1709841069,D,MANAGEMENT: CMD 'status'
2024-03-07 19:51:09.952 +00:00 [DBG] >LOG:1709841069,D,MANAGEMENT: CMD 'status'
2024-03-07 19:51:10.457 +00:00 [DBG] >LOG:1709841070,D,MANAGEMENT: CMD 'status'
2024-03-07 19:51:10.964 +00:00 [DBG] >LOG:1709841070,D,MANAGEMENT: CMD 'status'
2024-03-07 19:51:11.471 +00:00 [DBG] >LOG:1709841071,D,MANAGEMENT: CMD 'status'
2024-03-07 19:51:11.981 +00:00 [DBG] >LOG:1709841071,D,MANAGEMENT: CMD 'status'
2024-03-07 19:51:12.498 +00:00 [DBG] >LOG:1709841072,D,MANAGEMENT: CMD 'status'
2024-03-07 19:51:13.002 +00:00 [DBG] >LOG:1709841073,D,MANAGEMENT: CMD 'status'
2024-03-07 19:51:13.506 +00:00 [DBG] >LOG:1709841073,D,MANAGEMENT: CMD 'status'
2024-03-07 19:51:14.014 +00:00 [DBG] >LOG:1709841074,D,MANAGEMENT: CMD 'status'
2024-03-07 19:51:14.522 +00:00 [DBG] >LOG:1709841074,D,MANAGEMENT: CMD 'status'
2024-03-07 19:51:15.036 +00:00 [DBG] >LOG:1709841075,D,MANAGEMENT: CMD 'status'
2024-03-07 19:51:15.544 +00:00 [DBG] >LOG:1709841075,D,MANAGEMENT: CMD 'status'
2024-03-07 19:51:16.052 +00:00 [DBG] >LOG:1709841076,D,MANAGEMENT: CMD 'status'
2024-03-07 19:51:16.555 +00:00 [DBG] >LOG:1709841076,D,MANAGEMENT: CMD 'status'
2024-03-07 19:51:17.060 +00:00 [DBG] >LOG:1709841077,D,MANAGEMENT: CMD 'status'
2024-03-07 19:51:17.581 +00:00 [DBG] >LOG:1709841077,D,MANAGEMENT: CMD 'status'
2024-03-07 19:51:18.087 +00:00 [DBG] >LOG:1709841078,D,MANAGEMENT: CMD 'status'
2024-03-07 19:51:18.593 +00:00 [DBG] >LOG:1709841078,D,MANAGEMENT: CMD 'status'
2024-03-07 19:51:19.097 +00:00 [DBG] >LOG:1709841079,D,MANAGEMENT: CMD 'status'
2024-03-07 19:51:19.608 +00:00 [DBG] >LOG:1709841079,D,MANAGEMENT: CMD 'status'
2024-03-07 19:51:20.115 +00:00 [DBG] >LOG:1709841080,D,MANAGEMENT: CMD 'status'
2024-03-07 19:51:20.619 +00:00 [DBG] >LOG:1709841080,D,MANAGEMENT: CMD 'status'
2024-03-07 19:51:21.122 +00:00 [DBG] >LOG:1709841081,D,MANAGEMENT: CMD 'status'
2024-03-07 19:51:21.627 +00:00 [DBG] >LOG:1709841081,D,MANAGEMENT: CMD 'status'
2024-03-07 19:51:22.132 +00:00 [DBG] >LOG:1709841082,D,MANAGEMENT: CMD 'status'
2024-03-07 19:51:22.642 +00:00 [DBG] >LOG:1709841082,D,MANAGEMENT: CMD 'status'
2024-03-07 19:51:23.148 +00:00 [DBG] >LOG:1709841083,D,MANAGEMENT: CMD 'status'
2024-03-07 19:51:23.655 +00:00 [DBG] >LOG:1709841083,D,MANAGEMENT: CMD 'status'
2024-03-07 19:51:24.161 +00:00 [DBG] >LOG:1709841084,D,MANAGEMENT: CMD 'status'
2024-03-07 19:51:24.679 +00:00 [DBG] >LOG:1709841084,D,MANAGEMENT: CMD 'status'
2024-03-07 19:51:25.185 +00:00 [DBG] >LOG:1709841085,D,MANAGEMENT: CMD 'status'
2024-03-07 19:51:25.690 +00:00 [DBG] >LOG:1709841085,D,MANAGEMENT: CMD 'status'
2024-03-07 19:51:26.196 +00:00 [DBG] >LOG:1709841086,D,MANAGEMENT: CMD 'status'
2024-03-07 19:51:26.702 +00:00 [DBG] >LOG:1709841086,D,MANAGEMENT: CMD 'status'
2024-03-07 19:51:27.209 +00:00 [DBG] >LOG:1709841087,D,MANAGEMENT: CMD 'status'
2024-03-07 19:51:27.714 +00:00 [DBG] >LOG:1709841087,D,MANAGEMENT: CMD 'status'
2024-03-07 19:51:28.218 +00:00 [DBG] >LOG:1709841088,D,MANAGEMENT: CMD 'status'
2024-03-07 19:51:28.724 +00:00 [DBG] >LOG:1709841088,D,MANAGEMENT: CMD 'status'
2024-03-07 19:51:29.231 +00:00 [DBG] >LOG:1709841089,D,MANAGEMENT: CMD 'status'
2024-03-07 19:51:29.737 +00:00 [DBG] >LOG:1709841089,D,MANAGEMENT: CMD 'status'
2024-03-07 19:51:30.249 +00:00 [DBG] >LOG:1709841090,D,MANAGEMENT: CMD 'status'
2024-03-07 19:51:30.762 +00:00 [DBG] >LOG:1709841090,D,MANAGEMENT: CMD 'status'
2024-03-07 19:51:31.267 +00:00 [DBG] >LOG:1709841091,D,MANAGEMENT: CMD 'status'
2024-03-07 19:51:31.773 +00:00 [DBG] >LOG:1709841091,D,MANAGEMENT: CMD 'status'
2024-03-07 19:51:32.279 +00:00 [DBG] >LOG:1709841092,D,MANAGEMENT: CMD 'status'
2024-03-07 19:51:32.783 +00:00 [DBG] >LOG:1709841092,D,MANAGEMENT: CMD 'status'
2024-03-07 19:51:33.288 +00:00 [DBG] >LOG:1709841093,D,MANAGEMENT: CMD 'status'
2024-03-07 19:51:33.794 +00:00 [DBG] >LOG:1709841093,D,MANAGEMENT: CMD 'status'
2024-03-07 19:51:34.323 +00:00 [DBG] >LOG:1709841094,D,MANAGEMENT: CMD 'status'
2024-03-07 19:51:34.837 +00:00 [DBG] >LOG:1709841094,D,MANAGEMENT: CMD 'status'
2024-03-07 19:51:35.358 +00:00 [DBG] >LOG:1709841095,D,MANAGEMENT: CMD 'status'
2024-03-07 19:51:35.864 +00:00 [DBG] >LOG:1709841095,D,MANAGEMENT: CMD 'status'
2024-03-07 19:51:36.373 +00:00 [DBG] >LOG:1709841096,D,MANAGEMENT: CMD 'status'
2024-03-07 19:51:36.885 +00:00 [DBG] >LOG:1709841096,D,MANAGEMENT: CMD 'status'
2024-03-07 19:51:37.420 +00:00 [DBG] >LOG:1709841097,D,MANAGEMENT: CMD 'status'
2024-03-07 19:51:37.939 +00:00 [DBG] >LOG:1709841097,D,MANAGEMENT: CMD 'status'
2024-03-07 19:51:38.453 +00:00 [DBG] >LOG:1709841098,D,MANAGEMENT: CMD 'status'
2024-03-07 19:51:38.964 +00:00 [DBG] >LOG:1709841098,D,MANAGEMENT: CMD 'status'
2024-03-07 19:51:39.486 +00:00 [DBG] >LOG:1709841099,D,MANAGEMENT: CMD 'status'
2024-03-07 19:51:39.992 +00:00 [DBG] >LOG:1709841099,D,MANAGEMENT: CMD 'status'
2024-03-07 19:51:40.516 +00:00 [DBG] >LOG:1709841100,D,MANAGEMENT: CMD 'status'
2024-03-07 19:51:41.039 +00:00 [DBG] >LOG:1709841101,D,MANAGEMENT: CMD 'status'
2024-03-07 19:51:41.543 +00:00 [DBG] >LOG:1709841101,D,MANAGEMENT: CMD 'status'
2024-03-07 19:51:42.049 +00:00 [DBG] >LOG:1709841102,D,MANAGEMENT: CMD 'status'
2024-03-07 19:51:42.569 +00:00 [DBG] >LOG:1709841102,D,MANAGEMENT: CMD 'status'
2024-03-07 19:51:43.076 +00:00 [DBG] >LOG:1709841103,D,MANAGEMENT: CMD 'status'
2024-03-07 19:51:43.585 +00:00 [DBG] >LOG:1709841103,D,MANAGEMENT: CMD 'status'
2024-03-07 19:51:44.093 +00:00 [DBG] >LOG:1709841104,D,MANAGEMENT: CMD 'status'
2024-03-07 19:51:44.599 +00:00 [DBG] >LOG:1709841104,D,MANAGEMENT: CMD 'status'
2024-03-07 19:51:45.107 +00:00 [DBG] >LOG:1709841105,D,MANAGEMENT: CMD 'status'
2024-03-07 19:51:45.611 +00:00 [DBG] >LOG:1709841105,D,MANAGEMENT: CMD 'status'
2024-03-07 19:51:46.114 +00:00 [DBG] >LOG:1709841106,D,MANAGEMENT: CMD 'status'
2024-03-07 19:51:46.637 +00:00 [DBG] >LOG:1709841106,D,MANAGEMENT: CMD 'status'
2024-03-07 19:51:47.161 +00:00 [DBG] >LOG:1709841107,D,MANAGEMENT: CMD 'status'
2024-03-07 19:51:47.680 +00:00 [DBG] >LOG:1709841107,D,MANAGEMENT: CMD 'status'
2024-03-07 19:51:48.185 +00:00 [DBG] >LOG:1709841108,D,MANAGEMENT: CMD 'status'
2024-03-07 19:51:48.691 +00:00 [DBG] >LOG:1709841108,D,MANAGEMENT: CMD 'status'
2024-03-07 19:51:49.197 +00:00 [DBG] >LOG:1709841109,D,MANAGEMENT: CMD 'status'
2024-03-07 19:51:49.701 +00:00 [DBG] >LOG:1709841109,D,MANAGEMENT: CMD 'status'
2024-03-07 19:51:50.205 +00:00 [DBG] >LOG:1709841110,D,MANAGEMENT: CMD 'status'
2024-03-07 19:51:50.710 +00:00 [DBG] >LOG:1709841110,D,MANAGEMENT: CMD 'status'
2024-03-07 19:51:51.218 +00:00 [DBG] >LOG:1709841111,D,MANAGEMENT: CMD 'status'
2024-03-07 19:51:51.726 +00:00 [DBG] >LOG:1709841111,D,MANAGEMENT: CMD 'status'
2024-03-07 19:51:52.234 +00:00 [DBG] >LOG:1709841112,D,MANAGEMENT: CMD 'status'
2024-03-07 19:51:52.739 +00:00 [DBG] >LOG:1709841112,D,MANAGEMENT: CMD 'status'
2024-03-07 19:51:53.243 +00:00 [DBG] >LOG:1709841113,D,MANAGEMENT: CMD 'status'
2024-03-07 19:51:53.749 +00:00 [DBG] >LOG:1709841113,D,MANAGEMENT: CMD 'status'
2024-03-07 19:51:54.252 +00:00 [DBG] >LOG:1709841114,D,MANAGEMENT: CMD 'status'
2024-03-07 19:51:54.766 +00:00 [DBG] >LOG:1709841114,D,MANAGEMENT: CMD 'status'
2024-03-07 19:51:55.273 +00:00 [DBG] >LOG:1709841115,D,MANAGEMENT: CMD 'status'
2024-03-07 19:51:55.778 +00:00 [DBG] >LOG:1709841115,D,MANAGEMENT: CMD 'status'
2024-03-07 19:51:56.287 +00:00 [DBG] >LOG:1709841116,D,MANAGEMENT: CMD 'status'
2024-03-07 19:51:56.807 +00:00 [DBG] >LOG:1709841116,D,MANAGEMENT: CMD 'status'
2024-03-07 19:51:57.337 +00:00 [DBG] >LOG:1709841117,D,MANAGEMENT: CMD 'status'
2024-03-07 19:51:57.846 +00:00 [DBG] >LOG:1709841117,D,MANAGEMENT: CMD 'status'
2024-03-07 19:51:58.351 +00:00 [DBG] >LOG:1709841118,D,MANAGEMENT: CMD 'status'
2024-03-07 19:51:58.858 +00:00 [DBG] >LOG:1709841118,D,MANAGEMENT: CMD 'status'
2024-03-07 19:51:59.367 +00:00 [DBG] >LOG:1709841119,D,MANAGEMENT: CMD 'status'
2024-03-07 19:51:59.875 +00:00 [DBG] >LOG:1709841119,D,MANAGEMENT: CMD 'status'
2024-03-07 19:52:00.386 +00:00 [DBG] >LOG:1709841120,D,MANAGEMENT: CMD 'status'
2024-03-07 19:52:00.892 +00:00 [DBG] >LOG:1709841120,D,MANAGEMENT: CMD 'status'
2024-03-07 19:52:01.397 +00:00 [DBG] >LOG:1709841121,D,MANAGEMENT: CMD 'status'
2024-03-07 19:52:01.902 +00:00 [DBG] >LOG:1709841121,D,MANAGEMENT: CMD 'status'
2024-03-07 19:52:02.411 +00:00 [DBG] >LOG:1709841122,D,MANAGEMENT: CMD 'status'
2024-03-07 19:52:03.008 +00:00 [DBG] >LOG:1709841122,D,MANAGEMENT: CMD 'status'
2024-03-07 19:52:03.498 +00:00 [DBG] >LOG:1709841123,D,MANAGEMENT: CMD 'status'
2024-03-07 19:52:04.033 +00:00 [DBG] >LOG:1709841124,D,MANAGEMENT: CMD 'status'
2024-03-07 19:52:04.539 +00:00 [DBG] >LOG:1709841124,D,MANAGEMENT: CMD 'status'
2024-03-07 19:52:05.044 +00:00 [DBG] >LOG:1709841125,D,MANAGEMENT: CMD 'status'
2024-03-07 19:52:05.548 +00:00 [DBG] >LOG:1709841125,D,MANAGEMENT: CMD 'status'
2024-03-07 19:52:06.058 +00:00 [DBG] >LOG:1709841126,D,MANAGEMENT: CMD 'status'
2024-03-07 19:52:06.569 +00:00 [DBG] >LOG:1709841126,D,MANAGEMENT: CMD 'status'
2024-03-07 19:52:07.076 +00:00 [DBG] >LOG:1709841127,D,MANAGEMENT: CMD 'status'
2024-03-07 19:52:07.582 +00:00 [DBG] >LOG:1709841127,D,MANAGEMENT: CMD 'status'
2024-03-07 19:52:08.091 +00:00 [DBG] >LOG:1709841128,D,MANAGEMENT: CMD 'status'
2024-03-07 19:52:08.598 +00:00 [DBG] >LOG:1709841128,D,MANAGEMENT: CMD 'status'
2024-03-07 19:52:09.102 +00:00 [DBG] >LOG:1709841129,D,MANAGEMENT: CMD 'status'
2024-03-07 19:52:09.606 +00:00 [DBG] >LOG:1709841129,D,MANAGEMENT: CMD 'status'
2024-03-07 20:07:34.618 +00:00 [DBG] >LOG:1709842054,D,MANAGEMENT: CMD 'status'
2024-03-07 20:07:34.619 +00:00 [DBG] >LOG:1709842054,I,[server] Inactivity timeout (--ping-restart), restarting
2024-03-07 20:07:34.631 +00:00 [DBG] >LOG:1709842054,,/sbin/route delete -net 172.31.0.0 10.0.1.33 255.255.0.0
2024-03-07 20:07:34.743 +00:00 [DBG] >LOG:1709842054,,Closing TUN/TAP interface
2024-03-07 20:07:34.743 +00:00 [DBG] >LOG:1709842054,I,/Applications/AWS VPN Client/AWS VPN Client.app/Contents/Resources/openvpn/client.down utun7 1500 1552 10.0.1.34 255.255.255.224 init
2024-03-07 20:07:36.329 +00:00 [DBG] >LOG:1709842056,I,SIGUSR1[soft,ping-restart] received, process restarting
2024-03-07 20:07:36.330 +00:00 [DBG] >LOG:1709842056,,MANAGEMENT: >STATE:1709842056,RECONNECTING,ping-restart,,,,,
2024-03-07 20:07:36.370 +00:00 [DBG] >LOG:1709842056,,Restart pause, 5 second(s)
2024-03-07 20:07:36.370 +00:00 [DBG] >LOG:1709842056,D,MANAGEMENT: CMD 'status'
2024-03-07 20:07:36.371 +00:00 [DBG] >LOG:1709842056,D,MANAGEMENT: CMD 'status'
2024-03-07 20:07:36.875 +00:00 [DBG] >LOG:1709842056,D,MANAGEMENT: CMD 'status'
2024-03-07 20:07:37.383 +00:00 [DBG] >LOG:1709842057,D,MANAGEMENT: CMD 'status'
2024-03-07 20:07:37.889 +00:00 [DBG] >LOG:1709842057,D,MANAGEMENT: CMD 'status'
2024-03-07 20:07:38.396 +00:00 [DBG] >LOG:1709842058,D,MANAGEMENT: CMD 'status'
2024-03-07 20:07:38.904 +00:00 [DBG] >LOG:1709842058,D,MANAGEMENT: CMD 'status'
2024-03-07 20:07:39.409 +00:00 [DBG] >LOG:1709842059,D,MANAGEMENT: CMD 'status'
2024-03-07 20:07:39.925 +00:00 [DBG] >LOG:1709842059,D,MANAGEMENT: CMD 'status'
2024-03-07 20:16:37.744 +00:00 [DBG] >LOG:1709842597,D,MANAGEMENT: CMD 'status'
2024-03-07 20:16:37.903 +00:00 [DBG] >LOG:1709842597,W,NOTE: the current --script-security setting may allow this configuration to call user-defined scripts
2024-03-07 20:16:37.903 +00:00 [DBG] >LOG:1709842597,I,TCP/UDP: Preserving recently used remote address: [AF_INET]3.65.118.161:443
2024-03-07 20:16:37.903 +00:00 [DBG] >LOG:1709842597,,Socket Buffers: R=[786896->786896] S=[9216->9216]
2024-03-07 20:16:37.903 +00:00 [DBG] >LOG:1709842597,I,UDP link local: (not bound)
2024-03-07 20:16:37.903 +00:00 [DBG] >LOG:1709842597,I,UDP link remote: [AF_INET]3.65.118.161:443
2024-03-07 20:16:37.903 +00:00 [DBG] >LOG:1709842597,,MANAGEMENT: >STATE:1709842597,WAIT,,,,,,
2024-03-07 20:16:38.156 +00:00 [DBG] >LOG:1709842598,,MANAGEMENT: >STATE:1709842598,AUTH,,,,,,
2024-03-07 20:16:38.157 +00:00 [DBG] >LOG:1709842598,,TLS: Initial packet from [AF_INET]3.65.118.161:443, sid=7c6cb963 894e0803
2024-03-07 20:16:38.277 +00:00 [DBG] >LOG:1709842598,,VERIFY OK: depth=1, CN=ishchenkogv
2024-03-07 20:16:38.277 +00:00 [DBG] >LOG:1709842598,,VERIFY KU OK
2024-03-07 20:16:38.277 +00:00 [DBG] >LOG:1709842598,,Validating certificate extended key usage
2024-03-07 20:16:38.277 +00:00 [DBG] >LOG:1709842598,,++ Certificate has EKU (str) TLS Web Server Authentication, expects TLS Web Server Authentication
2024-03-07 20:16:38.277 +00:00 [DBG] >LOG:1709842598,,VERIFY EKU OK
2024-03-07 20:16:38.277 +00:00 [DBG] >LOG:1709842598,,VERIFY X509NAME OK: CN=server
2024-03-07 20:16:38.277 +00:00 [DBG] >LOG:1709842598,,VERIFY OK: depth=0, CN=server
2024-03-07 20:16:38.278 +00:00 [DBG] >LOG:1709842598,D,MANAGEMENT: CMD 'status'
2024-03-07 20:16:38.429 +00:00 [DBG] >LOG:1709842598,,Control Channel: TLSv1.2, cipher TLSv1/SSLv3 ECDHE-RSA-AES256-GCM-SHA384, 2048 bit RSA
2024-03-07 20:16:38.430 +00:00 [DBG] >LOG:1709842598,I,[server] Peer Connection Initiated with [AF_INET]3.65.118.161:443
2024-03-07 20:16:38.786 +00:00 [DBG] >LOG:1709842598,D,MANAGEMENT: CMD 'status'
2024-03-07 20:16:39.291 +00:00 [DBG] >LOG:1709842599,D,MANAGEMENT: CMD 'status'
2024-03-07 20:16:39.292 +00:00 [DBG] >LOG:1709842599,,MANAGEMENT: >STATE:1709842599,GET_CONFIG,,,,,,
2024-03-07 20:16:39.292 +00:00 [DBG] >LOG:1709842599,,SENT CONTROL [server]: 'PUSH_REQUEST' (status=1)
2024-03-07 20:16:42.023 +00:00 [DBG] >LOG:1709842599,,PUSH: Received control message: 'PUSH_REPLY,route 172.31.0.0 255.255.0.0,route-gateway 10.0.1.33,topology subnet,ping 1,ping-restart 20,echo,ifconfig 10.0.1.34 255.255.255.224,peer-id 0,cipher AES-256-GCM'
2024-03-07 20:16:42.024 +00:00 [DBG] >LOG:1709842599,,OPTIONS IMPORT: timers and/or timeouts modified
2024-03-07 20:16:42.025 +00:00 [DBG] >LOG:1709842599,,OPTIONS IMPORT: --ifconfig/up options modified
2024-03-07 20:16:42.025 +00:00 [DBG] >LOG:1709842599,,OPTIONS IMPORT: route options modified
2024-03-07 20:16:42.025 +00:00 [DBG] >LOG:1709842599,,OPTIONS IMPORT: route-related options modified
2024-03-07 20:16:42.025 +00:00 [DBG] >LOG:1709842599,,OPTIONS IMPORT: peer-id set
2024-03-07 20:16:42.025 +00:00 [DBG] >LOG:1709842599,,OPTIONS IMPORT: adjusting link_mtu to 1624
2024-03-07 20:16:42.025 +00:00 [DBG] >LOG:1709842599,,OPTIONS IMPORT: data channel crypto options modified
2024-03-07 20:16:42.025 +00:00 [DBG] >LOG:1709842599,,Outgoing Data Channel: Cipher 'AES-256-GCM' initialized with 256 bit key
2024-03-07 20:16:42.026 +00:00 [DBG] >LOG:1709842599,,Incoming Data Channel: Cipher 'AES-256-GCM' initialized with 256 bit key
2024-03-07 20:16:42.026 +00:00 [DBG] >LOG:1709842599,,ROUTE_GATEWAY 192.168.1.1/255.255.255.0 IFACE=en0 HWADDR=bc:d0:74:79:6b:44
2024-03-07 20:16:42.026 +00:00 [DBG] >LOG:1709842599,,Opening utun (connect(AF_SYS_CONTROL)): Resource busy (errno=16)
2024-03-07 20:16:42.026 +00:00 [DBG] >LOG:1709842599,,Opening utun (connect(AF_SYS_CONTROL)): Resource busy (errno=16)
2024-03-07 20:16:42.026 +00:00 [DBG] >LOG:1709842599,,Opening utun (connect(AF_SYS_CONTROL)): Resource busy (errno=16)
2024-03-07 20:16:42.026 +00:00 [DBG] >LOG:1709842599,,Opening utun (connect(AF_SYS_CONTROL)): Resource busy (errno=16)
2024-03-07 20:16:42.026 +00:00 [DBG] >LOG:1709842599,,Opening utun (connect(AF_SYS_CONTROL)): Resource busy (errno=16)
2024-03-07 20:16:42.026 +00:00 [DBG] >LOG:1709842599,,Opening utun (connect(AF_SYS_CONTROL)): Resource busy (errno=16)
2024-03-07 20:16:42.026 +00:00 [DBG] >LOG:1709842599,,Opening utun (connect(AF_SYS_CONTROL)): Resource busy (errno=16)
2024-03-07 20:16:42.026 +00:00 [DBG] >LOG:1709842599,I,Opened utun device utun7
2024-03-07 20:16:42.027 +00:00 [DBG] >LOG:1709842599,D,do_ifconfig, tt->did_ifconfig_ipv6_setup=0
2024-03-07 20:16:42.027 +00:00 [DBG] >LOG:1709842599,,MANAGEMENT: >STATE:1709842599,ASSIGN_IP,,10.0.1.34,,,,
2024-03-07 20:16:42.027 +00:00 [DBG] >LOG:1709842599,I,/sbin/ifconfig utun7 delete
2024-03-07 20:16:42.027 +00:00 [DBG] >LOG:1709842599,I,NOTE: Tried to delete pre-existing tun/tap instance -- No Problem if failure
2024-03-07 20:16:42.027 +00:00 [DBG] >LOG:1709842599,I,/sbin/ifconfig utun7 10.0.1.34 10.0.1.34 netmask 255.255.255.224 mtu 1500 up
2024-03-07 20:16:42.027 +00:00 [DBG] >LOG:1709842599,,/sbin/route add -net 10.0.1.32 10.0.1.34 255.255.255.224
2024-03-07 20:16:42.027 +00:00 [DBG] >LOG:1709842599,I,/Applications/AWS VPN Client/AWS VPN Client.app/Contents/Resources/openvpn/client.up utun7 1500 1552 10.0.1.34 255.255.255.224 init
2024-03-07 20:16:42.028 +00:00 [DBG] >LOG:1709842602,,MANAGEMENT: >STATE:1709842602,ADD_ROUTES,,,,,,
2024-03-07 20:16:42.028 +00:00 [DBG] >LOG:1709842602,,/sbin/route add -net 172.31.0.0 10.0.1.33 255.255.0.0
2024-03-07 20:16:42.028 +00:00 [DBG] >LOG:1709842602,I,Initialization Sequence Completed
2024-03-07 20:16:42.028 +00:00 [DBG] >LOG:1709842602,,MANAGEMENT: >STATE:1709842602,CONNECTED,SUCCESS,10.0.1.34,3.65.118.161,443,,
2024-03-07 20:16:45.101 +00:00 [DBG] >LOG:1709842602,D,MANAGEMENT: CMD 'status'
2024-03-07 20:16:45.102 +00:00 [DBG] >LOG:1709842602,D,MANAGEMENT: CMD 'status'
2024-03-07 20:16:45.102 +00:00 [DBG] >LOG:1709842602,D,MANAGEMENT: CMD 'status'
2024-03-07 20:16:45.103 +00:00 [DBG] >LOG:1709842602,D,MANAGEMENT: CMD 'status'
2024-03-07 20:16:45.104 +00:00 [DBG] >LOG:1709842603,D,MANAGEMENT: CMD 'status'
2024-03-07 20:16:45.104 +00:00 [DBG] >LOG:1709842604,D,MANAGEMENT: CMD 'status'
2024-03-07 20:34:04.539 +00:00 [DBG] >LOG:1709843644,D,MANAGEMENT: CMD 'status'
2024-03-07 20:34:04.541 +00:00 [DBG] >LOG:1709843644,I,[server] Inactivity timeout (--ping-restart), restarting
2024-03-07 20:34:04.551 +00:00 [DBG] >LOG:1709843644,,/sbin/route delete -net 172.31.0.0 10.0.1.33 255.255.0.0
2024-03-07 20:34:04.602 +00:00 [DBG] >LOG:1709843644,,Closing TUN/TAP interface
2024-03-07 20:34:04.607 +00:00 [DBG] >LOG:1709843644,I,/Applications/AWS VPN Client/AWS VPN Client.app/Contents/Resources/openvpn/client.down utun7 1500 1552 10.0.1.34 255.255.255.224 init
2024-03-07 20:34:05.982 +00:00 [DBG] >LOG:1709843645,I,SIGUSR1[soft,ping-restart] received, process restarting
2024-03-07 20:34:05.982 +00:00 [DBG] >LOG:1709843645,,MANAGEMENT: >STATE:1709843645,RECONNECTING,ping-restart,,,,,
2024-03-07 20:34:06.009 +00:00 [DBG] >LOG:1709843645,,Restart pause, 5 second(s)
2024-03-07 20:34:06.009 +00:00 [DBG] >LOG:1709843645,D,MANAGEMENT: CMD 'status'
2024-03-07 20:34:06.515 +00:00 [DBG] >LOG:1709843646,D,MANAGEMENT: CMD 'status'
2024-03-07 20:34:07.021 +00:00 [DBG] >LOG:1709843647,D,MANAGEMENT: CMD 'status'
2024-03-07 20:34:07.529 +00:00 [DBG] >LOG:1709843647,D,MANAGEMENT: CMD 'status'
2024-03-07 20:34:08.040 +00:00 [DBG] >LOG:1709843648,D,MANAGEMENT: CMD 'status'
2024-03-07 20:34:08.555 +00:00 [DBG] >LOG:1709843648,D,MANAGEMENT: CMD 'status'
2024-03-07 20:34:09.061 +00:00 [DBG] >LOG:1709843649,D,MANAGEMENT: CMD 'status'
2024-03-07 20:34:09.571 +00:00 [DBG] >LOG:1709843649,D,MANAGEMENT: CMD 'status'
2024-03-07 20:34:10.123 +00:00 [DBG] >LOG:1709843650,D,MANAGEMENT: CMD 'status'
2024-03-07 20:34:10.149 +00:00 [DBG] >LOG:1709843650,W,NOTE: the current --script-security setting may allow this configuration to call user-defined scripts
2024-03-07 20:34:10.149 +00:00 [DBG] >LOG:1709843650,I,TCP/UDP: Preserving recently used remote address: [AF_INET]3.65.118.161:443
2024-03-07 20:34:10.149 +00:00 [DBG] >LOG:1709843650,,Socket Buffers: R=[786896->786896] S=[9216->9216]
2024-03-07 20:34:10.150 +00:00 [DBG] >LOG:1709843650,I,UDP link local: (not bound)
2024-03-07 20:34:10.150 +00:00 [DBG] >LOG:1709843650,I,UDP link remote: [AF_INET]3.65.118.161:443
2024-03-07 20:34:10.150 +00:00 [DBG] >LOG:1709843650,,MANAGEMENT: >STATE:1709843650,WAIT,,,,,,
2024-03-07 20:34:10.212 +00:00 [DBG] >LOG:1709843650,,MANAGEMENT: >STATE:1709843650,AUTH,,,,,,
2024-03-07 20:34:10.212 +00:00 [DBG] >LOG:1709843650,,TLS: Initial packet from [AF_INET]3.65.118.161:443, sid=5934dd76 97ccede4
2024-03-07 20:38:53.611 +00:00 [DBG] >LOG:1709843650,,VERIFY OK: depth=1, CN=ishchenkogv
2024-03-07 20:38:53.611 +00:00 [DBG] >LOG:1709843650,,VERIFY KU OK
2024-03-07 20:38:53.611 +00:00 [DBG] >LOG:1709843650,,Validating certificate extended key usage
2024-03-07 20:38:53.611 +00:00 [DBG] >LOG:1709843650,,++ Certificate has EKU (str) TLS Web Server Authentication, expects TLS Web Server Authentication
2024-03-07 20:38:53.611 +00:00 [DBG] >LOG:1709843650,,VERIFY EKU OK
2024-03-07 20:38:53.611 +00:00 [DBG] >LOG:1709843650,,VERIFY X509NAME OK: CN=server
2024-03-07 20:38:53.611 +00:00 [DBG] >LOG:1709843650,,VERIFY OK: depth=0, CN=server
2024-03-07 20:38:53.612 +00:00 [DBG] >LOG:1709843933,N,TLS Error: TLS key negotiation failed to occur within 60 seconds (check your network connectivity)
2024-03-07 20:38:53.743 +00:00 [DBG] >LOG:1709843933,N,TLS Error: TLS handshake failed
